Id;Name;ParentId;Depth;Classification;Jurisdiction;ResolvedMinistry
2;Absatzförderungsfonds der deutschen Forst- und Holzwirtschaft - Holzabsatzfonds;90.0;1;Wirtschaftsförderung;Bund;Bundesministerium für Ernährung und Landwirtschaft (BMEL)
3;Absatzförderungsfonds der deutschen Land- und Ernährungswirtschaft - Absatzfonds;90.0;1;Wirtschaftsförderung;Bund;Bundesministerium für Ernährung und Landwirtschaft (BMEL)
50120;Afghan Credit Guarantee Foundation;;0;Stiftung des Privatrechts;Bund;Bundesministerium für wirtschaftliche Zusammenarbeit und Entwicklung (BMZ)
14254;Agentur für Arbeit Aachen – Düren;88.0;0;Agentur für Arbeit;Bund;Bundesministerium für Arbeit und Soziales (BMAS)
14255;Agentur für Arbeit Aalen;88.0;0;Agentur für Arbeit;Bund;Bundesministerium für Arbeit und Soziales (BMAS)
14256;Agentur für Arbeit Ahlen – Münster;88.0;0;Agentur für Arbeit;Bund;Bundesministerium für Arbeit und Soziales (BMAS)
14257;Agentur für Arbeit Altenburg – Gera;88.0;0;Agentur für Arbeit;Bund;Bundesministerium für Arbeit und Soziales (BMAS)
14258;Agentur für Arbeit Annaberg-Buchholz;88.0;0;Agentur für Arbeit;Bund;Bundesministerium für Arbeit und Soziales (BMAS)
14259;Agentur für Arbeit Ansbach – Weißenburg;88.0;0;Agentur für Arbeit;Bund;Bundesministerium für Arbeit und Soziales (BMAS)
11074;Agentur für Arbeit Aschaffenburg;88.0;0;Agentur für Arbeit;Bund;Bundesministerium für Arbeit und Soziales (BMAS)
11075;Agentur für Arbeit Augsburg;88.0;0;Agentur für Arbeit;Bund;Bundesministerium für Arbeit und Soziales (BMAS)
14260;Agentur für Arbeit Bad Hersfeld – Fulda;88.0;0;Agentur für Arbeit;Bund;Bundesministerium für Arbeit und Soziales (BMAS)
14261;Agentur für Arbeit Bad Homburg;88.0;0;Agentur für Arbeit;Bund;Bundesministerium für Arbeit und Soziales (BMAS)
14262;Agentur für Arbeit Bad Kreuznach;88.0;0;Agentur für Arbeit;Bund;Bundesministerium für Arbeit und Soziales (BMAS)
14263;Agentur für Arbeit Bad Oldeslohe;88.0;0;Agentur für Arbeit;Bund;Bundesministerium für Arbeit und Soziales (BMAS)
14264;Agentur für Arbeit Balingen;88.0;0;Agentur für Arbeit;Bund;Bundesministerium für Arbeit und Soziales (BMAS)
11076;Agentur für Arbeit Bamberg-Coburg;88.0;0;Agentur für Arbeit;Bund;Bundesministerium für Arbeit und Soziales (BMAS)
14265;Agentur für Arbeit Bautzen;88.0;0;Agentur für Arbeit;Bund;Bundesministerium für Arbeit und Soziales (BMAS)
11077;Agentur für Arbeit Bayreuth-Hof;88.0;0;Agentur für Arbeit;Bund;Bundesministerium für Arbeit und Soziales (BMAS)
14266;Agentur für Arbeit Bergisch Gladbach;88.0;0;Agentur für Arbeit;Bund;Bundesministerium für Arbeit und Soziales (BMAS)
14252;Agentur für Arbeit Berlin Mitte;88.0;0;Agentur für Arbeit;Bund;Bundesministerium für Arbeit und Soziales (BMAS)
14267;Agentur für Arbeit Berlin Nord;88.0;0;Agentur für Arbeit;Bund;Bundesministerium für Arbeit und Soziales (BMAS)
14253;Agentur für Arbeit Berlin Süd;88.0;0;Agentur für Arbeit;Bund;Bundesministerium für Arbeit und Soziales (BMAS)
14268;Agentur für Arbeit Bernburg;88.0;0;Agentur für Arbeit;Bund;Bundesministerium für Arbeit und Soziales (BMAS)
14269;Agentur für Arbeit Bielefeld;88.0;0;Agentur für Arbeit;Bund;Bundesministerium für Arbeit und Soziales (BMAS)
5768;Agentur für Arbeit Blieskastel;88.0;0;Agentur für Arbeit;Bund;Bundesministerium für Arbeit und Soziales (BMAS)
14270;Agentur für Arbeit Bochum;88.0;0;Agentur für Arbeit;Bund;Bundesministerium für Arbeit und Soziales (BMAS)
14271;Agentur für Arbeit Bonn;88.0;0;Agentur für Arbeit;Bund;Bundesministerium für Arbeit und Soziales (BMAS)
14272;Agentur für Arbeit Braunschweig – Goslar;88.0;0;Agentur für Arbeit;Bund;Bundesministerium für Arbeit und Soziales (BMAS)
6618;Agentur für Arbeit Bremen-Bremerhaven;88.0;0;Agentur für Arbeit;Bund;Bundesministerium für Arbeit und Soziales (BMAS)
14273;Agentur für Arbeit Brühl;88.0;0;Agentur für Arbeit;Bund;Bundesministerium für Arbeit und Soziales (BMAS)
14274;Agentur für Arbeit Celle;88.0;0;Agentur für Arbeit;Bund;Bundesministerium für Arbeit und Soziales (BMAS)
14275;Agentur für Arbeit Chemnitz;88.0;0;Agentur für Arbeit;Bund;Bundesministerium für Arbeit und Soziales (BMAS)
14276;Agentur für Arbeit Coesfeld;88.0;0;Agentur für Arbeit;Bund;Bundesministerium für Arbeit und Soziales (BMAS)
14277;Agentur für Arbeit Cottbus;88.0;0;Agentur für Arbeit;Bund;Bundesministerium für Arbeit und Soziales (BMAS)
14278;Agentur für Arbeit Darmstadt;88.0;0;Agentur für Arbeit;Bund;Bundesministerium für Arbeit und Soziales (BMAS)
11078;Agentur für Arbeit Deggendorf;88.0;0;Agentur für Arbeit;Bund;Bundesministerium für Arbeit und Soziales (BMAS)
14279;Agentur für Arbeit Dessau – Roßlau – Wittenberg;88.0;0;Agentur für Arbeit;Bund;Bundesministerium für Arbeit und Soziales (BMAS)
14280;Agentur für Arbeit Detmold;88.0;0;Agentur für Arbeit;Bund;Bundesministerium für Arbeit und Soziales (BMAS)
11079;Agentur für Arbeit Donauwörth;88.0;0;Agentur für Arbeit;Bund;Bundesministerium für Arbeit und Soziales (BMAS)
14281;Agentur für Arbeit Dortmund;88.0;0;Agentur für Arbeit;Bund;Bundesministerium für Arbeit und Soziales (BMAS)
14282;Agentur für Arbeit Dresden;88.0;0;Agentur für Arbeit;Bund;Bundesministerium für Arbeit und Soziales (BMAS)
14283;Agentur für Arbeit Duisburg;88.0;0;Agentur für Arbeit;Bund;Bundesministerium für Arbeit und Soziales (BMAS)
14284;Agentur für Arbeit Düsseldorf;88.0;0;Agentur für Arbeit;Bund;Bundesministerium für Arbeit und Soziales (BMAS)
14285;Agentur für Arbeit Eberswalde;88.0;0;Agentur für Arbeit;Bund;Bundesministerium für Arbeit und Soziales (BMAS)
14286;Agentur für Arbeit Elmshorn;88.0;0;Agentur für Arbeit;Bund;Bundesministerium für Arbeit und Soziales (BMAS)
14287;Agentur für Arbeit Emden – Leer;88.0;0;Agentur für Arbeit;Bund;Bundesministerium für Arbeit und Soziales (BMAS)
14288;Agentur für Arbeit Erfurt;88.0;0;Agentur für Arbeit;Bund;Bundesministerium für Arbeit und Soziales (BMAS)
14289;Agentur für Arbeit Essen;88.0;0;Agentur für Arbeit;Bund;Bundesministerium für Arbeit und Soziales (BMAS)
14290;Agentur für Arbeit Flensburg;88.0;0;Agentur für Arbeit;Bund;Bundesministerium für Arbeit und Soziales (BMAS)
14292;Agentur für Arbeit Frankfurt a. M.;88.0;0;Agentur für Arbeit;Bund;Bundesministerium für Arbeit und Soziales (BMAS)
14291;Agentur für Arbeit Frankfurt (Oder);88.0;0;Agentur für Arbeit;Bund;Bundesministerium für Arbeit und Soziales (BMAS)
14293;Agentur für Arbeit Freiberg;88.0;0;Agentur für Arbeit;Bund;Bundesministerium für Arbeit und Soziales (BMAS)
14294;Agentur für Arbeit Freiburg;88.0;0;Agentur für Arbeit;Bund;Bundesministerium für Arbeit und Soziales (BMAS)
14295;Agentur für Arbeit Freising;88.0;0;Agentur für Arbeit;Bund;Bundesministerium für Arbeit und Soziales (BMAS)
11080;Agentur für Arbeit Fürth;88.0;0;Agentur für Arbeit;Bund;Bundesministerium für Arbeit und Soziales (BMAS)
14296;Agentur für Arbeit Gelsenkirchen;88.0;0;Agentur für Arbeit;Bund;Bundesministerium für Arbeit und Soziales (BMAS)
14297;Agentur für Arbeit Gießen;88.0;0;Agentur für Arbeit;Bund;Bundesministerium für Arbeit und Soziales (BMAS)
14298;Agentur für Arbeit Göppingen;88.0;0;Agentur für Arbeit;Bund;Bundesministerium für Arbeit und Soziales (BMAS)
14299;Agentur für Arbeit Gotha;88.0;0;Agentur für Arbeit;Bund;Bundesministerium für Arbeit und Soziales (BMAS)
14300;Agentur für Arbeit Göttingen;88.0;0;Agentur für Arbeit;Bund;Bundesministerium für Arbeit und Soziales (BMAS)
14301;Agentur für Arbeit Greifswald;88.0;0;Agentur für Arbeit;Bund;Bundesministerium für Arbeit und Soziales (BMAS)
14302;Agentur für Arbeit Hagen;88.0;0;Agentur für Arbeit;Bund;Bundesministerium für Arbeit und Soziales (BMAS)
14303;Agentur für Arbeit Halberstadt;88.0;0;Agentur für Arbeit;Bund;Bundesministerium für Arbeit und Soziales (BMAS)
14304;Agentur für Arbeit Halle;88.0;0;Agentur für Arbeit;Bund;Bundesministerium für Arbeit und Soziales (BMAS)
13631;Agentur für Arbeit Hamburg;88.0;0;Agentur für Arbeit;Bund;Bundesministerium für Arbeit und Soziales (BMAS)
14306;Agentur für Arbeit Hamm;88.0;0;Agentur für Arbeit;Bund;Bundesministerium für Arbeit und Soziales (BMAS)
14307;Agentur für Arbeit Hanau;88.0;0;Agentur für Arbeit;Bund;Bundesministerium für Arbeit und Soziales (BMAS)
14308;Agentur für Arbeit Hannover;88.0;0;Agentur für Arbeit;Bund;Bundesministerium für Arbeit und Soziales (BMAS)
14309;Agentur für Arbeit Heide;88.0;0;Agentur für Arbeit;Bund;Bundesministerium für Arbeit und Soziales (BMAS)
14310;Agentur für Arbeit Heidelberg;88.0;0;Agentur für Arbeit;Bund;Bundesministerium für Arbeit und Soziales (BMAS)
14311;Agentur für Arbeit Heilbronn;88.0;0;Agentur für Arbeit;Bund;Bundesministerium für Arbeit und Soziales (BMAS)
14312;Agentur für Arbeit Helmstedt;88.0;0;Agentur für Arbeit;Bund;Bundesministerium für Arbeit und Soziales (BMAS)
14313;Agentur für Arbeit Herford;88.0;0;Agentur für Arbeit;Bund;Bundesministerium für Arbeit und Soziales (BMAS)
5769;Agentur für Arbeit Heusweiler;88.0;0;Agentur für Arbeit;Bund;Bundesministerium für Arbeit und Soziales (BMAS)
14314;Agentur für Arbeit Hildesheim;88.0;0;Agentur für Arbeit;Bund;Bundesministerium für Arbeit und Soziales (BMAS)
11081;Agentur für Arbeit Hof, Geschäftsstelle Münchberg;88.0;0;Agentur für Arbeit;Bund;Bundesministerium für Arbeit und Soziales (BMAS)
5770;Agentur für Arbeit Homburg;88.0;0;Agentur für Arbeit;Bund;Bundesministerium für Arbeit und Soziales (BMAS)
11082;Agentur für Arbeit Ingolstadt;88.0;0;Agentur für Arbeit;Bund;Bundesministerium für Arbeit und Soziales (BMAS)
14315;Agentur für Arbeit Iserlohn;88.0;0;Agentur für Arbeit;Bund;Bundesministerium für Arbeit und Soziales (BMAS)
14316;Agentur für Arbeit Jena;88.0;0;Agentur für Arbeit;Bund;Bundesministerium für Arbeit und Soziales (BMAS)
14317;Agentur für Arbeit Kaiserslautern – Pirmasens;88.0;0;Agentur für Arbeit;Bund;Bundesministerium für Arbeit und Soziales (BMAS)
4360;Agentur für Arbeit Karlsruhe-Rastatt;88.0;0;Agentur für Arbeit;Bund;Bundesministerium für Arbeit und Soziales (BMAS)
14318;Agentur für Arbeit Kassel;88.0;0;Agentur für Arbeit;Bund;Bundesministerium für Arbeit und Soziales (BMAS)
11083;Agentur für Arbeit Kempten-Memmingen;88.0;0;Agentur für Arbeit;Bund;Bundesministerium für Arbeit und Soziales (BMAS)
14319;Agentur für Arbeit Kiel;88.0;0;Agentur für Arbeit;Bund;Bundesministerium für Arbeit und Soziales (BMAS)
14320;Agentur für Arbeit Koblenz – Mayen;88.0;0;Agentur für Arbeit;Bund;Bundesministerium für Arbeit und Soziales (BMAS)
14321;Agentur für Arbeit Köln;88.0;0;Agentur für Arbeit;Bund;Bundesministerium für Arbeit und Soziales (BMAS)
14322;Agentur für Arbeit Konstanz – Ravensburg;88.0;0;Agentur für Arbeit;Bund;Bundesministerium für Arbeit und Soziales (BMAS)
14323;Agentur für Arbeit Korbach;88.0;0;Agentur für Arbeit;Bund;Bundesministerium für Arbeit und Soziales (BMAS)
14324;Agentur für Arbeit Krefeld;88.0;0;Agentur für Arbeit;Bund;Bundesministerium für Arbeit und Soziales (BMAS)
14325;Agentur für Arbeit Landau;88.0;0;Agentur für Arbeit;Bund;Bundesministerium für Arbeit und Soziales (BMAS)
11084;Agentur für Arbeit Landshut-Pfarrkirchen;88.0;0;Agentur für Arbeit;Bund;Bundesministerium für Arbeit und Soziales (BMAS)
5771;Agentur für Arbeit Lebach;88.0;0;Agentur für Arbeit;Bund;Bundesministerium für Arbeit und Soziales (BMAS)
14326;Agentur für Arbeit Leipzig;88.0;0;Agentur für Arbeit;Bund;Bundesministerium für Arbeit und Soziales (BMAS)
14327;Agentur für Arbeit Limburg – Wetzlar;88.0;0;Agentur für Arbeit;Bund;Bundesministerium für Arbeit und Soziales (BMAS)
14328;Agentur für Arbeit Lörrach;88.0;0;Agentur für Arbeit;Bund;Bundesministerium für Arbeit und Soziales (BMAS)
14329;Agentur für Arbeit Lübeck;88.0;0;Agentur für Arbeit;Bund;Bundesministerium für Arbeit und Soziales (BMAS)
14330;Agentur für Arbeit Ludwigsburg;88.0;0;Agentur für Arbeit;Bund;Bundesministerium für Arbeit und Soziales (BMAS)
14331;Agentur für Arbeit Ludwigshaven;88.0;0;Agentur für Arbeit;Bund;Bundesministerium für Arbeit und Soziales (BMAS)
14332;Agentur für Arbeit Lüneburg – Uelzen;88.0;0;Agentur für Arbeit;Bund;Bundesministerium für Arbeit und Soziales (BMAS)
14333;Agentur für Arbeit Magdeburg;88.0;0;Agentur für Arbeit;Bund;Bundesministerium für Arbeit und Soziales (BMAS)
14334;Agentur für Arbeit Mainz;88.0;0;Agentur für Arbeit;Bund;Bundesministerium für Arbeit und Soziales (BMAS)
14335;Agentur für Arbeit Mannheim;88.0;0;Agentur für Arbeit;Bund;Bundesministerium für Arbeit und Soziales (BMAS)
14336;Agentur für Arbeit Marburg;88.0;0;Agentur für Arbeit;Bund;Bundesministerium für Arbeit und Soziales (BMAS)
5772;Agentur für Arbeit Merzig;88.0;0;Agentur für Arbeit;Bund;Bundesministerium für Arbeit und Soziales (BMAS)
14337;Agentur für Arbeit Meschede – Soest;88.0;0;Agentur für Arbeit;Bund;Bundesministerium für Arbeit und Soziales (BMAS)
14338;Agentur für Arbeit Mettmann;88.0;0;Agentur für Arbeit;Bund;Bundesministerium für Arbeit und Soziales (BMAS)
14339;Agentur für Arbeit Mönchengladbach;88.0;0;Agentur für Arbeit;Bund;Bundesministerium für Arbeit und Soziales (BMAS)
14340;Agentur für Arbeit Montabaur;88.0;0;Agentur für Arbeit;Bund;Bundesministerium für Arbeit und Soziales (BMAS)
11085;Agentur für Arbeit München;88.0;0;Agentur für Arbeit;Bund;Bundesministerium für Arbeit und Soziales (BMAS)
14341;Agentur für Arbeit Nagold – Pforzheim;88.0;0;Agentur für Arbeit;Bund;Bundesministerium für Arbeit und Soziales (BMAS)
14342;Agentur für Arbeit Neubrandenburg;88.0;0;Agentur für Arbeit;Bund;Bundesministerium für Arbeit und Soziales (BMAS)
14343;Agentur für Arbeit Neumünster;88.0;0;Agentur für Arbeit;Bund;Bundesministerium für Arbeit und Soziales (BMAS)
5773;Agentur für Arbeit Neunkirchen;88.0;0;Agentur für Arbeit;Bund;Bundesministerium für Arbeit und Soziales (BMAS)
14344;Agentur für Arbeit Neuruppin;88.0;0;Agentur für Arbeit;Bund;Bundesministerium für Arbeit und Soziales (BMAS)
14345;Agentur für Arbeit Neuwied;88.0;0;Agentur für Arbeit;Bund;Bundesministerium für Arbeit und Soziales (BMAS)
14346;Agentur für Arbeit Nienburg – Verden;88.0;0;Agentur für Arbeit;Bund;Bundesministerium für Arbeit und Soziales (BMAS)
14347;Agentur für Arbeit Nordhausen;88.0;0;Agentur für Arbeit;Bund;Bundesministerium für Arbeit und Soziales (BMAS)
14348;Agentur für Arbeit Nordhorn;88.0;0;Agentur für Arbeit;Bund;Bundesministerium für Arbeit und Soziales (BMAS)
11086;Agentur für Arbeit Nürnberg;88.0;0;Agentur für Arbeit;Bund;Bundesministerium für Arbeit und Soziales (BMAS)
14349;Agentur für Arbeit Oberhausen;88.0;0;Agentur für Arbeit;Bund;Bundesministerium für Arbeit und Soziales (BMAS)
14350;Agentur für Arbeit Offenbach;88.0;0;Agentur für Arbeit;Bund;Bundesministerium für Arbeit und Soziales (BMAS)
14351;Agentur für Arbeit Offenburg;88.0;0;Agentur für Arbeit;Bund;Bundesministerium für Arbeit und Soziales (BMAS)
14352;Agentur für Arbeit Oldenburg – Wilhelmshaven;88.0;0;Agentur für Arbeit;Bund;Bundesministerium für Arbeit und Soziales (BMAS)
14353;Agentur für Arbeit Oschatz;88.0;0;Agentur für Arbeit;Bund;Bundesministerium für Arbeit und Soziales (BMAS)
14354;Agentur für Arbeit Osnabrück;88.0;0;Agentur für Arbeit;Bund;Bundesministerium für Arbeit und Soziales (BMAS)
14355;Agentur für Arbeit Paderborn;88.0;0;Agentur für Arbeit;Bund;Bundesministerium für Arbeit und Soziales (BMAS)
11087;Agentur für Arbeit Passau;88.0;0;Agentur für Arbeit;Bund;Bundesministerium für Arbeit und Soziales (BMAS)
14356;Agentur für Arbeit Pfarrkirchen;88.0;0;Agentur für Arbeit;Bund;Bundesministerium für Arbeit und Soziales (BMAS)
14357;Agentur für Arbeit Pirna;88.0;0;Agentur für Arbeit;Bund;Bundesministerium für Arbeit und Soziales (BMAS)
14358;Agentur für Arbeit Plauen;88.0;0;Agentur für Arbeit;Bund;Bundesministerium für Arbeit und Soziales (BMAS)
14359;Agentur für Arbeit Potsdam;88.0;0;Agentur für Arbeit;Bund;Bundesministerium für Arbeit und Soziales (BMAS)
14360;Agentur für Arbeit Recklinghausen;88.0;0;Agentur für Arbeit;Bund;Bundesministerium für Arbeit und Soziales (BMAS)
11088;Agentur für Arbeit Regensburg;88.0;0;Agentur für Arbeit;Bund;Bundesministerium für Arbeit und Soziales (BMAS)
14361;Agentur für Arbeit Reutlingen;88.0;0;Agentur für Arbeit;Bund;Bundesministerium für Arbeit und Soziales (BMAS)
14362;Agentur für Arbeit Rheine;88.0;0;Agentur für Arbeit;Bund;Bundesministerium für Arbeit und Soziales (BMAS)
14363;Agentur für Arbeit Riesa;88.0;0;Agentur für Arbeit;Bund;Bundesministerium für Arbeit und Soziales (BMAS)
11089;Agentur für Arbeit Rosenheim;88.0;0;Agentur für Arbeit;Bund;Bundesministerium für Arbeit und Soziales (BMAS)
14364;Agentur für Arbeit Rostock;88.0;0;Agentur für Arbeit;Bund;Bundesministerium für Arbeit und Soziales (BMAS)
14365;Agentur für Arbeit Rottweil – Villingen-Schwennigen;88.0;0;Agentur für Arbeit;Bund;Bundesministerium für Arbeit und Soziales (BMAS)
5774;Agentur für Arbeit Saarbrücken;88.0;0;Agentur für Arbeit;Bund;Bundesministerium für Arbeit und Soziales (BMAS)
14366;Agentur für Arbeit Saarland;88.0;0;Agentur für Arbeit;Bund;Bundesministerium für Arbeit und Soziales (BMAS)
5775;Agentur für Arbeit Saarlouis;88.0;0;Agentur für Arbeit;Bund;Bundesministerium für Arbeit und Soziales (BMAS)
14367;Agentur für Arbeit Sangerhausen;88.0;0;Agentur für Arbeit;Bund;Bundesministerium für Arbeit und Soziales (BMAS)
14368;Agentur für Arbeit Schwäbisch Hall – Tauberbischofsheim;88.0;0;Agentur für Arbeit;Bund;Bundesministerium für Arbeit und Soziales (BMAS)
11090;Agentur für Arbeit Schwandorf;88.0;0;Agentur für Arbeit;Bund;Bundesministerium für Arbeit und Soziales (BMAS)
11091;Agentur für Arbeit Schweinfurt;88.0;0;Agentur für Arbeit;Bund;Bundesministerium für Arbeit und Soziales (BMAS)
14369;Agentur für Arbeit Schwerin;88.0;0;Agentur für Arbeit;Bund;Bundesministerium für Arbeit und Soziales (BMAS)
14370;Agentur für Arbeit Siegen;88.0;0;Agentur für Arbeit;Bund;Bundesministerium für Arbeit und Soziales (BMAS)
14371;Agentur für Arbeit Solingen-Wuppertal;88.0;0;Agentur für Arbeit;Bund;Bundesministerium für Arbeit und Soziales (BMAS)
14372;Agentur für Arbeit Stade;88.0;0;Agentur für Arbeit;Bund;Bundesministerium für Arbeit und Soziales (BMAS)
7264;Agentur für Arbeit Staßfurt;88.0;0;Agentur für Arbeit;Bund;Bundesministerium für Arbeit und Soziales (BMAS)
7265;Agentur für Arbeit Stendal;88.0;0;Agentur für Arbeit;Bund;Bundesministerium für Arbeit und Soziales (BMAS)
5776;Agentur für Arbeit St. Ingbert;88.0;0;Agentur für Arbeit;Bund;Bundesministerium für Arbeit und Soziales (BMAS)
14373;Agentur für Arbeit Stralsund;88.0;0;Agentur für Arbeit;Bund;Bundesministerium für Arbeit und Soziales (BMAS)
14374;Agentur für Arbeit Stuttgart;88.0;0;Agentur für Arbeit;Bund;Bundesministerium für Arbeit und Soziales (BMAS)
5777;Agentur für Arbeit St. Wendel;88.0;0;Agentur für Arbeit;Bund;Bundesministerium für Arbeit und Soziales (BMAS)
14375;Agentur für Arbeit Suhl;88.0;0;Agentur für Arbeit;Bund;Bundesministerium für Arbeit und Soziales (BMAS)
5778;Agentur für Arbeit Sulzbach;88.0;0;Agentur für Arbeit;Bund;Bundesministerium für Arbeit und Soziales (BMAS)
11092;Agentur für Arbeit Traunstein;88.0;0;Agentur für Arbeit;Bund;Bundesministerium für Arbeit und Soziales (BMAS)
14376;Agentur für Arbeit Trier;88.0;0;Agentur für Arbeit;Bund;Bundesministerium für Arbeit und Soziales (BMAS)
14377;Agentur für Arbeit Ulm;88.0;0;Agentur für Arbeit;Bund;Bundesministerium für Arbeit und Soziales (BMAS)
14378;Agentur für Arbeit Vechta;88.0;0;Agentur für Arbeit;Bund;Bundesministerium für Arbeit und Soziales (BMAS)
5779;Agentur für Arbeit Völklingen;88.0;0;Agentur für Arbeit;Bund;Bundesministerium für Arbeit und Soziales (BMAS)
5780;Agentur für Arbeit Wadern;88.0;0;Agentur für Arbeit;Bund;Bundesministerium für Arbeit und Soziales (BMAS)
14379;Agentur für Arbeit Waiblingen;88.0;0;Agentur für Arbeit;Bund;Bundesministerium für Arbeit und Soziales (BMAS)
11093;Agentur für Arbeit Weiden;88.0;0;Agentur für Arbeit;Bund;Bundesministerium für Arbeit und Soziales (BMAS)
11094;Agentur für Arbeit Weilheim;88.0;0;Agentur für Arbeit;Bund;Bundesministerium für Arbeit und Soziales (BMAS)
14380;Agentur für Arbeit Weißenfels;88.0;0;Agentur für Arbeit;Bund;Bundesministerium für Arbeit und Soziales (BMAS)
14381;Agentur für Arbeit Wesel;88.0;0;Agentur für Arbeit;Bund;Bundesministerium für Arbeit und Soziales (BMAS)
14382;Agentur für Arbeit Wiesbaden;88.0;0;Agentur für Arbeit;Bund;Bundesministerium für Arbeit und Soziales (BMAS)
14383;Agentur für Arbeit Würzburg;88.0;0;Agentur für Arbeit;Bund;Bundesministerium für Arbeit und Soziales (BMAS)
14384;Agentur für Arbeit Zwickau;88.0;0;Agentur für Arbeit;Bund;Bundesministerium für Arbeit und Soziales (BMAS)
49269;Agentur für Innovation in der Cybersicherheit GmbH;;0;IT-Dienstleister;Bund;Bundesministerium der Verteidigung (BMVg)
51922;AGF Videoforschung GmbH;;0;Rundfunk;Bund;Bundesministerium für Bildung und Forschung (BMBF)
49296;AHK Russland;;0;Wirtschaftsförderung;Bund;Bundesministerium für Wirtschaft und Klimaschutz (BMWK)
7;Akademie der Künste;;0;Akademie der Künste;Bund;Beauftragte der Bundesregierung für Kultur und Medien (BKM)
8;Akademie für Raumforschung und Landesplanung;;0;Akademie;Bund;Bundesministerium für Bildung und Forschung (BMBF)
10;Alexander-von-Humboldt-Stiftung;;0;Stiftung des Privatrechts;Bund;Auswärtiges Amt (AA)
12;Amt für den Militärischen Abschirmdienst;86.0;1;Geheimdienst;Bund;Bundesministerium der Verteidigung (BMVg)
580;Amt für Heeresentwicklung;86.0;1;Bundeswehr;Bund;Bundesministerium der Verteidigung (BMVg)
15;Amt für Neckarausbau Heidelberg;947.0;2;Bau;Bund;Bundesministerium für Digitales und Verkehr (BMDV)
50139;Annette von Droste zu Hülshoff-Stiftung;;0;Stiftung des Privatrechts;Bund;Beauftragte der Bundesregierung für Kultur und Medien (BKM)
16;Antidiskriminierungsstelle des Bundes;;0;Beratungsstelle;Bund;Bundesministerium für Familie, Senioren, Frauen und Jugend (BMFSFJ)
52177;AOK Bundesverband eGbR;;0;Verband;Bund;Bundesministerium für Gesundheit (BMG)
16833;Arbeitsgemeinschaft der für Städtebau, Bau- und Wohnungswesen zuständigen Minister und Senatoren der 16 Länder der Bundesrepublik Deutschland;;0;Bau;Bund;Bundesministerium für Arbeit und Soziales (BMAS)
14157;Arbeitsmarktservice im Landkreis Diepholz;88.0;0;Jobcenter;Bund;Bundesministerium für Arbeit und Soziales (BMAS)
36;Artillerieschule des Heeres;;0;Militärische Ausbildungsstätte;Bund;Bundesministerium der Verteidigung (BMVg)
37;Astrophysikalisches Institut;;0;;Bund;Bundesministerium für Bildung und Forschung (BMBF)
6574;Audi BKK;135.0;0;Krankenkasse;Bund;Bundesministerium für Arbeit und Soziales (BMAS)
41;Ausbildungszentrum Munster;;0;Militärische Ausbildungsstätte;Bund;Bundesministerium der Verteidigung (BMVg)
42;Ausbildungszentrum Spezielle Operationen;;0;Militärische Ausbildungsstätte;Bund;Bundesministerium der Verteidigung (BMVg)
52044;Ausschuss für Digitales und Staatsmodernisierung;;0;;Bund;Deutscher Bundestag
43;Auswärtiges Amt;;0;Ministerium;Bund;Auswärtiges Amt (AA)
11168;Autobahndirektion Nordbayern;;0;Autobahndirektion;Bund;Bundesministerium für Digitales und Verkehr (BMDV)
51680;Autobahn GmbH des Bundes - Niederlassung Nordbayern;;0;Straßen und Grünflächen;Bund;Bundesministerium für Digitales und Verkehr (BMDV)
6575;BAHN-BKK;135.0;0;Krankenkasse;Bund;Bundesministerium für Arbeit und Soziales (BMAS)
44;BARMER GEK;135.0;2;Krankenkasse;Bund;Bundesministerium für Arbeit und Soziales (BMAS)
48946;Beauftragte der Bundesregierung für die Anliegen von Betroffenen von terroristischen und extremistischen Anschlägen im Inland;;0;Beauftragte;Bund;Bundesministerium des Innern und für Heimat (BMI)
45;Beauftragte der Bundesregierung für Informationstechnik;;0;Beauftragte;Bund;Bundesministerium des Innern und für Heimat (BMI)
46;Beauftragte der Bundesregierung für Menschenrechtsfragen;85.0;1;;Bund;Bundesministerium der Justiz (BMJ)
48945;Beauftragte der Bundesregierung für Menschenrechtsfragen im Bundesministerium der Justiz;;0;Beauftragte;Bund;Bundesministerium der Justiz (BMJ)
47;Beauftragte der Bundesregierung für Migration, Flüchtlinge und Integration;72.0;1;Beauftragte;Bund;Bundeskanzleramt (BKAmt)
48;Beauftragter der Bundesregierung für Aussiedlerfragen und nationale Minderheiten;;0;Beauftragte;Bund;Bundesministerium des Innern und für Heimat (BMI)
49;Beauftragter der Bundesregierung für den Berlin-Umzug und den Bonn-Ausgleich;94.0;1;Beauftragte;Bund;Bundesministerium für Digitales und Verkehr (BMDV)
48948;Beauftragter der Bundesregierung für den Schienenverkehr;;0;Beauftragte;Bund;Bundesministerium für Digitales und Verkehr (BMDV)
49839;Beauftragter der Bundesregierung für die Akzeptanz sexueller und geschlechtlicher Vielfalt;;0;Beauftragte;Bund;Bundesministerium für Familie, Senioren, Frauen und Jugend (BMFSFJ)
51;Beauftragter der Bundesregierung für die Belange der Patientinnen und Patienten;;0;Beauftragte;Bund;Bundesministerium für Gesundheit (BMG)
50;Beauftragter der Bundesregierung für die Belange von Menschen mit Behinderungen;88.0;1;Behindertenbeauftragte;Bund;Bundesministerium für Arbeit und Soziales (BMAS)
50153;Beauftragter der Bundesregierung für die deutschen Eisenbahnstrecken auf Schweizer Gebiet;;0;Bahn;Bund;Bundesministerium für Digitales und Verkehr (BMDV)
52;Beauftragter der Bundesregierung für die Nachrichtendienste;72.0;1;;Bund;Bundeskanzleramt (BKAmt)
154;Beauftragter der Bundesregierung für Fragen der Abrüstung und Rüstungskontrolle;43.0;1;Beauftragte;Bund;Auswärtiges Amt (AA)
48939;Beauftragter der Bundesregierung für jüdisches Leben in Deutschland und den Kampf gegen Antisemitismus;;0;Beauftragte;Bund;Bundesministerium des Innern und für Heimat (BMI)
155;Beauftragter der Bundesregierung für Kultur und Medien;;0;Kultur;Bund;Beauftragte der Bundesregierung für Kultur und Medien (BKM)
156;Beauftragter der Bundesregierung für Menschenrechtspolitik und Humanitäre Hilfe;43.0;1;Beauftragte;Bund;Auswärtiges Amt (AA)
157;Beauftragter der Bundesregierung für Mittelstand;96.0;1;Beauftragte;Bund;Bundesministerium für Wirtschaft und Klimaschutz (BMWK)
53;Beauftragter der Bundesregierung für Ostdeutschland;;0;Beauftragte;Bund;Bundesministerium für Wirtschaft und Klimaschutz (BMWK)
48950;Beauftragter der Bundesregierung für Religions- und Weltanschauungsfreiheit;;0;Beauftragte;Bund;Bundesministerium des Innern und für Heimat (BMI)
326;Beauftragter der Bundesregierung für Sucht- und Drogenfragen;92.0;1;Beauftragte;Bund;Bundesministerium für Gesundheit (BMG)
158;Beauftragter für die deutsch-französische Zusammenarbeit;43.0;1;Beauftragte;Bund;Auswärtiges Amt (AA)
48938;Beauftragter für die Nachrichtendienste des Bundes;;0;Beauftragte;Bund;Bundeskanzleramt (BKAmt)
159;Beauftragte zur Aufarbeitung des sexuellen Kindesmissbrauchs;;0;Beauftragte;Bund;Bundesministerium für Arbeit und Soziales (BMAS)
50084;Beethovenstiftung für Kunst und Kultur der Bundesstadt Bonn;;0;Stiftung des Privatrechts;Bund;Beauftragte der Bundesregierung für Kultur und Medien (BKM)
50242;Beitragsservice der ARD ZDF und Deutschlandradio;;0;Rundfunkanstalt;Bund;Beauftragte der Bundesregierung für Kultur und Medien (BKM)
50140;Berlin-Brandenburgisches Institut für die Zusammenarbeit von Deutschland, Frankreich und Polen in Europa;;0;Stiftung des Privatrechts;Bund;Bundesministerium für Arbeit und Soziales (BMAS)
6576;Bertelsmann BKK;135.0;0;Krankenkasse;Bund;Bundesministerium für Arbeit und Soziales (BMAS)
162;Berufsbildungszentrum Kleinmachnow;945.0;2;Berufsbildung;Bund;Bundesministerium für Digitales und Verkehr (BMDV)
163;Berufsbildungszentrum Koblenz;947.0;2;Berufsbildung;Bund;Bundesministerium für Digitales und Verkehr (BMDV)
237;Berufsgenossenschaft der Bauwirtschaft;88.0;1;Berufsgenossenschaft;Bund;Bundesministerium für Arbeit und Soziales (BMAS)
240;Berufsgenossenschaft Energie Textil Elektro Medienerzeugnisse;88.0;1;Berufsgenossenschaft;Bund;Bundesministerium für Arbeit und Soziales (BMAS)
241;Berufsgenossenschaft für Gesundheitsdienst und Wohlfahrtspflege;88.0;1;Berufsgenossenschaft;Bund;Bundesministerium für Arbeit und Soziales (BMAS)
243;Berufsgenossenschaft Handel und Warendistribution;88.0;1;Berufsgenossenschaft;Bund;Bundesministerium für Arbeit und Soziales (BMAS)
244;Berufsgenossenschaft Holz und Metall;88.0;1;Berufsgenossenschaft;Bund;Bundesministerium für Arbeit und Soziales (BMAS)
245;Berufsgenossenschaft Nahrungsmittel und Gastgewerbe;88.0;1;Berufsgenossenschaft;Bund;Bundesministerium für Arbeit und Soziales (BMAS)
4048;Berufsgenossenschaft Rohstoffe und chemische Industrie;;0;Berufsgenossenschaft;Bund;Bundesministerium für Arbeit und Soziales (BMAS)
33201;Berufsgenossenschaft Verkehrswirtschaft Post-Logistik Telekommunikation;;0;Unfallkasse;Bund;Bundesministerium für Arbeit und Soziales (BMAS)
242;Berufsgenossenschaft Verkehrswirtschaft Post-Logistik Telekommunikation;88.0;1;Berufsgenossenschaft;Bund;Bundesministerium für Arbeit und Soziales (BMAS)
246;Beschaffungsamt des Bundesministeriums des Innern;87.0;1;Vergabe;Bund;Bundesministerium des Innern und für Heimat (BMI)
51656;Bescheinigungsstelle Forschungszulage GbR;;0;Bundesanstalt;Bund;Bundesministerium für Bildung und Forschung (BMBF)
6587;Betriebskrankenkasse Mobil;135.0;0;Krankenkasse;Bund;Bundesministerium für Arbeit und Soziales (BMAS)
51991;Betriebskrankenkasse Technoform;;0;Krankenkasse;Bund;Bundesministerium für Gesundheit (BMG)
48947;Bevollmächtigte der Bundesregierung für Pflege;;0;Beauftragte;Bund;Bundesministerium für Gesundheit (BMG)
52199;Bewertungsausschuss Ärzte;;0;;Bund;Deutscher Bundestag
52032;BG Klinik Bad Reichenhall;;0;Krankenhaus;Bund;Bundesministerium für Arbeit und Soziales (BMAS)
18148;BGZ Gesellschaft für Zwischenlagerung mbH;;0;Atomkraft;Bund;Bundesministerium für Umwelt, Naturschutz, nukleare Sicherheit und Verbraucherschutz (BMUV)
15651;Bildungszentrum der Bundeswehr;;0;Militärische Ausbildungsstätte;Bund;Bundesministerium der Verteidigung (BMVg)
15902;BITMARCK Holding GmbH;;0;IT-Dienstleister;Bund;Bundesministerium des Innern und für Heimat (BMI)
6578;BKK24;135.0;0;Krankenkasse;Bund;Bundesministerium für Arbeit und Soziales (BMAS)
18253;BKK der BMW AG;;0;Krankenkasse;Bund;Bundesministerium für Gesundheit (BMG)
18267;BKK Deutsche Bank AG;;0;Krankenkasse;Bund;Bundesministerium für Gesundheit (BMG)
51992;BKK exklusiv;;0;Krankenkasse;Bund;Bundesministerium für Gesundheit (BMG)
6583;BKK firmus;135.0;0;Krankenkasse;Bund;Bundesministerium für Arbeit und Soziales (BMAS)
51989;BKK Freudenberg;;0;Krankenkasse;Bund;Bundesministerium für Gesundheit (BMG)
6584;BKK GILDEMEISTER SEIDENSTICKER;135.0;0;Krankenkasse;Bund;Bundesministerium für Arbeit und Soziales (BMAS)
6586;BKK Linde;135.0;0;Krankenkasse;Bund;Bundesministerium für Arbeit und Soziales (BMAS)
15899;BKK Melitta Plus;;0;Krankenkasse;Bund;Bundesministerium für Gesundheit (BMG)
51995;BKK mkk;;0;Krankenkasse;Bund;Bundesministerium für Gesundheit (BMG)
6588;BKK Pfalz;135.0;0;Krankenkasse;Bund;Bundesministerium für Arbeit und Soziales (BMAS)
6579;BKK ProVita;135.0;0;Krankenkasse;Bund;Bundesministerium für Arbeit und Soziales (BMAS)
18260;BKK PwC;;0;Krankenkasse;Bund;Bundesministerium für Gesundheit (BMG)
52013;BKK Salzgitter;;0;Krankenkasse;Bund;Bundesministerium für Gesundheit (BMG)
6585;BKK Verbundplus;135.0;0;Krankenkasse;Bund;Bundesministerium für Arbeit und Soziales (BMAS)
6589;BKK Verkehrsbau Union;135.0;0;Krankenkasse;Bund;Bundesministerium für Arbeit und Soziales (BMAS)
52000;BKK WIRTSCHAFT UND FINANZEN;;0;Krankenkasse;Bund;Bundesministerium der Finanzen (BMF)
52011;BKK-Würth;;0;Krankenkasse;Bund;Bundesministerium für Gesundheit (BMG)
52001;BKK ZF & Partner;;0;Krankenkasse;Bund;Bundesministerium für Gesundheit (BMG)
50121;Blue Action Fund;;0;Stiftung des Privatrechts;Bund;Bundesministerium für wirtschaftliche Zusammenarbeit und Entwicklung (BMZ)
52002;Bosch BKK;;0;Krankenkasse;Bund;Bundesministerium für Gesundheit (BMG)
51806;Botschaft der Bundesrepublik Deutschland Ankara;;0;;Bund;Auswärtiges Amt (AA)
51685;Botschaft der Bundesrepublik Deutschland - Harare;;0;Internationale Beziehungen;Bund;Auswärtiges Amt (AA)
249;Bund deutscher Nordschleswiger;;0;Integration;Bund;Bundesministerium des Innern und für Heimat (BMI)
250;Bundesagentur für Arbeit;88.0;1;Agentur für Arbeit;Bund;Bundesministerium für Arbeit und Soziales (BMAS)
251;Bundesagentur für Arbeit - Regionaldirektion Baden-Württemberg;88.0;1;Regionaldirektion der Agentur für Arbeit;Bund;Bundesministerium für Arbeit und Soziales (BMAS)
252;Bundesagentur für Arbeit - Regionaldirektion Bayern;88.0;1;Regionaldirektion der Agentur für Arbeit;Bund;Bundesministerium für Arbeit und Soziales (BMAS)
253;Bundesagentur für Arbeit - Regionaldirektion Berlin Brandenburg;88.0;1;Regionaldirektion der Agentur für Arbeit;Bund;Bundesministerium für Arbeit und Soziales (BMAS)
254;Bundesagentur für Arbeit - Regionaldirektion Hessen;88.0;0;Regionaldirektion der Agentur für Arbeit;Bund;Bundesministerium für Arbeit und Soziales (BMAS)
255;Bundesagentur für Arbeit - Regionaldirektion Niedersachsen-Bremen;88.0;1;Regionaldirektion der Agentur für Arbeit;Bund;Bundesministerium für Arbeit und Soziales (BMAS)
256;Bundesagentur für Arbeit - Regionaldirektion Nord;88.0;1;Regionaldirektion der Agentur für Arbeit;Bund;Bundesministerium für Arbeit und Soziales (BMAS)
257;Bundesagentur für Arbeit - Regionaldirektion Nordrhein-Westfalen;88.0;1;Regionaldirektion der Agentur für Arbeit;Bund;Bundesministerium für Arbeit und Soziales (BMAS)
258;Bundesagentur für Arbeit - Regionaldirektion Rheinland-Pfalz-Saarland;88.0;1;Regionaldirektion der Agentur für Arbeit;Bund;Bundesministerium für Arbeit und Soziales (BMAS)
259;Bundesagentur für Arbeit - Regionaldirektion Sachsen;88.0;1;Regionaldirektion der Agentur für Arbeit;Bund;Bundesministerium für Arbeit und Soziales (BMAS)
260;Bundesagentur für Arbeit - Regionaldirektion Sachsen Anhalt Thüringen;88.0;1;Regionaldirektion der Agentur für Arbeit;Bund;Bundesministerium für Arbeit und Soziales (BMAS)
20194;Bundesagentur für Sprunginnovation;;0;Forschung;Bund;Bundesministerium für Arbeit und Soziales (BMAS)
261;Bundesakademie für öffentliche Verwaltung;87.0;1;Akademie;Bund;Bundesministerium des Innern und für Heimat (BMI)
262;Bundesakademie für Sicherheitspolitik;86.0;1;Militärische Ausbildungsstätte;Bund;Bundesministerium der Verteidigung (BMVg)
263;Bundesakademie für Wehrverwaltung und Wehrtechnik;86.0;1;Militärische Ausbildungsstätte;Bund;Bundesministerium der Verteidigung (BMVg)
4355;Bundesamt für Ausrüstung, Informationstechnik und Nutzung der Bundeswehr;86.0;1;Bundeswehr;Bund;Bundesministerium der Verteidigung (BMVg)
264;Bundesamt für Äußere Restitutionen;84.0;1;;Bund;Bundesministerium der Finanzen (BMF)
49154;Bundesamt für Auswärtige Angelegenheiten;;0;;Bund;Auswärtiges Amt (AA)
265;Bundesamt für Bauwesen und Raumordnung;94.0;1;Bau;Bund;Bundesministerium für Digitales und Verkehr (BMDV)
266;Bundesamt für Bevölkerungsschutz und Katastrophenhilfe;87.0;1;Katastrophenschutz;Bund;Bundesministerium des Innern und für Heimat (BMI)
4139;Bundesamt für das Personalmanagement der Bundeswehr;86.0;1;Bundeswehr;Bund;Bundesministerium der Verteidigung (BMVg)
13659;Bundesamt für die Sicherheit der nuklearen Entsorgung;93.0;1;Atomkraft;Bund;Bundesministerium für Umwelt, Naturschutz, nukleare Sicherheit und Verbraucherschutz (BMUV)
5058;Bundesamt für Familie und zivilgesellschaftliche Aufgaben;91.0;0;Familie;Bund;Bundesministerium für Familie, Senioren, Frauen und Jugend (BMFSFJ)
5121;Bundesamt für Infrastruktur, Umweltschutz und Dienstleistungen der Bundeswehr;86.0;0;Bundeswehr;Bund;Bundesministerium der Verteidigung (BMVg)
270;Bundesamt für Justiz;85.0;1;Justiz;Bund;Bundesministerium der Justiz (BMJ)
271;Bundesamt für Kartographie und Geodäsie;87.0;1;Geoinformationen;Bund;Bundesministerium des Innern und für Heimat (BMI)
268;Bundesamt für Logistik und Mobilität;94.0;1;Bahn;Bund;Bundesministerium für Digitales und Verkehr (BMDV)
272;Bundesamt für Migration und Flüchtlinge;87.0;1;Integration;Bund;Bundesministerium des Innern und für Heimat (BMI)
273;Bundesamt für Naturschutz;93.0;1;Umweltschutz;Bund;Bundesministerium für Umwelt, Naturschutz, nukleare Sicherheit und Verbraucherschutz (BMUV)
274;Bundesamt für Seeschifffahrt und Hydrographie;94.0;1;Wasser und Schifffahrt;Bund;Bundesministerium für Digitales und Verkehr (BMDV)
275;Bundesamt für Sicherheit in der Informationstechnik;87.0;1;Technologie;Bund;Bundesministerium des Innern und für Heimat (BMI)
135;Bundesamt für Soziale Sicherung;88.0;1;Soziales;Bund;Bundesministerium für Arbeit und Soziales (BMAS)
276;Bundesamt für Strahlenschutz;93.0;1;Schutz;Bund;Bundesministerium für Umwelt, Naturschutz, nukleare Sicherheit und Verbraucherschutz (BMUV)
277;Bundesamt für Verbraucherschutz und Lebensmittelsicherheit;90.0;1;Verbraucherschutzamt;Bund;Bundesministerium für Ernährung und Landwirtschaft (BMEL)
278;Bundesamt für Verfassungsschutz;87.0;1;Verfassungsschutz;Bund;Bundesministerium des Innern und für Heimat (BMI)
280;Bundesamt für Wehrverwaltung;86.0;1;;Bund;Bundesministerium der Verteidigung (BMVg)
281;Bundesamt für Wirtschaft und Ausfuhrkontrolle;96.0;1;Regulierungsbehörde;Bund;Bundesministerium für Wirtschaft und Klimaschutz (BMWK)
282;Bundesamt für zentrale Dienste und offene Vermögensfragen;84.0;1;Dienstleistung;Bund;Bundesministerium der Finanzen (BMF)
283;Bundesanstalt für Arbeitsschutz und Arbeitsmedizin;88.0;1;Arbeitsschutz;Bund;Bundesministerium für Arbeit und Soziales (BMAS)
284;Bundesanstalt für den Digitalfunk der Behörden und Organisationen mit Sicherheitsaufgaben;87.0;1;Telekommunikation;Bund;Bundesministerium des Innern und für Heimat (BMI)
285;Bundesanstalt für Finanzdienstleistungsaufsicht;;0;Bundesanstalt;Bund;Bundesministerium der Finanzen (BMF)
286;Bundesanstalt für Finanzmarktstabilisierung;84.0;1;Bundesanstalt;Bund;Bundesministerium der Finanzen (BMF)
287;Bundesanstalt für Geowissenschaften und Rohstoffe;96.0;1;Bergbau und Geologie;Bund;Bundesministerium für Wirtschaft und Klimaschutz (BMWK)
288;Bundesanstalt für Gewässerkunde;94.0;1;Wasser und Schifffahrt;Bund;Bundesministerium für Digitales und Verkehr (BMDV)
289;Bundesanstalt für Immobilienaufgaben;;0;Liegenschaften;Bund;Bundesministerium der Finanzen (BMF)
290;Bundesanstalt für Landwirtschaft und Ernährung;90.0;1;Landwirtschaft;Bund;Bundesministerium für Ernährung und Landwirtschaft (BMEL)
291;Bundesanstalt für Materialforschung und -prüfung;96.0;1;Prüfungsamt;Bund;Bundesministerium für Wirtschaft und Klimaschutz (BMWK)
292;Bundesanstalt für Post und Telekommunikation;84.0;1;Telekommunikation;Bund;Bundesministerium der Finanzen (BMF)
293;Bundesanstalt für Straßenwesen;94.0;1;Straßen und Grünflächen;Bund;Bundesministerium für Digitales und Verkehr (BMDV)
294;Bundesanstalt für vereinigungsbedingte Sonderaufgaben;84.0;1;Bundesanstalt;Bund;Bundesministerium der Finanzen (BMF)
15650;Bundesanstalt für Verwaltungsdienstleistungen;;0;Bundesanstalt;Bund;Bundesministerium des Innern und für Heimat (BMI)
295;Bundesanstalt für Wasserbau;94.0;1;Wasser und Schifffahrt;Bund;Bundesministerium für Digitales und Verkehr (BMDV)
296;Bundesanstalt Technisches Hilfswerk;87.0;1;THW;Bund;Bundesministerium des Innern und für Heimat (BMI)
15173;Bundesanstalt Technisches Hilfswerk Landesverband Baden-Württemberg;296.0;0;THW;Bund;Bundesministerium des Innern und für Heimat (BMI)
15172;Bundesanstalt Technisches Hilfswerk Landesverband Bayern;296.0;0;THW;Bund;Bundesministerium des Innern und für Heimat (BMI)
15168;Bundesanstalt Technisches Hilfswerk Landesverband Bremen, Niedersachsen;296.0;0;THW;Bund;Bundesministerium des Innern und für Heimat (BMI)
15170;Bundesanstalt Technisches Hilfswerk Landesverband Hamburg, Mecklenburg-Vorpommern, Schleswig-Holstein;296.0;0;THW;Bund;Bundesministerium des Innern und für Heimat (BMI)
15171;Bundesanstalt Technisches Hilfswerk Landesverband Hessen, Rheinland-Pfalz, Saarland;296.0;0;THW;Bund;Bundesministerium des Innern und für Heimat (BMI)
15169;Bundesanstalt Technisches Hilfswerk Landesverband Nordrhein-Westfalen;296.0;0;THW;Bund;Bundesministerium des Innern und für Heimat (BMI)
15166;Bundesanstalt Technisches Hilfswerk Landesverband Sachsen, Thüringen;296.0;0;THW;Bund;Bundesministerium des Innern und für Heimat (BMI)
297;Bundesanzeiger Verlagsgesellschaft mbH;;0;Anzeigenblatt;Bund;Bundesministerium der Justiz (BMJ)
17020;Bundesapothekerkammer;;0;Apothekerkammer;Bund;Bundesministerium für Gesundheit (BMG)
51831;Bundesarbeitsgemeinschaft für Rehabilitation e.V.;;0;;Bund;Bundesministerium für Arbeit und Soziales (BMAS)
298;Bundesarbeitsgemeinschaft Katholische Jugendsozialarbeit e. V.;;0;Jugend;Bund;Bundesministerium für Arbeit und Soziales (BMAS)
299;Bundesarbeitsgericht;88.0;1;Arbeitsgericht;Bund;Bundesministerium für Arbeit und Soziales (BMAS)
300;Bundesarchiv;155.0;1;Archiv;Bund;Beauftragte der Bundesregierung für Kultur und Medien (BKM)
4052;Bundesärztekammer;;0;Ärztekammer;Bund;Bundesministerium des Innern und für Heimat (BMI)
301;Bundesaufsichtsamt für Flugsicherung;94.0;1;Flug;Bund;Bundesministerium für Digitales und Verkehr (BMDV)
302;Bundesausgleichsamt;84.0;1;;Bund;Bundesministerium der Finanzen (BMF)
304;Bundesbeauftragter für das Bergmannssiedlungsvermögen bei der Treuhandstelle, für Bergmannswohnstätten im rheinisch-westfälischen Steinkohlebezirk und der Wohnungsbaugesellschaft Rhein Braunkohle;94.0;1;Bergbau und Geologie;Bund;Bundesministerium für Digitales und Verkehr (BMDV)
306;Bundesbeauftragter für den Zivildienst;91.0;1;;Bund;Bundesministerium für Familie, Senioren, Frauen und Jugend (BMFSFJ)
54;Bundesbeauftragter für die Behandlung von Zahlungen an die Konversionskasse;84.0;1;Beauftragte;Bund;Bundesministerium der Finanzen (BMF)
303;Bundesbeauftragter für die Unterlagen des Staatssicherheitsdienstes der ehemaligen DDR;155.0;1;Beauftragte;Bund;Beauftragte der Bundesregierung für Kultur und Medien (BKM)
55;Bundesbeauftragter für Wirtschaftlichkeit in der Verwaltung;119.0;1;Beauftragte;Bund;Bundesministerium der Finanzen (BMF)
56;Bundesdruckerei GmbH;;0;Münzerei;Bund;Bundesministerium der Finanzen (BMF)
57;Bundeseisenbahnvermögen;94.0;1;Bahn;Bund;Bundesministerium für Digitales und Verkehr (BMDV)
48940;Bundes-Energiebeauftragte;;0;Beauftragte;Bund;Bundesministerium für Wirtschaft und Klimaschutz (BMWK)
63;Bundesfinanzhof;85.0;1;Finanzgericht;Bund;Bundesministerium der Verteidigung (BMVg)
64;Bundesgerichtshof;85.0;1;Gericht;Bund;Bundesministerium der Justiz (BMJ)
14697;Bundesgesellschaft für Endlagerung mbH;;0;Endlagerung;Bund;Bundesministerium für Umwelt, Naturschutz, nukleare Sicherheit und Verbraucherschutz (BMUV)
6577;Bundesinnungskrankenkasse Gesundheit;135.0;0;Krankenkasse;Bund;Bundesministerium für Arbeit und Soziales (BMAS)
65;Bundesinstitut für Arzneimittel und Medizinprodukte;92.0;1;Arzneimittel und Medizin;Bund;Bundesministerium für Gesundheit (BMG)
66;Bundesinstitut für Berufsbildung;89.0;1;Berufsbildung;Bund;Bundesministerium für Bildung und Forschung (BMBF)
67;Bundesinstitut für Bevölkerungsforschung;87.0;1;Forschung;Bund;Bundesministerium des Innern und für Heimat (BMI)
68;Bundesinstitut für Kultur und Geschichte der Deutschen im östlichen Europa;155.0;1;Kultur;Bund;Beauftragte der Bundesregierung für Kultur und Medien (BKM)
232;Bundesinstitut für Öffentliche Gesundheit;92.0;1;Gesundheit;Bund;Bundesministerium für Gesundheit (BMG)
69;Bundesinstitut für Risikobewertung;88.0;1;Bundesinstitut;Bund;Bundesministerium für Arbeit und Soziales (BMAS)
70;Bundesinstitut für Sportwissenschaft;87.0;1;Sport und Freizeit;Bund;Bundesministerium des Innern und für Heimat (BMI)
71;Bundesjugendwerk der AWO e.V.;;0;Jugend;Bund;Bundesministerium für Familie, Senioren, Frauen und Jugend (BMFSFJ)
72;Bundeskanzleramt;;0;Staatskanzlei;Bund;Bundeskanzleramt (BKAmt)
50184;Bundeskanzler-Helmut-Kohl-Stiftung;;0;Stiftung des öffentlichen Rechts;Bund;Beauftragte der Bundesregierung für Kultur und Medien (BKM)
74;Bundeskanzler-Willy-Brandt-Stiftung;155.0;1;Stiftung des öffentlichen Rechts;Bund;Beauftragte der Bundesregierung für Kultur und Medien (BKM)
75;Bundeskartellamt;96.0;1;Wettbewerbsbehörde;Bund;Bundesministerium für Wirtschaft und Klimaschutz (BMWK)
76;Bundeskasse Halle/Saale;;0;Bundeskasse;Bund;Bundesministerium für Gesundheit (BMG)
77;Bundeskasse Kiel;;0;Bundeskasse;Bund;Bundesministerium für Gesundheit (BMG)
78;Bundeskasse Trier;;0;Bundeskasse;Bund;Bundesministerium für Gesundheit (BMG)
80;Bundeskommissar bei der Deutschen Bau- und Grundstücks-AG;84.0;1;;Bund;Bundesministerium der Finanzen (BMF)
81;"Bundeskonferenz der Frauenbeauftragten und Gleichstellungsbeauftragten an Hochschulen
c/o GESIS - CEWS";;0;Frauen;Bund;Bundesministerium für Familie, Senioren, Frauen und Jugend (BMFSFJ)
82;Bundeskriminalamt;87.0;1;Polizei;Bund;Bundesministerium des Innern und für Heimat (BMI)
83;Bundeslotsenkammer;94.0;1;Lotsenkammer;Bund;Bundesministerium für Digitales und Verkehr (BMDV)
84;Bundesministerium der Finanzen;;0;Ministerium;Bund;Bundesministerium der Finanzen (BMF)
85;Bundesministerium der Justiz und für Verbraucherschutz;;0;Ministerium;Bund;Bundesministerium der Justiz (BMJ)
86;Bundesministerium der Verteidigung;;0;Ministerium;Bund;Bundesministerium der Verteidigung (BMVg)
87;Bundesministerium des Innern;;0;Ministerium;Bund;Bundesministerium des Innern und für Heimat (BMI)
88;Bundesministerium für Arbeit und Soziales;;0;Ministerium;Bund;Bundesministerium für Arbeit und Soziales (BMAS)
91;Bundesministerium für Bildung, Familie, Senioren, Frauen und Jugend;;0;Ministerium;Bund;Bundesministerium für Familie, Senioren, Frauen und Jugend (BMFSFJ)
51919;Bundesministerium für Digitales und Staatsmodernisierung;;0;Ministerium;Bund;Bundesministerium für Digitales und Verkehr (BMDV)
89;Bundesministerium für Forschung, Technologie und Raumfahrt;;0;Ministerium;Bund;Bundesministerium für Bildung und Forschung (BMBF)
92;Bundesministerium für Gesundheit;;0;Ministerium;Bund;Bundesministerium für Gesundheit (BMG)
90;Bundesministerium für Landwirtschaft, Ernährung und Heimat;;0;Ministerium;Bund;Bundesministerium für Ernährung und Landwirtschaft (BMEL)
93;Bundesministerium für Umwelt, Klimaschutz, Naturschutz und nukleare Sicherheit;;0;Ministerium;Bund;Bundesministerium für Umwelt, Naturschutz, nukleare Sicherheit und Verbraucherschutz (BMUV)
94;Bundesministerium für Verkehr;;0;Ministerium;Bund;Bundesministerium für Digitales und Verkehr (BMDV)
95;Bundesministerium für wirtschaftliche Zusammenarbeit und Entwicklung;;0;Ministerium;Bund;Bundesministerium für wirtschaftliche Zusammenarbeit und Entwicklung (BMZ)
96;Bundesministerium für Wirtschaft und Energie;;0;Ministerium;Bund;Bundesministerium für Wirtschaft und Klimaschutz (BMWK)
49833;Bundesministerium für Wohnen, Stadtentwicklung und Bauwesen;;0;Ministerium;Bund;Bundesministerium für Wohnen, Stadtentwicklung und Bauwesen (BMWSB)
98;Bundesnachrichtendienst;72.0;1;Geheimdienst;Bund;Bundeskanzleramt (BKAmt)
99;Bundesnetzagentur;96.0;1;Regulierungsbehörde;Bund;Bundesministerium für Wirtschaft und Klimaschutz (BMWK)
100;Bundesnotarkammer;;0;Notarkammer;Bund;Bundesministerium der Justiz (BMJ)
101;Bundespatentgericht;85.0;1;Gericht;Bund;Bundesministerium der Justiz (BMJ)
103;Bundespolizeiakademie;114.0;2;Polizei;Bund;Bundesministerium des Innern und für Heimat (BMI)
50166;Bundespolizeidirektion 11;;0;Polizei;Bund;Bundesministerium des Innern und für Heimat (BMI)
104;Bundespolizeidirektion Bad Bramstedt;114.0;2;Bundespolizei;Bund;Bundesministerium des Innern und für Heimat (BMI)
105;Bundespolizeidirektion Berlin;114.0;2;Bundespolizei;Bund;Bundesministerium des Innern und für Heimat (BMI)
106;Bundespolizeidirektion Bundesbereitschaftspolizei;114.0;2;Bundespolizei;Bund;Bundesministerium des Innern und für Heimat (BMI)
107;Bundespolizeidirektion Flughafen Frankfurt/Main;114.0;2;Bundespolizei;Bund;Bundesministerium des Innern und für Heimat (BMI)
108;Bundespolizeidirektion Hannover;114.0;2;Bundespolizei;Bund;Bundesministerium des Innern und für Heimat (BMI)
109;Bundespolizeidirektion Koblenz;114.0;2;Bundespolizei;Bund;Bundesministerium des Innern und für Heimat (BMI)
110;Bundespolizeidirektion München;114.0;2;Bundespolizei;Bund;Bundesministerium des Innern und für Heimat (BMI)
111;Bundespolizeidirektion Pirna;114.0;2;Bundespolizei;Bund;Bundesministerium des Innern und für Heimat (BMI)
112;Bundespolizeidirektion Sankt Augustin;114.0;2;Bundespolizei;Bund;Bundesministerium des Innern und für Heimat (BMI)
113;Bundespolizeidirektion Stuttgart;114.0;2;Bundespolizei;Bund;Bundesministerium des Innern und für Heimat (BMI)
18153;Bundespolizei-Fliegergruppe;;0;Bundespolizei;Bund;Bundesministerium des Innern und für Heimat (BMI)
51939;Bundespolizeiinspektion Aachen;;0;Bundespolizei;Bund;Bundesministerium des Innern und für Heimat (BMI)
16321;Bundespolizeiinspektion München;;0;;Bund;Bundesministerium des Innern und für Heimat (BMI)
114;Bundespolizeipräsidium;87.0;1;Polizei;Bund;Bundesministerium des Innern und für Heimat (BMI)
48832;Bundespolizeirevier Bonn;;0;Bundespolizei;Bund;Bundesministerium des Innern und für Heimat (BMI)
16284;Bundespolizeirevier Hamburg-Hauptbahnhof;;0;;Bund;Bundesministerium für Digitales und Verkehr (BMDV)
52102;Bundespolizeirevier Prüm;;0;Polizei;Bund;Bundesministerium des Innern und für Heimat (BMI)
48932;Bundespolizeirevier Villa Hammerschmidt Bonn;;0;Polizei;Bund;Bundesministerium des Innern und für Heimat (BMI)
116;Bundespräsidialamt;;0;Staatskanzlei;Bund;Bundeskanzleramt (BKAmt)
118;Bundesrat;;0;Parlamentsverwaltung;Bund;Deutscher Bundestag
119;Bundesrechnungshof;;0;Rechnungshof;Bund;Bundesministerium der Finanzen (BMF)
120;Bundesrechtsanwaltskammer;;0;Rechtsanwaltskammer;Bund;Bundesministerium der Justiz (BMJ)
122;Bundesrepublik Deutschland - Finanzagentur GmbH;84.0;1;;Bund;Bundesministerium der Finanzen (BMF)
50034;Bundesschiedsamt für die Vergütung zahntechnischer Leistungen nach § 89 Abs. 12 SGB V;;0;;Bund;Bundesministerium für Arbeit und Soziales (BMAS)
50032;Bundesschiedsamt für die vertragsärztliche Versorgung nach § 89 Abs. 2 SGB V;;0;;Bund;Bundesministerium für Arbeit und Soziales (BMAS)
50033;Bundesschiedsamt für die vertragszahnärztliche Versorgung nach § 89 Abs. 2 SGB V;;0;;Bund;Bundesministerium für Arbeit und Soziales (BMAS)
123;Bundesservice Telekommunikation;;0;Telekommunikation;Bund;Bundesministerium des Innern und für Heimat (BMI)
124;Bundessortenamt;90.0;1;;Bund;Bundesministerium für Ernährung und Landwirtschaft (BMEL)
125;Bundessozialgericht;88.0;1;Sozialgericht;Bund;Bundesministerium für Arbeit und Soziales (BMAS)
126;Bundessprachenamt;86.0;1;Bundeswehr;Bund;Bundesministerium der Verteidigung (BMVg)
127;Bundesstelle für Flugunfalluntersuchung;94.0;1;Luftverkehr;Bund;Bundesministerium für Digitales und Verkehr (BMDV)
128;Bundesstelle für Seeunfalluntersuchung;94.0;1;Wasser und Schifffahrt;Bund;Bundesministerium für Digitales und Verkehr (BMDV)
129;Bundessteuerberaterkammer;84.0;1;Steuerberaterkammer;Bund;Bundesministerium der Finanzen (BMF)
50138;Bundesstiftung Bauakademie;;0;Stiftung des Privatrechts;Bund;Bundesministerium für Bildung und Forschung (BMBF)
50066;Bundesstiftung Baukultur;;0;Stiftung des öffentlichen Rechts;Bund;Beauftragte der Bundesregierung für Kultur und Medien (BKM)
50086;Bundesstiftung Frühe Hilfen;;0;Stiftung des Privatrechts;Bund;Bundesministerium der Verteidigung (BMVg)
50065;Bundesstiftung Gleichstellung;;0;Stiftung des öffentlichen Rechts;Bund;Bundesministerium für Familie, Senioren, Frauen und Jugend (BMFSFJ)
50073;Bundesstiftung Magnus Hirschfeld;;0;Stiftung des Privatrechts;Bund;Beauftragte der Bundesregierung für Kultur und Medien (BKM)
130;Bundesstiftung Mutter und Kind - Schutz des ungeborenen Lebens;91.0;1;Stiftung des öffentlichen Rechts;Bund;Bundesministerium für Familie, Senioren, Frauen und Jugend (BMFSFJ)
860;Bundesstiftung zur Aufarbeitung der SED-Diktatur;155.0;1;Stiftung des öffentlichen Rechts;Bund;Beauftragte der Bundesregierung für Kultur und Medien (BKM)
134;Bundesverfassungsgericht;;0;Verfassungsgericht;Bund;Bundesministerium der Justiz (BMJ)
136;Bundesverwaltungsamt;87.0;1;;Bund;Bundesministerium des Innern und für Heimat (BMI)
137;Bundesverwaltungsgericht;85.0;1;Bundesverwaltungsgericht;Bund;Bundesministerium der Justiz (BMJ)
138;Bundeswahlbeauftragter für die Sozialversicherungswahlen;;0;Beauftragte;Bund;Bundesministerium für Arbeit und Soziales (BMAS)
4335;Bundeswahlleiterin;842.0;0;Wahlleiter;Bund;Bundesministerium des Innern und für Heimat (BMI)
206;Bundeswehrfachschule Berlin;280.0;2;Militärische Ausbildungsstätte;Bund;Bundesministerium der Verteidigung (BMVg)
207;Bundeswehrfachschule Hamburg;280.0;2;Militärische Ausbildungsstätte;Bund;Bundesministerium der Verteidigung (BMVg)
208;Bundeswehrfachschule Hannover;280.0;2;Militärische Ausbildungsstätte;Bund;Bundesministerium der Verteidigung (BMVg)
209;Bundeswehrfachschule Karlsruhe;280.0;2;Militärische Ausbildungsstätte;Bund;Bundesministerium der Verteidigung (BMVg)
210;Bundeswehrfachschule Kassel;280.0;2;Militärische Ausbildungsstätte;Bund;Bundesministerium der Verteidigung (BMVg)
211;Bundeswehrfachschule Koblenz;280.0;2;Militärische Ausbildungsstätte;Bund;Bundesministerium der Verteidigung (BMVg)
212;Bundeswehrfachschule Köln;280.0;2;Militärische Ausbildungsstätte;Bund;Bundesministerium der Verteidigung (BMVg)
213;Bundeswehrfachschule München;280.0;2;Militärische Ausbildungsstätte;Bund;Bundesministerium der Verteidigung (BMVg)
214;Bundeswehrfachschule Naumburg;280.0;2;Militärische Ausbildungsstätte;Bund;Bundesministerium der Verteidigung (BMVg)
215;Bundeswehrfachschule Würzburg;280.0;2;Militärische Ausbildungsstätte;Bund;Bundesministerium der Verteidigung (BMVg)
216;Bundeswehrkrankenhaus Berlin;;0;Bundeswehrkrankenhaus;Bund;Bundesministerium der Verteidigung (BMVg)
217;Bundeswehrkrankenhaus Hamburg;;0;Bundeswehrkrankenhaus;Bund;Bundesministerium der Verteidigung (BMVg)
218;Bundeswehrkrankenhaus Ulm;;0;Bundeswehrkrankenhaus;Bund;Bundesministerium der Verteidigung (BMVg)
219;Bundeswehrkrankenhaus Westerstede;;0;Bundeswehrkrankenhaus;Bund;Bundesministerium der Verteidigung (BMVg)
220;Bundeswehrverwaltungsschule II;86.0;1;Militärische Ausbildungsstätte;Bund;Bundesministerium der Verteidigung (BMVg)
221;Bundeswehrverwaltungsschule I-Technik;86.0;1;Militärische Ausbildungsstätte;Bund;Bundesministerium der Verteidigung (BMVg)
222;Bundeswehrverwaltungsschule IV;86.0;1;Militärische Ausbildungsstätte;Bund;Bundesministerium der Verteidigung (BMVg)
223;Bundeswehrverwaltungsstelle Frankreich;280.0;2;Bundeswehrverwaltungsstelle;Bund;Bundesministerium der Verteidigung (BMVg)
224;Bundeswehrverwaltungsstelle Großbritannien;280.0;2;Bundeswehrverwaltungsstelle;Bund;Bundesministerium der Verteidigung (BMVg)
225;Bundeswehrverwaltungsstelle Italien;280.0;2;Bundeswehrverwaltungsstelle;Bund;Bundesministerium der Verteidigung (BMVg)
226;Bundeswehrverwaltungsstelle Niederlande;280.0;2;Bundeswehrverwaltungsstelle;Bund;Bundesministerium der Verteidigung (BMVg)
227;Bundeswehrverwaltungsstelle Polen;280.0;2;Bundeswehrverwaltungsstelle;Bund;Bundesministerium der Verteidigung (BMVg)
228;Bundeswehrverwaltungsstelle USA Kanada;280.0;2;Bundeswehrverwaltungsstelle;Bund;Bundesministerium der Verteidigung (BMVg)
229;Bundeswehrverwaltungstelle Belgien;280.0;2;Bundeswehrverwaltungsstelle;Bund;Bundesministerium der Verteidigung (BMVg)
230;Bundeswehrzentralkrankenhaus Koblenz;;0;Bundeswehrkrankenhaus;Bund;Bundesministerium der Verteidigung (BMVg)
231;Bundeszentralamt für Steuern;84.0;1;Haushalt und Steuern;Bund;Bundesministerium der Finanzen (BMF)
117;Bundeszentrale für Kinder- und Jugendmedienschutz;91.0;1;Jugend;Bund;Bundesministerium für Familie, Senioren, Frauen und Jugend (BMFSFJ)
233;Bundeszentrale für politische Bildung;87.0;1;Politische Bildung;Bund;Bundesministerium des Innern und für Heimat (BMI)
49805;Bundeszentrum für Ernährung (BZfE);;0;Ernährung;Bund;Bundesministerium des Innern und für Heimat (BMI)
52154;Bund Freikirchlicher Pfingstgemeinden KdöR;;0;Kirche;Bund;Bundesministerium des Innern und für Heimat (BMI)
51209;Bund-Länder-Kommission für Informationstechnik in der Justiz (BLK);;0;Justiz;Bund;Bundesministerium der Justiz (BMJ)
234;Bündnis für Demokratie und Toleranz;87.0;1;Politische Bildung;Bund;Bundesministerium des Innern und für Heimat (BMI)
49800;Büro Bundeskanzler a.D. Gerhard Schröder;;0;;Bund;Beauftragte der Bundesregierung für Kultur und Medien (BKM)
50164;Büro der Bundeskanzlerin a. D. Dr. Angela Merkel;;0;;Bund;Bundeskanzleramt (BKAmt)
235;Büro für Technikfolgenabschätzung beim Deutschen Bundestag;351.0;1;Technologie;Bund;Bundeskanzleramt (BKAmt)
236;BVVG Bodenverwertungs- und -verwaltungs GmbH;;0;Boden;Bund;Bundesministerium des Innern und für Heimat (BMI)
49945;BW Bekleidungsmanagement GmbH;;0;Bundeswehr;Bund;Bundesministerium der Verteidigung (BMVg)
51764;BWI GmbH;;0;IT-Dienstleister;Bund;Bundesministerium der Verteidigung (BMVg)
14729;Cannabisagentur;;0;;Bund;Bundesministerium des Innern und für Heimat (BMI)
50122;Caribbean Biodiversity Fund;;0;Stiftung des Privatrechts;Bund;Beauftragte der Bundesregierung für Kultur und Medien (BKM)
307;Centrum für internationale Migration und Entwicklung;88.0;1;Integration;Bund;Bundesministerium für Arbeit und Soziales (BMAS)
49921;CISPA – Helmholtz-Zentrum für Informationssicherheit gGmbH;;0;Forschung;Bund;Bundesministerium für Bildung und Forschung (BMBF)
308;ConAct - Koordinierungszentrum Deutsch-Israelischer Jugendaustausch;91.0;1;Jugend;Bund;Bundesministerium für Familie, Senioren, Frauen und Jugend (BMFSFJ)
309;Conterganstiftung für behinderte Menschen;;0;Stiftung des öffentlichen Rechts;Bund;Bundesministerium für Familie, Senioren, Frauen und Jugend (BMFSFJ)
6592;Continentale Betriebskrankenkasse;135.0;0;Krankenkasse;Bund;Bundesministerium für Arbeit und Soziales (BMAS)
49012;DAB+ - Digitalradio Deutschland e.V.;;0;Rundfunkanstalt;Bund;Bundesministerium des Innern und für Heimat (BMI)
6593;DAK-Gesundheit;135.0;0;Krankenkasse;Bund;Bundesministerium für Arbeit und Soziales (BMAS)
310;Das Waffensystemkommando der Luftwaffe;;0;Bundeswehr;Bund;Bundesministerium der Verteidigung (BMVg)
52186;Datenschutzaufsicht der Deutschen Welle;;0;Rundfunk;Bund;Bundesministerium der Justiz (BMJ)
49230;DAVVL e. V.;;0;Luftverkehr;Bund;Bundesministerium für Digitales und Verkehr (BMDV)
16415;DB Energie GmbH;;0;Bahn;Bund;Bundesministerium für Digitales und Verkehr (BMDV)
51186;DB InfraGO;;0;Bahn;Bund;Bundesministerium für Digitales und Verkehr (BMDV)
50918;DB Konzernzentrale;;0;Bahn;Bund;Bundesministerium für Digitales und Verkehr (BMDV)
7790;DB Regio AG;;0;Fernverkehr;Bund;Bundesministerium für Digitales und Verkehr (BMDV)
6594;Debeka BKK;135.0;0;Krankenkasse;Bund;Bundesministerium für Arbeit und Soziales (BMAS)
50141;DEFA-Stiftung;;0;Stiftung des Privatrechts;Bund;Beauftragte der Bundesregierung für Kultur und Medien (BKM)
49140;DEG - Deutsche Investitions- und Entwicklungsgesellschaft mbH;;0;Förderbank;Bund;Bundesministerium für wirtschaftliche Zusammenarbeit und Entwicklung (BMZ)
34212;DEGES Deutsche Einheit Fernstraßenplanungs- und -bau GmbH;;0;Straßen und Grünflächen;Bund;Bundesministerium für Wohnen, Stadtentwicklung und Bauwesen (BMWSB)
311;DekaBank-Deutsche Girozentrale;84.0;1;Bank;Bund;Bundesministerium der Finanzen (BMF)
16757;DEKRA e.V.;;0;TÜV;Bund;Bundesministerium des Innern und für Heimat (BMI)
16480;Der Kinderkanal von ARD und ZDF;;0;Rundfunkanstalt;Bund;Beauftragte der Bundesregierung für Kultur und Medien (BKM)
19154;Der Rundfunkdatenschutzbeauftragte von WDR, BR, SR, DRadio und ZDF;;0;Rundfunk;Bund;Beauftragte der Bundesregierung für Kultur und Medien (BKM)
48942;Der Sonderbeauftragte der Bundesregierung für Afghanistan und Pakistan;;0;Beauftragte;Bund;Bundesministerium für wirtschaftliche Zusammenarbeit und Entwicklung (BMZ)
313;Deutsche Akademie der Technikwissenschaften;;0;Akademie;Bund;Bundesministerium für Bildung und Forschung (BMBF)
314;Deutsche Akademie Rom Villa Massimo;;0;Akademie;Bund;Beauftragte der Bundesregierung für Kultur und Medien (BKM)
315;Deutsche Akkreditierungsstelle GmbH;;0;Dienstleistung;Bund;Bundesministerium des Innern und für Heimat (BMI)
15910;Deutsche Akkreditierungs- und Zulassungsgesellschaft für Umweltgutachter;;0;;Bund;Bundesministerium für Umwelt, Naturschutz, nukleare Sicherheit und Verbraucherschutz (BMUV)
12913;Deutsche Bahn AG;;0;Bahn;Bund;Bundesministerium für Digitales und Verkehr (BMDV)
14438;Deutsche Bahn Investor Relations;;0;Bahn;Bund;Bundesministerium für Digitales und Verkehr (BMDV)
51969;Deutsche Botschaft Accra;;0;Bundesanstalt;Bund;Auswärtiges Amt (AA)
51796;Deutsche Botschaft in Brasília;;0;;Bund;Auswärtiges Amt (AA)
51820;Deutsche Botschaft Paris;;0;;Bund;Auswärtiges Amt (AA)
317;Deutsche Bundesbank;;0;Bank;Bund;Bundesministerium der Finanzen (BMF)
318;Deutsche Bundesbank - Hauptverwaltung Berlin;317.0;1;Bank;Bund;Bundesministerium der Finanzen (BMF)
319;Deutsche Bundesbank - Hauptverwaltung Düsseldorf;317.0;1;Bank;Bund;Bundesministerium der Finanzen (BMF)
328;Deutsche Bundesbank - Hauptverwaltung Frankfurt am Main;317.0;1;Bank;Bund;Bundesministerium der Finanzen (BMF)
329;Deutsche Bundesbank - Hauptverwaltung Hamburg;317.0;1;Bank;Bund;Bundesministerium der Finanzen (BMF)
330;Deutsche Bundesbank - Hauptverwaltung Hannover;317.0;1;Bank;Bund;Bundesministerium der Finanzen (BMF)
331;Deutsche Bundesbank - Hauptverwaltung Leipzig;317.0;1;Bank;Bund;Bundesministerium der Finanzen (BMF)
332;Deutsche Bundesbank - Hauptverwaltung Mainz;317.0;1;Bank;Bund;Bundesministerium der Finanzen (BMF)
333;Deutsche Bundesbank - Hauptverwaltung München;317.0;1;Bank;Bund;Bundesministerium der Finanzen (BMF)
334;Deutsche Bundesbank - Hauptverwaltung Stuttgart;317.0;1;Bank;Bund;Bundesministerium der Finanzen (BMF)
335;Deutsche Bundesstiftung Umwelt;;0;Stiftung des Privatrechts;Bund;Bundesministerium für Umwelt, Naturschutz, nukleare Sicherheit und Verbraucherschutz (BMUV)
15652;Deutsche Emissionshandelsstelle;875.0;2;Umweltschutz;Bund;Bundesministerium für Umwelt, Naturschutz, nukleare Sicherheit und Verbraucherschutz (BMUV)
336;Deutsche Energie-Agentur GmbH;88.0;0;Energie;Bund;Bundesministerium für Arbeit und Soziales (BMAS)
51703;Deutsche Energy Terminal GmbH;;0;Energie;Bund;Bundesministerium für Wirtschaft und Klimaschutz (BMWK)
51965;Deutsche Fördermittelakademie;;0;;Bund;Bundesministerium für Bildung und Forschung (BMBF)
337;Deutsche Forschungsanstalt für Lebensmittelchemie;715.0;1;;Bund;Bundesministerium für Bildung und Forschung (BMBF)
338;Deutsche Forschungsgemeinschaft;;0;Forschung;Bund;Bundesministerium für Bildung und Forschung (BMBF)
340;Deutsche Gesellschaft für Internationale Zusammenarbeit (GIZ) GmbH;;0;GIZ;Bund;Bundesministerium für Arbeit und Soziales (BMAS)
341;Deutsche Gesetzliche Unfallversicherung e.V.;;0;Unfallkasse;Bund;Bundesministerium für Arbeit und Soziales (BMAS)
50087;Deutsche Härtefallstiftung;;0;Stiftung des Privatrechts;Bund;Beauftragte der Bundesregierung für Kultur und Medien (BKM)
15849;Deutsche Hauptstelle für DHS e. V. Suchtfragen e. V.;;0;Gesundheit;Bund;Bundesministerium für Gesundheit (BMG)
342;Deutsche Investitions- und Entwicklungsgesellschaft;;0;Wirtschaftsförderung;Bund;Bundesministerium für Wirtschaft und Klimaschutz (BMWK)
343;Deutsche Kinemathek - Museum für Film und Fernsehen;;0;Museum und Ausstellungen;Bund;Beauftragte der Bundesregierung für Kultur und Medien (BKM)
51810;Deutsche Krankenhausgesellschaft (DKG);;0;Verein;Bund;Bundesministerium für Gesundheit (BMG)
344;Deutsche Nationalbibliothek;155.0;1;Bibliothek;Bund;Beauftragte der Bundesregierung für Kultur und Medien (BKM)
51211;Deutsche Post AG Rentenservice;;0;Rentenversicherung;Bund;Bundesministerium für Arbeit und Soziales (BMAS)
345;Deutscher Akademischer Austauschdienst e.V.;;0;Hochschule;Bund;Bundesministerium des Innern und für Heimat (BMI)
346;Deutscher Anteil Deutsch-Französiche Brigade;582.0;2;Bundeswehr;Bund;Bundesministerium der Verteidigung (BMVg)
348;Deutscher Anteil I. Deutsch-Niederländisches Korps;582.0;2;Bundeswehr;Bund;Bundesministerium der Verteidigung (BMVg)
349;Deutscher Anteil Multinationales Korps Nordost;582.0;2;Bundeswehr;Bund;Bundesministerium der Verteidigung (BMVg)
351;Deutscher Bundestag;;0;Parlamentsverwaltung;Bund;Bundeskanzleramt (BKAmt)
352;Deutsche Rentenversicherung Bund;;0;Rentenversicherung;Bund;Bundesministerium für Arbeit und Soziales (BMAS)
353;Deutsche Rentenversicherung Knappschaft-Bahn-See;;0;Sozialversicherung;Bund;Bundesministerium für Arbeit und Soziales (BMAS)
354;Deutscher Ethikrat;;0;Konferenz;Bund;Bundesministerium des Innern und für Heimat (BMI)
355;Deutscher Frauenrat;;0;Frauen;Bund;Bundesministerium für Familie, Senioren, Frauen und Jugend (BMFSFJ)
356;Deutscher Koordinierungsrat e.V.;;0;Konferenz;Bund;Bundesministerium des Innern und für Heimat (BMI)
361;Deutscher Olympischer Sportbund;;0;Sport und Freizeit;Bund;Bundesministerium des Innern und für Heimat (BMI)
362;Deutscher Sparkassen- und Giroverband;84.0;1;Bank;Bund;Bundesministerium der Finanzen (BMF)
14446;Deutscher Städtetag;;0;Städtetag;Bund;Bundesministerium des Innern und für Heimat (BMI)
52097;Deutscher Städte- und Gemeindebund e. V.;;0;;Bund;Bundesministerium des Innern und für Heimat (BMI)
366;Deutscher Verein für öffentliche und private Fürsorge e.V.;;0;Verein;Bund;Bundesministerium des Innern und für Heimat (BMI)
367;Deutscher Verkehrssicherheitsrat;;0;Verein;Bund;Bundesministerium für Digitales und Verkehr (BMDV)
368;Deutscher Weinfonds;;0;Wirtschaftsförderung;Bund;Bundesministerium für Wirtschaft und Klimaschutz (BMWK)
369;Deutscher Wetterdienst;94.0;1;Meteorologie;Bund;Bundesministerium für Digitales und Verkehr (BMDV)
370;Deutsche Sammlung von Mikroorganismen und Zellkulturen GmbH;;0;Forschung;Bund;Beauftragte der Bundesregierung für Kultur und Medien (BKM)
371;Deutsches Archäologisches Institut;43.0;1;Archäologie;Bund;Auswärtiges Amt (AA)
373;Deutsches BiomasseForschungsZentrum gemeinnützige GmbH;;0;Energie;Bund;Bundesministerium für Bildung und Forschung (BMBF)
374;Deutsche Schillergesellschaft;;0;Medien;Bund;Bundesministerium der Verteidigung (BMVg)
375;Deutsches Diabetes-Zentrum - Leibniz-Zentrum für Diabetes-Forschung an der Heinrich-Heine-Universität Düsseldorf;;0;Leibniz-Institut;Bund;Bundesministerium für Bildung und Forschung (BMBF)
376;Deutsches Elektronen-Synchrotron;;0;Forschung;Bund;Bundesministerium für Bildung und Forschung (BMBF)
380;Deutsches Institut für Entwicklungspolitik;;0;;Bund;Bundesministerium für wirtschaftliche Zusammenarbeit und Entwicklung (BMZ)
381;Deutsches Institut für Ernährungsforschung;715.0;1;;Bund;Bundesministerium für Bildung und Forschung (BMBF)
382;Deutsches Institut für Erwachsenenbildung;;0;;Bund;Bundesministerium für Bildung und Forschung (BMBF)
383;Deutsches Institut für Internationale Pädagogische Forschung;;0;;Bund;Bundesministerium für Bildung und Forschung (BMBF)
51230;Deutsches Institut für Normung;;0;Verein;Bund;Bundesministerium des Innern und für Heimat (BMI)
385;Deutsches Institut für Urbanistik;;0;;Bund;Bundesministerium des Innern und für Heimat (BMI)
386;Deutsches Institut für Wirtschaftsforschung;;0;;Bund;Bundesministerium für Bildung und Forschung (BMBF)
387;Deutsches Jugendinstitut e.V.;;0;Jugend;Bund;Bundesministerium für Familie, Senioren, Frauen und Jugend (BMFSFJ)
389;Deutsches Kulturforum östliches Europa e.V.;;0;Internationale Beziehungen;Bund;Beauftragte der Bundesregierung für Kultur und Medien (BKM)
391;Deutsches Patent- und Markenamt;85.0;1;Patente;Bund;Bundesministerium der Justiz (BMJ)
393;Deutsches Primatenzentrum GmbH - Leibniz-Institut für Primatenforschung;715.0;1;;Bund;Bundesministerium für Bildung und Forschung (BMBF)
394;Deutsches Rheuma-Forschungszentrum Berlin;715.0;1;;Bund;Bundesministerium für Bildung und Forschung (BMBF)
395;Deutsches Rotes Kreuz e. V.;;0;Katastrophenschutz;Bund;Bundesministerium des Innern und für Heimat (BMI)
50391;Deutsches Rundfunkarchiv;;0;Archiv;Bund;Beauftragte der Bundesregierung für Kultur und Medien (BKM)
396;Deutsches Schiffahrtsmuseum;;0;Museum und Ausstellungen;Bund;Bundesministerium für Digitales und Verkehr (BMDV)
18269;Deutsches Studierendenwerk e.V.;;0;Studierendenwerk;Bund;Bundesministerium des Innern und für Heimat (BMI)
15905;Deutsche Stiftung Denkmalschutz;;0;Denkmäler;Bund;Beauftragte der Bundesregierung für Kultur und Medien (BKM)
397;Deutsche Stiftung Friedensforschung;;0;Stiftung des Privatrechts;Bund;Bundesministerium für Bildung und Forschung (BMBF)
50064;Deutsche Stiftung für Engagement und Ehrenamt;;0;Stiftung des öffentlichen Rechts;Bund;Bundesministerium für Familie, Senioren, Frauen und Jugend (BMFSFJ)
398;Deutsche Stiftung für internationale rechtliche Zusammenarbeit e.V.;;0;Stiftung;Bund;Bundesministerium für Arbeit und Soziales (BMAS)
15911;Deutsche Stiftung Organtransplantation;;0;;Bund;Beauftragte der Bundesregierung für Kultur und Medien (BKM)
4122;Deutsche Stiftung Verbraucherschutz;;0;Stiftung;Bund;Beauftragte der Bundesregierung für Kultur und Medien (BKM)
399;Deutsches Weininstitut GmbH;;0;Wirtschaftsförderung;Bund;Bundesministerium für Wirtschaft und Klimaschutz (BMWK)
401;Deutsches Zentrum für Luft- und Raumfahrt e.V.;;0;;Bund;Bundesministerium des Innern und für Heimat (BMI)
402;Deutsches Zentrum für Neurodegenerative Erkrankungen e.V.;585.0;1;Medizinisches Zentrum;Bund;Bundesministerium für Bildung und Forschung (BMBF)
404;Deutsche Verbindungsstelle des Rüstungsbereichs USA/Kanada;279.0;2;Bundeswehr;Bund;Bundesministerium der Verteidigung (BMVg)
405;Deutsche Verbindungsstelle Krankenversicherung - Ausland;;0;Krankenkasse;Bund;Bundesministerium für Arbeit und Soziales (BMAS)
406;Deutsche Welle;155.0;1;Rundfunkanstalt;Bund;Beauftragte der Bundesregierung für Kultur und Medien (BKM)
407;Deutsche Zentralbibliothek für Medizin;;0;Bibliothek;Bund;Beauftragte der Bundesregierung für Kultur und Medien (BKM)
321;Deutsche Zentrale für Tourismus e. V.;;0;Tourismus;Bund;Bundesministerium des Innern und für Heimat (BMI)
50077;Deutsch-israelische Stiftung für wissenschaftliche Forschung und Entwicklung;;0;Stiftung des Privatrechts;Bund;Bundesministerium für Bildung und Forschung (BMBF)
50070;Deutsch-Israelisches Zukunftsforum;;0;Stiftung des Privatrechts;Bund;Auswärtiges Amt (AA)
50078;Deutsch-Polnische Wissenschaftsstiftung;;0;Stiftung des Privatrechts;Bund;Bundesministerium für Bildung und Forschung (BMBF)
323;DFS Deutsche Flugsicherung GmbH;301.0;1;Luftverkehr;Bund;Bundesministerium für Digitales und Verkehr (BMDV)
16769;Die Autobahn GmbH des Bundes;;0;Autobahndirektion;Bund;Bundesministerium für Digitales und Verkehr (BMDV)
51950;Die Autobahn GmbH des Bundes - Niederlassung Rheinland;;0;Verkehr;Bund;Bundesministerium für Digitales und Verkehr (BMDV)
51929;Die Beauftragte der Bundesregierung für Sport und Ehrenamt;;0;Sport und Freizeit;Bund;Bundesministerium des Innern und für Heimat (BMI)
305;Die Bundesbeauftragte für den Datenschutz und die Informationsfreiheit;;0;Beauftragte für Datenschutz und Informationsfreiheit;Bund;Bundesministerium der Justiz (BMJ)
49260;Die Bundesbeauftragte für die Opfer der SED-Diktatur beim Deutschen Bundestag;;0;;Bund;Beauftragte der Bundesregierung für Kultur und Medien (BKM)
4141;die medienanstalten - ALM GbR;;0;Medienanstalt;Bund;Bundesministerium des Innern und für Heimat (BMI)
50068;DigitalService GmbH des Bundes;;0;Unternehmen;Bund;Bundesministerium des Innern und für Heimat (BMI)
50896;DIHK | Deutsche Industrie- und Handelskammer;;0;Industrie- und Handelskammer;Bund;Bundesministerium des Innern und für Heimat (BMI)
324;Division Luftbewegliche Operationen;582.0;2;Bundeswehr;Bund;Bundesministerium der Verteidigung (BMVg)
325;Division Spezielle Operationen;582.0;2;Bundeswehr;Bund;Bundesministerium der Verteidigung (BMVg)
50142;Donauschwäbisches Zentralmuseum;;0;Stiftung des Privatrechts;Bund;Beauftragte der Bundesregierung für Kultur und Medien (BKM)
327;dvv international;;0;Aus- und Weiterbildung;Bund;Bundesministerium für Bildung und Forschung (BMBF)
52130;Ecocert Deutschland GmbH;;0;;Bund;Bundesministerium des Innern und für Heimat (BMI)
410;Einsatzführungskommando der Bundeswehr;86.0;1;Bundeswehr;Bund;Bundesministerium der Verteidigung (BMVg)
411;Eisenbahn-Bundesamt;94.0;1;Bahn;Bund;Bundesministerium für Digitales und Verkehr (BMDV)
1007;Eisenbahn-Unfalluntersuchungsstelle des Bundes;94.0;1;Bahn;Bund;Bundesministerium für Digitales und Verkehr (BMDV)
6597;energie-BKK;135.0;0;Krankenkasse;Bund;Bundesministerium für Arbeit und Soziales (BMAS)
15850;Engagement Global gGmbH;;0;Wirtschaftsförderung;Bund;Bundesministerium für Familie, Senioren, Frauen und Jugend (BMFSFJ)
15909;Entschädigungseinrichtung der Wertpapierhandelsunternehmen;;0;;Bund;Bundesministerium des Innern und für Heimat (BMI)
15908;Entschädigungseinrichtung deutscher Banken GmbH;;0;;Bund;Bundesministerium des Innern und für Heimat (BMI)
414;Erdölbevorratungsverband;;0;Energie;Bund;Bundesministerium für Wirtschaft und Klimaschutz (BMWK)
4107;Erstes Deutsches Fernsehen;;0;Rundfunkanstalt;Bund;Bundesministerium des Innern und für Heimat (BMI)
416;Europäisches Zentrum für Minderheitenfragen;;0;Integration;Bund;Bundesministerium des Innern und für Heimat (BMI)
50074;European Center for Minority Issues;;0;Stiftung des Privatrechts;Bund;Auswärtiges Amt (AA)
417;Evangelisches Kirchenamt für die Bundeswehr;86.0;1;Bundeswehr;Bund;Bundesministerium der Verteidigung (BMVg)
52050;Evangelisches Kirchenamt für die Bundeswehr (EKA);;0;;Bund;Bundesministerium der Verteidigung (BMVg)
16125;Evangelische Zusatzversorgungskasse;;0;Rentenversicherung;Bund;Bundesministerium für Arbeit und Soziales (BMAS)
50240;EWN Entsorgungswerk für Nuklearanlagen GmbH;;0;Atomkraft;Bund;Bundesministerium für Umwelt, Naturschutz, nukleare Sicherheit und Verbraucherschutz (BMUV)
52010;EY Betriebskrankenkasse;;0;Krankenkasse;Bund;Bundesministerium für Gesundheit (BMG)
418;Fachagentur Nachwachsende Rohstoffe e.V.;;0;Natur;Bund;Bundesministerium des Innern und für Heimat (BMI)
419;Fachbereich Maler und Lackierer (MBZ) im HBZ Brackwede e.V.;;0;Zentralverband;Bund;Bundesministerium des Innern und für Heimat (BMI)
424;Fachstelle für Internationale Jugendarbeit der Bundesrepublik Deutschland e.V.;;0;Jugend;Bund;Bundesministerium für Arbeit und Soziales (BMAS)
14030;Familienkasse Baden-Württemberg-Ost;88.0;0;Familienkasse;Bund;Bundesministerium für Arbeit und Soziales (BMAS)
14031;Familienkasse Baden-Württemberg-West;88.0;0;Familienkasse;Bund;Bundesministerium für Arbeit und Soziales (BMAS)
14032;Familienkasse Bayern Nord;88.0;0;Familienkasse;Bund;Bundesministerium für Arbeit und Soziales (BMAS)
14033;Familienkasse Berlin-Brandenburg;88.0;0;Familienkasse;Bund;Bundesministerium für Arbeit und Soziales (BMAS)
14034;Familienkasse Niedersachsen-Bremen;88.0;0;Familienkasse;Bund;Bundesministerium für Arbeit und Soziales (BMAS)
14035;Familienkasse Nord;88.0;0;Familienkasse;Bund;Bundesministerium für Arbeit und Soziales (BMAS)
14036;Familienkasse Nordrhein-Westfalen Nord;88.0;0;Familienkasse;Bund;Bundesministerium für Arbeit und Soziales (BMAS)
14037;Familienkasse Nordrhein-Westfalen Ost;88.0;0;Familienkasse;Bund;Bundesministerium für Arbeit und Soziales (BMAS)
14038;Familienkasse Nordrhein-Westfalen West;88.0;0;Familienkasse;Bund;Bundesministerium für Arbeit und Soziales (BMAS)
14039;Familienkasse Rheinland-Pfalz-Saarland;88.0;0;Familienkasse;Bund;Bundesministerium für Arbeit und Soziales (BMAS)
14040;Familienkasse Sachsen;88.0;0;Familienkasse;Bund;Bundesministerium für Arbeit und Soziales (BMAS)
14041;Familienkasse Sachsen-Anhalt-Thüringen;88.0;0;Familienkasse;Bund;Bundesministerium für Arbeit und Soziales (BMAS)
434;Ferdinand-Braun-Institut für Höchstfrequenztechnik;;0;;Bund;Bundesministerium des Innern und für Heimat (BMI)
48876;Fernstraßen-Bundesamt;;0;Verkehr;Bund;Bundesministerium für Digitales und Verkehr (BMDV)
435;Filmförderungsanstalt;;0;Film;Bund;Bundesministerium des Innern und für Heimat (BMI)
49006;Financial Intelligence Unit Germany (FIU);;0;Zoll;Bund;Bundesministerium der Finanzen (BMF)
50954;Finanzamt Bundeszentralamt für Steuern;;0;Finanzamt;Bund;Bundesministerium der Finanzen (BMF)
437;FIZ Karlsruhe;;0;;Bund;Bundesministerium des Innern und für Heimat (BMI)
48923;Flugbetriebs- und Informationszentrale der Bundeswehr;;0;Bundeswehr;Bund;Bundesministerium der Verteidigung (BMVg)
440;Flugmedizinisches Institut der Luftwaffe;;0;Bundeswehr;Bund;Bundesministerium der Verteidigung (BMVg)
18149;Fonds zur Finanzierung der kerntechnischen Entsorgung;;0;Stiftung des öffentlichen Rechts;Bund;Bundesministerium der Finanzen (BMF)
441;Forschungsanstalt der Bundeswehr für Wasserschall und Geophysik;279.0;2;Bundeswehr;Bund;Bundesministerium der Verteidigung (BMVg)
442;Forschungsinstitut für die Biologie landwirtschaftlicher Nutztiere;715.0;1;;Bund;Bundesministerium für Bildung und Forschung (BMBF)
443;Forschungsverbund Berlin e.V.;;0;Forschung;Bund;Bundesministerium für Bildung und Forschung (BMBF)
712;Forschungszentrum Borstel - Leibniz-Zentrum für Medizin und Biowissenschaften;;0;Leibniz-Institut;Bund;Bundesministerium für Bildung und Forschung (BMBF)
444;Forschungszentrum Dresden-Rossendorf e.V.;;0;Forschung;Bund;Bundesministerium für Bildung und Forschung (BMBF)
445;Forschungszentrum Jülich;;0;Forschung;Bund;Bundesministerium für Bildung und Forschung (BMBF)
446;Forschungszentrum Karlsruhe GmbH;;0;Forschung;Bund;Bundesministerium für Bildung und Forschung (BMBF)
447;Fraunhofer-Einrichtung für Elektronische Nanosysteme;;0;Forschung;Bund;Bundesministerium für Bildung und Forschung (BMBF)
448;Fraunhofer-Gesellschaft zur Förderung der angewandten Forschung e. V.;;0;Forschung;Bund;Bundesministerium für Bildung und Forschung (BMBF)
449;Fraunhofer-Institut für Algorithmen und Wissenschaftliches Rechnen;;0;Forschung;Bund;Bundesministerium für Bildung und Forschung (BMBF)
450;Fraunhofer-Institut für Angewandte Festkörperphysik;;0;Forschung;Bund;Bundesministerium für Bildung und Forschung (BMBF)
451;Fraunhofer-Institut für Angewandte Informationstechnik;;0;Forschung;Bund;Bundesministerium für Bildung und Forschung (BMBF)
452;Fraunhofer-Institut für Angewandte Optik und Feinmechanik;;0;Forschung;Bund;Bundesministerium für Bildung und Forschung (BMBF)
453;Fraunhofer-Institut für Angewandte Polymerforschung;;0;Forschung;Bund;Bundesministerium für Bildung und Forschung (BMBF)
14738;Fraunhofer-Institut für Angewandte und Integrierte Sicherheit;;0;Forschung;Bund;Bundesministerium für Bildung und Forschung (BMBF)
454;Fraunhofer-Institut für Arbeitswirtschaft und Organisation;;0;Forschung;Bund;Bundesministerium für Arbeit und Soziales (BMAS)
455;Fraunhofer-Institut für Bauphysik;;0;Forschung;Bund;Bundesministerium für Bildung und Forschung (BMBF)
456;Fraunhofer-Institut für Betriebsfestigkeit und Systemzuverlässigkeit;;0;Forschung;Bund;Bundesministerium für Bildung und Forschung (BMBF)
457;Fraunhofer-Institut für Biomedizinische Technik;;0;Forschung;Bund;Bundesministerium für Bildung und Forschung (BMBF)
458;Fraunhofer Institut für Chemische Technologie;;0;Forschung;Bund;Bundesministerium für Bildung und Forschung (BMBF)
459;Fraunhofer-Institut für Digitale Medientechnologie;;0;Forschung;Bund;Bundesministerium für Bildung und Forschung (BMBF)
461;Fraunhofer-Institut für Experimentelles Software Engineering;;0;Forschung;Bund;Bundesministerium für Bildung und Forschung (BMBF)
462;Fraunhofer-Institut für Fabrikbetrieb und -automatisierung;;0;Forschung;Bund;Bundesministerium für Bildung und Forschung (BMBF)
463;Fraunhofer-Institut für Fertigungstechnik und Angewandte Materialforschung;;0;Forschung;Bund;Bundesministerium für Bildung und Forschung (BMBF)
464;Fraunhofer-Institut für Graphische Datenverarbeitung - Institutsteil Rostock;;0;Forschung;Bund;Bundesministerium für Arbeit und Soziales (BMAS)
465;Fraunhofer-Institut für Grenzflächen- und Bioverfahrenstechnik;;0;Forschung;Bund;Bundesministerium für Bildung und Forschung (BMBF)
466;Fraunhofer-Institut für Holzforschung, Wilhelm-Klauditz-Institut;;0;Forschung;Bund;Bundesministerium für Bildung und Forschung (BMBF)
468;Fraunhofer-Institut für Informationszentrum RAUM und BAU;;0;Forschung;Bund;Bundesministerium für Bildung und Forschung (BMBF)
469;Fraunhofer-Institut für Integrierte Schaltungen;;0;Forschung;Bund;Bundesministerium für Bildung und Forschung (BMBF)
470;Fraunhofer-Institut für Integrierte Systeme und Bauelementetechnologie;;0;Forschung;Bund;Bundesministerium für Bildung und Forschung (BMBF)
471;Fraunhofer-Institut für Intelligente Analyse- und Informationssysteme;;0;Forschung;Bund;Bundesministerium für Bildung und Forschung (BMBF)
472;Fraunhofer-Institut für Keramische Technologien und Systeme;;0;Forschung;Bund;Bundesministerium für Bildung und Forschung (BMBF)
473;Fraunhofer-Institut für Kommunikationstechnik;;0;Forschung;Bund;Bundesministerium für Bildung und Forschung (BMBF)
474;Fraunhofer-Institut für Kurzzeitdynamik, Ernst-Mach-Institut;;0;Forschung;Bund;Bundesministerium für Bildung und Forschung (BMBF)
475;Fraunhofer-Institut für Lasertechnik Marketing und Kommunikation;;0;Forschung;Bund;Bundesministerium für Bildung und Forschung (BMBF)
476;Fraunhofer-Institut für Materialfluss und Logistik;;0;Forschung;Bund;Bundesministerium für Bildung und Forschung (BMBF)
477;Fraunhofer-Institut für Mikroelektronische Schaltungen und Systeme;;0;Forschung;Bund;Bundesministerium für Bildung und Forschung (BMBF)
478;Fraunhofer-Institut für Mittel- und Osteuropa, Städtisches Kaufhaus;;0;Forschung;Bund;Bundesministerium für Bildung und Forschung (BMBF)
480;Fraunhofer-Institut für Nachrichtentechnik Heinrich-Hertz-Institut;;0;Forschung;Bund;Bundesministerium für Bildung und Forschung (BMBF)
481;Fraunhofer-Institut für Nanoelektronische Technologien;;0;Forschung;Bund;Bundesministerium für Bildung und Forschung (BMBF)
482;Fraunhofer-Institut für Naturwissenschaftlich-Technische Trendanalysen;;0;Forschung;Bund;Bundesministerium für Bildung und Forschung (BMBF)
483;Fraunhofer-Institut für Offene Kommunikationssysteme;;0;Forschung;Bund;Bundesministerium für Bildung und Forschung (BMBF)
484;Fraunhofer-Institut für Photonische Mikrosysteme;;0;Forschung;Bund;Bundesministerium für Bildung und Forschung (BMBF)
487;Fraunhofer-Institut für Produktionsanlagen und Konstruktionstechnik;;0;Forschung;Bund;Bundesministerium für Bildung und Forschung (BMBF)
488;Fraunhofer-Institut für Produktionstechnik und Automatisierung;;0;Forschung;Bund;Bundesministerium für Bildung und Forschung (BMBF)
489;Fraunhofer-Institut für Produktionstechnologie;;0;Forschung;Bund;Bundesministerium für Bildung und Forschung (BMBF)
490;Fraunhofer-Institut für Rechnerarchitektur und Softwaretechnik;;0;Forschung;Bund;Bundesministerium für Bildung und Forschung (BMBF)
491;Fraunhofer-Institut für Schicht- und Oberflächentechnik;;0;Forschung;Bund;Bundesministerium für Bildung und Forschung (BMBF)
492;Fraunhofer-Institut für Sichere Informationstechnologie;;0;Forschung;Bund;Bundesministerium für Bildung und Forschung (BMBF)
493;Fraunhofer-Institut für Silicatforschung;;0;Forschung;Bund;Bundesministerium für Bildung und Forschung (BMBF)
494;Fraunhofer-Institut für Siliziumtechnologie;;0;Forschung;Bund;Bundesministerium für Bildung und Forschung (BMBF)
495;Fraunhofer-Institut für Software- und Systemtechnik;;0;Forschung;Bund;Bundesministerium für Bildung und Forschung (BMBF)
496;Fraunhofer Institut für Solare Energiesysteme;;0;Forschung;Bund;Bundesministerium für Bildung und Forschung (BMBF)
497;Fraunhofer-Institut für System-und Innovationsforschung;;0;Forschung;Bund;Bundesministerium für Bildung und Forschung (BMBF)
500;Fraunhofer-Institut für Toxikologie und Experimentelle Medizin;;0;Forschung;Bund;Bundesministerium für Bildung und Forschung (BMBF)
501;Fraunhofer-Institut für Umwelt-, Sicherheits- und Energietechnik;;0;Forschung;Bund;Bundesministerium für Bildung und Forschung (BMBF)
502;Fraunhofer-Institut für Verfahrenstechnik und Verpackung;;0;Forschung;Bund;Bundesministerium für Bildung und Forschung (BMBF)
503;Fraunhofer-Institut für Verkehrs- und Infrastruktursysteme;;0;Forschung;Bund;Bundesministerium für Digitales und Verkehr (BMDV)
504;Fraunhofer-Institut für Werkstoffmechanik;;0;Forschung;Bund;Bundesministerium für Bildung und Forschung (BMBF)
505;Fraunhofer-Institut für Werkstoff- und Strahltechnik;;0;Forschung;Bund;Bundesministerium für Bildung und Forschung (BMBF)
506;Fraunhofer-Institut für Werkzeugmaschinen und Umformtechnik;;0;Forschung;Bund;Bundesministerium für Bildung und Forschung (BMBF)
507;Fraunhofer-Institut für Zelltherapie und Immunologie;;0;Forschung;Bund;Bundesministerium für Bildung und Forschung (BMBF)
508;Fraunhofer-Institut für Zerstörungsfreie Prüfverfahren;;0;Forschung;Bund;Bundesministerium für Bildung und Forschung (BMBF)
509;Fraunhofer-Institut für Zuverlässigkeit und Mikrointegration;;0;Forschung;Bund;Bundesministerium für Bildung und Forschung (BMBF)
510;Friedrich-Ebert-Stiftung;;0;Politische Stiftung;Bund;Beauftragte der Bundesregierung für Kultur und Medien (BKM)
511;Friedrich-Loeffler-Institut, Bundesforschungsinstitut für Tiergesundheit;90.0;1;Forschung;Bund;Bundesministerium für Ernährung und Landwirtschaft (BMEL)
428;Friedrich-Naumann-Stiftung für die Freiheit;;0;Politische Stiftung;Bund;Beauftragte der Bundesregierung für Kultur und Medien (BKM)
16768;FSD Fahrzeugsystemdaten GmbH (Zentrale Stelle nach StVG);;0;TÜV;Bund;Bundesministerium des Innern und für Heimat (BMI)
429;Führungsakademie der Bundeswehr;861.0;2;Militärische Ausbildungsstätte;Bund;Bundesministerium der Verteidigung (BMVg)
430;Führungsunterstützungsschule der Bundeswehr;;0;Militärische Ausbildungsstätte;Bund;Bundesministerium der Verteidigung (BMVg)
51769;GASCADE Gastransport GmbH;;0;Unternehmen;Bund;Bundesministerium des Innern und für Heimat (BMI)
513;Gebirgs- und Winterkampfschule;;0;Militärische Ausbildungsstätte;Bund;Bundesministerium der Verteidigung (BMVg)
514;Gefechtssimulationzentrum Heer;;0;Bundeswehr;Bund;Bundesministerium der Verteidigung (BMVg)
515;Gefechtsübungszentrum des Heeres;;0;Bundeswehr;Bund;Bundesministerium der Verteidigung (BMVg)
6571;GEKA;;1;Bundeswehr;Bund;Bundesministerium der Verteidigung (BMVg)
5279;gematik Gesellschaft für Telematikanwendungen der Gesundheitskarte mbH;;0;;Bund;Bundesministerium für Gesundheit (BMG)
5135;Gemeinsamer Bundesausschuss;;0;Sozialversicherung;Bund;Bundesministerium für Arbeit und Soziales (BMAS)
516;Gemeinsame Wissenschaftskonferenz;116.0;0;Konferenz;Bund;Bundeskanzleramt (BKAmt)
518;Generalarzt der Luftwaffe;752.0;2;Bundeswehr;Bund;Bundesministerium der Verteidigung (BMVg)
519;Generalbundesanwalt beim Bundesgerichtshof;85.0;1;Generalstaatsanwaltschaft;Bund;Bundesministerium der Justiz (BMJ)
52190;Generaldirektion der Staatsbibliothek zu Berlin;;0;Bibliothek;Bund;Beauftragte der Bundesregierung für Kultur und Medien (BKM)
50262;Generalkonsulat der Bundesrepublik Deutschland Boston;;0;;Bund;Auswärtiges Amt (AA)
51807;Generalkonsulat der Bundesrepublik Deutschland Istanbul;;0;;Bund;Auswärtiges Amt (AA)
50257;Generalkonsulat der Bundesrepublik Deutschland New York;;0;;Bund;Auswärtiges Amt (AA)
5130;Generalzolldirektion der Bundeszollverwaltung;84.0;0;Zoll;Bund;Bundesministerium der Finanzen (BMF)
520;"German Institute of Global and Area Studies, 
Leibniz Institut für Globale und Regionale Studien";;0;Leibniz-Institut;Bund;Bundesministerium für Bildung und Forschung (BMBF)
521;Germanisches Nationalmuseum;;0;Museum und Ausstellungen;Bund;Beauftragte der Bundesregierung für Kultur und Medien (BKM)
51725;German LNG Terminal GmbH;;0;Unternehmen;Bund;Bundesministerium des Innern und für Heimat (BMI)
522;Germany Trade and Invest – Gesellschaft für Außenwirtschaft und Standortmarketing mbH;88.0;0;Wirtschaftsförderung;Bund;Bundesministerium für Arbeit und Soziales (BMAS)
50412;Geschäftsstelle der Bauministerkonferenz;;0;Bau;Bund;Bundesministerium für Wohnen, Stadtentwicklung und Bauwesen (BMWSB)
524;Gesellschaft für  Anlagen und Reaktorsicherheit mbH;;0;Atomkraft;Bund;Bundesministerium des Innern und für Heimat (BMI)
525;Gesellschaft für Entwicklung, Beschaffung und Betrieb mbH;86.0;1;Bundeswehr;Bund;Bundesministerium der Verteidigung (BMVg)
526;Gesellschaft für Schwerionenforschung mbH;;0;Forschung;Bund;Bundesministerium für Bildung und Forschung (BMBF)
527;Gesellschaft für Versicherungswissenschaft und -gestaltung e.V.;;0;Versicherung;Bund;Bundesministerium für Arbeit und Soziales (BMAS)
528;Gesellschaft für Wehr- und Sicherheitspolitik e. V.;;0;Bundeswehr;Bund;Bundesministerium der Verteidigung (BMVg)
529;Gesellschaft für Weiterbildung und Medienkonzeption mbH;367.0;1;Aus- und Weiterbildung;Bund;Bundesministerium für Bildung und Forschung (BMBF)
531;GESIS - Leibniz-Institut für Sozialwissenschaften;;0;Leibniz-Institut;Bund;Bundesministerium für Arbeit und Soziales (BMAS)
532;gkv informatik;;0;;Bund;Bundesministerium des Innern und für Heimat (BMI)
5133;GKV-Spitzenverband;;0;Krankenkasse;Bund;Bundesministerium für Gesundheit (BMG)
533;Goethe-Institut e.V.;;0;Internationale Beziehungen;Bund;Auswärtiges Amt (AA)
6601;Handelskrankenkasse (HKK);135.0;0;Krankenkasse;Bund;Bundesministerium für Arbeit und Soziales (BMAS)
534;Hanns-Seidel-Stiftung e.V.;;0;Politische Stiftung;Bund;Beauftragte der Bundesregierung für Kultur und Medien (BKM)
14043;Hanse Jobcenter Rostock;88.0;0;Jobcenter;Bund;Bundesministerium für Arbeit und Soziales (BMAS)
536;Hauptzollamt Aachen;62.0;2;Hauptzollamt;Bund;Bundesministerium der Finanzen (BMF)
537;Hauptzollamt Augsburg;60.0;2;Hauptzollamt;Bund;Bundesministerium der Finanzen (BMF)
538;Hauptzollamt Berlin;58.0;2;Hauptzollamt;Bund;Bundesministerium der Finanzen (BMF)
539;Hauptzollamt Bielefeld;58.0;2;Hauptzollamt;Bund;Bundesministerium der Finanzen (BMF)
540;Hauptzollamt Braunschweig;58.0;2;Hauptzollamt;Bund;Bundesministerium der Finanzen (BMF)
541;Hauptzollamt Bremen;59.0;2;Hauptzollamt;Bund;Bundesministerium der Finanzen (BMF)
542;Hauptzollamt Darmstadt;61.0;2;Hauptzollamt;Bund;Bundesministerium der Finanzen (BMF)
543;Hauptzollamt Dortmund;62.0;2;Hauptzollamt;Bund;Bundesministerium der Finanzen (BMF)
544;Hauptzollamt Dresden;58.0;2;Hauptzollamt;Bund;Bundesministerium der Finanzen (BMF)
545;Hauptzollamt Duisburg;62.0;2;Hauptzollamt;Bund;Bundesministerium der Finanzen (BMF)
546;Hauptzollamt Düsseldorf;62.0;2;Hauptzollamt;Bund;Bundesministerium der Finanzen (BMF)
547;Hauptzollamt Erfurt;60.0;2;Hauptzollamt;Bund;Bundesministerium der Finanzen (BMF)
549;Hauptzollamt Frankfurt am Main - Flughafen;62.0;2;Hauptzollamt;Bund;Bundesministerium der Finanzen (BMF)
548;Hauptzollamt Frankfurt (Oder);58.0;2;Hauptzollamt;Bund;Bundesministerium der Finanzen (BMF)
550;Hauptzollamt Gießen;62.0;2;Hauptzollamt;Bund;Bundesministerium der Finanzen (BMF)
553;Hauptzollamt Hamburg;59.0;2;Hauptzollamt;Bund;Bundesministerium der Finanzen (BMF)
551;Hauptzollamt Hamburg-Hafen;59.0;2;Hauptzollamt;Bund;Bundesministerium der Finanzen (BMF)
552;Hauptzollamt Hamburg-Jonas;59.0;2;Hauptzollamt;Bund;Bundesministerium der Finanzen (BMF)
554;Hauptzollamt Hannover;58.0;2;Hauptzollamt;Bund;Bundesministerium der Finanzen (BMF)
555;Hauptzollamt Heilbronn;61.0;2;Hauptzollamt;Bund;Bundesministerium der Finanzen (BMF)
556;Hauptzollamt Itzehoe;59.0;2;Hauptzollamt;Bund;Bundesministerium der Finanzen (BMF)
557;Hauptzollamt Karlsruhe;61.0;2;Hauptzollamt;Bund;Bundesministerium der Finanzen (BMF)
558;Hauptzollamt Kiel;59.0;2;Hauptzollamt;Bund;Bundesministerium der Finanzen (BMF)
559;Hauptzollamt Koblenz;61.0;2;Hauptzollamt;Bund;Bundesministerium der Finanzen (BMF)
560;Hauptzollamt Köln;62.0;2;Hauptzollamt;Bund;Bundesministerium der Finanzen (BMF)
561;Hauptzollamt Krefeld;62.0;2;Hauptzollamt;Bund;Bundesministerium der Finanzen (BMF)
562;Hauptzollamt Landshut;60.0;2;Hauptzollamt;Bund;Bundesministerium der Finanzen (BMF)
563;Hauptzollamt Lörrach;61.0;2;Hauptzollamt;Bund;Bundesministerium der Finanzen (BMF)
564;Hauptzollamt Magdeburg;58.0;2;Hauptzollamt;Bund;Bundesministerium der Finanzen (BMF)
565;Hauptzollamt München;60.0;2;Hauptzollamt;Bund;Bundesministerium der Finanzen (BMF)
566;Hauptzollamt Münster;62.0;2;Hauptzollamt;Bund;Bundesministerium der Finanzen (BMF)
567;Hauptzollamt Nürnberg;60.0;2;Hauptzollamt;Bund;Bundesministerium der Finanzen (BMF)
568;Hauptzollamt Oldenburg;59.0;2;Hauptzollamt;Bund;Bundesministerium der Finanzen (BMF)
569;Hauptzollamt Osnabrück;58.0;2;Hauptzollamt;Bund;Bundesministerium der Finanzen (BMF)
570;Hauptzollamt Potsdam;58.0;2;Hauptzollamt;Bund;Bundesministerium der Finanzen (BMF)
571;Hauptzollamt Regensburg;60.0;2;Hauptzollamt;Bund;Bundesministerium der Finanzen (BMF)
572;Hauptzollamt Rosenheim;60.0;2;Hauptzollamt;Bund;Bundesministerium der Finanzen (BMF)
573;Hauptzollamt Saarbrücken;61.0;2;Hauptzollamt;Bund;Bundesministerium der Finanzen (BMF)
574;Hauptzollamt Schweinfurt;60.0;2;Hauptzollamt;Bund;Bundesministerium der Finanzen (BMF)
575;Hauptzollamt Singen;61.0;2;Hauptzollamt;Bund;Bundesministerium der Finanzen (BMF)
576;Hauptzollamt Stralsund;59.0;2;Hauptzollamt;Bund;Bundesministerium der Finanzen (BMF)
577;Hauptzollamt Stuttgart;61.0;2;Hauptzollamt;Bund;Bundesministerium der Finanzen (BMF)
578;Hauptzollamt Ulm;61.0;2;Hauptzollamt;Bund;Bundesministerium der Finanzen (BMF)
579;Havariekommando;94.0;1;Wasser und Schifffahrt;Bund;Bundesministerium für Digitales und Verkehr (BMDV)
581;Heeresfliegerwaffenschule;;0;Militärische Ausbildungsstätte;Bund;Bundesministerium der Verteidigung (BMVg)
582;Heeresführungskommando;86.0;1;Bundeswehr;Bund;Bundesministerium der Verteidigung (BMVg)
6600;Heimat Krankenkasse;135.0;0;Krankenkasse;Bund;Bundesministerium für Arbeit und Soziales (BMAS)
52237;Heimatschutzdivision der Bundeswehr;;0;;Bund;Bundesministerium der Verteidigung (BMVg)
583;Heinrich-Böll-Stiftung e.V.;;0;Politische Stiftung;Bund;Beauftragte der Bundesregierung für Kultur und Medien (BKM)
584;Heinrich-Pette-Institut, Leibniz-Institut für Experimentelle Virologie;;0;Leibniz-Institut;Bund;Bundesministerium für Bildung und Forschung (BMBF)
6599;HEK - Hanseatische Krankenkasse;135.0;0;Krankenkasse;Bund;Bundesministerium für Arbeit und Soziales (BMAS)
585;Helmholtz-Gemeinschaft;;0;Helmholtz-Zentrum;Bund;Bundesministerium für Bildung und Forschung (BMBF)
586;Helmholtz-Zentrum Berlin für Materialien und Energie GmbH;;0;Helmholtz-Zentrum;Bund;Bundesministerium für Bildung und Forschung (BMBF)
587;Helmholtz-Zentrum für Infektionsforschung GmbH;585.0;1;Helmholtz-Zentrum;Bund;Bundesministerium für Bildung und Forschung (BMBF)
588;Helmholtz-Zentrum für Umweltforschung GmbH - UFZ;;0;Helmholtz-Zentrum;Bund;Bundesministerium für Bildung und Forschung (BMBF)
589;Helmholtz-Zentrum Geesthacht Zentrum für Material- und Küstenforschung GmbH;;0;Helmholtz-Zentrum;Bund;Bundesministerium für Bildung und Forschung (BMBF)
49922;Helmholtz-Zentrum hereon GmbH;;0;;Bund;Bundesministerium für Bildung und Forschung (BMBF)
590;Helmholtz Zentrum München Deutsches Forschungszentrum für Gesundheit und Umwelt GmbH;585.0;1;Helmholtz-Zentrum;Bund;Bundesministerium für Bildung und Forschung (BMBF)
591;Helmholtz-Zentrum Potsdam Deutsches GeoForschungsZentrum;;0;Helmholtz-Zentrum;Bund;Bundesministerium für Bildung und Forschung (BMBF)
592;Herder Institut e. V.;;0;;Bund;Bundesministerium des Innern und für Heimat (BMI)
50286;High-Tech Gründerfonds;;0;Förderbank;Bund;Bundesministerium des Innern und für Heimat (BMI)
14395;HIS Hochschul-Informations-System eG;;0;Hochschule;Bund;Bundesministerium des Innern und für Heimat (BMI)
7688;Hochschule der Bundesagentur für Arbeit;88.0;0;Hochschule für öffentliche Verwaltung;Bund;Bundesministerium für Arbeit und Soziales (BMAS)
16963;Hochschule der Deutschen Bundesbank;;0;Hochschule;Bund;Bundesministerium der Finanzen (BMF)
15653;Hochschule des Bundes für öffentliche Verwaltung;87.0;1;Hochschule;Bund;Bundesministerium des Innern und für Heimat (BMI)
593;ifo Institut für Wirtschaftsforschung;;0;Forschung;Bund;Bundesministerium für Bildung und Forschung (BMBF)
52096;IHK Foreign Skills Approval (IHK FOSA);;0;;Bund;Bundesministerium des Innern und für Heimat (BMI)
6603;IKK classic;135.0;0;Krankenkasse;Bund;Bundesministerium für Arbeit und Soziales (BMAS)
52003;IKK - Die Innovationskasse;;0;Krankenkasse;Bund;Bundesministerium für Gesundheit (BMG)
6604;IKK gesund plus;135.0;0;Krankenkasse;Bund;Bundesministerium für Arbeit und Soziales (BMAS)
594;Industrie Lehrwerkstatt Trier eG;;0;Lehrwerkstatt;Bund;Bundesministerium des Innern und für Heimat (BMI)
15644;Informationstechnikzentrum Bund;84.0;0;IT-Dienstleister;Bund;Bundesministerium der Finanzen (BMF)
595;Innovations for High Performance Microelectronics/  Institut für innovative Mikroelektronik;;0;;Bund;Bundesministerium des Innern und für Heimat (BMI)
15646;INSTAND e.V.;;0;;Bund;Bundesministerium des Innern und für Heimat (BMI)
596;Institute for Analytical Sciences;;0;;Bund;Bundesministerium des Innern und für Heimat (BMI)
17069;Institut für Arbeitsmarkt und Berufsforschung;;0;Forschung;Bund;Bundesministerium für Arbeit und Soziales (BMAS)
597;Institut für Auslandsbeziehungen e.V.;;0;;Bund;Bundesministerium des Innern und für Heimat (BMI)
599;Institut für deutsche Kultur und Geschichte Südosteuropas e.V.;;0;;Bund;Beauftragte der Bundesregierung für Kultur und Medien (BKM)
600;Institut für Deutsche Sprache;;0;;Bund;Bundesministerium des Innern und für Heimat (BMI)
601;Institut für Gemüse- und Zierpflanzenbau Großbeeren/Erfurt e.V.;715.0;1;;Bund;Bundesministerium für Bildung und Forschung (BMBF)
602;Institut für Mikrobiologie der Bundeswehr;;2;Bundeswehr;Bund;Bundesministerium der Verteidigung (BMVg)
50110;Institut für Mittelstandsforschung Bonn;;0;Stiftung des Privatrechts;Bund;Bundesministerium für Bildung und Forschung (BMBF)
603;Institut für Ostrecht München e.V.;;0;;Bund;Bundesministerium des Innern und für Heimat (BMI)
52109;Institut für Qualitätssicherung und Transparenz im Gesundheitswesen;;0;Gesundheit;Bund;Bundesministerium für Arbeit und Soziales (BMAS)
51837;Institut für Qualität und Wirtschaftlichkeit im Gesundheitswesen (IQWiG);;0;Gutachterausschuss;Bund;Bundesministerium für Gesundheit (BMG)
605;Institut für Radiobiologie der Bundeswehr;;2;Bundeswehr;Bund;Bundesministerium der Verteidigung (BMVg)
606;Institut für Städtebau;;0;;Bund;Bundesministerium für Digitales und Verkehr (BMDV)
607;Institut für Städtebau und Wohnungswesen;;0;;Bund;Bundesministerium für Digitales und Verkehr (BMDV)
608;Institut für umweltmedizinische Forschung an der Heinrich-Heine-Universität Düsseldorf gGmbH;;0;;Bund;Bundesministerium für Bildung und Forschung (BMBF)
610;Institut für Weltwirtschaft an der Universität Kiel;;0;;Bund;Bundesministerium für Wirtschaft und Klimaschutz (BMWK)
611;Institut für Wirtschaftsforschung;;0;;Bund;Bundesministerium für Bildung und Forschung (BMBF)
612;Institut für Wissensmedien;;0;;Bund;Bundesministerium des Innern und für Heimat (BMI)
613;Institut für Zeitgeschichte;;0;;Bund;Bundesministerium des Innern und für Heimat (BMI)
615;International Tracing Service;;0;;Bund;Bundesministerium des Innern und für Heimat (BMI)
51683;ITSG GmbH;;0;Gesundheit;Bund;Bundesministerium für Gesundheit (BMG)
14215;Jobcenter Agentur für Arbeit - Vogtlandkreis;88.0;0;Jobcenter;Bund;Bundesministerium für Arbeit und Soziales (BMAS)
14085;Jobcenter Alb-Donau;88.0;0;Jobcenter;Bund;Bundesministerium für Arbeit und Soziales (BMAS)
14086;Jobcenter Altenburger Land;88.0;0;Jobcenter;Bund;Bundesministerium für Arbeit und Soziales (BMAS)
11941;Jobcenter Altötting;88.0;0;Jobcenter;Bund;Bundesministerium für Arbeit und Soziales (BMAS)
4309;Jobcenter - Arbeit Hellweg Aktiv Soest;88.0;0;Jobcenter;Bund;Bundesministerium für Arbeit und Soziales (BMAS)
4279;Jobcenter Arbeitplus Bielefeld;88.0;0;Jobcenter;Bund;Bundesministerium für Arbeit und Soziales (BMAS)
14195;Jobcenter Arbeitsförderung Schwalm-Eder;88.0;0;Jobcenter;Bund;Bundesministerium für Arbeit und Soziales (BMAS)
4298;Jobcenter Arbeit und Grundsicherung Leverkusen;88.0;0;Jobcenter;Bund;Bundesministerium für Arbeit und Soziales (BMAS)
11942;Jobcenter ARUSO Erding;88.0;0;Jobcenter;Bund;Bundesministerium für Arbeit und Soziales (BMAS)
11943;Jobcenter Augsburg Land;88.0;0;Jobcenter;Bund;Bundesministerium für Arbeit und Soziales (BMAS)
11944;Jobcenter Augsburg Stadt;88.0;0;Jobcenter;Bund;Bundesministerium für Arbeit und Soziales (BMAS)
14091;Jobcenter Bad Doberan;88.0;0;Jobcenter;Bund;Bundesministerium für Arbeit und Soziales (BMAS)
8833;Jobcenter Baden-Baden;88.0;0;Jobcenter;Bund;Bundesministerium für Arbeit und Soziales (BMAS)
14092;Jobcenter Bad Kreuznach;88.0;0;Jobcenter;Bund;Bundesministerium für Arbeit und Soziales (BMAS)
11945;Jobcenter Bad Tölz-Wolfratshausen;88.0;0;Jobcenter;Bund;Bundesministerium für Arbeit und Soziales (BMAS)
4132;Jobcenter Barnim;88.0;0;Jobcenter;Bund;Bundesministerium für Arbeit und Soziales (BMAS)
11946;Jobcenter Bayreuth Land;88.0;0;Jobcenter;Bund;Bundesministerium für Arbeit und Soziales (BMAS)
11947;Jobcenter Bayreuth Stadt;88.0;0;Jobcenter;Bund;Bundesministerium für Arbeit und Soziales (BMAS)
11948;Jobcenter Berchtesgadener Land;88.0;0;Jobcenter;Bund;Bundesministerium für Arbeit und Soziales (BMAS)
14093;Jobcenter Berlin Charlottenburg-Wilmersdorf;88.0;0;Jobcenter;Bund;Bundesministerium für Arbeit und Soziales (BMAS)
14094;Jobcenter Berlin Friedrichshain-Kreuzberg;88.0;0;Jobcenter;Bund;Bundesministerium für Arbeit und Soziales (BMAS)
14095;Jobcenter Berlin Lichtenberg;88.0;0;Jobcenter;Bund;Bundesministerium für Arbeit und Soziales (BMAS)
14096;Jobcenter Berlin-Marzahn-Hellersdorf;88.0;0;Jobcenter;Bund;Bundesministerium für Arbeit und Soziales (BMAS)
14097;Jobcenter Berlin Mitte;88.0;0;Jobcenter;Bund;Bundesministerium für Arbeit und Soziales (BMAS)
14098;Jobcenter Berlin Neukölln;88.0;0;Jobcenter;Bund;Bundesministerium für Arbeit und Soziales (BMAS)
14099;Jobcenter Berlin Pankow;88.0;0;Jobcenter;Bund;Bundesministerium für Arbeit und Soziales (BMAS)
14100;Jobcenter Berlin Reinickendorf;88.0;0;Jobcenter;Bund;Bundesministerium für Arbeit und Soziales (BMAS)
14101;Jobcenter Berlin Spandau;88.0;0;Jobcenter;Bund;Bundesministerium für Arbeit und Soziales (BMAS)
14102;Jobcenter Berlin Steglitz-Zehlendorf;88.0;0;Jobcenter;Bund;Bundesministerium für Arbeit und Soziales (BMAS)
14103;Jobcenter Berlin Tempelhof-Schöneberg;88.0;0;Jobcenter;Bund;Bundesministerium für Arbeit und Soziales (BMAS)
14104;Jobcenter Berlin Treptow-Köpenick;88.0;0;Jobcenter;Bund;Bundesministerium für Arbeit und Soziales (BMAS)
14105;Jobcenter Bernkastel-Wittlich;88.0;0;Jobcenter;Bund;Bundesministerium für Arbeit und Soziales (BMAS)
14106;Jobcenter Birkenfeld;88.0;0;Jobcenter;Bund;Bundesministerium für Arbeit und Soziales (BMAS)
14107;Jobcenter Bitburg-Prüm;88.0;0;Jobcenter;Bund;Bundesministerium für Arbeit und Soziales (BMAS)
14156;Jobcenter Böblingen;88.0;0;Jobcenter;Bund;Bundesministerium für Arbeit und Soziales (BMAS)
4281;Jobcenter Bochum;88.0;0;Jobcenter;Bund;Bundesministerium für Arbeit und Soziales (BMAS)
4282;Jobcenter Bonn;88.0;0;Jobcenter;Bund;Bundesministerium für Arbeit und Soziales (BMAS)
7436;Jobcenter Börde;88.0;0;Jobcenter;Bund;Bundesministerium für Arbeit und Soziales (BMAS)
4287;Jobcenter Bottrop;88.0;0;Jobcenter;Bund;Bundesministerium für Arbeit und Soziales (BMAS)
4125;Jobcenter Brandenburg an der Havel;88.0;0;Jobcenter;Bund;Bundesministerium für Arbeit und Soziales (BMAS)
14108;Jobcenter Braunschweig;88.0;0;Jobcenter;Bund;Bundesministerium für Arbeit und Soziales (BMAS)
8834;Jobcenter Breisgau-Hochschwarzwald;88.0;0;Jobcenter;Bund;Bundesministerium für Arbeit und Soziales (BMAS)
12129;Jobcenter Bremen;88.0;0;Jobcenter;Bund;Bundesministerium für Arbeit und Soziales (BMAS)
14109;Jobcenter Bremerhaven;88.0;0;Jobcenter;Bund;Bundesministerium für Arbeit und Soziales (BMAS)
14110;Jobcenter Chemnitz;88.0;0;Jobcenter;Bund;Bundesministerium für Arbeit und Soziales (BMAS)
14112;Jobcenter Cloppenburg;88.0;0;Jobcenter;Bund;Bundesministerium für Arbeit und Soziales (BMAS)
11949;Jobcenter Coburg Land;88.0;0;Jobcenter;Bund;Bundesministerium für Arbeit und Soziales (BMAS)
11950;Jobcenter Coburg Stadt;88.0;0;Jobcenter;Bund;Bundesministerium für Arbeit und Soziales (BMAS)
14111;Jobcenter Cochem-Zell;88.0;0;Jobcenter;Bund;Bundesministerium für Arbeit und Soziales (BMAS)
4136;Jobcenter Cottbus;88.0;0;Jobcenter;Bund;Bundesministerium für Arbeit und Soziales (BMAS)
14113;Jobcenter Cuxhaven;88.0;0;Jobcenter;Bund;Bundesministerium für Arbeit und Soziales (BMAS)
14114;Jobcenter Darmstadt;88.0;0;Jobcenter;Bund;Bundesministerium für Arbeit und Soziales (BMAS)
11952;Jobcenter Deggendorf;88.0;0;Jobcenter;Bund;Bundesministerium für Arbeit und Soziales (BMAS)
14115;Jobcenter Delmenhorst;88.0;0;Jobcenter;Bund;Bundesministerium für Arbeit und Soziales (BMAS)
14116;Jobcenter Dessau-Roßlau;88.0;0;Jobcenter;Bund;Bundesministerium für Arbeit und Soziales (BMAS)
14117;Jobcenter Deutsche Weinstraße;88.0;0;Jobcenter;Bund;Bundesministerium für Arbeit und Soziales (BMAS)
11955;Jobcenter Dillingen a.d. Donau;88.0;0;Jobcenter;Bund;Bundesministerium für Arbeit und Soziales (BMAS)
14118;Jobcenter Dithmarschen Heide;88.0;0;Jobcenter;Bund;Bundesministerium für Arbeit und Soziales (BMAS)
11956;Jobcenter Donau-Ries Donauwörth;88.0;0;Jobcenter;Bund;Bundesministerium für Arbeit und Soziales (BMAS)
14119;Jobcenter Donnersbergkreis;88.0;0;Jobcenter;Bund;Bundesministerium für Arbeit und Soziales (BMAS)
4290;Jobcenter Dortmund;88.0;0;Jobcenter;Bund;Bundesministerium für Arbeit und Soziales (BMAS)
10842;Jobcenter Dresden;88.0;0;Jobcenter;Bund;Bundesministerium für Arbeit und Soziales (BMAS)
4292;Jobcenter Duisburg;88.0;0;Jobcenter;Bund;Bundesministerium für Arbeit und Soziales (BMAS)
4291;Jobcenter Düsseldorf;88.0;0;Jobcenter;Bund;Bundesministerium für Arbeit und Soziales (BMAS)
14120;Jobcenter Ebersberg;88.0;0;Jobcenter;Bund;Bundesministerium für Arbeit und Soziales (BMAS)
11957;Jobcenter Eichstätt;88.0;0;Jobcenter;Bund;Bundesministerium für Arbeit und Soziales (BMAS)
4134;Jobcenter Elbe-Elster;88.0;0;Jobcenter;Bund;Bundesministerium für Arbeit und Soziales (BMAS)
14122;Jobcenter Emden;88.0;0;Jobcenter;Bund;Bundesministerium für Arbeit und Soziales (BMAS)
14123;Jobcenter Erfurt;88.0;0;Jobcenter;Bund;Bundesministerium für Arbeit und Soziales (BMAS)
11959;Jobcenter Erlangen-Höchstadt;88.0;0;Jobcenter;Bund;Bundesministerium für Arbeit und Soziales (BMAS)
4284;Jobcenter EU-aktiv Kreis Euskirchen;88.0;0;Jobcenter;Bund;Bundesministerium für Arbeit und Soziales (BMAS)
11960;Jobcenter Fichtelgebirge;88.0;0;Jobcenter;Bund;Bundesministerium für Arbeit und Soziales (BMAS)
14124;Jobcenter Flensburg;88.0;0;Jobcenter;Bund;Bundesministerium für Arbeit und Soziales (BMAS)
11962;Jobcenter Forchheim;88.0;0;Jobcenter;Bund;Bundesministerium für Arbeit und Soziales (BMAS)
14125;Jobcenter Frankfurt am Main;88.0;0;Jobcenter;Bund;Bundesministerium für Arbeit und Soziales (BMAS)
4129;Jobcenter Frankfurt (Oder);88.0;0;Jobcenter;Bund;Bundesministerium für Arbeit und Soziales (BMAS)
8836;Jobcenter Freiburg;88.0;0;Jobcenter;Bund;Bundesministerium für Arbeit und Soziales (BMAS)
14126;Jobcenter Freising;88.0;0;Jobcenter;Bund;Bundesministerium für Arbeit und Soziales (BMAS)
11963;Jobcenter Freyung-Grafenau;88.0;0;Jobcenter;Bund;Bundesministerium für Arbeit und Soziales (BMAS)
14087;Jobcenter für Arbeitsmarktintegration Alzey-Worms;88.0;0;Jobcenter;Bund;Bundesministerium für Arbeit und Soziales (BMAS)
14229;Jobcenter für Arbeitsmarktintegration Worms;88.0;0;Jobcenter;Bund;Bundesministerium für Arbeit und Soziales (BMAS)
11965;Jobcenter Fürstenfeldbruck;88.0;0;Jobcenter;Bund;Bundesministerium für Arbeit und Soziales (BMAS)
11966;Jobcenter Fürth-Land;88.0;0;Jobcenter;Bund;Bundesministerium für Arbeit und Soziales (BMAS)
11967;Jobcenter Fürth Stadt;88.0;0;Jobcenter;Bund;Bundesministerium für Arbeit und Soziales (BMAS)
4288;Jobcenter Gelsenkirchen;88.0;0;Jobcenter;Bund;Bundesministerium für Arbeit und Soziales (BMAS)
14130;Jobcenter Gifhorn;88.0;0;Jobcenter;Bund;Bundesministerium für Arbeit und Soziales (BMAS)
14131;Jobcenter Goslar;88.0;0;Jobcenter;Bund;Bundesministerium für Arbeit und Soziales (BMAS)
14146;Jobcenter Grundsicherung für Arbeitsuchende Kreis Altenkirchen;88.0;0;Jobcenter;Bund;Bundesministerium für Arbeit und Soziales (BMAS)
14132;Jobcenter Güstrow;88.0;0;Jobcenter;Bund;Bundesministerium für Arbeit und Soziales (BMAS)
4301;Jobcenter Hagen;88.0;0;Jobcenter;Bund;Bundesministerium für Arbeit und Soziales (BMAS)
14133;Jobcenter Halle (Saale);88.0;0;Jobcenter;Bund;Bundesministerium für Arbeit und Soziales (BMAS)
14134;Jobcenter Hameln-Pyrmont;88.0;0;Jobcenter;Bund;Bundesministerium für Arbeit und Soziales (BMAS)
14061;Jobcenter Hansestadt Greifswald;88.0;0;Jobcenter;Bund;Bundesministerium für Arbeit und Soziales (BMAS)
8837;Jobcenter Heidelberg;88.0;0;Jobcenter;Bund;Bundesministerium für Arbeit und Soziales (BMAS)
8838;Jobcenter Heidenheim;88.0;0;Jobcenter;Bund;Bundesministerium für Arbeit und Soziales (BMAS)
14135;Jobcenter Helmstedt;88.0;0;Jobcenter;Bund;Bundesministerium für Arbeit und Soziales (BMAS)
4296;Jobcenter Herford;88.0;0;Jobcenter;Bund;Bundesministerium für Arbeit und Soziales (BMAS)
4304;Jobcenter Herne;88.0;0;Jobcenter;Bund;Bundesministerium für Arbeit und Soziales (BMAS)
14136;Jobcenter Herzogtum Lauenburg;88.0;0;Jobcenter;Bund;Bundesministerium für Arbeit und Soziales (BMAS)
14138;Jobcenter Hildesheim;88.0;0;Jobcenter;Bund;Bundesministerium für Arbeit und Soziales (BMAS)
11969;Jobcenter Hofer Land;88.0;0;Jobcenter;Bund;Bundesministerium für Arbeit und Soziales (BMAS)
11970;Jobcenter Hof Stadt;88.0;0;Jobcenter;Bund;Bundesministerium für Arbeit und Soziales (BMAS)
8839;Jobcenter Hohenlohekreis;88.0;0;Jobcenter;Bund;Bundesministerium für Arbeit und Soziales (BMAS)
14139;Jobcenter Holzminden;88.0;0;Jobcenter;Bund;Bundesministerium für Arbeit und Soziales (BMAS)
14140;Jobcenter Ilm-Kreis;88.0;0;Jobcenter;Bund;Bundesministerium für Arbeit und Soziales (BMAS)
11971;Jobcenter im Landkreis Bad Kissingen;88.0;0;Jobcenter;Bund;Bundesministerium für Arbeit und Soziales (BMAS)
14141;Jobcenter im Landkreis Celle;88.0;0;Jobcenter;Bund;Bundesministerium für Arbeit und Soziales (BMAS)
14151;Jobcenter im Landkreis Gotha;88.0;0;Jobcenter;Bund;Bundesministerium für Arbeit und Soziales (BMAS)
11973;Jobcenter im Landkreis Rhön Grabfeld;88.0;0;Jobcenter;Bund;Bundesministerium für Arbeit und Soziales (BMAS)
8840;Jobcenter im Landkreis Schwäbisch Hall;88.0;0;Jobcenter;Bund;Bundesministerium für Arbeit und Soziales (BMAS)
11975;Jobcenter im Landkreis Schweinfurt;88.0;0;Jobcenter;Bund;Bundesministerium für Arbeit und Soziales (BMAS)
14214;Jobcenter im Landkreis Vechta;88.0;0;Jobcenter;Bund;Bundesministerium für Arbeit und Soziales (BMAS)
6295;Jobcenter im Regionalverband Saarbrücken;88.0;0;Jobcenter;Bund;Bundesministerium für Arbeit und Soziales (BMAS)
14143;Jobcenter Jerichower Land;88.0;0;Jobcenter;Bund;Bundesministerium für Arbeit und Soziales (BMAS)
8841;Jobcenter Junges Mannheim;88.0;0;Jobcenter;Bund;Bundesministerium für Arbeit und Soziales (BMAS)
11978;Jobcenter Kempten (Allgäu);88.0;0;Jobcenter;Bund;Bundesministerium für Arbeit und Soziales (BMAS)
7200;Jobcenter Kiel;88.0;0;Jobcenter;Bund;Bundesministerium für Arbeit und Soziales (BMAS)
11979;Jobcenter Kitzingen;88.0;0;Jobcenter;Bund;Bundesministerium für Arbeit und Soziales (BMAS)
4273;Jobcenter Köln;88.0;0;Jobcenter;Bund;Bundesministerium für Arbeit und Soziales (BMAS)
4306;Jobcenter Krefeld;88.0;0;Jobcenter;Bund;Bundesministerium für Arbeit und Soziales (BMAS)
4294;Jobcenter Kreis Heinsberg;88.0;0;Jobcenter;Bund;Bundesministerium für Arbeit und Soziales (BMAS)
4305;Jobcenter Kreis Höxter;88.0;0;Jobcenter;Bund;Bundesministerium für Arbeit und Soziales (BMAS)
4317;Jobcenter Kreis Olpe;88.0;0;Jobcenter;Bund;Bundesministerium für Arbeit und Soziales (BMAS)
4318;Jobcenter Kreis Paderborn;88.0;0;Jobcenter;Bund;Bundesministerium für Arbeit und Soziales (BMAS)
14145;Jobcenter Kreis Pinneberg;88.0;0;Jobcenter;Bund;Bundesministerium für Arbeit und Soziales (BMAS)
14147;Jobcenter Kreis Plön;88.0;0;Jobcenter;Bund;Bundesministerium für Arbeit und Soziales (BMAS)
7201;Jobcenter Kreis Rendsburg-Eckernförde;88.0;0;Jobcenter;Bund;Bundesministerium für Arbeit und Soziales (BMAS)
14199;Jobcenter Kreis Segeberg;88.0;0;Jobcenter;Bund;Bundesministerium für Arbeit und Soziales (BMAS)
4324;Jobcenter Kreis Siegen-Wittgenstein;88.0;0;Jobcenter;Bund;Bundesministerium für Arbeit und Soziales (BMAS)
4303;Jobcenter Kreis Unna;88.0;0;Jobcenter;Bund;Bundesministerium für Arbeit und Soziales (BMAS)
4307;Jobcenter Kreis Viersen;88.0;0;Jobcenter;Bund;Bundesministerium für Arbeit und Soziales (BMAS)
4328;Jobcenter Kreis Wesel;88.0;0;Jobcenter;Bund;Bundesministerium für Arbeit und Soziales (BMAS)
11980;Jobcenter Kulmbach;88.0;0;Jobcenter;Bund;Bundesministerium für Arbeit und Soziales (BMAS)
14148;Jobcenter Kyffhäuserkreis;88.0;0;Jobcenter;Bund;Bundesministerium für Arbeit und Soziales (BMAS)
14208;Jobcenter Landau-Südliche Weinstraße;88.0;0;Jobcenter;Bund;Bundesministerium für Arbeit und Soziales (BMAS)
7379;Jobcenter Landeshauptstadt Magdeburg;;0;Jobcenter;Bund;Bundesministerium für Arbeit und Soziales (BMAS)
14084;Jobcenter Landkreis Ahrweiler;88.0;0;Jobcenter;Bund;Bundesministerium für Arbeit und Soziales (BMAS)
11964;Jobcenter Landkreis Amberg-Sulzbach und die Stadt Amberg;88.0;0;Jobcenter;Bund;Bundesministerium für Arbeit und Soziales (BMAS)
11982;Jobcenter Landkreis Aschaffenburg;88.0;0;Jobcenter;Bund;Bundesministerium für Arbeit und Soziales (BMAS)
11983;Jobcenter Landkreis Bamberg;88.0;0;Jobcenter;Bund;Bundesministerium für Arbeit und Soziales (BMAS)
8842;Jobcenter Landkreis Calw;88.0;0;Jobcenter;Bund;Bundesministerium für Arbeit und Soziales (BMAS)
11972;Jobcenter Landkreis Cham;88.0;0;Jobcenter;Bund;Bundesministerium für Arbeit und Soziales (BMAS)
11951;Jobcenter Landkreis Dachau;88.0;0;Jobcenter;Bund;Bundesministerium für Arbeit und Soziales (BMAS)
4135;Jobcenter Landkreis Dahme-Spreewald;88.0;0;Jobcenter;Bund;Bundesministerium für Arbeit und Soziales (BMAS)
11984;Jobcenter Landkreis Dingolfing-Landau;88.0;0;Jobcenter;Bund;Bundesministerium für Arbeit und Soziales (BMAS)
8843;Jobcenter Landkreis Emmendingen;88.0;0;Jobcenter;Bund;Bundesministerium für Arbeit und Soziales (BMAS)
8844;Jobcenter Landkreis Esslingen;88.0;0;Jobcenter;Bund;Bundesministerium für Arbeit und Soziales (BMAS)
8845;Jobcenter Landkreis Freudenstadt;88.0;0;Jobcenter;Bund;Bundesministerium für Arbeit und Soziales (BMAS)
11985;Jobcenter Landkreis Garmisch Partenkirchen;88.0;0;Jobcenter;Bund;Bundesministerium für Arbeit und Soziales (BMAS)
14128;Jobcenter Landkreis Germersheim;88.0;0;Jobcenter;Bund;Bundesministerium für Arbeit und Soziales (BMAS)
12900;Jobcenter Landkreis Göppingen;88.0;0;Jobcenter;Bund;Bundesministerium für Arbeit und Soziales (BMAS)
14158;Jobcenter Landkreis Harburg;88.0;0;Jobcenter;Bund;Bundesministerium für Arbeit und Soziales (BMAS)
4329;Jobcenter Landkreis Haßberge;88.0;0;Jobcenter;Bund;Bundesministerium für Arbeit und Soziales (BMAS)
8846;Jobcenter Landkreis Heilbronn;88.0;0;Jobcenter;Bund;Bundesministerium für Arbeit und Soziales (BMAS)
14137;"Jobcenter 
Landkreis Hildburghausen";88.0;0;Jobcenter;Bund;Bundesministerium für Arbeit und Soziales (BMAS)
8847;Jobcenter Landkreis Karlsruhe;88.0;0;Jobcenter;Bund;Bundesministerium für Arbeit und Soziales (BMAS)
14152;"Jobcenter
Landkreis Kassel";88.0;0;Jobcenter;Bund;Bundesministerium für Arbeit und Soziales (BMAS)
11986;Jobcenter Landkreis Kelheim;88.0;0;Jobcenter;Bund;Bundesministerium für Arbeit und Soziales (BMAS)
8848;Jobcenter Landkreis Konstanz;88.0;0;Jobcenter;Bund;Bundesministerium für Arbeit und Soziales (BMAS)
11987;Jobcenter Landkreis Kronach;88.0;0;Jobcenter;Bund;Bundesministerium für Arbeit und Soziales (BMAS)
11988;Jobcenter Landkreis Landshut;88.0;0;Jobcenter;Bund;Bundesministerium für Arbeit und Soziales (BMAS)
11989;Jobcenter Landkreis Lichtenfels;88.0;0;Jobcenter;Bund;Bundesministerium für Arbeit und Soziales (BMAS)
11990;Jobcenter Landkreis Lindau am Bodensee;88.0;0;Jobcenter;Bund;Bundesministerium für Arbeit und Soziales (BMAS)
8849;Jobcenter Landkreis Lörrach;88.0;0;Jobcenter;Bund;Bundesministerium für Arbeit und Soziales (BMAS)
14159;Jobcenter Landkreis Lüneburg;88.0;0;Jobcenter;Bund;Bundesministerium für Arbeit und Soziales (BMAS)
11991;Jobcenter Landkreis Miltenberg;88.0;0;Jobcenter;Bund;Bundesministerium für Arbeit und Soziales (BMAS)
12008;Jobcenter Landkreis Neuburg-Schrobenhausen;88.0;0;Jobcenter;Bund;Bundesministerium für Arbeit und Soziales (BMAS)
11993;Jobcenter Landkreis Neumarkt in der Oberpfalz;88.0;0;Jobcenter;Bund;Bundesministerium für Arbeit und Soziales (BMAS)
11994;Jobcenter Landkreis Neustadt a.d.Aisch - Bad Windsheim;88.0;0;Jobcenter;Bund;Bundesministerium für Arbeit und Soziales (BMAS)
14142;Jobcenter Landkreis Nienburg/Weser;88.0;0;Jobcenter;Bund;Bundesministerium für Arbeit und Soziales (BMAS)
14180;Jobcenter Landkreis Northeim;88.0;0;Jobcenter;Bund;Bundesministerium für Arbeit und Soziales (BMAS)
11996;Jobcenter Landkreis Pfaffenhofen a.d. Ilm;88.0;0;Jobcenter;Bund;Bundesministerium für Arbeit und Soziales (BMAS)
14185;Jobcenter Landkreis Rastatt;88.0;0;Jobcenter;Bund;Bundesministerium für Arbeit und Soziales (BMAS)
14160;Jobcenter Landkreis Regen;88.0;0;Jobcenter;Bund;Bundesministerium für Arbeit und Soziales (BMAS)
11997;Jobcenter Landkreis Regensburg;88.0;0;Jobcenter;Bund;Bundesministerium für Arbeit und Soziales (BMAS)
14161;Jobcenter Landkreis Reutlingen;88.0;0;Jobcenter;Bund;Bundesministerium für Arbeit und Soziales (BMAS)
11998;Jobcenter Landkreis Rosenheim;88.0;0;Jobcenter;Bund;Bundesministerium für Arbeit und Soziales (BMAS)
11999;Jobcenter Landkreis Rottal-Inn;88.0;0;Jobcenter;Bund;Bundesministerium für Arbeit und Soziales (BMAS)
14056;Jobcenter Landkreis Rottweil;88.0;0;Jobcenter;Bund;Bundesministerium für Arbeit und Soziales (BMAS)
11974;Jobcenter Landkreis Schwandorf;88.0;0;Jobcenter;Bund;Bundesministerium für Arbeit und Soziales (BMAS)
14197;Jobcenter Landkreis Schwarzwald-Baar-Kreis - AA Villingen-Schwenningen;88.0;0;Jobcenter;Bund;Bundesministerium für Arbeit und Soziales (BMAS)
14200;Jobcenter Landkreis Sigmaringen;88.0;0;Jobcenter;Bund;Bundesministerium für Arbeit und Soziales (BMAS)
14162;Jobcenter Landkreis Sonneberg;88.0;0;Jobcenter;Bund;Bundesministerium für Arbeit und Soziales (BMAS)
14163;Jobcenter Landkreis Starnberg;88.0;0;Jobcenter;Bund;Bundesministerium für Arbeit und Soziales (BMAS)
4123;Jobcenter Landkreis Teltow-Fläming;88.0;0;Jobcenter;Bund;Bundesministerium für Arbeit und Soziales (BMAS)
14164;Jobcenter Landkreis Tübingen;88.0;0;Jobcenter;Bund;Bundesministerium für Arbeit und Soziales (BMAS)
12025;Jobcenter Landkreis Weilheim-Schongau;88.0;0;Jobcenter;Bund;Bundesministerium für Arbeit und Soziales (BMAS)
14225;Jobcenter Landkreis Wittenberg;88.0;0;Jobcenter;Bund;Bundesministerium für Arbeit und Soziales (BMAS)
12002;Jobcenter Landsberg am Lech;88.0;0;Jobcenter;Bund;Bundesministerium für Arbeit und Soziales (BMAS)
12003;Jobcenter Landshut Stadt;88.0;0;Jobcenter;Bund;Bundesministerium für Arbeit und Soziales (BMAS)
4330;Jobcenter Leipzig;88.0;0;Jobcenter;Bund;Bundesministerium für Arbeit und Soziales (BMAS)
14155;Jobcenter Limburg-Weilburg;88.0;0;Jobcenter;Bund;Bundesministerium für Arbeit und Soziales (BMAS)
14166;Jobcenter Lübeck;88.0;0;Jobcenter;Bund;Bundesministerium für Arbeit und Soziales (BMAS)
14167;Jobcenter Lüchow-Dannenberg;88.0;0;Jobcenter;Bund;Bundesministerium für Arbeit und Soziales (BMAS)
14057;Jobcenter Ludwigslust- Parchim;88.0;0;Jobcenter;Bund;Bundesministerium für Arbeit und Soziales (BMAS)
12004;Jobcenter Main-Spessart;88.0;0;Jobcenter;Bund;Bundesministerium für Arbeit und Soziales (BMAS)
14169;Jobcenter Main-Tauber;88.0;0;Jobcenter;Bund;Bundesministerium für Arbeit und Soziales (BMAS)
14170;Jobcenter Mainz;88.0;0;Jobcenter;Bund;Bundesministerium für Arbeit und Soziales (BMAS)
14171;Jobcenter Mannheim;88.0;0;Jobcenter;Bund;Bundesministerium für Arbeit und Soziales (BMAS)
7438;Jobcenter Mansfeld-Südharz;88.0;0;Jobcenter;Bund;Bundesministerium für Arbeit und Soziales (BMAS)
4143;Jobcenter Märkischer Kreis;88.0;0;Jobcenter;Bund;Bundesministerium für Arbeit und Soziales (BMAS)
4130;Jobcenter Märkisch-Oderland;88.0;0;Jobcenter;Bund;Bundesministerium für Arbeit und Soziales (BMAS)
4310;Jobcenter ME-aktiv Mettmann;88.0;0;Jobcenter;Bund;Bundesministerium für Arbeit und Soziales (BMAS)
14173;Jobcenter Mecklenburgische Seenplatte Nord;88.0;0;Jobcenter;Bund;Bundesministerium für Arbeit und Soziales (BMAS)
14174;Jobcenter Mecklenburgische Seenplatte Süd;88.0;0;Jobcenter;Bund;Bundesministerium für Arbeit und Soziales (BMAS)
12005;Jobcenter Memmingen;88.0;0;Jobcenter;Bund;Bundesministerium für Arbeit und Soziales (BMAS)
6056;Jobcenter Merzig-Wadern;88.0;0;Jobcenter;Bund;Bundesministerium für Arbeit und Soziales (BMAS)
14172;Jobcenter Mittelsachsen Freiberg-Mittweida Döbeln;88.0;0;Jobcenter;Bund;Bundesministerium für Arbeit und Soziales (BMAS)
4312;Jobcenter Mönchengladbach;88.0;0;Jobcenter;Bund;Bundesministerium für Arbeit und Soziales (BMAS)
12006;Jobcenter Mühldorf/Inn;88.0;0;Jobcenter;Bund;Bundesministerium für Arbeit und Soziales (BMAS)
14175;Jobcenter Neckar-Odenwald-Kreis;88.0;0;Jobcenter;Bund;Bundesministerium für Arbeit und Soziales (BMAS)
14176;Jobcenter Neumünster Rendsburg-Eckernförde;88.0;0;Jobcenter;Bund;Bundesministerium für Arbeit und Soziales (BMAS)
6067;Jobcenter Neunkirchen;88.0;0;Jobcenter;Bund;Bundesministerium für Arbeit und Soziales (BMAS)
14177;Jobcenter Neu-Ulm;88.0;0;Jobcenter;Bund;Bundesministerium für Arbeit und Soziales (BMAS)
14153;Jobcenter Neuwied;88.0;0;Jobcenter;Bund;Bundesministerium für Arbeit und Soziales (BMAS)
14178;Jobcenter Nordhausen;88.0;0;Jobcenter;Bund;Bundesministerium für Arbeit und Soziales (BMAS)
14179;Jobcenter Nordsachsen;88.0;0;Jobcenter;Bund;Bundesministerium für Arbeit und Soziales (BMAS)
14059;Jobcenter Nordwestmecklenburg;88.0;0;Jobcenter;Bund;Bundesministerium für Arbeit und Soziales (BMAS)
12010;Jobcenter Nürnberger Land;88.0;0;Jobcenter;Bund;Bundesministerium für Arbeit und Soziales (BMAS)
12009;Jobcenter Nürnberg Stadt;88.0;0;Jobcenter;Bund;Bundesministerium für Arbeit und Soziales (BMAS)
4299;Jobcenter Oberberg;88.0;0;Jobcenter;Bund;Bundesministerium für Arbeit und Soziales (BMAS)
4316;Jobcenter Oberhausen;88.0;0;Jobcenter;Bund;Bundesministerium für Arbeit und Soziales (BMAS)
4133;Jobcenter Oberspreewald-Lausitz;88.0;0;Jobcenter;Bund;Bundesministerium für Arbeit und Soziales (BMAS)
12011;Jobcenter Ostallgäu;88.0;0;Jobcenter;Bund;Bundesministerium für Arbeit und Soziales (BMAS)
7202;Jobcenter Ostholstein;88.0;0;Jobcenter;Bund;Bundesministerium für Arbeit und Soziales (BMAS)
12012;Jobcenter Passau Land;88.0;0;Jobcenter;Bund;Bundesministerium für Arbeit und Soziales (BMAS)
12013;Jobcenter Passau Stadt;88.0;0;Jobcenter;Bund;Bundesministerium für Arbeit und Soziales (BMAS)
14184;Jobcenter Pirmasens;88.0;0;Jobcenter;Bund;Bundesministerium für Arbeit und Soziales (BMAS)
4126;Jobcenter Prignitz;88.0;0;Jobcenter;Bund;Bundesministerium für Arbeit und Soziales (BMAS)
12019;Jobcenter Regensburg Stadt;88.0;0;Jobcenter;Bund;Bundesministerium für Arbeit und Soziales (BMAS)
14186;Jobcenter Region Hannover;88.0;0;Jobcenter;Bund;Bundesministerium für Arbeit und Soziales (BMAS)
4320;Jobcenter Remscheid;88.0;0;Jobcenter;Bund;Bundesministerium für Arbeit und Soziales (BMAS)
14187;Jobcenter Rems-Murr;88.0;0;Jobcenter;Bund;Bundesministerium für Arbeit und Soziales (BMAS)
4278;Jobcenter Rhein-Berg;88.0;0;Jobcenter;Bund;Bundesministerium für Arbeit und Soziales (BMAS)
4283;Jobcenter Rhein-Erft Kreis;88.0;0;Jobcenter;Bund;Bundesministerium für Arbeit und Soziales (BMAS)
14188;Jobcenter Rhein-Hunsrück;88.0;0;Jobcenter;Bund;Bundesministerium für Arbeit und Soziales (BMAS)
4315;Jobcenter Rhein-Kreis Neuss;88.0;0;Jobcenter;Bund;Bundesministerium für Arbeit und Soziales (BMAS)
14189;Jobcenter Rhein-Lahn/ Bad Ems;88.0;0;Jobcenter;Bund;Bundesministerium für Arbeit und Soziales (BMAS)
14060;Jobcenter Rhein-Neckar-Kreis;88.0;0;Jobcenter;Bund;Bundesministerium für Arbeit und Soziales (BMAS)
4321;Jobcenter Rhein-Sieg;88.0;0;Jobcenter;Bund;Bundesministerium für Arbeit und Soziales (BMAS)
12014;Jobcenter Rosenheim Stadt;88.0;0;Jobcenter;Bund;Bundesministerium für Arbeit und Soziales (BMAS)
12015;Jobcenter Roth;88.0;0;Jobcenter;Bund;Bundesministerium für Arbeit und Soziales (BMAS)
14190;Jobcenter Saale-Holzland;88.0;0;Jobcenter;Bund;Bundesministerium für Arbeit und Soziales (BMAS)
14191;Jobcenter Saale-Orla-Kreis;88.0;0;Jobcenter;Bund;Bundesministerium für Arbeit und Soziales (BMAS)
14192;Jobcenter Saalfeld-Rudolstadt;88.0;0;Jobcenter;Bund;Bundesministerium für Arbeit und Soziales (BMAS)
14182;Jobcenter Sächsische Schweiz-Osterzgebirge;88.0;0;Jobcenter;Bund;Bundesministerium für Arbeit und Soziales (BMAS)
14193;Jobcenter Salzgitter;88.0;0;Jobcenter;Bund;Bundesministerium für Arbeit und Soziales (BMAS)
12016;Jobcenter Schwabach;88.0;0;Jobcenter;Bund;Bundesministerium für Arbeit und Soziales (BMAS)
14198;Jobcenter Schwerin;88.0;0;Jobcenter;Bund;Bundesministerium für Arbeit und Soziales (BMAS)
14201;Jobcenter Sömmerda;88.0;0;Jobcenter;Bund;Bundesministerium für Arbeit und Soziales (BMAS)
14202;Jobcenter Stade;88.0;0;Jobcenter;Bund;Bundesministerium für Arbeit und Soziales (BMAS)
14088;Jobcenter Stadt Ansbach;88.0;0;Jobcenter;Bund;Bundesministerium für Arbeit und Soziales (BMAS)
12017;Jobcenter Stadt Aschaffenburg;88.0;0;Jobcenter;Bund;Bundesministerium für Arbeit und Soziales (BMAS)
12018;Jobcenter Stadt Bamberg;88.0;0;Jobcenter;Bund;Bundesministerium für Arbeit und Soziales (BMAS)
4280;Jobcenter StädteRegion Aachen;88.0;0;Jobcenter;Bund;Bundesministerium für Arbeit und Soziales (BMAS)
14127;Jobcenter Stadt Gera;88.0;0;Jobcenter;Bund;Bundesministerium für Arbeit und Soziales (BMAS)
14203;Jobcenter Stadt Heilbronn;88.0;0;Jobcenter;Bund;Bundesministerium für Arbeit und Soziales (BMAS)
14204;Jobcenter Stadt Kaiserslautern;88.0;0;Jobcenter;Bund;Bundesministerium für Arbeit und Soziales (BMAS)
16474;Jobcenter Stadt Karlsruhe;;0;Jobcenter;Bund;Bundesministerium für Arbeit und Soziales (BMAS)
14205;Jobcenter Stadt Kassel;88.0;0;Jobcenter;Bund;Bundesministerium für Arbeit und Soziales (BMAS)
14144;Jobcenter Stadt Koblenz;88.0;0;Jobcenter;Bund;Bundesministerium für Arbeit und Soziales (BMAS)
12007;Jobcenter Stadt München;88.0;0;Jobcenter;Bund;Bundesministerium für Arbeit und Soziales (BMAS)
5129;Jobcenter Stadt Oldenburg;88.0;0;Jobcenter;Bund;Bundesministerium für Arbeit und Soziales (BMAS)
12020;Jobcenter Stadt Würzburg;88.0;0;Jobcenter;Bund;Bundesministerium für Arbeit und Soziales (BMAS)
14206;Jobcenter Steinburg;88.0;0;Jobcenter;Bund;Bundesministerium für Arbeit und Soziales (BMAS)
14154;Jobcenter Stendal;88.0;0;Jobcenter;Bund;Bundesministerium für Arbeit und Soziales (BMAS)
14207;Jobcenter Stormarn;88.0;0;Jobcenter;Bund;Bundesministerium für Arbeit und Soziales (BMAS)
12021;Jobcenter Straubing- Bogen;88.0;0;Jobcenter;Bund;Bundesministerium für Arbeit und Soziales (BMAS)
14209;Jobcenter Suhl;88.0;0;Jobcenter;Bund;Bundesministerium für Arbeit und Soziales (BMAS)
13632;Jobcenter team.arbeit.hamburg;88.0;0;Jobcenter;Bund;Bundesministerium für Arbeit und Soziales (BMAS)
12022;Jobcenter Tirschenreuth;88.0;0;Jobcenter;Bund;Bundesministerium für Arbeit und Soziales (BMAS)
12023;Jobcenter Traunstein;88.0;0;Jobcenter;Bund;Bundesministerium für Arbeit und Soziales (BMAS)
14210;Jobcenter Trier;88.0;0;Jobcenter;Bund;Bundesministerium für Arbeit und Soziales (BMAS)
14211;Jobcenter Trier-Saarburg;88.0;0;Jobcenter;Bund;Bundesministerium für Arbeit und Soziales (BMAS)
14062;Jobcenter Uecker-Randow, Vorpommern - Greifswald Süd;88.0;0;Jobcenter;Bund;Bundesministerium für Arbeit und Soziales (BMAS)
14165;Jobcenter Uelzen;88.0;0;Jobcenter;Bund;Bundesministerium für Arbeit und Soziales (BMAS)
14212;Jobcenter Ulm;88.0;0;Jobcenter;Bund;Bundesministerium für Arbeit und Soziales (BMAS)
14213;Jobcenter Unstrut-Hainich-Kreis;88.0;0;Jobcenter;Bund;Bundesministerium für Arbeit und Soziales (BMAS)
12000;Jobcenter Unterallgäu;88.0;0;Jobcenter;Bund;Bundesministerium für Arbeit und Soziales (BMAS)
14216;Jobcenter Vorderpfalz-Ludwigshafen;88.0;0;Jobcenter;Bund;Bundesministerium für Arbeit und Soziales (BMAS)
14063;Jobcenter Waldeck-Frankenberg;88.0;0;Jobcenter;Bund;Bundesministerium für Arbeit und Soziales (BMAS)
14217;Jobcenter Wartburgkreis;88.0;0;Jobcenter;Bund;Bundesministerium für Arbeit und Soziales (BMAS)
12024;Jobcenter Weiden-Neustadt;88.0;0;Jobcenter;Bund;Bundesministerium für Arbeit und Soziales (BMAS)
14218;Jobcenter Weimar;88.0;0;Jobcenter;Bund;Bundesministerium für Arbeit und Soziales (BMAS)
14219;Jobcenter Weimarer Land;88.0;0;Jobcenter;Bund;Bundesministerium für Arbeit und Soziales (BMAS)
12026;Jobcenter Weißenburg-Gunzenhausen;88.0;0;Jobcenter;Bund;Bundesministerium für Arbeit und Soziales (BMAS)
14220;Jobcenter Werra-Meißner;88.0;0;Jobcenter;Bund;Bundesministerium für Arbeit und Soziales (BMAS)
14221;Jobcenter Wesermarsch;88.0;0;Jobcenter;Bund;Bundesministerium für Arbeit und Soziales (BMAS)
14222;Jobcenter Westerwald;88.0;0;Jobcenter;Bund;Bundesministerium für Arbeit und Soziales (BMAS)
14223;Jobcenter Wetteraukreis;88.0;0;Jobcenter;Bund;Bundesministerium für Arbeit und Soziales (BMAS)
14224;Jobcenter Wilhelmshaven;88.0;0;Jobcenter;Bund;Bundesministerium für Arbeit und Soziales (BMAS)
12027;Jobcenter Wittelsbacher Land;88.0;0;Jobcenter;Bund;Bundesministerium für Arbeit und Soziales (BMAS)
14227;Jobcenter Wolfenbüttel;88.0;0;Jobcenter;Bund;Bundesministerium für Arbeit und Soziales (BMAS)
14228;Jobcenter Wolfsburg;88.0;0;Jobcenter;Bund;Bundesministerium für Arbeit und Soziales (BMAS)
14230;Jobcenter Zollernalbkreis;88.0;0;Jobcenter;Bund;Bundesministerium für Arbeit und Soziales (BMAS)
14231;Jobcenter Zweibrücken;88.0;0;Jobcenter;Bund;Bundesministerium für Arbeit und Soziales (BMAS)
14232;Jobcenter Zwickau;88.0;0;Jobcenter;Bund;Bundesministerium für Arbeit und Soziales (BMAS)
616;Johann Heinrich von Thünen-Institut,Bundesforschungsinstitut für Ländliche Räume, Wald und Fischerei;90.0;1;;Bund;Bundesministerium für Ernährung und Landwirtschaft (BMEL)
51161;Jülicher Entsorgungsgesellschaft für Nuklearanlagen mbH;;0;Endlagerung;Bund;Bundesministerium für Umwelt, Naturschutz, nukleare Sicherheit und Verbraucherschutz (BMUV)
617;Julius-Kühn Institut, Bundesforschungsinstitut für Kulturpflanzen;90.0;1;Forschung;Bund;Bundesministerium für Ernährung und Landwirtschaft (BMEL)
618;juris GmbH - Das juristische Informationssystem Deutschland;;0;Unternehmen;Bund;Bundesministerium des Innern und für Heimat (BMI)
619;Kassenärztliche Bundesvereinigung;92.0;1;Krankenkasse;Bund;Bundesministerium für Gesundheit (BMG)
620;Kassenzahnärztliche Bundesvereinigung;92.0;1;Krankenkasse;Bund;Bundesministerium für Gesundheit (BMG)
16848;Katholisches Datenschutzzentrum;;0;Kirche;Bund;Bundesministerium der Justiz (BMJ)
625;Katholisches Militärbischofsamt;86.0;1;Bundeswehr;Bund;Bundesministerium der Verteidigung (BMVg)
6605;Kaufmännische Krankenkasse – KKH;135.0;0;Krankenkasse;Bund;Bundesministerium für Arbeit und Soziales (BMAS)
626;KfW-Entwicklungsbank;656.0;2;Entwicklungsbank;Bund;Bundesministerium der Finanzen (BMF)
627;KfW IPEX-Bank;656.0;2;Bank;Bund;Bundesministerium der Finanzen (BMF)
628;KfW-Kommunalbank;656.0;2;Bank;Bund;Bundesministerium der Finanzen (BMF)
632;KfW Mittelstandsbank;;0;Bank;Bund;Bundesministerium der Finanzen (BMF)
633;KfW Privatkundenbank;;0;Bank;Bund;Bundesministerium der Finanzen (BMF)
4171;KFZ-Zulassungsstelle in Eschenburg;;0;Zulassung;Bund;Bundesministerium des Innern und für Heimat (BMI)
636;Klassik Stiftung Weimar;;0;;Bund;Beauftragte der Bundesregierung für Kultur und Medien (BKM)
637;Klosterstift St. Marienthal;;0;Kirche;Bund;Bundesministerium des Innern und für Heimat (BMI)
50442;KMK - Zentralstelle für Ausländisches Bildungswesen;;0;Berufsbildung;Bund;Bundesministerium für Bildung und Forschung (BMBF)
51988;KNAPPSCHAFT;;0;Krankenkasse;Bund;Bundesministerium für Gesundheit (BMG)
50937;Kommando Cyber- und Informationsraum;;0;Bundeswehr;Bund;Bundesministerium der Verteidigung (BMVg)
752;Kommando Luftwaffe Presse- und  Informationszentrum;86.0;1;Bundeswehr;Bund;Bundesministerium der Verteidigung (BMVg)
641;Kommando Operative Führung Eingreifkräfte;86.0;1;Bundeswehr;Bund;Bundesministerium der Verteidigung (BMVg)
862;Kommando Streitkräftebasis;86.0;1;Bundeswehr;Bund;Bundesministerium der Verteidigung (BMVg)
49264;Kommission für Anlagensicherheit;;0;Umweltschutz;Bund;Bundesministerium für Umwelt, Naturschutz, nukleare Sicherheit und Verbraucherschutz (BMUV)
16561;Kommission für Kinder- und Jugendmedienschutz;;0;;Bund;Bundesministerium für Familie, Senioren, Frauen und Jugend (BMFSFJ)
4142;Kommission für Zulassung und Aufsicht;;0;Medien;Bund;Bundesministerium des Innern und für Heimat (BMI)
51745;Kommission zur Ermittlung der Finanzbedarfe der öffentlich-rechtlichen Rundfunkanstalten;;0;Rundfunk;Bund;Bundesministerium der Finanzen (BMF)
14701;Kommission zur Ermittlung der Konzentration im Medienbereich (KEK);;0;Medienanstalt;Bund;Bundesministerium des Innern und für Heimat (BMI)
644;Kommunale Gemeinschaftsstelle für Verwaltungsmanagement;;0;;Bund;Bundesministerium des Innern und für Heimat (BMI)
51711;Kommunaler Schadenausgleich;;0;Gesundheit;Bund;Bundesministerium für Gesundheit (BMG)
645;Kompetenzzentrum für das Kassen- und Rechnungswesen des Bundes;62.0;2;Rechnungswesen;Bund;Bundesministerium der Finanzen (BMF)
16531;Kompetenzzentrum Rechtsinformationssystem des Bundes;;0;Technologie;Bund;Bundesministerium des Innern und für Heimat (BMI)
646;Konrad-Adenauer-Stiftung e.V.;;0;Politische Stiftung;Bund;Beauftragte der Bundesregierung für Kultur und Medien (BKM)
647;Koordinator der Bundesregierung für Güterverkehr und Logistik;94.0;1;Beauftragte;Bund;Bundesministerium für Digitales und Verkehr (BMDV)
653;Koordinator für die deutsch-polnische zwischengesellschaftliche und grenznahe Zusammenarbeit;43.0;1;Beauftragte;Bund;Auswärtiges Amt (AA)
652;Koordinatorin der Bundesregierung für die Maritime Wirtschaft und Tourismus;96.0;1;Beauftragte;Bund;Bundesministerium für Wirtschaft und Klimaschutz (BMWK)
648;Koordinatorin der Bundesregierung für Luft- und Raumfahrt;96.0;1;Beauftragte;Bund;Bundesministerium für Wirtschaft und Klimaschutz (BMWK)
649;Koordinator(in) für die transatlantische zwischengesellschaftliche, kultur- und informationspolitische Zusammenarbeit;43.0;1;Beauftragte;Bund;Auswärtiges Amt (AA)
49003;Koordinator(in) für die transatlantische zwischengesellschaftliche, kultur-und informationspolitische Zusammenarbeit;;0;Beauftragte;Bund;Bundesministerium für Arbeit und Soziales (BMAS)
650;Koordinator(in) für die zwischengesellschafts- politische Zusammenarbeit mit Russland, Zentralasien und den Ländern der Östlichen Partnerschaft;43.0;1;Beauftragte;Bund;Auswärtiges Amt (AA)
51649;Koordinierungsausschuss der Patientenvertretung;;0;Gesundheitsschutz;Bund;Bundesministerium für Gesundheit (BMG)
654;Kraftfahrt-Bundesamt;94.0;1;Automobil;Bund;Bundesministerium für Digitales und Verkehr (BMDV)
655;Krankenversorgung der Bundesbahnbeamten;94.0;1;Sozialversicherung;Bund;Bundesministerium für Digitales und Verkehr (BMDV)
656;Kreditanstalt für Wiederaufbau Bankengruppe (KfW);84.0;1;Bank;Bund;Bundesministerium der Finanzen (BMF)
709;Kulturstiftung des Bundes;;0;Stiftung des Privatrechts;Bund;Beauftragte der Bundesregierung für Kultur und Medien (BKM)
710;Kulturveranstaltungen des Bundes in Berlin GmbH;155.0;1;Kunst;Bund;Beauftragte der Bundesregierung für Kultur und Medien (BKM)
50144;Kunstforum Ostdeutsche Galerie;;0;Stiftung des Privatrechts;Bund;Beauftragte der Bundesregierung für Kultur und Medien (BKM)
711;Künstlersozialkasse;877.0;1;Krankenkasse;Bund;Bundesministerium für Arbeit und Soziales (BMAS)
629;Kunst- und Ausstellungshalle der Bundesrepublik Deutschland GmbH;155.0;1;Kunst;Bund;Beauftragte der Bundesregierung für Kultur und Medien (BKM)
630;Kuratorium für Technik und Bauwesen in der Landwirtschaft e.V.;;0;Technologie;Bund;Bundesministerium für Wirtschaft und Klimaschutz (BMWK)
631;Kuratorium für Waldarbeit und Forsttechnik e.V.;;0;Forst und Wald;Bund;Bundesministerium für Arbeit und Soziales (BMAS)
7700;Kuratorium junger deutscher Film;;0;Film;Bund;Bundesministerium des Innern und für Heimat (BMI)
50145;Kurt-Wolff-Stiftung;;0;Stiftung des Privatrechts;Bund;Beauftragte der Bundesregierung für Kultur und Medien (BKM)
51702;Länderausschuss für Arbeitsschutz und Sicherheitstechnik;;0;Arbeitsschutz;Bund;Bundesministerium für Arbeit und Soziales (BMAS)
17051;Landeskommando Baden-Württemberg;;0;Bundeswehr;Bund;Bundesministerium der Verteidigung (BMVg)
15619;Lausitzer und Mitteldeutsche Bergbau-Verwaltungsgesellschaft mbH;;0;Energie;Bund;Bundesministerium für Wirtschaft und Klimaschutz (BMWK)
715;Leibniz-Gemeinschaft;;0;Leibniz-Institut;Bund;Bundesministerium für Bildung und Forschung (BMBF)
716;Leibniz-Institut für Agrarentwicklung in Mittel- und Osteuropa;90.0;1;Leibniz-Institut;Bund;Bundesministerium für Ernährung und Landwirtschaft (BMEL)
717;Leibniz-Institut für Agrartechnik Potsdam-Bornim e.V.;715.0;1;Leibniz-Institut;Bund;Bundesministerium für Bildung und Forschung (BMBF)
718;Leibniz-Institut für Altersforschung - Fritz-Lipmann-Institut;715.0;1;Leibniz-Institut;Bund;Bundesministerium für Bildung und Forschung (BMBF)
719;Leibniz-Institut für Angewandte Geophysik;;0;Leibniz-Institut;Bund;Bundesministerium für Bildung und Forschung (BMBF)
720;Leibniz-Institut für Arterioskleroseforschung an der Universität Münster;;0;Leibniz-Institut;Bund;Bundesministerium für Bildung und Forschung (BMBF)
721;Leibniz-Institut für Atmosphärenphysik an der Universität Rostock;;0;Leibniz-Institut;Bund;Bundesministerium für Bildung und Forschung (BMBF)
722;Leibniz-Institut für die Pädagogik der Naturwissenschaften an der Universität Kiel;;0;Leibniz-Institut;Bund;Bundesministerium für Bildung und Forschung (BMBF)
723;Leibniz-Institut für Festkörper- und Werkstoffforschung;;0;Leibniz-Institut;Bund;Bundesministerium für Bildung und Forschung (BMBF)
724;Leibniz-Institut für Gewässerökologie und Binnenfischerei;;0;Leibniz-Institut;Bund;Bundesministerium für Bildung und Forschung (BMBF)
725;Leibniz-Institut für Katalyse e.V.;;0;Leibniz-Institut;Bund;Bundesministerium für Bildung und Forschung (BMBF)
726;Leibniz-Institut für Kristallzüchtung;;0;Leibniz-Institut;Bund;Bundesministerium für Bildung und Forschung (BMBF)
727;Leibniz-Institut für Länderkunde;;0;Leibniz-Institut;Bund;Bundesministerium für Bildung und Forschung (BMBF)
728;Leibniz-Institut für Meereswissenschaften;;0;Leibniz-Institut;Bund;Bundesministerium für Bildung und Forschung (BMBF)
729;Leibniz-Institut für Molekulare Pharmakologie;;0;Leibniz-Institut;Bund;Bundesministerium für Bildung und Forschung (BMBF)
730;Leibniz-Institut für Naturstoff-Forschung und Infektionsbiologie - Hans-Knöll-Institut e.V.;715.0;1;Leibniz-Institut;Bund;Bundesministerium für Bildung und Forschung (BMBF)
731;Leibniz-Institut für Neue Materialien;;0;Leibniz-Institut;Bund;Bundesministerium für Bildung und Forschung (BMBF)
732;Leibniz-Institut für Neurobiologie;715.0;1;Leibniz-Institut;Bund;Bundesministerium für Bildung und Forschung (BMBF)
733;Leibniz-Institut für Oberflächenmodifizierung e. V.;;0;Leibniz-Institut;Bund;Bundesministerium für Bildung und Forschung (BMBF)
734;Leibniz-Institut für ökologische Raumentwicklung;;0;Leibniz-Institut;Bund;Bundesministerium für Bildung und Forschung (BMBF)
735;Leibniz-Institut für Ostseeforschung Warnemünde;;0;Leibniz-Institut;Bund;Bundesministerium für Bildung und Forschung (BMBF)
736;Leibniz-Institut für Pflanzenbiochemie;;0;Leibniz-Institut;Bund;Bundesministerium für Bildung und Forschung (BMBF)
737;Leibniz-Institut für Pflanzengenetik und Kulturpflanzenforschung;;0;Leibniz-Institut;Bund;Beauftragte der Bundesregierung für Kultur und Medien (BKM)
738;Leibniz-Institut für Plasmaforschung und Technologie;;0;Leibniz-Institut;Bund;Bundesministerium für Bildung und Forschung (BMBF)
739;Leibniz-Institut für Regionalentwicklung und Strukturplanung;;0;Leibniz-Institut;Bund;Bundesministerium für Bildung und Forschung (BMBF)
740;Leibniz-Institut für Troposphärenforschung;;0;Leibniz-Institut;Bund;Bundesministerium für Bildung und Forschung (BMBF)
741;Leibniz-Institut für Zoo- und Wildtierforschung;;0;Leibniz-Institut;Bund;Bundesministerium für Bildung und Forschung (BMBF)
742;Leibniz-Zentrum für Agrarlandschaftsforschung e.V.;715.0;1;Leibniz-Institut;Bund;Bundesministerium für Bildung und Forschung (BMBF)
743;"Leibniz-Zentrum für Informatik GmbH - 
Schloss Dagstuhl";;0;Leibniz-Institut;Bund;Bundesministerium für Bildung und Forschung (BMBF)
16504;Leibniz-Zentrum für Zeithistorische Forschung Potsdam e. V.;;0;Leibniz-Institut;Bund;Bundesministerium für Bildung und Forschung (BMBF)
744;Logistikamt der Bundeswehr;862.0;2;Bundeswehr;Bund;Bundesministerium der Verteidigung (BMVg)
745;Logistikzentrum der Bundeswehr;862.0;2;Bundeswehr;Bund;Bundesministerium der Verteidigung (BMVg)
746;Logistikzentrum Heiligenhaus;296.0;2;Dienstleistung;Bund;Bundesministerium des Innern und für Heimat (BMI)
13;Luftfahrtamt der Bundeswehr;86.0;1;Bundeswehr;Bund;Bundesministerium der Verteidigung (BMVg)
749;Luftfahrt-Bundesamt;94.0;1;Luftverkehr;Bund;Bundesministerium für Digitales und Verkehr (BMDV)
750;Luftlande- und Lufttransportschule;;0;Militärische Ausbildungsstätte;Bund;Bundesministerium der Verteidigung (BMVg)
754;Luftwaffenführungskommando;86.0;1;Bundeswehr;Bund;Bundesministerium der Verteidigung (BMVg)
755;Luftwaffenunterstützungsgruppe Wahn;752.0;2;Bundeswehr;Bund;Bundesministerium der Verteidigung (BMVg)
756;Marineamt Hanse-Kaserne;86.0;1;Bundeswehr;Bund;Bundesministerium der Verteidigung (BMVg)
757;Marinearsenal Wilhelmshaven;279.0;2;Bundeswehr;Bund;Bundesministerium der Verteidigung (BMVg)
439;Marinekommando;86.0;1;Bundeswehr;Bund;Bundesministerium der Verteidigung (BMVg)
758;Marineoperationsschule;;0;Militärische Ausbildungsstätte;Bund;Bundesministerium der Verteidigung (BMVg)
759;Marineschule Mürwik;;0;Militärische Ausbildungsstätte;Bund;Bundesministerium der Verteidigung (BMVg)
760;Marinetechnikschule;;0;Militärische Ausbildungsstätte;Bund;Bundesministerium der Verteidigung (BMVg)
761;Mathematisches Forschungsinstitut Oberwolfach;;0;;Bund;Bundesministerium für Bildung und Forschung (BMBF)
762;Max-Born-Institut für Nichtlineare Optik und Kurzzeitspektroskopie;;0;;Bund;Bundesministerium des Innern und für Heimat (BMI)
763;Max-Delbrück-Centrum für Molekulare Medizin Berlin-Buch;715.0;1;Forschung;Bund;Bundesministerium für Bildung und Forschung (BMBF)
764;Max-Planck-Gesellschaft zur Förderung der Wissenschaften e.V.;;0;Forschung;Bund;Bundesministerium für Bildung und Forschung (BMBF)
765;Max-Planck-Institut für Eisenforschung GmbH;;0;;Bund;Bundesministerium für Bildung und Forschung (BMBF)
766;Max-Planck-Institut für Kohlenforschung;;0;;Bund;Beauftragte der Bundesregierung für Kultur und Medien (BKM)
767;Max-Planck-Institut für Plasmaphysik;;0;Forschung;Bund;Bundesministerium für Bildung und Forschung (BMBF)
768;"Max Rubner-Institut,
Bundesforschungsinstitut für Ernährung und Lebensmittel";90.0;1;;Bund;Bundesministerium für Ernährung und Landwirtschaft (BMEL)
850;Max Weber Stiftung - Deutsche Geisteswissenschaftliche Institute im Ausland;;0;Stiftung des öffentlichen Rechts;Bund;Bundesministerium für Bildung und Forschung (BMBF)
51681;MD-IT GmbH;;0;Dienstleistung;Bund;Bundesministerium des Innern und für Heimat (BMI)
14689;Medizinischer Dienst Bund (MD Bund);;0;Krankenkasse;Bund;Bundesministerium für Gesundheit (BMG)
52008;Mercedes-Benz BKK;;0;Krankenkasse;Bund;Bundesministerium für Gesundheit (BMG)
15896;mhplus Betriebskrankenkasse;;0;Krankenkasse;Bund;Bundesministerium für Gesundheit (BMG)
769;Militärgeschichtliches Forschungsamt;861.0;2;Bundeswehr;Bund;Bundesministerium der Verteidigung (BMVg)
49159;Mobilfunkinfrastrukturgesellschaft mbH;94.0;0;Unternehmen;Bund;Bundesministerium für Digitales und Verkehr (BMDV)
770;Monopolkommission;;0;Wettbewerbsbehörde;Bund;Bundesministerium des Innern und für Heimat (BMI)
771;Museum für Naturkunde Leibniz-Institut für Evolutions- und Biodiversitätsforschung an der Humboldt-Universität zu Berlin;;0;Museum und Ausstellungen;Bund;Beauftragte der Bundesregierung für Kultur und Medien (BKM)
772;Museumsstiftung Post und Telekommunikation;84.0;1;Museum und Ausstellungen;Bund;Bundesministerium der Finanzen (BMF)
773;Nationale Anti-Doping Agentur;;0;;Bund;Bundesministerium des Innern und für Heimat (BMI)
49881;Nationale Forschungsdateninfrastruktur e.V.;;0;Forschung;Bund;Bundesministerium für Bildung und Forschung (BMBF)
50875;Nationale Leitstelle Ladeinfrastruktur;;0;Energie;Bund;Bundesministerium für Wirtschaft und Klimaschutz (BMWK)
774;Nationaler Normenkontrollrat;;0;Beirat;Bund;Bundesministerium des Innern und für Heimat (BMI)
14678;Nationales Begleitgremium;;0;Konferenz;Bund;Bundesministerium des Innern und für Heimat (BMI)
14695;Nationale Stelle zur Verhütung von Folter;;0;;Bund;Bundesministerium des Innern und für Heimat (BMI)
775;Neubauamt Hannover;942.0;2;Bau;Bund;Bundesministerium für Digitales und Verkehr (BMDV)
7772;Novitas BKK;;0;Krankenkasse;Bund;Bundesministerium für Gesundheit (BMG)
776;Offizierschule der Luftwaffe;;0;Militärische Ausbildungsstätte;Bund;Bundesministerium der Verteidigung (BMVg)
777;Offizierschule des Heeres;;0;Militärische Ausbildungsstätte;Bund;Bundesministerium der Verteidigung (BMVg)
778;Ostpreußisches Landesmuseum;;0;Museum und Ausstellungen;Bund;Beauftragte der Bundesregierung für Kultur und Medien (BKM)
779;Otto Benecke Stiftung e.V.;;0;Stiftung;Bund;Beauftragte der Bundesregierung für Kultur und Medien (BKM)
780;Otto-von-Bismarck-Stiftung;;0;Stiftung des öffentlichen Rechts;Bund;Beauftragte der Bundesregierung für Kultur und Medien (BKM)
786;Patentanwaltskammer;;0;Rechtsanwaltskammer;Bund;Bundesministerium der Justiz (BMJ)
50071;PATRIP-Stiftung;;0;Stiftung des Privatrechts;Bund;Auswärtiges Amt (AA)
787;Paul-Drude-Institut für Festkörperelektronik;;0;;Bund;Bundesministerium des Innern und für Heimat (BMI)
788;Paul-Ehrlich-Institut;92.0;1;Arzneimittel und Medizin;Bund;Bundesministerium für Gesundheit (BMG)
51775;PCK Raffinerie GmbH;;0;Unternehmen;Bund;Bundesministerium des Innern und für Heimat (BMI)
51262;PD - Berater der öffentlichen Hand GmbH;;0;Beratungsstelle;Bund;Bundesministerium des Innern und für Heimat (BMI)
791;Persönlicher Beauftragter der Bundeskanzlerin für die G7/G20-Gipfel;96.0;1;Beauftragte;Bund;Bundesministerium für Wirtschaft und Klimaschutz (BMWK)
792;Physikalisch-Technische Bundesanstalt;96.0;1;;Bund;Bundesministerium für Wirtschaft und Klimaschutz (BMWK)
793;Pionierschule und Fachschule des Heeres für Bautechnik;;0;Militärische Ausbildungsstätte;Bund;Bundesministerium der Verteidigung (BMVg)
51646;Polizeibeauftragter des Bundes beim Deutschen Bundestag;;0;Polizei;Bund;Bundesministerium des Innern und für Heimat (BMI)
50282;Polizeiliche Kriminalprävention der Länder und des Bundes;;0;;Bund;Bundesministerium des Innern und für Heimat (BMI)
50146;Pommersches Landesmuseum;;0;Stiftung des Privatrechts;Bund;Beauftragte der Bundesregierung für Kultur und Medien (BKM)
794;Postbeamtenkrankenkasse;292.0;2;Krankenkasse;Bund;Bundesministerium der Finanzen (BMF)
795;Potsdam-Institut für Klimafolgenforschung;;0;;Bund;Bundesministerium für Bildung und Forschung (BMBF)
50136;Prespa Ohrid Nature Trust;;0;Stiftung des Privatrechts;Bund;Bundesministerium für wirtschaftliche Zusammenarbeit und Entwicklung (BMZ)
796;Presse- und Informationsamt der Bundesregierung;;0;;Bund;Bundeskanzleramt (BKAmt)
797;Presse- und Informationszentrum des Sanitätsdienstes;86.0;1;Bundeswehr;Bund;Bundesministerium der Verteidigung (BMVg)
799;Projektträger Jülich;;0;Forschung;Bund;Bundesministerium für Bildung und Forschung (BMBF)
6580;pronovaBKK;135.0;0;Krankenkasse;Bund;Bundesministerium für Arbeit und Soziales (BMAS)
800;Prüfungsamt des Bundes Berlin;119.0;1;Rechnungshof;Bund;Bundesministerium der Finanzen (BMF)
801;Prüfungsamt des Bundes Frankfurt am Main;119.0;1;Prüfungsamt;Bund;Bundesministerium der Finanzen (BMF)
802;Prüfungsamt des Bundes Hamburg;119.0;1;Prüfungsamt;Bund;Bundesministerium der Finanzen (BMF)
803;Prüfungsamt des Bundes Hannover;119.0;1;Prüfungsamt;Bund;Bundesministerium der Finanzen (BMF)
804;Prüfungsamt des Bundes Koblenz;119.0;1;Prüfungsamt;Bund;Bundesministerium der Finanzen (BMF)
805;Prüfungsamt des Bundes Köln;119.0;1;Prüfungsamt;Bund;Bundesministerium der Finanzen (BMF)
806;Prüfungsamt des Bundes Magdeburg;119.0;1;Prüfungsamt;Bund;Bundesministerium der Finanzen (BMF)
807;Prüfungsamt des Bundes München;119.0;1;Prüfungsamt;Bund;Bundesministerium der Finanzen (BMF)
808;Prüfungsamt des Bundes Stuttgart;119.0;1;Prüfungsamt;Bund;Bundesministerium der Finanzen (BMF)
13468;Psychotherapeutenkammer Ostdeutschland;;0;Psychotherapeutenkammer;Bund;Bundesministerium für Wirtschaft und Klimaschutz (BMWK)
809;Rechtsanwaltskammer beim Bundesgerichtshof;;0;Rechtsanwaltskammer;Bund;Bundesministerium der Justiz (BMJ)
9027;Regionaldirektion Baden-Württemberg der Bundesagentur für Arbeit;88.0;0;Regionaldirektion der Agentur für Arbeit;Bund;Bundesministerium für Arbeit und Soziales (BMAS)
811;Reichspräsident-Friedrich-Ebert-Gedenkstätte;155.0;1;Gedenkstätte;Bund;Beauftragte der Bundesregierung für Kultur und Medien (BKM)
49141;Repräsentanz der Deutschen Wirtschaft in Belarus (AHK);;0;Handwerkskammer;Bund;Bundesministerium für Wirtschaft und Klimaschutz (BMWK)
812;Rheinisch-Westfälisches Institut für Wirtschaftsforschung e.V.;;0;Forschung;Bund;Bundesministerium für Bildung und Forschung (BMBF)
813;Rhein-Main-Donau Wasserstraßen GmbH;946.0;2;Wasser und Schifffahrt;Bund;Bundesministerium für Digitales und Verkehr (BMDV)
50147;Richard-Wagner-Stiftung;;0;Stiftung des Privatrechts;Bund;Beauftragte der Bundesregierung für Kultur und Medien (BKM)
15851;RKW Rationalisierungs- und Innovationszentrum der Deutschen Wirtschaft e. V.;;0;Forschung;Bund;Bundesministerium für Bildung und Forschung (BMBF)
51721;RN Refining & Marketing GmbH;;0;Unternehmen;Bund;Bundesministerium des Innern und für Heimat (BMI)
814;Robert Koch-Institut;92.0;1;;Bund;Bundesministerium für Gesundheit (BMG)
815;Rosa-Luxemburg-Stiftung - Gesellschaftsanalyse und Politische Bildung e.V.;;0;Politische Stiftung;Bund;Bundesministerium für Bildung und Forschung (BMBF)
51720;Rosneft Deutschland GmbH;;0;Unternehmen;Bund;Bundesministerium des Innern und für Heimat (BMI)
7774;R+V Betriebskrankenkasse;;0;Krankenkasse;Bund;Bundesministerium für Gesundheit (BMG)
816;Sachverständigenrat für Umweltfragen;875.0;2;Konferenz;Bund;Bundesministerium für Umwelt, Naturschutz, nukleare Sicherheit und Verbraucherschutz (BMUV)
16136;Sachverständigenrat zur Begutachtung der Entwicklung im Gesundheitswesen;;0;Gesundheit;Bund;Bundesministerium für Gesundheit (BMG)
51238;Sachverständigenrat zur Begutachtung der gesamtwirtschaftlichen Entwicklung;;0;Beauftragte;Bund;Bundesministerium für Wirtschaft und Klimaschutz (BMWK)
7775;Salus BKK;;0;Krankenkasse;Bund;Bundesministerium für Gesundheit (BMG)
52236;Sanitätsakademie der Bundeswehr;;0;Bundeswehr;Bund;Bundesministerium der Verteidigung (BMVg)
50041;Schiedsperson nach § 127 Abs. 9 Satz 2 SGB V;;0;;Bund;Bundesministerium des Innern und für Heimat (BMI)
50042;Schiedsperson nach § 132d Abs. 2 SGB V;;0;;Bund;Bundesministerium des Innern und für Heimat (BMI)
50036;Schiedsstelle nach § 125 Abs. 6 SGB V;;0;;Bund;Bundesministerium des Innern und für Heimat (BMI)
50037;Schiedsstelle nach § 129 Abs. 8 SGB V;;0;;Bund;Bundesministerium des Innern und für Heimat (BMI)
50038;Schiedsstelle nach § 130b Abs. 5 SGB V;;0;;Bund;Bundesministerium des Innern und für Heimat (BMI)
50039;Schiedsstelle nach § 132a Abs. 3 SGB V;;0;;Bund;Bundesministerium des Innern und für Heimat (BMI)
50040;Schiedsstelle nach § 134a Abs. 4 SGB V;;0;;Bund;Bundesministerium des Innern und für Heimat (BMI)
50031;Schiedsstelle nach § 134 Abs. 3 SGB V;;0;;Bund;Bundesministerium des Innern und für Heimat (BMI)
50035;Schiedsstelle nach § 18a Abs. 6 KHG;;0;;Bund;Bundesministerium des Innern und für Heimat (BMI)
825;Schifffahrtsmedizinisches Institut der Marine;;0;;Bund;Bundesministerium der Verteidigung (BMVg)
50148;Schlesisches Museum zu Görlitz;;0;Stiftung des Privatrechts;Bund;Beauftragte der Bundesregierung für Kultur und Medien (BKM)
52052;Schule für Diensthundewesen der Bundeswehr in Ulmen;;0;;Bund;Bundesministerium der Verteidigung (BMVg)
7776;SECURVITA BKK;;0;Krankenkasse;Bund;Bundesministerium für Gesundheit (BMG)
51926;SEFE Energy GmbH;;0;Unternehmen;Bund;Bundesministerium des Innern und für Heimat (BMI)
51928;SEFE Marketing & Trading Ltd;;0;Unternehmen;Bund;Bundesministerium des Innern und für Heimat (BMI)
51722;SEFE Securing Energy for Europe GmbH;;0;Unternehmen;Bund;Bundesministerium des Innern und für Heimat (BMI)
51927;SEFE Storage GmbH;;0;Unternehmen;Bund;Bundesministerium des Innern und für Heimat (BMI)
50043;Sektorenübergreifendes Bundesschiedsgremium nach § 89a Abs. 2 SGB V;;0;;Bund;Bundesministerium des Innern und für Heimat (BMI)
828;Senckenberg Forschungsinstitut und Naturmuseum SNG;;0;Museum und Ausstellungen;Bund;Beauftragte der Bundesregierung für Kultur und Medien (BKM)
829;Senckenberg Naturhistorische Sammlungen Dresden;;0;Museum und Ausstellungen;Bund;Beauftragte der Bundesregierung für Kultur und Medien (BKM)
50629;Senior Experten Service (SES) Stiftung der Deutschen Wirtschaft für internationale Zusammenarbeit GmbH Gemeinnützige Gesellschaft;;0;Stiftung;Bund;Bundesministerium für Arbeit und Soziales (BMAS)
7663;Siemens-Betriebskrankenkasse (SBK);135.0;0;Krankenkasse;Bund;Bundesministerium für Arbeit und Soziales (BMAS)
52015;SKD BKK;;0;Krankenkasse;Bund;Bundesministerium für Gesundheit (BMG)
48944;Sonderbeauftragte(r) der Bundesregierung für die Leitung der Umsetzung der Extractive Industries Transparency Initiative (EITI);;0;Beauftragte;Bund;Bundesministerium des Innern und für Heimat (BMI)
830;Sonderstelle für Aus- und Fortbildung;942.0;2;Aus- und Weiterbildung;Bund;Bundesministerium für Digitales und Verkehr (BMDV)
4049;Sozialversicherung für Landwirtschaft, Forsten und Gartenbau;;0;Sozialversicherung;Bund;Bundesministerium für Arbeit und Soziales (BMAS)
15654;Sozialwerk der Inneren Verwaltung des Bundes e.V.;;0;Sozialwerk;Bund;Bundesministerium für Arbeit und Soziales (BMAS)
50197;SPRIND GMBH;;0;Unternehmen;Bund;Bundesministerium für Bildung und Forschung (BMBF)
837;Staatskommissar zur Aufsicht bei der DekaBank Deutsche Girozentrale;84.0;1;;Bund;Bundesministerium der Finanzen (BMF)
839;Standortkommando Berlin;;0;Bundeswehr;Bund;Bundesministerium der Verteidigung (BMVg)
842;Statistisches Bundesamt;87.0;1;Statistik;Bund;Bundesministerium des Innern und für Heimat (BMI)
50137;Stiftung Allianz für Entwicklung und Klima;;0;Stiftung des Privatrechts;Bund;Bundesministerium für wirtschaftliche Zusammenarbeit und Entwicklung (BMZ)
50076;Stiftung Anerkennung und Hilfe;;0;Stiftung des Privatrechts;Bund;Bundesministerium der Verteidigung (BMVg)
50109;Stiftung Bahn-Sozialwerk;;0;Stiftung des Privatrechts;Bund;Bundesministerium für Arbeit und Soziales (BMAS)
845;Stiftung Bayerische Gedenkstätten;;0;Stiftung des öffentlichen Rechts;Bund;Beauftragte der Bundesregierung für Kultur und Medien (BKM)
51521;Stiftung Begabtenförderung berufliche Bildung - Gemeinnützige Gesellschaft mbH;;0;Stiftung;Bund;Bundesministerium für Bildung und Forschung (BMBF)
846;Stiftung Brandenburgische Gedenkstätten;;0;Gedenkstätte;Bund;Beauftragte der Bundesregierung für Kultur und Medien (BKM)
847;Stiftung Bundeskanzler-Adenauer-Haus;155.0;1;Stiftung des öffentlichen Rechts;Bund;Beauftragte der Bundesregierung für Kultur und Medien (BKM)
848;Stiftung Bundespräsident-Theodor-Heuss-Haus;;0;Stiftung;Bund;Beauftragte der Bundesregierung für Kultur und Medien (BKM)
50075;Stiftung Datenschutz;;0;Stiftung des Privatrechts;Bund;Bundesministerium der Justiz (BMJ)
849;Stiftung Denkmal für die ermordeten Juden Europas;155.0;1;Stiftung des öffentlichen Rechts;Bund;Beauftragte der Bundesregierung für Kultur und Medien (BKM)
21358;Stiftung Deutsches Forum für Kriminalprävention;;0;Stiftung;Bund;Beauftragte der Bundesregierung für Kultur und Medien (BKM)
379;Stiftung Deutsches Historisches Museum;155.0;0;Stiftung des öffentlichen Rechts;Bund;Beauftragte der Bundesregierung für Kultur und Medien (BKM)
15852;Stiftung Deutsches Zentrum Kulturgutverluste;;0;Kultur;Bund;Beauftragte der Bundesregierung für Kultur und Medien (BKM)
15907;stiftung elektro-altgeräte register;;0;;Bund;Beauftragte der Bundesregierung für Kultur und Medien (BKM)
844;"Stiftung ""Erinnerung, Verantwortung und Zukunft""";;0;Stiftung des öffentlichen Rechts;Bund;Beauftragte der Bundesregierung für Kultur und Medien (BKM)
48987;Stiftung Forum Recht;;0;Stiftung des öffentlichen Rechts;Bund;Bundesministerium der Justiz (BMJ)
49870;Stiftung für das sorbische Volk;;0;Stiftung des öffentlichen Rechts;Bund;Bundesministerium des Innern und für Heimat (BMI)
851;Stiftung für ehemalige politische Häftlinge;;0;Stiftung des öffentlichen Rechts;Bund;Beauftragte der Bundesregierung für Kultur und Medien (BKM)
49209;Stiftung Garnisonkirche Potsdam (SGP);;0;Stiftung;Bund;Beauftragte der Bundesregierung für Kultur und Medien (BKM)
50113;Stiftung Geld und Währung;;0;Stiftung des öffentlichen Rechts;Bund;Beauftragte der Bundesregierung für Kultur und Medien (BKM)
852;Stiftung Haus der Geschichte der Bundesrepublik Deutschland;155.0;1;Stiftung des öffentlichen Rechts;Bund;Beauftragte der Bundesregierung für Kultur und Medien (BKM)
50079;Stiftung Haus der kleinen Forscher;;0;Stiftung des Privatrechts;Bund;Beauftragte der Bundesregierung für Kultur und Medien (BKM)
48896;Stiftung Humboldt Forum im Berliner Schloss;;0;Stiftung;Bund;Beauftragte der Bundesregierung für Kultur und Medien (BKM)
50080;Stiftung Innovation in der Hochschullehre;;0;Stiftung des Privatrechts;Bund;Beauftragte der Bundesregierung für Kultur und Medien (BKM)
853;Stiftung Jüdisches Museum Berlin;;0;Stiftung des öffentlichen Rechts;Bund;Beauftragte der Bundesregierung für Kultur und Medien (BKM)
854;Stiftung Max-Delbrück-Centrum für molekulare Medizin;;0;;Bund;Bundesministerium für Gesundheit (BMG)
855;Stiftung Niedersächsische Gedenkstätten;;0;Gedenkstätte;Bund;Beauftragte der Bundesregierung für Kultur und Medien (BKM)
49206;Stiftung Orte der deutschen Demokratiegeschichte;;0;Stiftung des öffentlichen Rechts;Bund;Bundesministerium des Innern und für Heimat (BMI)
856;Stiftung Preußischer Kulturbesitz;155.0;1;Stiftung des öffentlichen Rechts;Bund;Beauftragte der Bundesregierung für Kultur und Medien (BKM)
857;Stiftung Reichspräsident-Friedrich-Ebert-Gedenkstätte;155.0;1;Gedenkstätte;Bund;Beauftragte der Bundesregierung für Kultur und Medien (BKM)
50106;Stiftungsfonds Martin-Buber-Gesellschaft;;0;Stiftung des Privatrechts;Bund;Bundesministerium für Bildung und Forschung (BMBF)
50149;Stiftung Stadtgedächtnis;;0;Stiftung des Privatrechts;Bund;Bundesministerium für Wohnen, Stadtentwicklung und Bauwesen (BMWSB)
50111;Stiftung Stahlanwendungsforschung;;0;Stiftung des Privatrechts;Bund;Bundesministerium für Bildung und Forschung (BMBF)
50108;Stiftung Warentest;;0;Stiftung des Privatrechts;Bund;Bundesministerium für Umwelt, Naturschutz, nukleare Sicherheit und Verbraucherschutz (BMUV)
859;Stiftung Wissenschaft und Politik;;0;Forschung;Bund;Bundesministerium für Bildung und Forschung (BMBF)
49239;Stiftung Zentrale Stelle Verpackungsregister;;0;Stiftung;Bund;Beauftragte der Bundesregierung für Kultur und Medien (BKM)
50112;Stiftung zur Förderung der Forschung für die gewerbliche Wirtschaft;;0;Stiftung des Privatrechts;Bund;Bundesministerium für Bildung und Forschung (BMBF)
861;Streitkräfteamt;86.0;1;Bundeswehr;Bund;Bundesministerium der Verteidigung (BMVg)
50327;Studienstiftung des deutschen Volkes;;0;Akademie;Bund;Bundesministerium für Bildung und Forschung (BMBF)
52006;Südzucker BKK;;0;Krankenkasse;Bund;Bundesministerium für Gesundheit (BMG)
51910;Tarifgemeinschaft deutscher Länder;;0;Verein;Bund;Bundesministerium des Innern und für Heimat (BMI)
863;Techniker Krankenkasse;;0;Krankenkasse;Bund;Bundesministerium für Gesundheit (BMG)
864;Technische Fachstelle Nordwest;944.0;2;Technologie;Bund;Bundesministerium für Digitales und Verkehr (BMDV)
865;Technische Informationsbibliothek;;0;Bibliothek;Bund;Beauftragte der Bundesregierung für Kultur und Medien (BKM)
866;Technische-Schule-der-Luftwaffe-1;;0;Militärische Ausbildungsstätte;Bund;Bundesministerium der Verteidigung (BMVg)
867;Technische Schule der Luftwaffe 3;;0;Militärische Ausbildungsstätte;Bund;Bundesministerium der Verteidigung (BMVg)
868;Technische Schule Landsysteme und Fachschule des Heeres für Technik;;0;Militärische Ausbildungsstätte;Bund;Bundesministerium der Verteidigung (BMVg)
869;THW- Bundesvereinigung e.V.;;0;THW;Bund;Bundesministerium des Innern und für Heimat (BMI)
870;THW-Jugend e.V.;;0;THW;Bund;Bundesministerium des Innern und für Heimat (BMI)
7783;Toll Collect;;0;Haushalt und Steuern;Bund;Bundesministerium der Finanzen (BMF)
15920;Truppendienstgericht Nord (TDG Nord);;0;;Bund;Bundesministerium der Justiz (BMJ)
15921;Truppendienstgericht Süd (TDG Süd);;0;;Bund;Bundesministerium der Justiz (BMJ)
7777;TUI BKK;;0;Krankenkasse;Bund;Bundesministerium für Gesundheit (BMG)
7660;TÜV NORD AG;;0;TÜV;Bund;Bundesministerium des Innern und für Heimat (BMI)
873;TÜV-Rheinland;;0;TÜV;Bund;Bundesministerium des Innern und für Heimat (BMI)
7661;TÜV SÜD AG;;0;TÜV;Bund;Bundesministerium des Innern und für Heimat (BMI)
874;Überregionales Ausbildungszentrum Waren/Grevesmühlen e. V.;;0;Aus- und Weiterbildung;Bund;Bundesministerium für Bildung und Forschung (BMBF)
51243;Überwachungsstelle des Bundes für Barrierefreiheit von Informationstechnik;;0;;Bund;Bundesministerium des Innern und für Heimat (BMI)
875;Umweltbundesamt;93.0;1;Umweltamt;Bund;Bundesministerium für Umwelt, Naturschutz, nukleare Sicherheit und Verbraucherschutz (BMUV)
16467;Unabhängige Expertenkommission Fracking;;0;Forschung;Bund;Bundesministerium für Bildung und Forschung (BMBF)
50150;Unabhängiger Expertenrat für Klimafragen;;0;Umweltschutz;Bund;Bundesministerium für Umwelt, Naturschutz, nukleare Sicherheit und Verbraucherschutz (BMUV)
50054;Unabhängiger Kontrollrat;;0;;Bund;Bundesministerium des Innern und für Heimat (BMI)
877;Unfallversicherung Bund und Bahn;;0;Unfallkasse;Bund;Bundesministerium für Arbeit und Soziales (BMAS)
412;Unfallversicherung Bund und Bahn;88.0;1;Unfallkasse;Bund;Bundesministerium für Arbeit und Soziales (BMAS)
51718;Uniper SE;;0;Unternehmen;Bund;Bundesministerium des Innern und für Heimat (BMI)
9475;Unterhaltungssoftware Selbstkontrolle (USK);;0;Medien;Bund;Bundesministerium des Innern und für Heimat (BMI)
881;Unteroffizierschule der Luftwaffe;;0;Militärische Ausbildungsstätte;Bund;Bundesministerium der Verteidigung (BMVg)
882;Unteroffizierschule des Heeres (Lehrgruppe A);;0;Militärische Ausbildungsstätte;Bund;Bundesministerium der Verteidigung (BMVg)
885;VDI Technologiezentrum GmbH;;0;Technologie;Bund;Bundesministerium des Innern und für Heimat (BMI)
884;VDI/VDE Innovation + Technik GmbH;;0;Technologie;Bund;Bundesministerium des Innern und für Heimat (BMI)
49177;VEBEG GmbH;;0;Unternehmen;Bund;Bundesministerium der Finanzen (BMF)
4024;Verband der Ersatzkassen e.V.;;0;Sozialversicherung;Bund;Bundesministerium für Arbeit und Soziales (BMAS)
886;Verband Deutscher Verkehrsunternehmen;;0;Verband;Bund;Bundesministerium für Digitales und Verkehr (BMDV)
887;Verband kommunale Abfallwirtschaft und Stadtreinigung im VKU;;0;Abfallwirtschaft;Bund;Bundesministerium für Wirtschaft und Klimaschutz (BMWK)
888;Verband kommunaler Unternehmen e. V.;;0;Verband;Bund;Bundesministerium des Innern und für Heimat (BMI)
48991;Vermittlungsausschuss;;0;;Bund;Deutscher Bundestag
891;Verpflegungsamt der Bundeswehr;280.0;2;Bundeswehr;Bund;Bundesministerium der Verteidigung (BMVg)
892;Versorgungsanstalt der Deutschen Bühnen;88.0;1;Versorgungskammer;Bund;Bundesministerium für Arbeit und Soziales (BMAS)
893;Versorgungsanstalt der deutschen Kulturorchester;88.0;1;Versorgungskammer;Bund;Bundesministerium für Arbeit und Soziales (BMAS)
894;Versorgungsanstalt des Bundes und der Länder;84.0;1;Versorgungsamt;Bund;Bundesministerium der Finanzen (BMF)
895;Vertreter des Bundesinteresses beim Bundesverwaltungsgericht;87.0;1;Justiz;Bund;Bundesministerium des Innern und für Heimat (BMI)
896;Verwaltungs-Berufsgenossenschaft;88.0;1;Berufsgenossenschaft;Bund;Bundesministerium für Arbeit und Soziales (BMAS)
6591;VIACTIV Krankenkasse;135.0;0;Krankenkasse;Bund;Bundesministerium für Arbeit und Soziales (BMAS)
51993;vivida bkk;;0;Krankenkasse;Bund;Bundesministerium für Gesundheit (BMG)
50107;Volkswagenstiftung;;0;Stiftung des Privatrechts;Bund;Beauftragte der Bundesregierung für Kultur und Medien (BKM)
898;Wasserstraßen-Neubauamt Aschaffenburg;946.0;2;Wasserstraßen-Neubauamt;Bund;Bundesministerium für Digitales und Verkehr (BMDV)
899;Wasserstraßen-Neubauamt Berlin;945.0;2;Wasserstraßen-Neubauamt;Bund;Bundesministerium für Digitales und Verkehr (BMDV)
900;Wasserstraßen-Neubauamt Datteln;948.0;2;Wasserstraßen-Neubauamt;Bund;Bundesministerium für Digitales und Verkehr (BMDV)
901;Wasserstraßen-Neubauamt Helmstedt;942.0;2;Wasserstraßen-Neubauamt;Bund;Bundesministerium für Digitales und Verkehr (BMDV)
902;Wasserstraßen-Neubauamt Magdeburg;945.0;2;Wasserstraßen-Neubauamt;Bund;Bundesministerium für Digitales und Verkehr (BMDV)
903;Wasserstraßen- und Schifffahrtsamt Aschaffenburg;946.0;2;Wasser- und Schiffahrtsamt;Bund;Bundesministerium für Digitales und Verkehr (BMDV)
907;Wasserstraßen- und Schifffahrtsamt Braunschweig;942.0;2;Wasser- und Schiffahrtsamt;Bund;Bundesministerium für Digitales und Verkehr (BMDV)
909;Wasserstraßen- und Schifffahrtsamt Bremerhaven;944.0;2;Wasser- und Schiffahrtsamt;Bund;Bundesministerium für Digitales und Verkehr (BMDV)
929;Wasserstraßen- und Schifffahrtsamt Donau MDK;946.0;2;Wasser- und Schiffahrtsamt;Bund;Bundesministerium für Digitales und Verkehr (BMDV)
923;Wasserstraßen- und Schifffahrtsamt Elbe;945.0;2;Wasser- und Schiffahrtsamt;Bund;Bundesministerium für Digitales und Verkehr (BMDV)
917;Wasserstraßen- und Schifffahrtsamt Elbe-Nordsee;943.0;2;Wasser- und Schiffahrtsamt;Bund;Bundesministerium für Digitales und Verkehr (BMDV)
915;Wasserstraßen- und Schifffahrtsamt Ems-Nordsee;944.0;2;Wasser- und Schiffahrtsamt;Bund;Bundesministerium für Digitales und Verkehr (BMDV)
933;Wasserstraßen- und Schifffahrtsamt Main;946.0;2;Wasser- und Schiffahrtsamt;Bund;Bundesministerium für Digitales und Verkehr (BMDV)
928;Wasserstraßen- und Schifffahrtsamt Mittellandkanal / Elbe-Seitenkanal;942.0;2;Wasser- und Schiffahrtsamt;Bund;Bundesministerium für Digitales und Verkehr (BMDV)
49265;Wasserstraßen- und Schifffahrts­amt Mosel-Saar-Lahn;;0;Wasser- und Schiffahrtsamt;Bund;Bundesministerium für Digitales und Verkehr (BMDV)
937;Wasserstraßen- und Schifffahrtsamt Mosel-Saar-Lahn;947.0;2;Wasser- und Schiffahrtsamt;Bund;Bundesministerium für Digitales und Verkehr (BMDV)
910;Wasserstraßen- und Schifffahrtsamt Nord-Ostsee-Kanal;943.0;2;Wasser- und Schiffahrtsamt;Bund;Bundesministerium für Digitales und Verkehr (BMDV)
914;Wasserstraßen- und Schifffahrtsamt Oder-Havel;945.0;2;Wasser- und Schiffahrtsamt;Bund;Bundesministerium für Digitales und Verkehr (BMDV)
924;Wasserstraßen- und Schifffahrtsamt Ostsee;943.0;2;Wasser- und Schiffahrtsamt;Bund;Bundesministerium für Digitales und Verkehr (BMDV)
905;Wasserstraßen- und Schifffahrtsamt Rhein;947.0;2;Wasser- und Schiffahrtsamt;Bund;Bundesministerium für Digitales und Verkehr (BMDV)
921;Wasserstraßen- und Schifffahrtsamt Spree-Havel;947.0;2;Wasser- und Schiffahrtsamt;Bund;Bundesministerium für Digitales und Verkehr (BMDV)
939;Wasserstraßen- und Schifffahrtsamt Weser;942.0;2;Wasser- und Schiffahrtsamt;Bund;Bundesministerium für Digitales und Verkehr (BMDV)
940;Wasserstraßen- und Schifffahrtsamt Weser-Jade-Nordsee;944.0;2;Wasser- und Schiffahrtsamt;Bund;Bundesministerium für Digitales und Verkehr (BMDV)
912;Wasserstraßen- und Schifffahrtsamt Westdeutsche Kanäle;948.0;2;Wasser- und Schiffahrtsamt;Bund;Bundesministerium für Digitales und Verkehr (BMDV)
15655;Wasserstraßen- und Schifffahrtsverwaltung des Bundes;94.0;1;Verkehr;Bund;Bundesministerium für Digitales und Verkehr (BMDV)
949;Wehrbeauftragte des Deutschen Bundestages;351.0;1;Bundeswehr;Bund;Bundeskanzleramt (BKAmt)
954;Wehrtechnische Dienststelle für Informationstechnologie und Elektronik;279.0;2;Bundeswehr;Bund;Bundesministerium der Verteidigung (BMVg)
955;Wehrtechnische Dienststelle für Kraftfahrzeuge und Panzer;279.0;2;Bundeswehr;Bund;Bundesministerium der Verteidigung (BMVg)
956;Wehrtechnische Dienststelle für Luftfahrzeuge;279.0;2;Bundeswehr;Bund;Bundesministerium der Verteidigung (BMVg)
957;Wehrtechnische Dienststelle für Pionier- und Truppengerät;279.0;2;Bundeswehr;Bund;Bundesministerium der Verteidigung (BMVg)
958;Wehrtechnische Dienststelle für Schiffe und Marinewaffen;279.0;2;Bundeswehr;Bund;Bundesministerium der Verteidigung (BMVg)
959;Wehrtechnische Dienststelle für Schutz- und Sondertechnik;279.0;2;Bundeswehr;Bund;Bundesministerium der Verteidigung (BMVg)
960;Wehrtechnische Dienststelle für Waffen und Munition;279.0;2;Bundeswehr;Bund;Bundesministerium der Verteidigung (BMVg)
962;Wehrwissenschaftliches Institut für Schutztechnologien - ABC-Schutz;279.0;2;Bundeswehr;Bund;Bundesministerium der Verteidigung (BMVg)
963;Wehrwissenschaftliches Institut für Werk- und Betriebsstoffe;279.0;2;Bundeswehr;Bund;Bundesministerium der Verteidigung (BMVg)
964;Weierstraß-Institut für Angewandte Analysis und Stochastik;;0;Forschung;Bund;Bundesministerium für Bildung und Forschung (BMBF)
965;Wirtschaftsprüferkammer;96.0;1;Wirtschaftsprüferkammer;Bund;Bundesministerium für Wirtschaft und Klimaschutz (BMWK)
51773;Wismut GmbH;;0;;Bund;Bundesministerium für Wirtschaft und Klimaschutz (BMWK)
967;Wissenschaftlicher Beirat der Bundesregierung Globale Umweltveränderungen;11.0;1;Konferenz;Bund;Bundesministerium für Bildung und Forschung (BMBF)
968;Wissenschaftsgemeinschaft Gottfried Wilhelm Leibniz e. V.;;0;Leibniz-Institut;Bund;Bundesministerium für Bildung und Forschung (BMBF)
969;Wissenschaftsrat;121.0;1;Konferenz;Bund;Bundesministerium für Bildung und Forschung (BMBF)
970;Wissenschaftszentrum Berlin für Sozialforschung gGmbH;;0;Forschung;Bund;Bundesministerium für Arbeit und Soziales (BMAS)
7779;WMF Betriebskrankenkasse;;0;Krankenkasse;Bund;Bundesministerium für Gesundheit (BMG)
320;ZBW – Leibniz-Informationszentrum Wirtschaft;;0;Bibliothek;Bund;Beauftragte der Bundesregierung für Kultur und Medien (BKM)
431;Zentrale der Fraunhofer-Gesellschaft;;0;Forschung;Bund;Bundesministerium für Bildung und Forschung (BMBF)
51630;Zentrale Prüfstelle Prävention;;0;Gesundheit;Bund;Bundesministerium für Gesundheit (BMG)
971;Zentraler Mobilmachungsstützpunkt Brück / Neuseddin;582.0;2;Bundeswehr;Bund;Bundesministerium der Verteidigung (BMVg)
976;Zentrales Langzeitlager Pirmasens;582.0;2;Bundeswehr;Bund;Bundesministerium der Verteidigung (BMVg)
49790;Zentrale Stelle Hauskoordinaten und Hausumringe;;0;Geoinformationen;Bund;Bundesministerium des Innern und für Heimat (BMI)
977;Zentrales Testamentsregister;100.0;1;Register;Bund;Bundesministerium des Innern und für Heimat (BMI)
978;Zentrales Vorsorgeregister;100.0;1;Register;Bund;Bundesministerium des Innern und für Heimat (BMI)
18330;Zentralstelle für das Auslandsschulwesen;;0;Schulamt;Bund;Bundesministerium des Innern und für Heimat (BMI)
979;Zentralstelle Schiffsuntersuchungskommission/Schiffseichamt;947.0;2;Wasser und Schifffahrt;Bund;Bundesministerium für Digitales und Verkehr (BMDV)
980;Zentralverband des Deutschen Handwerks e. V.;;0;Zentralverband;Bund;Bundesministerium des Innern und für Heimat (BMI)
49914;Zentrum Cyber-Operationen;;0;Bundeswehr;Bund;Bundesministerium der Verteidigung (BMVg)
982;Zentrum für Europäische Wirtschaftsforschung GmbH;;0;Forschung;Bund;Bundesministerium für Bildung und Forschung (BMBF)
14;Zentrum für Geoinformationswesen der Bundeswehr;86.0;1;Bundeswehr;Bund;Bundesministerium der Verteidigung (BMVg)
985;Zentrum für internationale Friedenseinsätze gGmbH;;0;Internationale Beziehungen;Bund;Bundesministerium des Innern und für Heimat (BMI)
986;Zentrum für Marine Tropenökologie;;0;;Bund;Bundesministerium der Verteidigung (BMVg)
14713;Zentrum für Militärgeschichte und Sozialwissenschaften der Bundeswehr;;0;;Bund;Bundesministerium für Arbeit und Soziales (BMAS)
50072;Zentrum für Osteuropa- und internationale Studien;;0;Stiftung des Privatrechts;Bund;Bundesministerium für Bildung und Forschung (BMBF)
987;Zentrum für Psychologische Information und Dokumentation;;0;Medizinisches Zentrum;Bund;Bundesministerium für Gesundheit (BMG)
989;Zentrum für Verifikationsaufgaben der Bundeswehr;861.0;2;Bundeswehr;Bund;Bundesministerium der Verteidigung (BMVg)
6;Zentrum Informationsarbeit Bundeswehr;861.0;2;Militärische Ausbildungsstätte;Bund;Bundesministerium der Verteidigung (BMVg)
14724;ZITiS;87.0;0;;Bund;Bundesministerium des Innern und für Heimat (BMI)
992;Zollfahndungsamt Berlin-Brandenburg;1000.0;2;Zollfahndungsamt;Bund;Bundesministerium der Finanzen (BMF)
993;Zollfahndungsamt Dresden;1000.0;2;Zollfahndungsamt;Bund;Bundesministerium der Finanzen (BMF)
994;Zollfahndungsamt Essen;1000.0;2;Zollfahndungsamt;Bund;Bundesministerium der Finanzen (BMF)
995;Zollfahndungsamt Frankfurt am Main;1000.0;2;Zollfahndungsamt;Bund;Bundesministerium der Finanzen (BMF)
996;Zollfahndungsamt Hamburg;1000.0;2;Zollfahndungsamt;Bund;Bundesministerium der Finanzen (BMF)
997;Zollfahndungsamt Hannover;1000.0;2;Zollfahndungsamt;Bund;Bundesministerium der Finanzen (BMF)
998;Zollfahndungsamt München;1000.0;2;Zollfahndungsamt;Bund;Bundesministerium der Finanzen (BMF)
999;Zollfahndungsamt Stuttgart;1000.0;2;Zollfahndungsamt;Bund;Bundesministerium der Finanzen (BMF)
1001;Zoologisches Forschungsmuseum Alexander König;;0;Museum und Ausstellungen;Bund;Beauftragte der Bundesregierung für Kultur und Medien (BKM)
50223;Zukunft – Umwelt – Gesellschaft (ZUG) gGmbH;;0;Umweltschutz;Bund;Bundesministerium für Umwelt, Naturschutz, nukleare Sicherheit und Verbraucherschutz (BMUV)
1004;Zusatzversorgungskasse und Zusatzversorgungswerk für Arbeitnehmer in der Land- und Forstwirtschaft;135.0;2;Sozialversicherung;Bund;Bundesministerium für Arbeit und Soziales (BMAS)
