Organisation;Adresse;PLZ;Ort;Telefon;Telefax;E-Mail;Internetadresse
1. Panzerdivision;Bümmersteder Tredde 34;26133;Oldenburg;+49 441 360-2021;;1.PzDivPressestelle@Bundeswehr.org;https://www.bundeswehr.de/de/organisation/heer/organisation/1-panzerdivision
10. Panzerdivision;Oberdürrbacher Straße 2a;97209;Veitshöchheim;+49 931 9707-3160;;10.PzDivPressestelle@bundeswehr.org;https://www.bundeswehr.de/de/organisation/heer/organisation/10-panzerdivision
ABC-Abwehrkommando der Bundeswehr;Am Eichelberg, ;76646;Bruchsal;+49 7251 938 2020;+49 7251 938 2500;ABCAbwKdoBwPresse@bundeswehr.org;https://www.bundeswehr.de/de/organisation/unterstuetzungsbereich/abc-abwehr-bundeswehr/abc-abwehrkommando-der-bundeswehr-in-bruchsal
Abschlussprüferaufsichtsstelle;Uhlandstraße 88-90;10717;Berlin;+49 6196 908-0;;infoapas@apasbafa.bund.de;https://www.apasbafa.bund.de/APAS/DE/Home/home_node.html
Adalbert-Stifter-Verein e. V.;Hochstraße 8;81669;München;+49 89 622716-30;;sekretariat@stifterverein.de;https://www.stifterverein.de/startseite/
AIF-Allianz für Industrie und Forschung e. V.;Johannisstraße 79;50968;Köln;+49 221 37680-0;;info@aif.de;https://www.aif.de
Akademie der Künste;Pariser Platz 4;10117;Berlin;+49 30 200 57-0/-1000;+49 30 200 57-1702;info@adk.de;https://www.adk.de/
Akademie für Raumentwicklung in der Leibniz-Gemeinschaft;Vahrenwalder Straße 247;30179;Hannover;+49 511 34842-0;+49 511 34842-41;arl@arl-net.de;https://www.arl-net.de
Aktionsgemeinschaft Dienst für den Frieden e. V.;Endenicherstr. 41;53115;Bonn;+49 228 24999-0;+49 228 24999-20;Agdf@friedensdienst.de;https://www.friedensdienst.de
Alexander von Humboldt-Stiftung;Jean-Paul-Straße 12;53173;Bonn;+49 228 833-0;+49 228 833-199;info@avh.de;https://www.humboldt-foundation.de
Alfred-Wegener-Institut Helmholtz-Zentrum für Polar- und Meeresforschung;Am Handelshafen 12;27570;Bremerhaven;+49 471 4831-0;+49 471 4831-1149;info@awi.de;https://www.awi.de/
Allgemeine Ortskrankenkasse Baden-Württemberg;Presselstraße 19;70191;Stuttgart;+49 711 76161923;;info@bw.aok.de;https://www.aok.de/pk/bw/
Allgemeine Ortskrankenkasse Bayern;Carl-Wery-Straße 28;81739;München;+49 89 228 44050;;;https://www.aok.de/pk/bayern/
Allgemeine Ortskrankenkasse Bremen/Bremerhaven;Bürgermeister-Smidt-Straße 95;28195;Bremen;+49 421 1761-0;+49 421 1761-91991;info@hb.aok.de;https://www.aok.de/pk/bremen/
Allgemeine Ortskrankenkasse Hessen;Basler Straße 2;61352;Bad Homburg;+49 69 66816-334000;+49 6985 091-7920;;https://www.aok.de/pk/hessen/
Allgemeine Ortskrankenkasse Niedersachsen;Hildesheimer Straße 273;30519;Hannover;+49 511 8701-0;+49 511 8701-15989;aok.niedersachsen@nds.aok.de;https://www.aok.de/pk/niedersachsen/
Allgemeine Ortskrankenkasse Nordost;N.N. ;14456;Potsdam;0800 2650800;;service@nordost.aok.de;https://www.aok.de/pk/nordost/
Allgemeine Ortskrankenkasse Nordwest;Kopenhagener Straße 1;44269;Dortmund;+49 800 265 5000;+49 800 265 2265;;https://www.aok.de/pk/nordwest/
Allgemeine Ortskrankenkasse Plus;Sternplatz 7;01067;Dresden;+49 800-105 900 0;+49 800-105 900 1;service@plus.aok.de;https://www.aok.de/pk/plus/
Allgemeine Ortskrankenkasse Rheinland/Hamburg;Wanheimer Straße 72;40468;Düsseldorf;+49 211 8791-0;+49 211 8791-1125;aok@rh.aok.de;https://www.aok.de/pk/rh/
Allgemeine Ortskrankenkasse Sachsen-Anhalt;Lüneburger Straße 4;39106;Magdeburg;+49 800 2265726;+49 391 2878-47878;service@san.aok.de;https://www.deine-gesundheitswelt.de/
AlliiertenMuseum e. V.;Clayallee 135;14195;Berlin;+49 30 818199-0;;info@alliiertenmuseum.de;https://www.alliiertenmuseum.de
Amt für Binnen-Verkehrstechnik;Schartwiesenweg 4;56070;Koblenz;+49 261 9819-0;+49 261 9819-2155;abvt@wsv.bund.de;https://www.abvt.wsv.de/Webs/WSA/ABVT/DE/Startseite/startseite_node.html
Amt für Heeresentwicklung;Colonia-Allee 10-20;51067;Köln;+49 221 29933 2140;;ahentwginfoa@Bundeswehr.org;https://www.bundeswehr.de/de/organisation/heer/organisation/amt-fuer-heeresentwicklung
Antidiskriminierungsstelle des Bundes;Glinkastraße 24;10117;Berlin;+49 800 546 546 5;+49 3018 555-41865;poststelle@ads.bund.de;https://www.antidiskriminierungsstelle.de/
AOK Rheinland-Pfalz/Saarland;Virchowstraße 30;67304;Eisenberg;+49 800 4772000;;;https://www.aok.de/pk/rps/
AOK- Bundesverband;Rosenthaler Straße 31;10178;Berlin;+49 30 34646-0;;info@bv.aok.de;https://www.aok.de/pp/bv
Arbeitsgemeinschaft der Entwicklungsdienste e. V. - Förderungswerk -;Meckenheimer Allee 67 - 69;53115;Bonn;+49 228 908 99-30;+49 228 908 99-38;info@agdd.de;https://www.agdd.de/de/agdd/foerderungswerk
Arbeitsgemeinschaft für Kinder- und Jugendhilfe e. V.;Mühlendamm 3;10178;Berlin;+49 30 400 40-200;+49 30 400 40-232;agj@agj.de;https://www.agj.de
Arbeitsgemeinschaft für wirtschaftliche Verwaltung e. V.;Düsseldorfer Straße 40;65760;Eschborn;+49 6196 777 26-0;+49 6196 777 26-51;info@awv-net.de;https://www.awv-net.de/
Assessmentcenter für Führungskräfte der Bundeswehr;Kölner Straße 262;51149;Köln;+49 2203 105 2418;;ac-bewerbung@bundeswehr.org;https://www.bundeswehr.de/de/organisation/personal/organisation-/bundesamt-fuer-das-personalmanagement-der-bundeswehr-/assessmentcenter-fuer-fuehrungskraefte-der-bundeswehr-
Ausbildungs- und Übungszentrum Luftbeweglichkeit;Flugplatz 1;29225;Celle;+49 5141-9483-1010;;AusbUebZLbwglk@Bundeswehr.org;https://www.bundeswehr.de/de/organisation/heer/organisation/ausbildungskommando/ausbildungs-und-uebungszentrum-luftbeweglichkeit
Ausbildungskommando;Landsberger Straße 133;04157;Leipzig;+49 341 5950;+49 341 595 3109;AusbKdoPressestelle@bundeswehr.org;https://www.bundeswehr.de/de/organisation/heer/organisation/ausbildungskommando
Ausbildungszentrum Spezielle Operationen;Kasernenstraße 20;88630;Pfullendorf;+49 7552 405-2600;+49 7552 405-2018;AusbZSpezlOpStabS1@Bundeswehr.org;https://www.bundeswehr.de/de/organisation/heer/organisation/ausbildungskommando/ausbildungszentrum-spezielle-operationen
Auswärtiges Amt;Werderscher Markt 1;10117;Berlin;+49 30 5000-0, -2000;+49 30 1817 51000;buergerservice@diplo.de;https://www.auswaertiges-amt.de/de
Bataillon Elektronische Kampfführung 911;Am Tannenberg 1;25917;Stadum;+49 4662 82-0;;EloKaBtl911s3@bundeswehr.org;https://www.bundeswehr.de/de/organisation/cyber-und-informationsraum/kommando-und-organisation-cir/kommando-cyber-und-informationsraum/kommando-aufklaerung-wirkung/bataillon-elektronische-kampffuehrung-911
Bataillon Elektronische Kampfführung 912;Am Rehhagen 10;31582;Nienburg (Weser);+49 5021 800-0;;kdocirpizcir@bundeswehr.org;https://www.bundeswehr.de/de/organisation/cyber-und-informationsraum/kommando-und-organisation-cir/kommando-cyber-und-informationsraum/kommando-aufklaerung-wirkung/bataillon-elektronische-kampffuehrung-912
Bataillon Elektronische Kampfführung 931;Heinrich-Hertz-Straße 6;54550;Daun;+49 6592 17-1000;;EloKaBtl931S1@bundeswehr.org;https://www.bundeswehr.de/de/organisation/cyber-und-informationsraum/kommando-und-organisation-cir/kommando-cyber-und-informationsraum
Bataillon Elektronische Kampfführung 932;Marburger Straße 75;35066;Frankenberg;+49 6451 740-2002;;kdocirpizcir@bundeswehr.org;https://www.bundeswehr.de/de/organisation/cyber-und-informationsraum/kommando-und-organisation-cir/kommando-cyber-und-informationsraum/kommando-aufklaerung-wirkung/bataillon-elektronische-kampffuehrung-932
Beauftragte der Bundesregierung für die Akzeptanz sexueller und geschlechtlicher Vielfalt (Queerbeauftragter);Glinkastraße 24;10117;Berlin;+49 30 201 791 30;;info@bmbfsfjservice.bund.de;https://www.bmbfsfj.bund.de/bmbfsfj/ministerium/behoerden-beauftragte-beiraete-gremien/beauftragte-der-bundesregierung-fuer-die-akzeptanz-sexueller-und-geschlechtlicher-vielfalt
Beauftragte der Bundesregierung für die Behandlung von Zahlungen an die Konversionskasse;DGZ-Ring 12;13086;Berlin;+49 30 7030-0;;Poststelle@badv.bund.de;https://www.bmi.bund.de
Beauftragte der Bundesregierung für Fragen der Abrüstung und Rüstungskontrolle;Werderscher Markt 1;10117;Berlin;+49 3018 17-2673;+49 3018 17-52674;OR-D@diplo.de;https://www.auswaertiges-amt.de/de/aamt/auswdienst/abteilungen/or-214968
Beauftragte der Bundesregierung für Migration, Flüchtlinge und Integration sowie Beauftragte der Bundesregierung für Antirassismus;Wilhelmstraße 49;10117;Berlin;+49 30 18400 1606;;buero.pawlik@bmas.bund.de;https://www.integrationsbeauftragte.de/
Beauftragte der Bundesregierung für Ostdeutschland;Wilhelmstraße 97;10117;Berlin;+49 3018 682-0;+49 3018 682-32 60;ostbeauftragte@bmf.bund.de;https://www.ostbeauftragte.de/ostb-de 
Beauftragter der Bundesregierung für  Religions- und Weltanschauungsfreiheit;Werderscher Markt 1;10117;Berlin;+49 30 1817-1270;;rwf-b@diplo.de;https://www.bmz.de/de/aktuelles/aktuelle-meldungen/frank-schwabe-neuer-beauftragter-religionsfreiheit-101022
Beauftragter der Bundesregierung für Aussiedlerfragen und nationale Minderheiten;Alt-Moabit 140;10557;Berlin;+49 30 18 681-11120;+49 30 18 681-11138;BAFabritius@bmi.bund.de;https://www.aussiedlerbeauftragte.de/Webs/AUSB/DE/startseite/startseite-node.html
Beauftragter der Bundesregierung für die Anliegen von Betroffenen von terroristischen und extremistischen Anschlägen im Inland;Anton-Wilhelm-Amo-Straße 37;10117;Berlin;+49 30 18 580-8050;+49 30 18 580-9525;poststelle@bmjv.bund.de;https://www.bmj.de/DE/Themen/OpferschutzUndGewaltpraevention/Opferbeauftragter/Opferbeauftragter_node.html
Beauftragter der Bundesregierung für die Belange der Patientinnen und Patienten;Friedrichstraße 108;10117;Berlin;+49 30 18441 - 4491;+49 30 18441-4499;Patientenrechte@bmg.bund.de;https://patientenbeauftragter.de/
Beauftragter der Bundesregierung für die Belange von Menschen mit Behinderungen;Mauerstraße 53;10117;Berlin;+49 30 221 911 006;;presse@behindertenbeauftragter.de;https://www.behindertenbeauftragter.de/DE/AS/startseite/startseite-node.html
Beauftragter der Bundesregierung für die Nachrichtendienste des Bundes;Willy-Brandt-Straße 1;10557;Berlin;+49 3018 400-2070;+49 3010 400-2070;Thorsten.Frei@bk.bund.de;https://www.bundesregierung.de/Content/DE/StatischeSeiten/Breg/element-chef-des-bundeskanzleramtes.html
Beauftragter der Bundesregierung für jüdisches Leben in Deutschland und den Kampf gegen Antisemitismus;Alt-Moabit 140;10557;Berlin;+49 30 18 681-11047;;BAKlein@bmi.bund.de;https://www.bmi.bund.de/DE/ministerium/beauftragte/beauftragter-antisemitismus/beauftragter-antisemitismus-artikel.html
Beauftragter der Bundesregierung für Kultur und Medien;Villemombler Straße 76;53123;Bonn;+49 30 18 681-0;;poststelle@bkm.bund.de;https://kulturstaatsminister.de/
Beauftragter der Bundesregierung für Menschenrechtspolitik und Humanitäre Hilfe im Auswärtigen Amt;Werderscher Markt 1;10117;Berlin;+49 30 18 17 - 4765;+49 30 18 17 - 54765;MRHH-B@diplo.de;https://www.auswaertiges-amt.de/de/aamt/koordinatoren/menschenrechte-humanitaere-hilfe-node/menschenrechte-humanitaere-hilfe/205164
Beauftragter der Bundesregierung für Mittelstand;Scharnhorststraße 34-37;10115;Berlin;+49 3018 615-0;+49 30 18 615-5242;poststelle@bmwe.bund.de;https://www.bmwk.de/Navigation/DE/Ministerium/Koordinatoren-und-Beauftragte/koordinatoren-und-beauftragte.html
Beauftragter der Bundesregierung für Sucht- und Drogenfragen;Friedrichstraße 108;10117;Berlin;+49 3018 441-1452;+49 30 20640-4960;Drogenbeauftragter@bmg.bund.de;https://www.bundesdrogenbeauftragter.de/beauftragter/ 
Beauftragter der Bundesregierung gegen Antiziganismus und für das Leben der Sinti und Roma in Deutschland;Glinkastraße 35;10117;Berlin;+49 30 18 555-1151;;antiziganismusbeauftragter@bmbfsfj.bund.de;https://www.bmfsfj.de/bmfsfj/aktuelles/presse/pressemitteilungen/bundesregierung-beruft-erstmals-antiziganismus-beauftragten-193920
Beauftragter für die deutsch-französische Zusammenarbeit;Werderscher Markt 1;10117;Berlin;+49 3018 17-2451;+49 3018 17-52451;STM-EU@diplo.de;https://www.auswaertiges-amt.de/de/aamt/koordinatoren/deutsch-franzoesische-zusammenarbeit-node
Berlin-Brandenburgisches Institut für deutsch-französische Zusammenarbeit - Stiftung Genshagen;Am Schloss 1;14974;Genshagen;+49 3378 805931;+49 3378 870013;institut@stiftung-genshagen.de;https://www.stiftung-genshagen.de/
Bernhard-Nocht-Institut für Tropenmedizin;Bernhard-Nocht-Straße 74;20359;Hamburg;+49 40 42818-0;+49 40 42818-400;bni@bnitm.de;https://www.bnitm.de
Berufsbildungszentrum Kleinmachnow (der WSV bei der GDWS);Stahnsdorfer Damm 1;14532;Kleinmachnow;+49 228 70907300;+49 228 70907301;bbiz-kleinmachnow@wsv.bund.de;https://www.gdws.wsv.bund.de/DE/gdws/Bildungseinrichtungen/BBIZ_Klm/BBiZ_Klm-node.html
Berufsbildungszentrum Koblenz (der WSV bei der GDWS);Hafenstraße 1;56070;Koblenz;+49 228 70909008;+49 228 70907259;bbiz-koblenz@wsv.bund.de;https://www.gdws.wsv.de
Berufsgenossenschaft der Bauwirtschaft;Bundesallee 210;10719;Berlin;+49 30 85781-0;+49 30 85781-500;info@bgbau.de;https://www.bgbau.de
Berufsgenossenschaft Energie Textil Elektro Medienerzeugnisse;Gustav-Heinemann-Ufer 130;50968;Köln;+49 221 3778-0;+49 221 3778-1199;;https://www.bgetem.de
Berufsgenossenschaft für Gesundheitsdienst und Wohlfahrtspflege;Pappelallee 33, 35, 37;22089;Hamburg;+49 40 20207-0;+49 40 20207-2495;online-redaktion@bgw-online.de;https://www.bgw-online.de
Berufsgenossenschaft Handel und Warenlogistik;M 5, 7 ;68161;Mannheim;+49 621 183-0;+49 621 183-5191;info@bghw.de;https://www.bghw.de/
Berufsgenossenschaft Holz und Metall;Isaac-Fulda-Allee 18;55124;Mainz;+49 6131 802-0;+49 6131 802-20800;service@bghm.de;https://www.bghm.de/
Berufsgenossenschaft Nahrungsmittel und Gastgewerbe;Dynamostraße 7 - 11;68165;Mannheim;+49 621 4456-0;+49 800 1977553-10200;info@bgn.de;https://www.bgn.de
Berufsgenossenschaft Rohstoffe und chemische Industrie;Kurfürsten-Anlage 62;69115;Heidelberg;+49 6221 5108-0;+49 6221 5108-48549;info@bgrci.de;https://www.bgrci.de/
Berufsgenossenschaft Verkehrswirtschaft, Post-Logistik und Telekommunikation;Ottenser Hauptstraße 54;22765;Hamburg;+49 40 3980-0;;info@bg-verkehr.de;https://www.bg-verkehr.de/
Beschaffungsamt des BMI;Brühler Straße 3;53119;Bonn;+49 22899 610-0;+49 22899 610-1610;poststelle@bescha.bund.de;https://www.bescha.bund.de
Bevollmächtigte der Bundesregierung für Pflege;Mauerstraße 29;10117;Berlin;+49 30 18441-3420;+49 30 18441-3422;pflegebevollmaechtigte@bmg.bund.de;https://www.pflegebevollmaechtigte.de/
Bildungs- und Wissenschaftszentrum der Bundesfinanzverwaltung;Gescherweg 100;48161;Münster;+49 228 303-95400;+49 228 303-98383;bwz.qzd@bwz.bund.de;https://www.zoll.de/DE/Karriere/Ausbildung-Studium/Zollausbildung/_functions/bwz_muenster.html?faqCalledDoc=278740
Bildungszentrum der Bundeswehr -  Bundesakademie;Seckenheimer Landstraße 12;68163;Mannheim;+49 621 4295-2115;+49 621 4295-1316;bizbw@bundeswehr.org;https://www.bundeswehr.de/de/organisation/personal/bildungszentrum-der-bundeswehr-/bildungszentrum-der-bundeswehr
Brandschutzamt der Bundeswehr;Hofener Straße 16;87527;Sonthofen;+49 8321 6755-2001;+49 8321 6755-2111;ZBrdSchBwPosteingang@bundeswehr.org;https://www.bundeswehr.de/de/organisation/infrastruktur-umweltschutz-und-dienstleistungen/organisation-iud/zentrum-brandschutz-der-bundeswehr
Bund der Vertriebenen e. V.;Godesberger Allee 72 - 74;53175;Bonn;+49 228 81007-0;+49 228 81007-52;info@bund-der-vertriebenen.de;https://www.bund-der-vertriebenen.de
Bund deutscher Nordschleswiger;Vestergade 30;06200;Apenrade;+45 7462 3833;;generalsekretariat@bdn.dk;https://www.bdn.dk
Bundesagentur für Arbeit;Regensburger Straße 104;90478;Nürnberg;+49 911 179-0;+49 911 179-2123;Zentrale@arbeitsagentur.de;https://www.arbeitsagentur.de/
Bundesagentur für Arbeit - Regionaldirektion Baden-Württemberg;Hölderlinstraße 36;70174;Stuttgart;+49 711 941-0;+49 711 941-1640;Baden-Wuerttemberg@arbeitsagentur.de;https://www3.arbeitsagentur.de/web/content/DE/service/Ueberuns/Regionaldirektionen/BadenWuerttemberg/index.htm
Bundesagentur für Arbeit - Regionaldirektion Bayern;Thomas-Mann-Str. 50;90478;Nürnberg;+49 911 179-0;+49 911 179-4202;Bayern@arbeitsagentur.de;https://www3.arbeitsagentur.de/web/content/DE/service/Ueberuns/Regionaldirektionen/Bayern/index.htm
Bundesagentur für Arbeit - Regionaldirektion Berlin Brandenburg;Friedrichstraße 34;10969;Berlin;+49 30 555599-5599;+49 30 555599-4999;Berlin-Brandenburg@arbeitsagentur.de;https://www.arbeitsagentur.de/vor-ort/rd-bb/startseite
Bundesagentur für Arbeit - Regionaldirektion Hessen;Saonestraße 2 - 4;60528;Frankfurt am Main;+49 69 6670-0;+49 69 6670-459;hessen@arbeitsagentur.de;https://www3.arbeitsagentur.de/web/content/DE/service/Ueberuns/Regionaldirektionen/Hessen/index.htm
Bundesagentur für Arbeit - Regionaldirektion Niedersachsen-Bremen;Röpkestraße 3;30173;Hannover;+49 511 9885-0;+49 511 9885-7777;niedersachsen-bremen@arbeitsagentur.de;https://www3.arbeitsagentur.de/web/content/DE/service/Ueberuns/Regionaldirektionen/NiedersachsenBremen/index.htm
Bundesagentur für Arbeit - Regionaldirektion Nord;Projensdorfer Straße 82;24106;Kiel;+49 431 3395-0;+49 431 3395-9999;Nord@arbeitsagentur.de;https://www3.arbeitsagentur.de/web/content/DE/service/Ueberuns/Regionaldirektionen/Nord/index.htm
Bundesagentur für Arbeit - Regionaldirektion Nordrhein-Westfalen;Josef-Gockeln-Straße 7;40474;Düsseldorf;+49 211 4306-0;+49 211 4306-377;Nordrhein-Westfalen@arbeitsagentur.de;https://www.arbeitsagentur.de/vor-ort/rd-nrw/startseite
Bundesagentur für Arbeit - Regionaldirektion Rheinland-Pfalz Saarland;Eschberger Weg 68;66121;Saarbrücken;+49 681 849-0;+49 681 849-180;Rheinland-Pfalz-Saarland@arbeitsagentur.de;https://www3.arbeitsagentur.de/web/content/DE/service/Ueberuns/Regionaldirektionen/RheinlandPfalzSaarland/index.htm
Bundesagentur für Arbeit - Regionaldirektion Sachsen;Paracelsusstraße 12;09114;Chemnitz;+49 371 9118-0;+49 371 9118-697;Sachsen@arbeitsagentur.de;https://www3.arbeitsagentur.de/web/content/DE/service/Ueberuns/Regionaldirektionen/Sachsen/index.htm
Bundesagentur für Arbeit - Regionaldirektion Sachsen-Anhalt Thüringen;Frau-von-Selmnitz-Straße 6;06110;Halle;+49 345 1332-0;+49 345 1332-555;Sachsen-Anhalt-Thueringen@arbeitsagentur.de;https://www3.arbeitsagentur.de/web/content/DE/service/Ueberuns/Regionaldirektionen/SachsenAnhaltThueringen/index.htm
Bundesakademie für öffentliche Verwaltung (BAköV);Willy-Brandt-Straße 1;50321;Brühl;+49 22899 629-0;+49 22899 629-5100;poststelle@bakoev.bund.de;https://www.bakoev.bund.de
Bundesakademie für Sicherheitspolitik;Ossietzkystraße 44 - 45;13187;Berlin;+49 30 40046-420;+49 30 40046-421;info@baks.bund.de;https://www.baks.bund.de/DE/Home/home_node.html
Bundesamt für Ausrüstung, Informationstechnik und Nutzung der Bundeswehr;Ferdinand-Sauerbruch-Straße 1;56073;Koblenz;+49 261 400-0;+49 261 400-12660;baainbwposteingang@bundeswehr.org;https://www.bundeswehr.de/de/organisation/ausruestung-baainbw
Bundesamt für Äußere Restitutionen;Potsdamer Straße 1;56075;Koblenz;+49 261 505-0;+49 261 505-226;Poststelle@bundesarchiv.de;
Bundesamt für Auswärtige Angelegenheiten;Kirchhofstraße 1 - 2;14776;Brandenburg;+49 30 184730-0;;info@bfaa.bund.de;https://bfaa.diplo.de/bfaa-de
Bundesamt für Bauwesen und Raumordnung;Deichmanns Aue 31 - 37;53179;Bonn;+49 22899 401-0;+49 22899 401-1270;zentrale@bbr.bund.de;https://www.bbr.bund.de
Bundesamt für Bevölkerungsschutz und Katastrophenhilfe;Provinzialstraße 93;53127;Bonn;+49 22899 550-0;+49 22899 550-1620;poststelle@bbk.bund.de;https://www.bbk.bund.de
Bundesamt für das Personalmanagement der Bundeswehr;Militärringstr. 1000;50737;Köln;+49 221 9571-4002;;PIZPersonalBuergerdialog@Bundeswehr.org;https://www.bundeswehr.de/de/organisation/personal
Bundesamt für den Militärischen Abschirmdienst;Brühler Straße 300;50968;Köln;+49 221 9371-2500;+49 221 9371-2407;mad@bundeswehr.org;https://www.bundeswehr.de/de/organisation/weitere-bmvg-dienststellen/mad-bundesamt-fuer-den-militaerischen-abschirmdienst
Bundesamt für die Sicherheit der nuklearen Entsorgung;Wegelystraße 8;10623;Berlin;+49 30 18 43210;;info@base.bund.de;https://www.base.bund.de
Bundesamt für Familie und zivilgesellschaftliche Aufgaben;An den Gelenkbogenhallen 2-6;50679;Köln;+49 221 3673-0;+49 221 3673-4661, -4662;pressestelle@bafza.bund.de;https://www.bafza.de/
Bundesamt für Infrastruktur, Umweltschutz und Dienstleistungen der Bundeswehr;Fontainengraben 200;53123;Bonn;+49 228 5504 - 0;;BAIUDBwPosteingang@bundeswehr.org;https://www.bundeswehr.de/de/organisation/infrastruktur-umweltschutz-und-dienstleistungen
Bundesamt für Justiz;Adenauerallee 99 - 103;53113;Bonn;+49 22899 410-40;+49 22899 410-5050;verwaltung@bfj.bund.de;https://www.bundesjustizamt.de/
Bundesamt für Kartographie und Geodäsie;Richard-Strauss-Allee 11;60598;Frankfurt am Main;+49 69 6333-1;+49 69 6333-235;mailbox@bkg.bund.de;https://www.bkg.bund.de
Bundesamt für Logistik und Mobilität;Werderstraße 34;50672;Köln;+49 221 5776-0;+49 221 5776-1777;poststelle@balm.bund.de;https://www.balm.bund.de
Bundesamt für Migration und Flüchtlinge;Frankenstraße 210;90461;Nürnberg;+49 911 943-0;+49 911 943-1000;service@bamf.bund.de;https://www.bamf.de
Bundesamt für Naturschutz;Konstantinstraße 110;53179;Bonn;+49 228 8491-0;+49 228 8491-9999;info@bfn.de;https://www.bfn.de/
Bundesamt für Seeschifffahrt und Hydrographie;Bernhard-Nocht-Straße 78;20359;Hamburg;+49 40 3190-0;+49 40 3190-5000;posteingang@bsh.de;https://www.bsh.de
Bundesamt für Sicherheit in der Informationstechnik;Godesberger Allee 87;53175;Bonn;+49 22899 9582-0;+49 22899 9582-5400;bsi@bsi.bund.de;https://www.bsi.bund.de/DE/Home/home_node.html
Bundesamt für Soziale Sicherung;Friedrich-Ebert-Allee 38;53113;Bonn;+49 228 619-0;;poststelle@bas.bund.de;https://www.bundesamtsozialesicherung.de
Bundesamt für Strahlenschutz;Willy-Brandt-Straße 5;38226;Salzgitter;+49 30 18 333-0;+49 30 18 333-1885;ePost@bfs.de;https://www.bfs.de
Bundesamt für Verbraucherschutz und Lebensmittelsicherheit;Bundesallee 51;38116;Braunschweig;+49 3018 444-99999;;poststelle@bvl.bund.de;https://www.bvl.bund.de
Bundesamt für Verfassungsschutz;Merianstraße 100;50765;Köln;+49 30 18 792-0, +49 228 99 792-0;+49 30 18 10 792-2915, +49 228 99 10 792-2915;kontakt@bfv.bund.de;https://www.verfassungsschutz.de/
Bundesamt für Wirtschaft und Ausfuhrkontrolle;Frankfurter Straße 29 - 35;65760;Eschborn;+49 6196 908-0;+49 6196 908-1800;Poststelle@bafa.bund.de;https://www.bafa.de/DE/Home/home_node.html
Bundesamt für zentrale Dienste und offene Vermögensfragen;DGZ-Ring 12;13086;Berlin;+49 3018 7030-0;+49 30 187030-1140;poststelle@badv.bund.de;https://www.badv.bund.de/DE/Home/home_node.html
Bundesanstalt für Arbeitsschutz und Arbeitsmedizin;Friedrich-Henkel-Weg 1 - 25;44149;Dortmund;+49 231 9071-0;+49 231 9071-2454;poststelle@baua.bund.de;https://www.baua.de/DE/Home/Home_node.html
Bundesanstalt für den Digitalfunk der Behörden und Organisationen mit Sicherheitsaufgaben;Fehrbelliner Platz 3;10707;Berlin;+49 3018 681-45771;+49 3018 681-45880;poststelle@bdbos.bund.de;https://www.bdbos.bund.de/DE/Home/home_node.html
Bundesanstalt für Finanzdienstleistungsaufsicht;Graurheindorfer Straße 108;53117;Bonn;+49 228 4108-0;+49 228 4108-1550;poststelle@bafin.de;https://www.bafin.de
Bundesanstalt für Finanzmarktstabilisierung c/o Bundesrepublik Finanzagentur;Olof-Palme-Straße 35;60439;Frankfurt am Main;+49 69 2561 616-1607;+49 69 2561 616-1429;info@fmsa.de;https://www.fmsa.de
Bundesanstalt für Geowissenschaften und Rohstoffe;Stilleweg 2;30655;Hannover;+49 511 643-0;+49 511 643-2304;poststelle@bgr.de;https://www.bgr.bund.de/DE/Home/homepage_node.html
Bundesanstalt für Gewässerkunde;Am Mainzer Tor 1;56068;Koblenz;+49 261 1306-0;;posteingang@bafg.de;https://www.bafg.de/DE/0_Home/home_node.html
Bundesanstalt für Immobilienaufgaben;Ellerstraße 56;53119;Bonn;+49 228 37787-0;+49 228 37787-200;Info@bundesimmobilien.de;https://www.bundesimmobilien.de/
Bundesanstalt für Landwirtschaft und Ernährung;Deichmanns Aue 29;53179;Bonn;+49 22899 6845-0;+49 22899 6845-4518;info@ble.de;https://www.ble.de/DE/Startseite/startseite_node.html
Bundesanstalt für Materialforschung und -prüfung;Unter den Eichen 87;12205;Berlin;+49 30 8104-0;+49 30 8112029;info@bam.de;https://www.bam.de/Navigation/DE/Home/home.html
Bundesanstalt für Post und Telekommunikation Deutsche Bundespost;Friesdorfer Straße 123;53175;Bonn;+49 228 9744-0;+49 228 9744-870;stab@banst-pt.de;https://www.banst-pt.de
Bundesanstalt für Straßen- und Verkehrswesen (BASt);Brüderstraße 53;51427;Bergisch Gladbach;+49 2204 43-0;+49 2204 43-1150;post@bast.de;https://www.bast.de/DE/Home/home_node.html
Bundesanstalt für vereinigungsbedingte Sonderaufgaben;Schönhauser Allee 120;10437;Berlin;+49 30 4432-2300;+49 30 2451-1200;Sekretariat.Abwicklerin@bvs-mail.de;https://bvs.bund.de
Bundesanstalt für Verwaltungsdienstleistungen;Schloßplatz 9;26603;Aurich;+49 4941 602-0;+49 4941 602-378;info@bav.bund.de;https://www.bav.bund.de/DE/1_Home/home_node.html
Bundesanstalt für Wasserbau;Kußmaulstraße 17;76187;Karlsruhe;+49 721 9726-0;;info@baw.de;https://www.baw.de/de/home/home.html
Bundesanstalt Technisches Hilfswerk;Provinzialstraße 93;53127;Bonn;+49 228 940-0;+49 228 940-1520;poststelle@thw.de;https://www.thw.de/DE/Startseite/startseite_node.html
Bundesanzeiger Verlag GmbH;Amsterdamer Straße 192;50735;Köln;+49 221 97668-0;+49 221 97668-278;service@bundesanzeiger.de;https://www.bundesanzeiger.de/ebanzwww/wexsservlet
Bundesarbeitsgemeinschaft Evangelische Jugendsozialarbeit e.V.;Wagenburgstr. 26 - 28;70184;Stuttgart;+49 711 164 89-0;+49 711 16489-21;mail@bagejsa.de;https://www.bagejsa.de/
Bundesarbeitsgemeinschaft Katholische Jugendsozialarbeit e. V.;Carl-Mosterts-Platz 1;40477;Düsseldorf;+49 211 94485-0;+49 211 486509;bagkjs@bagkjs.de;https://www.bagkjs.de
Bundesarbeitsgemeinschaft Kinder- und Jugendschutz e. V.;Mühlendamm 3;10178;Berlin;+49 30 40040300;+49 30 40040 333;info@bag-jugendschutz.de;https://www.bag-jugendschutz.de/de/Index
Bundesarbeitsgericht;Hugo-Preuß-Platz 1;99084;Erfurt;+49 361 2636-0;+49 361 2636-2000;bag@bundesarbeitsgericht.de;https://www.bundesarbeitsgericht.de/
Bundesarchiv;Potsdamer Straße 1;56075;Koblenz;+49 261 505-0;+49 261 505-1803;poststelle@bundesarchiv.de;https://www.bundesarchiv.de/DE/Navigation/Home/home.html
Bundesaufsichtsamt für Flugsicherung;Monzastraße 1;63225;Langen;+49 6103 8043-0;;poststelle@baf.bund.de;https://www.baf.bund.de/DE/Home/home_node.html
Bundesausgleichsamt;Saalburgstraße 157;61350;Bad Homburg v.d. Höhe;+49 3018 7030-0;+49 3018 7030-3450;bundesausgleichsamt@badv.bund.de;https://www.badv.bund.de/DE/Home/home_node.html
Bundesbeauftragte für den Datenschutz und die Informationsfreiheit;Graurheindorfer Straße 153;53117;Bonn;+49 228 99 77 99-0;;Poststelle@bfdi.bund.de;https://www.bfdi.bund.de/DE/Home/home_node.html
Bundesbeauftragter für Wirtschaftlichkeit in der Verwaltung;Adenauerallee 81;53113;Bonn;+49 1606966016;+49 22899 721-1107;BWV-Servicestelle@brh.bund.de;https://www.bundesrechnungshof.de/DE/6_der_bwv/der_bwv_verteilerseite_node.html
Bundesdruckerei GmbH;Kommandantenstraße 18;10969;Berlin;+49 30 2598-0;+49 30 2598-2205;info@bundesdruckerei.de;https://www.bundesdruckerei.de/de
Bundeseisenbahnvermögen;Kurt-Georg-Kiesinger-Allee 2;53175;Bonn;+49 228 3077-0;+49 228 3077-160;bonn@bev.bund.de;https://www.bev.bund.de/DE/Home/home_node.html
Bundesfinanzhof;Ismaninger Straße 109;81675;München;+49 89 9231-0;+49 89 9231-201;bundesfinanzhof@bfh.bund.de;https://www.bundesfinanzhof.de/de/
Bundesgerichtshof;Herrenstraße 45a;76133;Karlsruhe;+49 721 159-0;+49 721 159-2512;poststelle@bgh.bund.de;https://www.bundesgerichtshof.de/DE/Home/home_node.html
Bundesinstitut für Arzneimittel und Medizinprodukte;Kurt-Georg-Kiesinger-Allee 3;53175;Bonn;+49 22899 307-0;+49 22899 307-5207;poststelle@bfarm.de;https://www.bfarm.de/DE/Home/_node.html
Bundesinstitut für Berufsbildung;Friedrich-Ebert-Allee 114-116;53113;Bonn;+49 228 107-0;;zentrale@bibb.de;https://www.bibb.de/
Bundesinstitut für Bevölkerungsforschung;Friedrich-Ebert-Allee 4;65185;Wiesbaden;+49 611 75-2235;+49 611 75-2235;post@bib.bund.de;https://www.bib.bund.de
Bundesinstitut für Kultur und Geschichte des östlichen Europas;Johann-Justus-Weg 147 a;26127;Oldenburg;+49 441 96195-0;+49 441 96195-33;bkge@bkge.bund.de;https://www.bkge.de/
Bundesinstitut für Öffentliche Gesundheit;Maarweg 149-161;50825;Köln;+49 221 8992-0;+49 221 8992-300;poststelle@bioeg.de;https://www.bioeg.de
Bundesinstitut für Risikobewertung;Max-Dohrn-Straße 8 - 10;10589;Berlin;+49 30 18412-0;+49 30 18412-4741;bfr@bfr.bund.de;https://www.bfr.bund.de/de/start.html
Bundesinstitut für Sportwissenschaft;Graurheindorfer Straße 198 - Haus 7 ;53117;Bonn;+49 22899 640-0;+49 22899 640-9008;info@bisp.de;https://www.bisp.de/DE/Home/home_node.html
Bundeskanzler;Willy-Brandt Straße 1;10557;Berlin;+49 3018 400-0;+49 3018 400-2357;internetpost@bundeskanzler.de;https://www.bundeskanzler.de/bk-de/
Bundeskanzler Helmut Kohl Stiftung;Friedrichstraße 187;10117;Berlin;+49 30 2 2012 7680;;info@bundesstiftung-helmut-kohl.de;https://www.bundesstiftung-helmut-kohl.de/
Bundeskanzler Helmut Schmidt Stiftung;Kattrepel 10;20095;Hamburg;+49 40-1823 1218;;info@helmut-schmidt.de;https://www.helmut-schmidt.de
Bundeskanzler-Willy-Brandt-Stiftung;Wilhelmstraße 43 i;10117;Berlin;+49 30 787707-0;+49 30 787707-50;info@bwbs.de;https://www.willy-brandt.de
Bundeskanzleramt;Willy-Brandt-Straße 1;10557;Berlin;+49 3018 400-0;+49 3018 400-2357;poststelle@bk.bund.de;https://www.bundesregierung.de/Webs/Breg/DE/Bundesregierung/Bundeskanzleramt/bundeskanzleramt.html
Bundeskartellamt;Kaiser-Friedrich-Straße 16;53113;Bonn;+49 228 9499-0;+49 228 9499-400;info@bundeskartellamt.bund.de;https://www.bundeskartellamt.de/DE/Home/home_node.html
Bundeskasse Dienstort Halle;Merseburger Straße 196;06110;Halle;+49 228 303-20300;+49 228 303-20326;bk-hal.gzd@zoll.bund.de;https://www.zrb.bund.de/DE/3_Bundeskasse/Halle/DO_Halle_node.html
Bundeskasse Dienstort Kiel;Kronshagener Weg 105;24116;Kiel;+49 431 20083-3000;+49 431 20083-3010;bk-ki.gzd@zoll.bund.de;https://www.zrb.bund.de/DE/3_Bundeskasse/Kiel/DO_Kiel_node.html
Bundeskasse Dienstort Trier;Dasbachstraße 15;54292;Trier;+49 651 1448-0;+49 651 1448-1001;bk-tr.gzd@zoll.bund.de;https://www.zrb.bund.de/DE/3_Bundeskasse/Trier/DO_Trier_node.html
Bundeskasse Dienstort Weiden;Moosbürger Straße 20;92637;Weiden;+49 228 303-20550;+49 228 303-20720;bk-wen.gzd@zoll.bund.de;https://www.zrb.bund.de/DE/3_Bundeskasse/Weiden/DO_Weiden_node.html
Bundeskriminalamt;Thaerstraße 11;65193;Wiesbaden;+49 611 55-0;+49 611 55-12141;mail@bka.bund.de;https://www.bka.de/DE/Home/home_node.html
Bundeslotsenkammer;Theodorstraße 42-90;22761;Hamburg;+49 40-60 77 60 310;+49 40-60 77 60 399;office@bundeslotsenkammer.de;https://www.bundeslotsenkammer.de/
Bundesministerium der Finanzen;Wilhelmstraße 97;10117;Berlin;+49 3018 682-0;+49 3018 682-3260;Poststelle@bmf.bund.de;https://www.bundesfinanzministerium.de
Bundesministerium der Justiz und für Verbraucherschutz;Anton-Wilhelm-Amo-Straße 37;10117;Berlin;+49 3018 580-0;+49 3018 580-9525;poststelle@bmjv.bund.de;https://www.bmjv.de
Bundesministerium der Verteidigung;Fontainengraben 150;53123;Bonn;+49 228 9924-00;+49 228 9924-45754;poststelle@bmvg.bund.de;https://www.bmvg.de/de
Bundesministerium des Innern;Alt-Moabit 140;10557;Berlin;+49 3018 681-0;+49 3018 681-5500;poststelle@bmi.bund.de;https://www.bmi.bund.de
Bundesministerium für Arbeit und Soziales;Wilhelmstraße 49;10117;Berlin;+49 3018 527-0;+49 3018 527-1830;info@bmas.bund.de;https://www.bmas.de
Bundesministerium für Bildung, Familie, Senioren, Frauen und Jugend;Glinkastraße 24;10117;Berlin;+49 30 20 17 91 30;;poststelle@bmfsfj.bund.de;https://www.bmfsfj.de
Bundesministerium für Digitales und Staatsmodernisierung;Englische Straße 30;10587;Berlin;;;info@bmds.bund.de;https://bmds.bund.de
Bundesministerium für Forschung, Technologie und Raumfahrt;Heinemannstraße 2;53175;Bonn;+49 3018 57-0;+49 30 18 57-5270;information@bmftr.bund.de;https://www.bmftr.bund.de/DE/Home/home_node.html
Bundesministerium für Gesundheit;Rochusstraße 1;53123;Bonn;+49 228 9 41-0;;poststelle@bmg.bund.de;https://www.bundesgesundheitsministerium.de/
Bundesministerium für Landwirtschaft, Ernährung und Heimat;Rochusstraße 1;53123;Bonn;+49 228 9 95 29-0;+49 228 9 95 29-42 62;poststelle@bmleh.bund.de;https://www.bmleh.de
Bundesministerium für Umwelt, Klimaschutz, Naturschutz und nukleare Sicherheit;Robert-Schuman-Platz 3;53175;Bonn;+49 3018 305-0;+49 3018 305-3225;poststelle@bmukn.bund.de;https://www.bundesumweltministerium.de
Bundesministerium für Verkehr;Invalidenstraße 44;10115;Berlin;+49 3018 300-0;+49 3018 300-1942;Poststelle@bmv.bund.de;https://www.bmv.de/DE/Home/home/.html
Bundesministerium für Wirtschaft und Energie;Scharnhorststraße 34-37;10115;Berlin;+49 3018 615-0;+49 3018 615-7010;info@bmwe.bund.de;https://www.bundeswirtschaftsministerium.de/Navigation/DE/Home/home.html
Bundesministerium für wirtschaftliche Zusammenarbeit und Entwicklung;Dahlmannstraße 4;53113;Bonn;+49 228 99 535-0;+49 228 535-3500;poststelle@bmz.bund.de;https://www.bmz.de
Bundesministerium für Wohnen, Stadtentwicklung und Bauwesen;Rudi-Dutschke-Straße 4;10969;Berlin;+49 3018 335-0;;poststelle@bmwsb.bund.de;https://www.bmwsb.bund.de/Webs/BMWSB/DE/startseite/startseite-node.html
Bundesnachrichtendienst;Chausseestraße 96-99a;10115;Berlin;+49 30 4146457;;redaktion@bnd.bund.de;https://www.bnd.bund.de/DE/Startseite/startseite_node.html
Bundesnetzagentur;Tulpenfeld 4;53113;Bonn;+49 228 14-0;+49 228 14-8872;Poststelle@BNetzA.de;https://www.bundesnetzagentur.de
Bundesnotarkammer;Anton-Wilhelm-Amo-Straße 34;10117;Berlin;+49 30 3838660;+49 30 38386666;bnotk@bnotk.de;https://www.bnotk.de/
Bundespatentgericht;Cincinnatistraße 64;81549;München;+49 89 69937-0;+49 89 69937-5100;bundespatentgericht@bpatg.bund.de;https://www.bundespatentgericht.de/cms/
Bundespolizei;Heinrich-Mann-Allee 103;14473;Potsdam;+49 331 97997-0;+49 331 97997-1010;bpolp@polizei.bund.de;https://www.bundespolizei.de
Bundespolizeiakademie;Ratzeburger Landstraße 4;23562;Lübeck;+49 451 49055-0;+49 451 49055-5121;bpolak@polizei.bund.de;https://www.bundespolizei.de/Web/DE/05Die-Bundespolizei/03Organisation/03Akademie/Akademie_node.html
Bundespolizeidirektion 11;Schöneberger Ufer 1;10785;Berlin;+49 30 417074-0;+49 30 417074-1190;bpold11@polizei.bund.de;https://www.bundespolizei.de/Web/DE/05Die-Bundespolizei/03Organisation/02Direktionen/11/d11_node.html
Bundespolizeidirektion Bad Bramstedt;Raaberg 6;24576;Bad Bramstedt;+49 4192 502-0;+49 4192 502-4444;bpold.badbramstedt@polizei.bund.de;https://www.bundespolizei.de/Web/DE/05Die-Bundespolizei/03Organisation/02Direktionen/BadBramstedt/BundespolizeidirektionBadBramstedt.html
Bundespolizeidirektion Berlin;Schnellerstraße 139a-140;12439;Berlin;+49 30 91144-0;+49 30 204561-3900;bpold.berlin@polizei.bund.de;https://www.bundespolizei.de/Web/DE/05Die-Bundespolizei/03Organisation/02Direktionen/Berlin/berlin_node.html
Bundespolizeidirektion Flughafen Frankfurt/Main;Flughafen ;60549;Frankfurt am Main;+49 69 6800-0;+49 30 204 561-4160;bpold.frankfurt@polizei.bund.de;https://www.bundespolizei.de/Web/DE/05Die-Bundespolizei/03Organisation/02Direktionen/Frankfurt/frankfurt_node.html
Bundespolizeidirektion Hannover;Möckernstraße 30;30163;Hannover;+49 511 67675-0;+49 511 67675-1110;bpold.hannover@polizei.bund.de;https://www.bundespolizei.de/Web/DE/05Die-Bundespolizei/03Organisation/02Direktionen/Hannover/hannover_node.html
Bundespolizeidirektion Koblenz;Südallee 15-19;56068;Koblenz;+49 261 399-0;+49 261 399-1199;bpold.koblenz@polizei.bund.de;https://www.bundespolizei.de/Web/DE/05Die-Bundespolizei/03Organisation/02Direktionen/Koblenz/koblenz_node.html
Bundespolizeidirektion München;Infanteriestraße 6;80797;München;+49 89 12149-0;+49 89 12149-1199;bpold.muenchen@polizei.bund.de;https://www.bundespolizei.de/Web/DE/05Die-Bundespolizei/03Organisation/02Direktionen/Muenchen/muenchen_node.html
Bundespolizeidirektion Pirna;Rottwerndorfer Straße 22;01796;Pirna;+49 3501 795-60;+49 30 204561-3650;bpold.pirna@polizei.bund.de;https://www.bundespolizei.de/Web/DE/05Die-Bundespolizei/03Organisation/02Direktionen/Pirna/Pirna_node.html
Bundespolizeidirektion Sankt Augustin;Bundesgrenzschutzstraße 100;53757;Sankt Augustin;+49 2241 238-0;+49 2241 238-1199;bpold.sanktaugustin@polizei.bund.de;https://www.bundespolizei.de/Web/DE/05Die-Bundespolizei/03Organisation/02Direktionen/SanktAugustin/Sankt-Augustin_node.html
Bundespolizeidirektion Stuttgart;Wolfgang-Brumme-Allee 52;71034;Böblingen;+49 7031 2128-0;+49 7031 2128-1170;bpold.stuttgart@polizei.bund.de;https://www.bundespolizei.de/Web/DE/05Die-Bundespolizei/03Organisation/02Direktionen/Stuttgart/Stuttgart_node.html
Bundespolizeipräsidium;Heinrich-Mann-Allee 103;14473;Potsdam;+49 331 97997-0;+49 331 97997-1010;bpolp@polizei.bund.de;https://www.bundespolizei.de/Web/DE/05Die-Bundespolizei/03Organisation/01Praesidium/Praesidium_node.html
Bundespräsident;Spreeweg 1;10557;Berlin;+49 30 2000-0;;bundespraesidialamt@bpra.bund.de;https://www.bundespraesident.de/DE/startseite/startseite_node.html
Bundespräsidialamt;Spreeweg 1;10557;Berlin;+49 30 2000-0;;bundespraesidialamt@bpra.bund.de;https://www.bundespraesident.de/DE/startseite/startseite_node.html
Bundesrat;Leipziger Straße 3 - 4;10117;Berlin;+49 3018 9100-0;;bundesrat@bundesrat.de;https://www.bundesrat.de/DE/homepage/homepage-node.html
Bundesrechnungshof;Adenauerallee 81;53113;Bonn;+49 228 99 721-0;;aussenkommunikation@brh.bund.de;https://www.bundesrechnungshof.de/DE/0_home/home_node.html
Bundesrechtsanwaltskammer;Littenstraße 9;10179;Berlin;+49 30 284939-0;;zentrale@brak.de;https://www.brak.de/
Bundesrepublik Deutschland - Finanzagentur GmbH;Olof-Palme-Str. 35;60439;Frankfurt am Main;+49 69 25616-0;+49 69 25616-1476;info@deutsche-finanzagentur.de;https://www.deutsche-finanzagentur.de/ueber-uns
Bundessortenamt;Osterfelddamm 80;30627;Hannover;+49 511 9566- 50;+49 511 9566-9600;bsa@bundessortenamt.de;https://www.bundessortenamt.de/bsa/
Bundessozialgericht;Graf-Bernadotte-Platz 5;34119;Kassel;+49 561 3107-460;+49 561 3107-474;pressestelle@bsg.bund.de;https://www.bsg.bund.de/DE/Home/home_node.html
Bundessprachenamt;Horbeller Straße 52;50354;Hürth;+49 2233 593-0;;info@bundessprachenamt.de;https://www.bundeswehr.de/de/organisation/personal/das-bundessprachenamt/bundessprachenamt
Bundesstelle für Eisenbahnunfalluntersuchung;Heinemannstraße 6;53175;Bonn;+49 228 53686?0;+49 228 53686?180;unfalluntersuchung@beu.bund.de;https://www.eisenbahn-unfalluntersuchung.de/BEU/DE/home_node.html
Bundesstelle für Flugunfalluntersuchung;Hermann-Blenk-Straße 16;38108;Braunschweig;+49 531 3548-0;+49 531 3548-246;Pressestelle@bfu-web.de;https://www.bfu-web.de/DE/Home/home_node.html
Bundesstelle für Seeunfalluntersuchung;Bernhard-Nocht-Straße 78;20359;Hamburg;+49 40 3190-8311;+49 40 3190-8340;posteingang@bsu-bund.de;https://www.bsu-bund.de/DE/Home/home_node.html
Bundessteuerberaterkammer;Behrenstraße 42;10117;Berlin;+49 30 240087-0;+49 30 240087-99;zentrale@bstbk.de;https://www.bstbk.de
Bundesstiftung Gleichstellung;Karl-Liebknecht-Straße 34;10178;Berlin;+49 30 9940 570-00;;info@bundesstiftung-gleichstellung.de;https://www.bundesstiftung-gleichstellung.de/
Bundesstiftung Magnus Hirschfeld;Anton-Wilhelm-Amo-Straße 34;10117;Berlin;+49 30 208 987 65-0;+49 30 208 987 65-2;info@mh-stiftung.de;http://www.mh-stiftung.de
Bundesstiftung Mutter und Kind - Schutz des ungeborenen Lebens;Glinkastraße 24;10117;Berlin;+49 30 201 791 30;+49 30 18 555-4400;poststelle@bmbfsfj.bund.de;https://www.bundesstiftung-mutter-und-kind.de/
Bundesstiftung zur Aufarbeitung der SED-Diktatur;Kronenstraße 5;10117;Berlin;+49 30 3198 95-0;+49 30 3198 95-210;buero@bundesstiftung-aufarbeitung.de;https://www.bundesstiftung-aufarbeitung.de/de/start
Bundesverband für Umweltberatung e. V.;Frankfurter Straße 87;97082;Würzburg;+49 931 4973 9165;;service@umweltberatung-info.de;https://www.umweltberatung-info.de/
Bundesverband Öffentlicher Banken Deutschlands e. V.;Lennéstraße 11;10785;Berlin;+49 30 8192-0;;info@voeb.de;https://www.voeb.de/startseite
Bundesvereinigung der kommunalen Spitzenverbände;Lennéstraße 11;10785;Berlin;+49 30 590097-309;+49 30 590097-400;info@landkreistag.de;
Bundesvereinigung Prävention und Gesundheitsförderung e. V.;Heilsbachstraße 30;53123;Bonn;+49 228 98 727-0;;info@bvpraevention.de;https://bvpraevention.de/cms/index.asp?newbv
Bundesverfassungsgericht;Schlossbezirk 3;76131;Karlsruhe;+49 721 9101-0;+49 721 9101-382;bverfg@bundesverfassungsgericht.de;https://www.bundesverfassungsgericht.de/
Bundesverwaltungsamt;Barbarastraße 1;50735;Köln;+49 221 758-0;+49 221 758-41747;kommunikation@bva.bund.de;https://www.bva.bund.de/DE/Home/home_node.html
Bundesverwaltungsgericht;Simsonplatz 1;04107;Leipzig;+49 341 2007-0;+49 341 2007-1000;post@bverwg.bund.de;https://www.bverwg.de/
Bundeswahlbeauftragter für die Sozialversicherungswahlen;Taubenstraße 4-6;10117;Berlin;+49 18 88 527-2555;+49 18 88 527-1204;bwb@bmas.bund.de;https://www.bmas.de/DE/Soziales/Sozialversicherung/Sozialversicherungswahlen/der-bundeswahlbeauftragte-und-seine-stellvertreterin.html
Bundeswahlleiterin;Gustav-Stresemann-Ring 11;65189;Wiesbaden;+49 611 75-4863;+49 611 75-3964;post@bundeswahlleiter.de;https://www.bundeswahlleiterin.de/
Bundeswehr-Dienstleistungszentrum Aachen;Debyestraße 21;52078;Aachen;+49 241 561-0;;BwDLZAachen@bundeswehr.org;https://www.bundeswehr.de/de/organisation/infrastruktur-umweltschutz-und-dienstleistungen/organisation-iud/bundeswehr-dienstleistungszentren/bwdlz-aachen
Bundeswehr-Dienstleistungszentrum Amberg;Kümmersbrucker Straße 1;92224;Amberg;+49 9621 7847-0;;BwDLZAmberg@bundeswehr.org;https://www.bundeswehr.de/de/organisation/infrastruktur-umweltschutz-und-dienstleistungen/organisation-iud/bundeswehr-dienstleistungszentren/bwdlz-amberg
Bundeswehr-Dienstleistungszentrum Augustdorf;Lopshorner Weg 49;32832;Augustdorf;+49 5237 91-0;;BwDLZAugustdorf@Bundeswehr.org;https://www.bundeswehr.de/de/organisation/infrastruktur-umweltschutz-und-dienstleistungen/organisation-iud/bundeswehr-dienstleistungszentren/bwdlz-augustdorf
Bundeswehr-Dienstleistungszentrum Bad Reichenhall;Von-Martius-Straße 7;83435;Bad Reichenhall;+49 8651 79-0;;BwDLZBadReichenhall@Bundeswehr.org;https://www.bundeswehr.de/de/organisation/infrastruktur-umweltschutz-und-dienstleistungen/organisation-iud/bundeswehr-dienstleistungszentren/bwdlz-bad-reichenhall
Bundeswehr-Dienstleistungszentrum Bergen;Bergen-Hohne MB 28;29303;Lohheide;+49 5051 475-0;;BwDLZBergen@bundeswehr.org;https://www.bundeswehr.de/de/organisation/infrastruktur-umweltschutz-und-dienstleistungen/organisation-iud/bundeswehr-dienstleistungszentren/bwdlz-bergen
Bundeswehr-Dienstleistungszentrum Berlin;Kurt-Schumacher-Damm 41;13405;Berlin;+49 30 4981-0;;BwDLZBerlin@bundeswehr.org;https://www.bundeswehr.de/de/organisation/infrastruktur-umweltschutz-und-dienstleistungen/organisation-iud/bundeswehr-dienstleistungszentren/bwdlz-berlin
Bundeswehr-Dienstleistungszentrum Bogen;Bayerwaldstraße 26;94327;Bogen;+49 9422 808-0;;BwDLZBogen@Bundeswehr.org;https://www.bundeswehr.de/de/organisation/infrastruktur-umweltschutz-und-dienstleistungen/organisation-iud/bundeswehr-dienstleistungszentren/bwdlz-bogen
Bundeswehr-Dienstleistungszentrum Bonn;Euskirchener Straße 80;53121;Bonn;+49 228 96201-;;BwDLZBonn@bundeswehr.org;https://www.bundeswehr.de/de/organisation/infrastruktur-umweltschutz-und-dienstleistungen/organisation-iud/bundeswehr-dienstleistungszentren/bwdlz-bonn
Bundeswehr-Dienstleistungszentrum Bruchsal;Karlsruher Straße 25-27;76646;Bruchsal;+49 7251 98254-0;;BwDLZBruchsal@Bundeswehr.org;https://www.bundeswehr.de/de/organisation/infrastruktur-umweltschutz-und-dienstleistungen/organisation-iud/bundeswehr-dienstleistungszentren/bwdlz-bruchsal
Bundeswehr-Dienstleistungszentrum Burg;Thomas-Müntzer-Straße 5 b;39288;Burg;+49 3921 90-0;;BwDLZBurg@bundeswehr.org;https://www.bundeswehr.de/de/organisation/infrastruktur-umweltschutz-und-dienstleistungen/organisation-iud/bundeswehr-dienstleistungszentren/bwdlz-burg
Bundeswehr-Dienstleistungszentrum Doberlug-Kirchhain;Torgauer Straße 90;03253;Doberlug-Kirchhain;+49 35322 52-0;;BwDLZDoberlugKirchhain@bundeswehr.org;https://www.bundeswehr.de/de/organisation/infrastruktur-umweltschutz-und-dienstleistungen/organisation-iud/bundeswehr-dienstleistungszentren/bwdlz-doberlug-kirchhain
Bundeswehr-Dienstleistungszentrum Dresden;August-Bebel-Straße 19;01219;Dresden;+49 351 4654-0;;BwDLZDresden@bundeswehr.org;https://www.bundeswehr.de/de/organisation/infrastruktur-umweltschutz-und-dienstleistungen/organisation-iud/bundeswehr-dienstleistungszentren/bwdlz-dresden
Bundeswehr-Dienstleistungszentrum Erfurt;Thälmannstraße 60;99085;Erfurt;+49 361 342-60;;BwDLZErfurt@bundeswehr.org;https://www.bundeswehr.de/de/organisation/infrastruktur-umweltschutz-und-dienstleistungen/organisation-iud/bundeswehr-dienstleistungszentren/bwdlz-erfurt
Bundeswehr-Dienstleistungszentrum Hamburg;Osdorfer Landstraße 365;22589;Hamburg;+49 40 86648-0;;BwDLZHamburg@bundeswehr.org;https://www.bundeswehr.de/de/organisation/infrastruktur-umweltschutz-und-dienstleistungen/organisation-iud/bundeswehr-dienstleistungszentren/bwdlz-hamburg
Bundeswehr-Dienstleistungszentrum Hammelburg;Rommelstraße 27;97762;Hammelburg;+49 9732 784-0;;BwDLZHammelburg@bundeswehr.org;https://www.bundeswehr.de/de/organisation/infrastruktur-umweltschutz-und-dienstleistungen/organisation-iud/bundeswehr-dienstleistungszentren/bwdlz-hammelburg
Bundeswehr-Dienstleistungszentrum Hannover;Alter Flughafen 2;30179;Hannover;+49 511 6798-0;;BwDLZHannover@bundeswehr.org;https://www.bundeswehr.de/de/organisation/infrastruktur-umweltschutz-und-dienstleistungen/organisation-iud/bundeswehr-dienstleistungszentren/bwdlz-hannover
Bundeswehr-Dienstleistungszentrum Homberg;Waßmuthshäuser Straße 43;34576;Homberg (Efze);+49 5681 997-0;;BwDLZHombergEfze@bundeswehr.org;https://www.bundeswehr.de/de/organisation/infrastruktur-umweltschutz-und-dienstleistungen/organisation-iud/bundeswehr-dienstleistungszentren/bwdlz-homberg-efze
Bundeswehr-Dienstleistungszentrum Husum;Industriestraße 15;25813;Husum;+49 4841 7765-0;;BwDLZHusum@bundeswehr.org;https://www.bundeswehr.de/de/organisation/infrastruktur-umweltschutz-und-dienstleistungen/organisation-iud/bundeswehr-dienstleistungszentren/bwdlz-husum
Bundeswehr-Dienstleistungszentrum Idar-Oberstein;Am Rilchenberg 61;55743;Idar-Oberstein;+49 6781-51 0;;BwDLZIdarOberstein@bundeswehr.org;https://www.bundeswehr.de/de/organisation/infrastruktur-umweltschutz-und-dienstleistungen/organisation-iud/bundeswehr-dienstleistungszentren/bwdlz-idar-oberstein
Bundeswehr-Dienstleistungszentrum Ingolstadt;Marlene-Dietrich-Straße 12;85053;Ingolstadt;+49 841 88660-0;;BwDLZIngolstadt@Bundeswehr.org;https://www.bundeswehr.de/de/organisation/infrastruktur-umweltschutz-und-dienstleistungen/organisation-iud/bundeswehr-dienstleistungszentren/bwdlz-ingolstadt
Bundeswehr-Dienstleistungszentrum Kaufbeuren;Apfeltranger Straße 15;87600;Kaufbeuren;+49 8341 92-0;;BwDLZKaufbeuren@Bundeswehr.org;https://www.bundeswehr.de/de/organisation/infrastruktur-umweltschutz-und-dienstleistungen/organisation-iud/bundeswehr-dienstleistungszentren/bwdlz-kaufbeuren
Bundeswehr-Dienstleistungszentrum Kiel;Warnemünder Straße 22;24106;Kiel;+49 431 384-0;;BwDLZKiel@bundeswehr.org;https://www.bundeswehr.de/de/organisation/infrastruktur-umweltschutz-und-dienstleistungen/organisation-iud/bundeswehr-dienstleistungszentren/bwdlz-kiel
Bundeswehr-Dienstleistungszentrum Koblenz;Ellingshohl 69 - 75;56076;Koblenz;+49 261 679992-0;;BwDLZKoblenz@bundeswehr.org;https://www.bundeswehr.de/de/organisation/infrastruktur-umweltschutz-und-dienstleistungen/organisation-iud/bundeswehr-dienstleistungszentren/bwdlz-koblenz
Bundeswehr-Dienstleistungszentrum Köln;Flughafenstraße 1;51147;Köln;+49 2203 908-0;;BwDLZKoeln@bundeswehr.org;https://www.bundeswehr.de/de/organisation/infrastruktur-umweltschutz-und-dienstleistungen/organisation-iud/bundeswehr-dienstleistungszentren/bwdlz-koeln
Bundeswehr-Dienstleistungszentrum Landsberg am Lech;Siegfried-Meister-Straße 10;86899;Landsberg am Lech;+49 8191 911-2075;+49 8191 911-2090;BwDLZLandsberg@Bundeswehr.org;https://www.bundeswehr.de/de/organisation/infrastruktur-umweltschutz-und-dienstleistungen/organisation-iud/bundeswehr-dienstleistungszentren/bwdlz-landsberg-am-lech
Bundeswehr-Dienstleistungszentrum Leer;Osseweg 31;26789;Leer;+49 491 9195-0;;BwDLZLeer@bundeswehr.org;https://www.bundeswehr.de/de/organisation/infrastruktur-umweltschutz-und-dienstleistungen/organisation-iud/bundeswehr-dienstleistungszentren/bwdlz-leer
Bundeswehr-Dienstleistungszentrum Mayen;Holler Pfad 6;56727;Mayen;+49 2651 4960-0;;BwDLZMayen@bundeswehr.org;https://www.bundeswehr.de/de/organisation/infrastruktur-umweltschutz-und-dienstleistungen/organisation-iud/bundeswehr-dienstleistungszentren/bwdlz-mayen
Bundeswehr-Dienstleistungszentrum München;Dachauer Straße 128;80637;München;+49 89 1249-0;;BwDLZMuenchen@bundeswehr.org;https://www.bundeswehr.de/de/organisation/infrastruktur-umweltschutz-und-dienstleistungen/organisation-iud/bundeswehr-dienstleistungszentren/bwdlz-muenchen
Bundeswehr-Dienstleistungszentrum Munster;Emminger Weg 59-61;29633;Munster;+49 5192 12-0;;BwDLZMunster@bundeswehr.org;https://www.bundeswehr.de/de/organisation/infrastruktur-umweltschutz-und-dienstleistungen/organisation-iud/bundeswehr-dienstleistungszentren/bwdlz-munster
Bundeswehr-Dienstleistungszentrum Münster;Josefine-Mauser-Straße 51;48157;Münster;+49 251 133398-0;;BwDLZMuenster@bundeswehr.org;https://www.bundeswehr.de/de/organisation/infrastruktur-umweltschutz-und-dienstleistungen/organisation-iud/bundeswehr-dienstleistungszentren/bwdlz-muenster
Bundeswehr-Dienstleistungszentrum Oldenburg;Bremer Straße 69;26135;Odenburg;+49 441 929-0;;BwDLZOldenburg@bundeswehr.org;https://www.bundeswehr.de/de/organisation/infrastruktur-umweltschutz-und-dienstleistungen/organisation-iud/bundeswehr-dienstleistungszentren/bwdlz-oldenburg
Bundeswehr-Dienstleistungszentrum Plön;Stadtheide 10 - 11;24306;Plön;+49 4522-7444-0;+49 4522 7444-2100;BwDLZPloen@bundeswehr.org;https://www.bundeswehr.de/de/organisation/infrastruktur-umweltschutz-und-dienstleistungen/organisation-iud/die-bundeswehr-dienstleistungszentren/bwdlz-ploen
Bundeswehr-Dienstleistungszentrum Rostock;Kopernikusstraße 1;18057;Rostock;+49 381 802-50;;BwDLZRostock@bundeswehr.org;https://www.bundeswehr.de/de/organisation/infrastruktur-umweltschutz-und-dienstleistungen/organisation-iud/bundeswehr-dienstleistungszentren/bwdlz-rostock
Bundeswehr-Dienstleistungszentrum Rotenburg (Wümme);Am Luhner Holze 39;27356;Rotenburg (Wümme);+49 4261 188-0;;BwDLZRotenburg@bundeswehr.org;https://www.bundeswehr.de/de/organisation/infrastruktur-umweltschutz-und-dienstleistungen/organisation-iud/bundeswehr-dienstleistungszentren/bwdlz-rotenburg-wuemme
Bundeswehr-Dienstleistungszentrum Stetten am kalten Markt;Lager Heuberg ;72510;Stetten am kalten Markt;+49 7573 504-0;;BwDLZStettena.k.M@Bundeswehr.org;https://www.bundeswehr.de/de/organisation/infrastruktur-umweltschutz-und-dienstleistungen/organisation-iud/bundeswehr-dienstleistungszentren/bwdlz-stetten-am-kalten-markt
Bundeswehr-Dienstleistungszentrum Torgelow;Pasewalker Chaussee 3;17358;Torgelow;+49 3976 250-0;;BwDLZTorgelow@bundeswehr.org;https://www.bundeswehr.de/de/organisation/infrastruktur-umweltschutz-und-dienstleistungen/organisation-iud/bundeswehr-dienstleistungszentren/bwdlz-torgelow
Bundeswehr-Dienstleistungszentrum Ulm;Westerlinger Straße 13/2;89077;Ulm/Donau;+49 731 18996-0;;BwDLZUlm@bundeswehr.org;https://www.bundeswehr.de/de/organisation/infrastruktur-umweltschutz-und-dienstleistungen/organisation-iud/bundeswehr-dienstleistungszentren/bwdlz-ulm
Bundeswehr-Dienstleistungszentrum Veitshöchheim;Balthasar-Neumann-Kaserne ;97209;Veitshöchheim;+49 931 9707-0;+49 931 9707-4111;BwDLZVeitshoechheim@bundeswehr.org;https://www.bundeswehr.de/de/organisation/infrastruktur-umweltschutz-und-dienstleistungen/organisation-iud/bundeswehr-dienstleistungszentren/bwdlz-veitshoechheim
Bundeswehr-Dienstleistungszentrum Weißenfels;Zeitzer Straße 95;06667;Weißenfels;+49 3443 33-0;;BwDLZWeissenfels@bundeswehr.org;https://www.bundeswehr.de/de/organisation/infrastruktur-umweltschutz-und-dienstleistungen/organisation-iud/bundeswehr-dienstleistungszentren/bwdlz-weissenfels
Bundeswehr-Dienstleistungszentrum Wilhelmshaven;Rheinstraße 53;26382;Wilhelmshaven;+49 4421 4838-0;;BwDLZWilhelmshaven@bundeswehr.org;https://www.bundeswehr.de/de/organisation/infrastruktur-umweltschutz-und-dienstleistungen/organisation-iud/bundeswehr-dienstleistungszentren/bwdlz-wilhelmshaven
Bundeswehr-Dienstleistungszentrum Wunstorf;Am Dänenberg 2;31515;Wunstorf;+49 5031 405-0;+49 5031 405-2015;BwDLZWunstorf@bundeswehr.org;https://www.bundeswehr.de/de/organisation/infrastruktur-umweltschutz-und-dienstleistungen/organisation-iud/bundeswehr-dienstleistungszentren/bwdlz-wunstorf
Bundeswehr-Dienstleistungszentrum Zweibrücken;22-er-Straße 25;66482;Zweibrücken;+49 6332 5665-3;;BwDLZZweibruecken@bundeswehr.org;https://www.bundeswehr.de/de/organisation/infrastruktur-umweltschutz-und-dienstleistungen/organisation-iud/bundeswehr-dienstleistungszentren/bwdlz-zweibruecken
Bundeswehrdisziplinaranwalt beim Bundesverwaltungsgericht;Simsonplatz 1;04107;Leipzig;+49 341 124793-51;+49 341 124793-48;;
Bundeswehrfachschule Berlin;Kladower Damm 182;14086;Berlin;+49 30 3687-0;;BwFachSBerlin@bundeswehr.org;https://www.bundeswehr.de/de/organisation/personal/bildungszentrum-der-bundeswehr-/bundeswehrfachschule/bundeswehrfachschule-berlin-87216
Bundeswehrfachschule Hamburg;Osdorfer Landstraße 365;22589;Hamburg;+49 40 86648-0;;BwFachSHamburg@bundeswehr.org;https://www.bundeswehr.de/de/organisation/personal/bildungszentrum-der-bundeswehr-/bundeswehrfachschule/bundeswehrfachschule-hamburg-86934
Bundeswehrfachschule Hannover;Langenforther Straße 1;30657;Hannover;+49 511 903-4637;;BwFachSHannover@bundeswehr.org;https://www.bundeswehr.de/de/organisation/personal/bildungszentrum-der-bundeswehr-/bundeswehrfachschule/bundeswehrfachschule-hannover-87212
Bundeswehrfachschule Karlsruhe;An der Trift 13-15;76149;Karlsruhe;+49 721 62680-451 oder -453;;BwFachSKarlsruhe@bundeswehr.org;https://www.bundeswehr.de/de/organisation/personal/bildungszentrum-der-bundeswehr-/bundeswehrfachschule/bundeswehrfachschule-karlsruhe-87008
Bundeswehrfachschule Kassel;Elisabeth-Consbruch-Straße 2;34131;Kassel;+49 561 76682 3002;;BwFachSKassel@bundeswehr.org;https://www.bundeswehr.de/de/organisation/personal/bildungszentrum-der-bundeswehr-/bundeswehrfachschule/bundeswehrfachschule-kassel-87162
Bundeswehrfachschule Koblenz;Kurfürstenstraße 63;56068;Koblenz;+49 261 914372-22;;BwFachSKoblenz@bundeswehr.org;https://www.bundeswehr.de/de/organisation/personal/bildungszentrum-der-bundeswehr-/bundeswehrfachschule/bundeswehrfachschule-koblenz-87148
Bundeswehrfachschule Köln;Kardorfer Straße 1;50968;Köln;+49 221 937774-0;;BwFachSKoeln@bundeswehr.org;https://www.bundeswehr.de/de/organisation/personal/bildungszentrum-der-bundeswehr-/bundeswehrfachschule/bundeswehrfachschule-koeln-87152
Bundeswehrfachschule München;Neuherbergstraße 11;80937;München;+49 89 992692-3480;;bwfachsmuenchen@bundeswehr.org;https://www.bundeswehr.de/de/organisation/personal/bildungszentrum-der-bundeswehr-/bundeswehrfachschule/bundeswehrfachschule-muenchen-87012
Bundeswehrfachschule Naumburg;Kösener Straße 50;06618;Naumburg;+49 3443 33-0;;BwFachSNaumburg@bundeswehr.org;https://www.bundeswehr.de/de/organisation/personal/bildungszentrum-der-bundeswehr-/bundeswehrfachschule/bundeswehrfachschule-naumburg-87172
Bundeswehrfachschule Würzburg;Oberdürrbacher Straße 2a;97209;Veitshöchheim;+49 931 9707-0;;BwFachSWuerzburg@bundeswehr.org;https://www.bundeswehr.de/de/organisation/personal/bildungszentrum-der-bundeswehr-/bundeswehrfachschule/bundeswehrfachschule-wuerzburg-87020
Bundeswehrkrankenhaus Berlin;Scharnhorststraße 13;10115;Berlin;+49 30 2841-0;+49 30 2841-1043;BwKrhsBerlin@bundeswehr.org;https://berlin.bwkrankenhaus.de/startseite.html
Bundeswehrkrankenhaus Ulm;Oberer Eselsberg 40;89081;Ulm;+49 731 1710-0;;BwKrhsUlm@bundeswehr.org;https://ulm.bwkrankenhaus.de/startseite/
Bundeswehrkrankenhaus Westerstede;Lange Straße 38;26655;Westerstede;+49 4488 50-0;;BwkrhsWesterstede@bundeswehr.org;https://westerstede.bwkrankenhaus.de/startseite.html
Bundeswehrkrankenhaus-Hamburg;Lesserstraße 180;22049;Hamburg;+49 40 6947-0;+49 40 6947-2930;BwkrhsHamburg@bundeswehr.org;https://hamburg.bwkrankenhaus.de/startseite.html
Bundeswehrverwaltungsstelle Belgien;Rue Lie 324;07010;SHAPE;+32 65 444969;+32 65 445149;BWVStBelgienLeitung@bundeswehr.org;https://www.bundeswehr.de/de/organisation/infrastruktur-umweltschutz-und-dienstleistungen/organisation-iud/bundeswehrverwaltungsstellen-im-ausland/bwvst-belgien
Bundeswehrverwaltungsstelle Frankreich;Route du Rhin 12;67400;Illkirch-Graffenstaden;+33 36932 2701;;BWVStFrankreichLeitung@bundeswehr.org;https://www.bundeswehr.de/de/organisation/infrastruktur-umweltschutz-und-dienstleistungen/organisation-iud/bundeswehrverwaltungsstellen-im-ausland/bwvst-frankreich
Bundeswehrverwaltungsstelle Großbritannien;Salamander Quay, Bankside, ;UB9 6NZ;Harefield/Middlesex;+44 1895 826380;+44 1895 826389;BWVStGB@bundeswehr.org;https://www.bundeswehr.de/de/organisation/infrastruktur-umweltschutz-und-dienstleistungen/organisation-iud/bundeswehrverwaltungsstellen-im-ausland/bwvst-grossbritannrad
Bundeswehrverwaltungsstelle in den USA und Kanada;11150 Sunrise Valley Drive ;20191;Reston;+1 703 390-3303;+1 703 390-3354;BWVStUSACA@bundeswehr.org;http://www.iud.bundeswehr.de/portal/a/iudbw/!ut/p/c4/04_https://www.bundeswehr.de/de/organisation/infrastruktur-umweltschutz-und-dienstleistungen/organisation-iud/bundeswehrverwaltungsstellen-im-ausland/bwvst-usa-kanada/
Bundeswehrverwaltungsstelle Italien;Viale Ulisse 12-14;95126;Catania;+39 095 7324 3001;+49 3299 12107 3006;BWVStItalien@bundeswehr.org;https://www.bundeswehr.de/de/organisation/infrastruktur-umweltschutz-und-dienstleistungen/organisation-iud/bundeswehrverwaltungsstellen-im-ausland/bwvst-italien
Bundeswehrverwaltungsstelle Niederlande;Rimburgerweg 30;06445;PA Brunssum;+31 45 5263691;+31 45 5263802;BWVStNiederlande@bundeswehr.org;https://www.bundeswehr.de/de/organisation/infrastruktur-umweltschutz-und-dienstleistungen/organisation-iud/bundeswehrverwaltungsstellen-im-ausland/bwvst-niederlande
Bundeswehrverwaltungsstelle Polen;Baltic Barracks ul. Lukasinskiego 33;71 - 215;Szczecin;+48 91 811 6740;+48 91 811 6745;BWVStPolen@bundeswehr.org;https://www.bundeswehr.de/de/organisation/infrastruktur-umweltschutz-und-dienstleistungen/organisation-iud/bundeswehrverwaltungsstellen-im-ausland/bwvst-polen
Bundeswehrzentralkrankenhaus Koblenz;Rübenacher Straße 170;56072;Koblenz;+49 261 281-0;;bwzkrhskoblenz@bundeswehr.org;https://koblenz.bwkrankenhaus.de/startseite/
Bundeszentralamt für Steuern;An der Küppe 1;53225;Bonn;+49 228 406-0;+49 228 406-2661;poststelle@bzst.bund.de;https://www.bzst.bund.de
Bundeszentrale für Kinder- und Jugendmedienschutz;Rochusstraße 8 - 10;53123;Bonn;+49 228 99 962103-10;+49 228 379014;info@BzKJ.bund.de;https://www.bzkj.de
Bundeszentrale für politische Bildung;Bundeskanzlerplatz 2;53113;Bonn;+49 22899 515-0;+49 22899 515-113;poststelle@bpb.de;https://www.bpb.de/
Büro der Gemeinsamen Wissenschaftskonferenz;Godesberger Allee 20;53175;Bonn;+49 228 99 5402-0;+49 228 99 5402-150;gwk@gwk-bonn.de;https://www.gwk-bonn.de/
Büro für Technikfolgenabschätzung beim Deutschen Bundestag;Neue Schönhauser Straße 10;10178;Berlin;+49 30 28491-0;;buero@tab-beim-bundestag.de;https://www.tab-beim-bundestag.de/index.php
BVVG Bodenverwertungs- und -verwaltungs GmbH;Schönhauser Allee 120;10437;Berlin;+49 30 4432-0;+49 30 4432-1215;kontakt@bvvg.de;https://www.bvvg.de
BwConsulting GmbH;Mülheimer Straße 17;53840;Troisdorf;+49 2241 3213-0;;info@bwconsulting.de;https://www.bwconsulting.de/
Conterganstiftung;Erna-Scheffler-Straße 3;51103;Köln;+49 221 3673-3673;+49 221 3673-3636;geschaeftsstelle@contergan.bund.de;https://www.contergan-infoportal.de/
Continentale Betriebskrankenkasse;Sengelmannstraße 120;22335;Hamburg;0800 6 262626;+49 40 526 777 1125;kundenservice@continentale-bkk.de;https://www.continentale-bkk.de
dbb beamtenbund und tarifunion;Friedrichstraße 169;10117;Berlin;+49 30 4081-40;+49 30 4081-4999;post@dbb.de;https://www.dbb.de/
DekaBank Deutsche Girozentrale AöR;Große Gallusstraße 14;60315;Frankfurt am Main;+49 69 7147-0;+49 69 7147-1376;konzerninfo@deka.de;https://www.deka.de/deka-gruppe
Der Paritätische Gesamtverband e. V.;Oranienburger Str. 13 - 14;10178;Berlin;+49 30 24636-0;+49 30 24636-110;info@paritaet.org;https://www.der-paritaetische.de/
Deutsch-Französische Brigade;Kinzigstraße 2;79379;Müllheim im Markgräferland;+49 7631 90-2100;;DF-Brigpresse@bundeswehr.org;https://www.bundeswehr.de/de/organisation/heer/organisation/10-panzerdivision/deutsch-franzoesische-brigade
Deutsch-Französische Hochschule;Kohlweg 7;66123;Saarbrücken;+49 681 93812-100;+49 681 93812-111;info@dfh-ufa.org;https://www.dfh-ufa.org/
Deutsche Abteilung der Grundschule René Char;Quartier St. Lazare ;83340;Le Luc en Provence;+33 4 9473 4795;;DeutscheSchuleLeLuc@bundeswehr.org;https://www.bundeswehr.de/de/organisation/personal/bildungszentrum-der-bundeswehr-/auslandsschulen-der-bundeswehr/auslandsschulen-der-bundeswehr-frankreich-83684
Deutsche Abteilung der Internationalen AFNORTH Schule;Ferdinand-Bol-Straat 1;06445;EE Brunssum;+31 6 8293 1211;;DeutscheSchuleAFNORTH@bundeswehr.org;https://www.bundeswehr.de/de/organisation/personal/bildungszentrum-der-bundeswehr-/auslandsschulen-der-bundeswehr/auslandsschulen-der-bundeswehr-brunssum-83668
Deutsche Abteilung der Internationalen SHAPE Schule;Rue de Ankara 702;07010;SHAPE;+32 6544 5704;;DeutscheSchuleSHAPE@bundeswehr.org;https://www.bundeswehr.de/de/organisation/personal/bildungszentrum-der-bundeswehr-/auslandsschulen-der-bundeswehr/auslandsschulen-der-bundeswehr-shape-83690
Deutsche Akademie der Naturforscher Leopoldina;Jägerberg 1;06108;Halle/Saale;+49 345 47239-800;;presse@leopoldina.org;https://www.leopoldina.org/leopoldina-home/
Deutsche Akademie der Technikwissenschaften;Karolinenplatz 4;80333;München;+49 89 5203090;+49 89 520309900;info@acatech.de;https://www.acatech.de/
Deutsche Akademie Rom Villa Massimo;Largo di Villa Massimo 1 - 2;I-00161;Roma;+39 06 44259-31;+39 06 44259-355;info@villamassimo.de;https://www.villamassimo.de/de/
Deutsche Akkreditierungsstelle GmbH;Spittelmarkt 10;10117;Berlin;+49 30 670591-0;+49 30 670591-15;kontakt@dakks.de;https://www.dakks.de/
Deutsche Atlantische Gesellschaft e. V.;Dorotheenstraße 84;10117;Berlin;+49 30 20649-134;+49 30 20649-136;impressum@ata-dag.de;https://ata-dag.de/
Deutsche Bundesbank;Hegelstraße 65;55122;Mainz;+49 69 9566-0;;presse-information@bundesbank.de;https://www.bundesbank.de/de
Deutsche Bundesstiftung Umwelt;An der Bornau 2;49090;Osnabrück;+49 541 9633-0;+49 541 9633-190;info@dbu.de;https://www.dbu.de/
Deutsche Forschungsgemeinschaft e. V.;Kennedyallee 40;53175;Bonn;+49 228 885-1;+49 228 885-2777;postmaster@dfg.de;https://www.dfg.de/
Deutsche Gesellschaft für Ernährung e. V.;Godesberger Allee 136;53175;Bonn;+49 228 3776-600;+49 228 3776-800;webmaster@dge.de;https://www.dge.de
Deutsche Gesellschaft für Internationale Zusammenarbeit (GIZ) GmbH;Friedrich-Ebert-Allee 32 + 36;53113;Bonn;+49 228 4460-0;+49 228 4460-1766;info@giz.de;https://www.giz.de/de/html/index.html
Deutsche Gesetzliche Unfallversicherung e. V.;Glinkastraße 40;10117;Berlin;+49 30 13001-0;+49 30 13001-9876;info@dguv.de;https://www.dguv.de
Deutsche Investitions- und Entwicklungsgesellschaft;Kämmergasse 22;50676;Köln;+49 221 4986-0;+49 221 4986-1290;info@deginvest.de;https://www.deginvest.de/
Deutsche Kinemathek - Museum für Film und Fernsehen;Mauerstraße 79;10117;Berlin;+49 30 300903-0;+49 30 300903-13;info@deutsche-kinemathek.de;https://www.deutsche-kinemathek.de/
Deutsche Nationalbibliothek;Adickesallee 1;60322;Frankfurt am Main;+49 69 1525-0;+49 69 1525-1010;postfach@dnb.de;https://www.dnb.de/DE/Home/home_node.html
Deutsche Post AG Niederlassung Renten Service;N.N. ;13497;Berlin;+49 221 5692-444;+49 221 5692-776;;https://www.deutschepost.de/de/r/rentenservice.html?cid=rso_www.rentenservice.de
Deutsche Rentenversicherung Bund;Ruhrstraße 2;10709;Berlin;+49 30 865-0;+49 30 865-27240;drv@drv-bund.de;https://www.deutsche-rentenversicherung.de/Bund/DE/Home/home_node.html
Deutsche Rentenversicherung Knappschaft-Bahn-See;Pieperstraße 14 - 28;44789;Bochum;+49 234 304-0;+49 234 304-66050;zentrale@kbs.de;https://www.kbs.de/DE/Home/node.html
Deutsche Schule Catania;Via Valdisavoia 3;95123;Catania;+49 160 9688 7723;;DeutscheSchuleCatania@bundeswehr.org;https://www.bundeswehr.de/de/organisation/personal/bildungszentrum-der-bundeswehr-/auslandsschulen-der-bundeswehr/auslandsschulen-der-bundeswehr-italien-5479702
Deutsche Schule Sheppard;Stone Lake Drive 5105;76310;Wichita Falls;+1 9402323806;;DeutscheSchuleSheppard@bundeswehr.org;https://www.bundeswehr.de/de/organisation/personal/bildungszentrum-der-bundeswehr-/auslandsschulen-der-bundeswehr/auslandsschulen-der-bundeswehr-amerika-83678
Deutsche Sportjugend;Otto-Fleck-Schneise 12;60528;Frankfurt am Main;+49 69 6700-0;;info@dsj.de;https://www.dsj.de/
Deutsche Stiftung Friedensforschung;Am Ledenhof 3 - 5;49074;Osnabrück;+49 541 60035-42;;info@bundesstiftung-friedensforschung.de;https://bundesstiftung-friedensforschung.de/
Deutsche Stiftung für Engagement und Ehrenamt;Woldegker Chaussee 35;17235;Neustrelitz;03981 4569-600;;hallo@d-s-e-e.de;https://www.deutsche-stiftung-engagement-und-ehrenamt.de/
Deutsche Stiftung für internationale rechtliche Zusammenarbeit e. V.;Ubierstraße 92;53173;Bonn;+49 228 9555-0;+49 228 9555-100;info@irz.de;https://www.irz.de/
Deutsche UNESCO-Kommission e. V.;Martin-Luther-Allee 42;53175;Bonn;+49 228 60497-144;;presse@unesco.de;https://www.unesco.de/
Deutsche Verbindungsstelle des Rüstungsbereichs USA/Kanada - German Liaison Office for Defense Materiel U.S.A./Canada;11150 Sunrise Valley Drive ;VA 20191-4332;Reston;+1 703 390-3301;+1 703 390-3360;DtVStRue@bundeswehr.org;https://www.bundeswehr.de/dtvstrue
Deutsche Verbindungsstelle Krankenversicherung - Ausland;Pennefeldsweg 2c;53177;Bonn;+49 228 9530-0;+49 228 9530-600;post@dvka.de;https://www.dvka.de/
Deutsche Welle;Kurt-Schumacher-Straße 3;53113;Bonn;+49 228 429-0;+49 228 429-3000;info@dw.com;https://www.dw.com
Deutsche Zentrale für Tourismus e. V.;Beethovenstraße 69;60325;Frankfurt am Main;+49 69 974640;+49 69 751903;info@germany.travel;https://www.germany.travel/de/ueber-uns/uebersicht.html
Deutscher Akademischer Austauschdienst e. V.;Kennedyallee 50;53175;Bonn;+49 228 882-0;+49 228 882-444;postmaster@daad.de;https://www.daad-akademie.de/de/
Deutscher Bundesjugendring;Mühlendamm 3;10178;Berlin;+49 30 400 40-400;;info@dbjr.de;https://www.dbjr.de/
Deutscher Bundestag;Platz der Republik 1;11011;Berlin;+49 30 227-0;+49 30 227-36878;mail@bundestag.de;https://www.bundestag.de
Deutscher Caritasverband e. V.;Karlstraße 40;79104;Freiburg;+49 761 200-0;;info@caritas.de;https://www.caritas.de/
Deutscher Ethikrat;Jägerstraße 22/23;10117;Berlin;+49 30 20370-242;+49 30 20370-252;kontakt@ethikrat.org;https://www.ethikrat.org/
Deutscher Frauenrat;Tempelhofer Ufer 11;10963;Berlin;+49 30 204569-0;;kontakt@frauenrat.de;https://www.frauenrat.de/
Deutscher Kulturrat e. V.;Chausseestraße 10;10115;Berlin;+49 30 226 05 28-0;+49 30 226 05 28-11;post@kulturrat.de;https://www.kulturrat.de/
Deutscher Landkreistag;Lennéstraße 11;10785;Berlin;+49 30 590097-309;+49 30 590097-400;info@landkreistag.de;https://www.landkreistag.de/der-verband
Deutscher Musikrat e. V.;Schumannstraße 17;10117;Berlin;+49 30 30881010;+49 30 30881011;generalsekretariat@musikrat.de;https://www.musikrat.de
Deutscher Musikrat gGmbH;Weberstraße 59;53113;Bonn;+49 228 2091-0;+49 228 2091-200;projektgesellschaft@musikrat.de;https://www.musikrat.de/
Deutscher Olympischer Sportbund;Otto-Fleck-Schneise 12;60528;Frankfurt am Main;+49 69 67000;+49 69 674906;office@dosb.de;https://www.dosb.de/
Deutscher Sparkassen- und Giroverband öK;Charlottenstraße 47;10117;Berlin;+49 30 20225-0;+49 30 20225-5255;info@dsgv.de;
Deutscher Städte- und Gemeindebund;Marienstraße 6;12207;Berlin;+49 30 77307-0;+49 30 77307-222;dstgb@dstgb.de;https://www.dstgb.de/
Deutscher Städtetag;Hausvogteiplatz 1;10117;Berlin;+49 30 37711-999;;post@staedtetag.de;https://www.staedtetag.de/
Deutscher Verband für Landschaftspflege e. V.;Promenade 9;91522;Ansbach;+49 981 1800 99-0;+49 981 1800 99-30;info@dvl.org;https://www.dvl.org/
Deutscher Verein für öffentliche und private Fürsorge e. V.;Michaelkirchstraße 17 - 18;10179;Berlin;+49 30 62980-0;+49 30 62980-150;info@deutscher-verein.de;https://www.deutscher-verein.de/
Deutscher Verkehrssicherheitsrat (DVR) e. V.;Jägerstraße 67-69;10117;Berlin;+49 30 - 2266771-0;+49 30 - 2266771-29;info@dvr.de;https://www.dvr.de/praevention/kampagnen/roll-ohne-risiko
Deutscher Wetterdienst;Frankfurter Straße 135;63067;Offenbach am Main;+49 69 8062-0;+49 69 8062-4484;info@dwd.de;https://www.dwd.de/DE/Home/home_node.html
Deutsches Archäologisches Institut;Podbielskiallee 69 - 71;14195;Berlin;+49 3018 7711-0;+49 3018 7711-190;info@dainst.de;https://www.dainst.org/
Deutsches Bergbau-Museum Bochum Leibniz-Forschungsmuseum für Georessourcen;Am Bergbaumuseum 28;44791;Bochum;+49 234 5877-0;;info@bergbaumuseum.de;https://www.bergbaumuseum.de
Deutsches Biomasseforschungszentrum gemeinnützige GmbH;Torgauer Straße 116;04347;Leipzig;+49 341 2434-112;;info@dbfz.de;https://www.dbfz.de/
Deutsches Diabetes-Zentrum;Auf m Hennekamp 65;40225;Düsseldorf;+49 211 3382-1;+49 211 3382-603;kontakt@ddz.de;https://ddz.de/
Deutsches Elektronen-Synchrotron DESY;Notkestraße 85;22607;Hamburg;+49 40 8998-0;+49 40 8998-3282;desypr@desy.de;https://www.desy.de/
Deutsches Evaluierungsinstitut der Entwicklungszusammenarbeit;Fritz-Schäffer-Straße 26;53113;Bonn;+49 228 336 907-0;;info@DEval.org;https://www.deval.org/de/
Deutsches Forschungsinstitut für öffentliche Verwaltung;Freiherr-vom-Stein-Straße 2;67346;Speyer;+49 6232 654-381;+49 6232 654-290;foev@foev-speyer.de;https://www.foev-speyer.de/
Deutsches Institut für Ernährungsforschung Potsdam-Rehbrücke;Arthur-Scheunert-Allee 114-116;14558;Nuthetal;+49 33200 88-0;;presse@dife.de;https://www.dife.de/
Deutsches Institut für Erwachsenenbildung - Leibniz-Zentrum für Lebenslanges Lernen e.V.;Heinemannstraße 12-14;53175;Bonn;+49 228 3294-0;+49 228 3294-399;info@die-bonn.de;https://www.die-bonn.de/
Deutsches Institut für Urbanistik;Zimmerstraße 13 - 15;10969;Berlin;+49 30 39001-0;+49 30 39001-100;difu@difu.de;https://difu.de/
Deutsches Institut für Wirtschaftsforschung e. V.;Anton-Wilhelm-Arno-Straße 58;10117;Berlin;+49 30 89789-0;+49 30 89789-200;webredaktion@diw.de;https://www.diw.de/deutsch
Deutsches Jugendinstitut e. V.;Nockherstraße 2;81541;München;+49 89 62306-0;+49 89 62306-162;info@dji.de;https://www.dji.de/
Deutsches Krebsforschungszentrum;Im Neuenheimer Feld 280;69120;Heidelberg;+49 6221 42-0;+49 6221 42-2995;kontakt@dkfz.de;https://www.dkfz.de/de/index.html
Deutsches Kulturforum östliches Europa e. V.;Berliner Straße 135, Haus K 1;14467;Potsdam;+49 331 20098-0;;deutsches@kulturforum.info;https://www.kulturforum.info/de/
Deutsches Literaturarchiv Marbach;Schillerhöhe 8-10;71672;Marbach a. N.;+49 7144 848-0;+49 7144 848-299;info@dla-marbach.de;https://www.dla-marbach.de/
Deutsches Museum von Meisterwerken der Naturwissenschaft und Technik;Museumsinsel 1;80538;München;+49 89 2179-1;+49 89 2179-324;besucherservice@deutsches-museum.de;https://www.deutsches-museum.de/
Deutsches Nationalkomitee für Denkmalschutz;Potsdamer Platz 1;10785;Berlin;+49 30 18 681-43134;;dnk@bkm.bund.de;https://www.dnk.de/
Deutsches Patent- und Markenamt;Zweibrückenstraße 12;80331;München;+49 89 2195-1000;+49 89 2195-2221;info@dpma.de;https://www.dpma.de
Deutsches Primatenzentrum GmbH - Leibniz-Institut für Primatenforschung;Kellnerweg 4;37077;Göttingen;+49 551 3851-0;+49 551 3851-228;info@dpz.eu;https://www.dpz.eu/de/startseite.html
Deutsches Rheuma-Forschungszentrum Berlin;Charitéplatz 1;10117;Berlin;+49 30 28460-0;+49 30 28460-603;info@drfz.de;https://www.drfz.de
Deutsches Rotes Kreuz e. V.;Carstennstraße 58;12205;Berlin;+49 30 85404-0;+49 30 85404-450;drk@drk.de;https://www.drk.de/
Deutsches Schifffahrtsmuseum;Hans-Scharoun-Platz 1;27568;Bremerhaven;+49 471 48207-0;+49 471 48207-55;info@dsm.museum;https://www.dsm.museum
Deutsches Studienzentrum in Venedig e. V.;S.Polo 2765;I-30125;Venezia;+39 041 5206355;+39 041 5206780;info@dszv.it;https://www.dszv.it/de/
Deutsches Weininstitut GmbH;Platz des Weines 2;55294;Bodenheim;+49 6135 9323-0;+49 6135 9323-110;info@deutscheweine.de;https://www.deutscheweine.de/
Deutsches Zentralinstitut für soziale Fragen;Bernadottestraße 94;14195;Berlin;+49 30 839001-0;+49 30 839001-85;sozialinfo@dzi.de;https://www.dzi.de/
Deutsches Zentrum für Altersfragen e. V.;Manfred-von-Richthofen-Str. 2;12101;Berlin;+49 30 260 740-0;+49 30 785 43-50;dza-berlin@dza.de;https://www.dza.de
Deutsches Zentrum für Luft- und Raumfahrt e. V.;Linder Höhe ;51147;Köln;+49 2203 601-2116;;contact-dlr@dlr.de;https://www.dlr.de/de
Deutsches Zentrum für Neurodegenerative Erkrankungen e. V.;Venusberg-Campus 1/99;53127;Bonn;+49 228 43302-0;+49 228 43302-279;information@dzne.de;https://www.dzne.de/
DFS Deutsche Flugsicherung GmbH;Am DFS-Campus 10;63225;Langen;+49 6103 707-0;+49 6103 707-1396;info@dfs.de;https://www.dfs.de/homepage/de/
Diakonie Deutschland;Caroline-Michaelis-Straße 1;10115;Berlin;+49 30 65211-0;+49 30 65211-3333;diakonie@diakonie.de;https://www.diakonie.de/
Die Autobahn GmbH des Bundes;Heidestraße 15;10557;Berlin;+49 30 64096-0;;kontakt@autobahn.de;https://www.autobahn.de/die-autobahn
Dienstältester Deutscher Offizier/Deutscher Anteil 1st NATO Signal Bataillon;Bocholter Straße 6;46487;Wesel;+49 281 9661 106-0;;kdocirpizcir@bundeswehr.org;https://www.bundeswehr.de/de/organisation/cyber-und-informationsraum/kommando-und-organisation-cir/kommando-cyber-und-informationsraum/kommando-it-services-bw/1st-nato-signal-battalion
Direktion Bundesbereitschaftspolizei;Niedervellmarsche Straße 50;34233;Fuldatal;+49 561 9367-0;+49 561 9367-1163;bpold.bp@polizei.bund.de;https://www.bundespolizei.de/Web/DE/05Die-Bundespolizei/03Organisation/02Direktionen/BP/bereitschaftspolizei_node.html
Division Schnelle Kräfte;Prötzeler Chaussee 25 25;15344;Strausberg;+49 3341-58-1511;+49 3341-58-1519;PIZHeer@Bundeswehr.org;https://www.bundeswehr.de/de/organisation/heer/organisation/kommando-heer
Dokumentationsstelle zur Kultur und Geschichte der Pol:innen in Deutschland - Porta Polonica;Am Rübenkamp 4;44793;Bochum;+49 234 -282539-80;+49 234 282539-88;jacek.barski@porta-polonica.de;https://www.porta-polonica.de/de
Donauschwäbisches Zentralmuseum;Schillerstr. 1;89077;Ulm;+49 731 96254-0;;info@dzm-museum.de;https://www.dzm-museum.de/
donum vitae zur Förderung des Schutzes des menschlichen Lebens e. V.;Thomas-Mann-Straße 4;53111;Bonn;+49 228 - 369 488-0;+49 228 - 369 488-69;info@donumvitae.org;https://www.donumvitae.org
dvv international;Königswinterer Straße 552b;53227;Bonn;+49 228 97569-0;+49 228 97569-55;info@dvv-international.de;https://www.dvv-international.de/
Einsatzflottille 1;Schweriner Straße 17 a;24106;Kiel;+49 431 384-0;+49 431 384-1201;info@bundeswehr.org;https://www.bundeswehr.de/de/organisation/marine
Einsatzflottille 2;Opdenhoffstraße 24;26384;Wilhelmshaven;+49 4421 68-7;;info@bundeswehr.org;https://www.bundeswehr.de/de/organisation/marine
Eisenbahn-Bundesamt;Heinemannstraße 6;53175;Bonn;+49 228 9826-0;+49 228 9826-9199;poststelle@eba.bund.de;https://www.eba.bund.de/DE/home_node.html
Engagement Global gGmbH;Friedrich-Ebert-Allee 40;53113;Bonn;+49 228 20717-0;+49 228 20717-150;info@engagement-global.de;https://www.engagement-global.de
Entschädigungseinrichtung deutscher Banken GmbH;Burgstraße 28;10178;Berlin;+49 30 5900 1196-0;;info@edb-banken.de;https://www.edb-banken.de
Erdölbevorratungsverband;Dammtorstraße 29-32;20354;Hamburg;+49 40 350012-0;;info@ebv-oil.org;https://www.ebv-oil.org/cms/cms2.asp?sid=56&nid=&cof=56
Eurokorps;Rue du Corps Européen 4;67020;Strasbourg;+33 388 432007;+33 388 432005;pressinfo@eurocorps.org;https://www.bundeswehr.de/de/organisation/heer/organisation/eurocorps
Europäisches Zentrum für Minderheitenfragen;Schiffbrücke 12;24939;Flensburg;+49 461 14149-0;;info@ecmi.de;https://www.ecmi.de/
Evangelisches Kirchenamt für die Bundeswehr;Jebensstraße 3;10623;Berlin;+49 30 310181-0;+49 30 310181-105;EKA@bundeswehr.org;https://www.bundeswehr.de/de/organisation/militaerseelsorge/evangelische-militaerseelsorge
Fachagentur Nachwachsende Rohstoffe e. V.;Hofplatz 1;18276;Gülzow-Prüzen;+49 3843 6930-0;;info@fnr.de;https://www.fnr.de/
Fachstelle für Geodäsie und Geoinformatik der Wasserstraßen- und Schifffahrtsverwaltung;Am Waterlooplatz 5;30169;Hannover;+49 571 6458-0;;fgeo@wsv.bund.de;https://www.gdws.wsv.bund.de/DE/service/karten/00_FGeoWSV/FGeoWSV.html
Fachstelle Maschinenwesen Mitte (beim WSA Mittelkanal/Elbe-Seitenkanal);Am Hohen Ufer 1 - 3;32425;Minden;+49 571 6458-0;+49 571 6458-1900;wsa-mlk-esk@wsv.bund.de;
Fachstelle Maschinenwesen Nord (beim WSA Nord-Ostsee-Kanal);Blenkinsopstraße 7;24768;Rendsburg;+49 4331 594-0;+49 4331 594-448;fmn@wsv.bund.de;https://www.wsa-nord-ostsee-kanal.wsv.de/Webs/WSA/WSA-Nord-Ostsee-Kanal/DE/4_Das_WSA_NOK/2_Geschaeftsbereich/010_FMN/FMN_node.html
Fachstelle Maschinenwesen Süd beim WSA Donau MDK;Gleißbühlstraße 7;90402;Nürnberg;+49 911 20645-0;+49 911 20645-117;wsa-donau-mdk@wsv.bund.de;https://www.wsa-donau-mdk.wsv.de/Webs/WSA/Donau-MDK/DE/04_Donau_MDK/FMS/FMS_node.html
Fachstelle Maschinenwesen Südwest (beim WSA Mosel-Saar-Lahn);Schartwiesenweg 4;56070;Koblenz;+49 261 9819-0;+49 261 9819-4155;wsa-mosel-saar-lahn@wsv.bund.de;https://www.wsa-mosel-saar-lahn.wsv.de/Webs/WSA/Mosel-Saar/DE/06_FMSW/FMSW_node.html
Fachstelle Maschinenwesen West (beim WNA Datteln);Speeckstraße 1;45711;Datteln;+49 2363 104-0;;fmw@wsv.bund.de;https://www.wna-datteln.wsv.de/Webs/WNA/WNA-Datteln/DE/FMW/FMW_node.html
Ferdinand-Braun-Institut gGmbH, Leibniz-Institut für Höchstfrequenztechnik;Gustav-Kirchhoff-Straße 4;12489;Berlin;+49 30 6392-2600;+49 30 6392-2602;fbh@fbh-berlin.de;https://www.fbh-berlin.de
Fernstraßen-Bundesamt;Friedrich-Ebert-Straße 72-78;04109;Leipzig;+49 341 49611-0;;poststelle@fba.bund.de;https://www.fba.bund.de/DE/Home/home_node.html
Filmförderungsanstalt;Große Präsidentenstraße 9;10178;Berlin;+49 30 27577-0;+49 30 27577-111;info@ffa.de;https://www.ffa.de
FITKO - Föderale IT-Kooperation;Zum Gottschalkhof 3;60594;Frankfurt am Main;+49 69 401270-0;;poststelle@fitko.de;https://www.fitko.de/Start
FIZ Karlsruhe - Leibniz-Institut für Informationsinfrastruktur GmbH;Hermann-von-Helmholtz-Platz 1;76344;Eggenstein-Leopoldshafen;+49 7247 808-0;;contact@fiz-karlsruhe.de;https://www.fiz-karlsruhe.de
Forschungsinstitut für Nutztierbiologie;Wilhelm-Stahl-Allee 2;18196;Dummerstorf;+49 38208 68-5;+49 38208 68-602;fbn@fbn-dummerstorf.de;https://www.fbn-dummerstorf.de/
Forschungsverbund Berlin e. V.;Rudower Chaussee 17;12489;Berlin;+49 30 200737 301;;info@fv-berlin.de;https://www.fv-berlin.de
Forschungszentrum Borstel - Leibniz Lungenzentrum;Parkallee 1 - 40;23846;Borstel;+49 4537 188-0;+49 4537 188-244;bweller@fz-borstel.de;https://www.fz-borstel.de
Forschungszentrum Jülich;Wilhelm-Johnen-Straße ;52428;Jülich;+49 2461 61-0;+49 2461 61-8100;info@fz-juelich.de;https://www.fz-juelich.de/de/forschung/8-milliarden-menschen
Fraunhofer-Center Nanoelektronische Technologien;Königsbrücker Straße 178;01099;Dresden;+49 351 2607-3001;+49 351 2607-3005;info@ipms.fraunhofer.de;https://www.ipms.fraunhofer.de/de/research-development/nanoelectronic.html
Fraunhofer-Forum Berlin;Anna-Louisa-Karsch-Straße 2;10178;Berlin;+49 89 1205-5013;;ffb@zv.fraunhofer.de;https://www.forum.fraunhofer.de
Fraunhofer-Gesellschaft zur Förderung der angewandten Forschung e. V.;Hansastraße 27 c;80636;München;+49 89 1205-0;+49 89 1205-7531;online-redaktion@zv.fraunhofer.de;https://www.fraunhofer.de
Fraunhofer-Informationszentrum für RAUM und BAU IRB;Nobelstraße 12;70569;Stuttgart;+49 711 970-2500;+49 711 970-2508;irb@irb.fraunhofer.de;https://www.irb.fraunhofer.de
Fraunhofer-Institut für Algorithmen und Wissenschaftliches Rechnen;Konrad-Adenauer-Straße, ;53754;Sankt Augustin;+49 2241 14-4300;+49 2241 14-4028;info@scai.fraunhofer.de;https://www.scai.fraunhofer.de
Fraunhofer-Institut für Angewandte Festkörperphysik IAF;Tullastraße 72;79108;Freiburg;+49 761 5159-0;+49 761 5159-400;webmaster@iaf.fraunhofer.de;https://www.iaf.fraunhofer.de
Fraunhofer-Institut für Angewandte Informationstechnik FIT;Schloß Birlinghoven ;53754;Sankt Augustin;+49 2241 143-333;+49 2241 14-2080;info@fit.fraunhofer.de;https://www.fit.fraunhofer.de
Fraunhofer-Institut für Angewandte Optik und Feinmechanik;Albert-Einstein-Straße 7;07745;Jena;+49 3641 807-0;+49 3641 807-600;info@iof.fraunhofer.de;https://www.iof.fraunhofer.de
Fraunhofer-Institut für Angewandte Polymerforschung;Geiselbergstraße 69;14476;Potsdam;+49 331 568-1000;+49 331 568-3000;info@iap.fraunhofer.de;https://www.iap.fraunhofer.de
Fraunhofer-Institut für Arbeitswirtschaft und Organisation;Nobelstraße 12;70569;Stuttgart;+49 711 970-2124;+49 711 970-2299;presse@iao.fraunhofer.de;https://www.iao.fraunhofer.de
Fraunhofer-Institut für Bauphysik;Nobelstraße 12;70569;Stuttgart;+49 711 970-00;+49 711 970-3395;info@ibp.fraunhofer.de;https://www.ibp.fraunhofer.de
Fraunhofer-Institut für Betriebsfestigkeit und Systemzuverlässigkeit;Bartningstraße 47;64289;Darmstadt;+49 6151 705-0;+49 6151 705-214;info@lbf.fraunhofer.de;https://www.lbf.fraunhofer.de
Fraunhofer-Institut für Biomedizinische Technik;Joseph-von-Fraunhofer-Weg 1;66280;Sulzbach;+49 6897 9071-0;+49 6897 9071-110;info@ibmt.fraunhofer.de;https://www.ibmt.fraunhofer.de
Fraunhofer-Institut für Chemische Technologie ICT;Joseph-von-Fraunhofer-Straße 7;76327;Pfinztal;+49 721 4640-0;;info@ict.fraunhofer.de;https://www.ict.fraunhofer.de/
Fraunhofer-Institut für Digitale Medientechnologie IDMT;Ehrenbergstraße 31;98693;Ilmenau;+49 3677 467-0;+49 3677 467-467;info@idmt.fraunhofer.de;https://www.idmt.fraunhofer.de
Fraunhofer-Institut für Eingebettete Systeme und Kommunikationstechnik;Hansastraße 32;80686;München;+49 89 547088-0;+49 89 547088-220;info@esk.fraunhofer.de;https://www.esk.fraunhofer.de
Fraunhofer-Institut für Elektronenstrahl- und Plasmatechnik;Winterbergstraße 28;01277;Dresden;+49 351 2586-0;+49 351 2586-105;info@fep.fraunhofer.de;https://www.fep.fraunhofer.de/
Fraunhofer-Institut für Elektronische Nanosysteme ENAS;Technologie-Campus 3;09126;Chemnitz;+49 371 45001-0;;info@enas.fraunhofer.de;https://www.enas.fraunhofer.de/
Fraunhofer-Institut für Experimentelles Software Engineering;Fraunhofer Platz 1;67663;Kaiserslautern;+49 631 68 00-0;+49 631 68 00-10 99;info@iese.fraunhofer.de;https://www.iese.fraunhofer.de
Fraunhofer-Institut für Fabrikbetrieb und -automatisierung;Sandtorstraße 22;39106;Magdeburg;+49 391 4090-0;+49 391 4090-596;ideen@iff.fraunhofer.de;https://www.iff.fraunhofer.de
Fraunhofer-Institut für Fertigungstechnik und Angewandte Materialforschung IFAM;Wiener Straße 12;28359;Bremen;+49 421 2246-0;+49 421 2246-300;info@ifam.fraunhofer.de;https://www.ifam.fraunhofer.de
Fraunhofer-Institut für Graphische Datenverarbeitung - Institutsteil Rostock;Joachim-Jungius-Straße 11;18059;Rostock;+49 381 4024-110;+49 381 4024-199;info@fraunhofer.igd.de;https://www.igd.fraunhofer.de
Fraunhofer-Institut für Grenzflächen- und Bioverfahrenstechnik;Nobelstraße 12;70569;Stuttgart;+49 711 970-4001;+49 711 970-4200;info@igb.fraunhofer.de;
Fraunhofer-Institut für Holzforschung, Wilhelm-Klauditz-Institut WKI;Riedenkamp 3;38108;Braunschweig;+49 531 2155-0;+49 531 2155-334;info.@wki.fraunhofer.de;https://www.wki.fraunhofer.de
Fraunhofer-Institut für Integrierte Schaltungen;Am Wolfsmantel 33;91058;Erlangen;+49 9131 776-0;;info@iis.fraunhofer.de;https://www.iis.fraunhofer.de
Fraunhofer-Institut für Integrierte Systeme und Bauelementetechnologie;Schottkystraße 10;91058;Erlangen;+49 9131 761-0;+49 9131 761-390;info@iisb.fraunhofer.de;https://www.iisb.fraunhofer.de
Fraunhofer-Institut für Intelligente Analyse- und Informationssysteme;Schloß Birlinghoven 1;53757;Sankt Augustin;+49 2241 14-2900;;info@iais.fraunhofer.de;https://www.iais.fraunhofer.de
Fraunhofer-Institut für Keramische Technologien und Systeme IKTS;Winterbergstraße 28;01277;Dresden;+49 351 2553-7700;+49 351 2553-7600;info@ikts.fraunhofer.de;https://www.ikts.fraunhofer.de
Fraunhofer-Institut für Kurzzeitdynamik, Ernst-Mach-Institut, EMI;Ernst-Zermelo-Straße 4;79104;Freiburg;+49 761 2714-0;+49 761 2714-316;info@emi.fraunhofer.de;https://www.emi.fraunhofer.de
Fraunhofer-Institut für Lasertechnik ILT;Steinbachstraße 15;52074;Aachen;+49 241 8906-0;+49 241 8906-121;info@ilt.fraunhofer.de;https://www.ilt.fraunhofer.de
Fraunhofer-Institut für Materialfluss und Logistik;Joseph-von-Fraunhofer-Straße 2-4;44227;Dortmund;+49 231 9743-0;;info@iml.fraunhofer.de;https://www.iml.fraunhofer.de
Fraunhofer-Institut für Mikroelektronische Schaltungen und Systeme;Finkenstraße 61;47057;Duisburg;+49 203 3783-130, -227;+49 203 3783-266;info@ims.fraunhofer.de;https://www.ims.fraunhofer.de
Fraunhofer-Institut für Mikrostruktur von Werkstoffen und Systemen;Walter-Hülse-Straße 1;06120;Halle;+49 345 5589-0;;info@imws.fraunhofer.de;https://www.imws.fraunhofer.de/
Fraunhofer-Institut für Molekularbiologie und Angewandte Oekologie IME;Forckenbeckstraße 6;52074;Aachen;+49 241 6085-0;+49 241 6085-10000;info@ime.fraunhofer.de;https://www.ime.fraunhofer.de
Fraunhofer-Institut für Nachrichtentechnik Heinrich-Hertz-Institut HHI;Einsteinufer 37;10587;Berlin;+49 30 31002-0;+49 30 31002-213;info@hhi.fraunhofer.de;https://www.hhi.fraunhofer.de
Fraunhofer-Institut für Naturwissenschaftlich-Technische Trendanalysen;Appelsgarten 2;53879;Euskirchen;+49 2251 18-0;+49 2251 18-277;info@int.fraunhofer.de;https://www.int.fraunhofer.de
Fraunhofer-Institut für Offene Kommunikationssysteme;Kaiserin-Augusta-Allee 31;10589;Berlin;+49 30 3463-7000;+49 30 3463-8000;info@fokus.fraunhofer.de;https://www.fokus.fraunhofer.de/
Fraunhofer-Institut für Optronik, Systemtechnik und Bildauswertung;Fraunhofer Straße 1;76131;Karlsruhe;+49 721 6091-0;+49 721 6091-413;;https://www.IOSB.fraunhofer.de
Fraunhofer-Institut für Photonische Mikrosysteme;Maria-Reiche-Straße 2;01109;Dresden;+49 351 8823-0;;info@ipms.fraunhofer.de;https://www.ipms.fraunhofer.de/
Fraunhofer-Institut für Physikalische Messtechnik IPM;Georges-Köhler-Allee 301;79110;Freiburg;+49 761 8857-0;+49 761 8857-224;info@ipm.fraunhofer.de;https://www.ipm.fraunhofer.de/
Fraunhofer-Institut für Produktionsanlagen und Konstruktionstechnik;Pascalstraße 8-9;10587;Berlin;+49 30 39006-0;+49 30 39110-37;info@ipk.fraunhofer.de;https://www.ipk.fraunhofer.de
Fraunhofer-Institut für Produktionstechnik und Automatisierung;Nobelstraße 12;70569;Stuttgart;+49 711 970-1101;;info@zv.fraunhofer.de;https://www.ipa.fraunhofer.de/
Fraunhofer-Institut für Produktionstechnologie;Steinbachstraße 17;52074;Aachen;+49 241 8904-0;+49 241 8904-198;info@zv.fraunhofer.de;https://www.ipt.fraunhofer.de/
Fraunhofer-Institut für Schicht- und Oberflächentechnik;Riedenkamp 2;38108;Braunschweig;+49 531 2155-0;+49 531 2155-900;info@ist.fraunhofer.de;https://www.ist.fraunhofer.de
Fraunhofer-Institut für Sichere Informationstechnologie;Rheinstraße 75;64295;Darmstadt;+49 6151 869-100;+49 6151 869-224;info@sit.fraunhofer.de;https://www.sit.fraunhofer.de
Fraunhofer-Institut für Silicatforschung;Neunerplatz 2;97082;Würzburg;+49 931 4100-0;;info@isc.fraunhofer.de;https://www.isc.fraunhofer.de
Fraunhofer-Institut für Siliziumtechnologie;Fraunhofer Straße 1;25524;Itzehoe;+49 4821 17-0;+49 4821 17-4250;info@isit.fhg.de;https://www.isit.fraunhofer.de
Fraunhofer-Institut für Software- und Systemtechnik;Speicherstraße 6;44147;Dortmund;+49 231 97677-0;+49 231 97677-199;info@isst.fraunhofer.de;https://www.isst.fraunhofer.de
Fraunhofer-Institut für Solare Energiesysteme;Heidenhofstraße 2;79110;Freiburg;+49 761 4588-0;+49 761-4588-9000;webredaktion@ise.fraunhofer.de;https://www.ise.fraunhofer.de
Fraunhofer-Institut für System- und Innovationsforschung ISI;Breslauer Straße 48;76139;Karlsruhe;+49 721 6809-0;;presse@isi.fraunhofer.de;https://www.isi.fraunhofer.de/isi-de.html
Fraunhofer-Institut für Techno- und Wirtschaftsmathematik;Fraunhofer Platz 1;67663;Kaiserslautern;+49 631 31600-0;+49 631 31600-1099;;https://www.itwm.fraunhofer.de
Fraunhofer-Institut für Toxikologie und Experimentelle Medizin ITEM;Nikolai-Fuchs-Straße 1;30625;Hannover;+49 511 5350-0;;kommunikation@item.fraunhofer.de;https://www.item.fraunhofer.de
Fraunhofer-Institut für Umwelt-, Sicherheits- und Energietechnik;Osterfelder Straße 3;46047;Oberhausen;+49 208 8598-0;;;https://www.umsicht.fraunhofer.de
Fraunhofer-Institut für Verfahrenstechnik und Verpackung;Giggenhauser Straße 35;85354;Freising;+49 816 1491-0;+49 816 1491-491;;https://www.ivv.fraunhofer.de
Fraunhofer-Institut für Verkehrs- und Infrastruktursysteme IVI;Zeunerstraße 38;01069;Dresden;+49 351 4640-801;+49 351 4640-803;info@ivi.fraunhofer.de;https://www.ivi.fraunhofer.de
Fraunhofer-Institut für Werkstoff- und Strahltechnik;Winterbergstraße 28;01277;Dresden;+49 351 83391-0;+49 351 83391-3300;info@iws.fraunhofer.de;https://www.iws.fraunhofer.de
Fraunhofer-Institut für Werkstoffmechanik;Wöhlerstraße 11;79108;Freiburg;+49 761 5142-0;+49 761 5142-510;info@iwm.fraunhofer.de;https://www.iwm.fraunhofer.de
Fraunhofer-Institut für Werkzeugmaschinen und Umformtechnik;Reichenhainer Straße 88;09126;Chemnitz;+49 371 5397-0;;info@iwu.fraunhofer.de;https://www.iwu.fraunhofer.de
Fraunhofer-Institut für Windenergiesysteme IWES;Am Seedeich 45;27572;Bremerhaven;+49 471 14290-100;;info@iwes.fraunhofer.de;https://www.iwes.fraunhofer.de
Fraunhofer-Institut für Zelltherapie und Immunologie;Perlickstraße 1;04103;Leipzig;+49 341 35536-1000;+49 341 35536-8-1000;info@izi.fraunhofer.de;https://www.izi.fraunhofer.de
Fraunhofer-Institut für Zerstörungsfreie Prüfverfahren IZFP;Campus E 3 1;66123;Saarbrücken;+49 681 9302-0;+49 681 9302-5901;info@izfp.fraunhofer.de;https://www.izfp.fraunhofer.de
Fraunhofer-Institut für Zuverlässigkeit und Mikrointegration;Gustav-Meyer-Allee 25;13355;Berlin;+49 304 6403-100;+49 304 6403-111;info@zv.fraunhofer.de;https://www.izm.fraunhofer.de
Fraunhofer-Institutszentrum Schloss Birlinghoven IZB;Schloss Birlinghoven ;53757;Sankt Augustin;+49 224114-0;;info@zv.fraunhofer.de;https://www.izb.fraunhofer.de
Fraunhofer-Zentrum für Internationales Management und Wissensökonomie;Martin-Luther-Ring 13;04109;Leipzig;+49 341 231039-153;+49 341 231039-153;info@imw.fraunhofer.de;https://www.imw.fraunhofer.de/de.html
Friedrich-Ebert-Stiftung;Godesberger Allee 149;53175;Bonn;+49 228 883-0;+49 228 883-432;info@fes.de;https://www.fes.de/
Friedrich-Loeffler-Institut, Bundesforschungsinstitut für Tiergesundheit;Südufer 10;17493;Greifswald - Insel Riems;+49 38351 7-0;+49 38351 7-1151;internetredaktion@fli.de;https://www.fli.de/de/startseite/
Friedrich-Naumann-Stiftung für die Freiheit;Karl-Marx-Straße 2;14482;Potsdam;+49 331 7019-0;+49 331 7019-188;service@freiheit.org;https://www.freiheit.org
Führungsakademie der Bundeswehr;Manteuffelstraße 20;22587;Hamburg;+49 40 8667-4700;;fueakbwinfoa@bundeswehr.org;https://www.fueakbw.de
Gefechtssimulationszentrum Heer;Rhön-Kaserne ;97772;Wildflecken;+49 9745 34-5010;+49 9745 34-5019;gefsimzhs1@bundeswehr.org;https://www.deutschesheer.de/portal/poc/heer?uri=ci%3Abw.heer.dienstst.ausbkdo.ausbeinrichtungen.gefechtsimz
Gefechtsübungszentrum Heer;Salchauer Chaussee 1;39638;Gardelegen;+49 39088-90-3010;+49 39088-90-3050;GefUebZHZentralerPosteingang@Bundeswehr.org;https://www.deutschesheer.de/portal/poc/heer?uri=ci%3Abw.heer.dienstst.ausbkdo.ausbeinrichtungen.gefechtsuebz
Generalarzt der Luftwaffe;Flughafenstraße 1;51147;Köln;+49 2203 908-6870;+49 2203 908-677 6871;zentrlurmedlwpresse@bundeswehr.org;https://www.bundeswehr.de/de/organisation/luftwaffe/organisation-/luftwaffentruppenkommando/zentrum-fuer-luft-und-raumfahrtmedizin
Generalbundesanwalt beim Bundesgerichtshof;Brauerstraße 30;76135;Karlsruhe;+49 721 8191-0;+49 721 8191-8590;poststelle@generalbundesanwalt.de;https://www.generalbundesanwalt.de/DE/Home/home_node.html
Generaldirektion Wasserstraßen und Schifffahrt;Am Propsthof 51;53121;Bonn;+49 228 70-900;+49 228 70-909010;gdws@wsv.bund.de;https://www.gdws.wsv.bund.de/DE/startseite/startseite_node.html
Generalzolldirektion;Václav-Havel-Platz 6;53121;Bonn;+49 228 303-0;;poststelle.gzd@zoll.bund.de;https://www.zoll.de/DE/Der-Zoll/Struktur-des-Zolls/Generalzolldirektion/generalzolldirektion_node.html
German Institute of Development and Sustainability;Tulpenfeld 6;53113;Bonn;+49 228 94927-0;+49 228 94927-130;idos@idos-research.de;https://www.idos-research.de
German Institute of Global and Area Studies;Neuer Jungfernstieg 21;20354;Hamburg;+49 40 42825-593;+49 40 42825-547;info@giga-hamburg.de;https://www.giga-hamburg.de
Germanisches Nationalmuseum;Kartäusergasse 1;90402;Nürnberg;+49 911 1331-0;+49 911 1331-200;info@gnm.de;
Germany Trade and Invest - Gesellschaft für Außenwirtschaft und Standortmarketing mbH;Friedrichstraße 60;10117;Berlin;+49 30 200099-0;;info@gtai.com;https://www.gtai.de/de/trade
Gesellschaft für Anlagen und Reaktorsicherheit (gGmbH);Schwertnergasse 1;50667;Köln;+49 221 2068-0;+49 221 2068-856;info@grs.de;https://www.grs.de/
Gesellschaft für Sicherheitspolitik e. V.;Wenzelgasse 42;53111;Bonn;+49 228 652556;+49 228 658093;praesident@gsp-sipo.de;https://www.gsp-sipo.de/
Gesellschaft für Versicherungswissenschaft und -gestaltung e. V.;Reinhardtstraße 34;10117;Berlin;+49 30 2408 825-10;;info@gvg.org;https://gvg.org/
GESIS - Leibniz-Institut für Sozialwissenschaften;B6 4-5 ;68159;Mannheim;+49 621 1246-0;+49 621 1246-100;gesis@gesis.org;https://www.gesis.org/home
GFZ Helmholtz-Zentrum für Geoforschung;Telegrafenberg ;14473;Potsdam;+49 331 6264-0;;info@gfz.de;https://www.gfz.de
gkv informatik eGbR;Luisenstraße 64;42103;Wuppertal;+49 202 6958-0;+49 202 6958-1109;info@gkvi.de;https://www.gkvi.de/
Goethe-Institut e. V.;Oskar-von-Miller-Ring 18;80333;München;+49 89 15921-0;+49 89 15921-450;info@goethe.de;https://www.goethe.de/de/index.html
GSI Helmholtzzentrum für Schwerionenforschung GmbH;Planckstraße 1;64291;Darmstadt;+49 6159 71-0;+49 6159 71-2785;info@gsi.de;https://www.gsi.de/start/aktuelles
Hanns-Seidel-Stiftung e. V.;Lazarettstraße 33;80636;München;+49 89 1258-0;+49 89 1258-356;info@hss.de;https://www.hss.de/
Hans-Böckler-Stiftung;Georg-Block-Straße 18;40474;Düsseldorf;+49 211 7778-0;+49 211 7778-120;zentrale@boeckler.de;https://www.boeckler.de/de/index.htm
Hauptzollamt Aachen;Eisenbahnweg 18;52068;Aachen;+49 241 9091-0;+49 241 9091-1500;poststelle.hza-aachen@zoll.bund.de;https://www.zoll.de
Hauptzollamt Augsburg;Prinzregentenplatz 3;86150;Augsburg;+49 821 5012-0;+49 228 303-98150;poststelle.hza-augsburg@zoll.bund.de;https://www.zoll.de
Hauptzollamt Berlin;Mehringdamm 129c;10965;Berlin;+49 30 69009-0;+49 30 69009-6209;poststelle.hza-berlin@zoll.bund.de;https://www.zoll.de
Hauptzollamt Bielefeld;Werner-Bock-Straße 25 - 29;33602;Bielefeld;+49 521 3047-0;+49 521 3047-1099;poststelle.hza-bielefeld@zoll.bund.de;https://www.zoll.de
Hauptzollamt Braunschweig;Kasernenstraße 17;38106;Braunschweig;+49 531 1291-0;+49 531 1291-9102;poststelle.hza-braunschweig@zoll.bund.de;https://www.zoll.de
Hauptzollamt Bremen;Konsul-Smidt-Straße 29;28217;Bremen;+49 421-5154-0;+49 421 5154-1001;poststelle.hza-bremen@zoll.bund.de;https://www.zoll.de
Hauptzollamt Darmstadt;Hilpertstraße 20 a;64295;Darmstadt;+49 6151 9180-0;+49 228 303-97489;poststelle.hza-darmstadt@zoll.bund.de;https://www.zoll.de
Hauptzollamt Dortmund;Semerteichstraße 47 - 49;44141;Dortmund;+49 231 9571-0;+49 231 9571-1999;poststelle.hza-dortmund@zoll.bund.de;https://www.zoll.de
Hauptzollamt Dresden;Schützenhöhe 24 - 26;01099;Dresden;+49 351 4644-0;+49 351 4644-3900;poststelle.hza-dresden@zoll.bund.de;https://www.zoll.de
Hauptzollamt Duisburg;Köhnenstaße 5 - 11;47051;Duisburg;+49 203 6048-1000;+49 228 30399-774;poststelle.hza-duisburg@zoll.bund.de;https://www.zoll.de
Hauptzollamt Düsseldorf;Wanheimer Straße 74;40468;Düsseldorf;+49 211 2101-0;+49 211 2101-1222;poststelle.hza-duesseldorf@zoll.bund.de;https://www.zoll.de
Hauptzollamt Erfurt;Am Tannenwäldchen 50;99096;Erfurt;+49 361 60176-0;+49 361 60176-910;poststelle.hza-erfurt@zoll.bund.de;https://www.zoll.de
Hauptzollamt Frankfurt (Oder);Kopernikusstraße 25;15236;Frankfurt (Oder);+49 335 563-0;+49 228 303 98 268;poststelle.hza-ff@zoll.bund.de;https://www.zoll.de
Hauptzollamt Frankfurt am Main;Hahnstraße 68 - 70;60528;Frankfurt am Main;+49 69 257829-0;+49 228 303-97714;poststelle.hza-ffm@zoll.bund.de;https://www.zoll.de
Hauptzollamt Gießen;Grünberger Straße 100;35394;Gießen;+49 641 4959-0;+49 641 4959-1199;poststelle.hza-giessen@zoll.bund.de;https://www.zoll.de
Hauptzollamt Hamburg;Koreastraße 4;20457;Hamburg;+49 40 80003-0;+49 228 303-97312;poststelle.hza-hamburg@zoll.bund.de;https://www.zoll.de
Hauptzollamt Hannover;Hackethalstraße 7;30179;Hannover;+49 511 5469-0;;poststelle.hza-hannover@zoll.bund.de;https://www.zoll.de
Hauptzollamt Heilbronn;Kastellstraße 53;74080;Heilbronn;+49 7131 8970-0;+49 7131 8970-199;poststelle.hza-heilbronn@zoll.bund.de;https://www.zoll.de
Hauptzollamt Itzehoe;Kaiserstraße 14 a;25524;Itzehoe;+49 4821 902-0;+49 4821 902-1001;Poststelle.hza-itzehoe@zoll.bund.de;https://www.zoll.de
Hauptzollamt Karlsruhe;Philipp-Reis-Straße 4;76137;Karlsruhe;+49 721 1833-1;+49 721 1833-1010;poststelle.hza-karlsruhe@zoll.bund.de;https://www.zoll.de
Hauptzollamt Kiel;Kronshagener Weg 105;24116;Kiel;+49 431 20083-0;+49 431 20083-1150;poststelle.hza-kiel@zoll.bund.de;https://www.zoll.de
Hauptzollamt Koblenz;Im Metternicher Feld 44;56072;Koblenz;+49 261 98376-0;+49 261 98376-1010;poststelle.hza-koblenz@zoll.bund.de;https://www.zoll.de
Hauptzollamt Köln;Grüner Weg 1 b;50825;Köln;+49 221 9413-0;;poststelle.hza-koeln@zoll.bund.de;https://www.zoll.de
Hauptzollamt Krefeld;Medienstraße 1;47807;Krefeld;+49 2151 850-0;+49 2151 850-18881;poststelle.hza-krefeld@zoll.bund.de;https://www.zoll.de
Hauptzollamt Landshut;Sonnenring 14;84032;Altdorf;+49 871 806-0;+49 871 806-1065;poststelle.hza-landshut@zoll.bund.de;https://www.zoll.de
Hauptzollamt Lörrach;Mozartstraße 32;79539;Lörrach;+49 7621 941-0;+49 7621 941-1505;poststelle.hza-loerrach@zoll.bund.de;https://www.zoll.de
Hauptzollamt Magdeburg;Ihleburger Straße 4;39126;Magdeburg;+49 391 5074-0;+49 391 5074-1237;poststelle.hza-magdeburg@zoll.bund.de;https://www.zoll.de
Hauptzollamt München;Sophienstraße 6;80333;München;+49 89 45026-0;+49 228 303-99806;poststelle.hza-muenchen@zoll.bund.de;https://www.zoll.de
Hauptzollamt Münster;Linus-Pauling-Weg 1 - 5;48155;Münster;+49 251 4814-0;+49 251 4814-1000;poststelle.hza-muenster@zoll.bund.de;https://www.zoll.de
Hauptzollamt Nürnberg;Frankenstraße 208;90461;Nürnberg;+49 911 9463-0;+49 911 9463-1199;poststelle.hza-nuernberg@zoll.bund.de;https://www.zoll.de
Hauptzollamt Oldenburg;Friedrich-Rüder-Straße 2;26135;Oldenburg;+49 441 8009-0;+49 228 303-99788;poststelle.hza-oldenburg@zoll.bund.de;https://www.zoll.de
Hauptzollamt Osnabrück;Meller Straße 272;49082;Osnabrück;+49 541 3301-0;+49 541 3301-1200;poststelle.hza-osnabrueck@zoll.bund.de;https://www.zoll.de
Hauptzollamt Potsdam;Rembrandtstraße 26 A;14467;Potsdam;+49 331 50590;+49 331 2308-109;poststelle.hza-potsdam@zoll.bund.de;https://www.zoll.de
Hauptzollamt Regensburg;Junkersstraße 12;93055;Regensburg;+49 941 2086-0;+49 941 2086-1399;poststelle.hza-regensburg@zollbund.de;https://www.zoll.de
Hauptzollamt Rosenheim;Münchener Straße 51;83022;Rosenheim;+49 8031 3006-0;+49 8031 3006-9911;poststelle.hza-rosenheim@zoll.bund.de;https://www.zoll.de
Hauptzollamt Saarbrücken;Präsident-Baltz-Straße 5;66119;Saarbrücken;+49 681 8308-0000;+49 681 8308-0010;poststelle.hza-saarbruecken@zoll.bund.de;https://www.zoll.de
Hauptzollamt Schweinfurt;Brückenstraße 27;97421;Schweinfurt;+49 9721 6464-0;+49 9721 6464-1800;poststelle.hza-schweinfurt@zoll.bund.de;https://www.zoll.de
Hauptzollamt Singen;Maggistraße 3;78224;Singen;+49 7731 8205-0;+49 7731 8205-1901;poststelle.hza-singen@zoll.bund.de;https://www.zoll.de
Hauptzollamt Stralsund;Hiddenseer Straße 2;18439;Stralsund;+49 3831 356-0;+49 3831 356-1121;poststelle.hza-stralsund@zoll.bund.de;https://www.zoll.de
Hauptzollamt Stuttgart;Hackstraße 85;70190;Stuttgart;+49 711 922-0;+49 711 922-2209;poststelle.hza-stuttgart@zoll.bund.de;https://www.zoll.de
Hauptzollamt Ulm;Magirusstraße 39 / 2;89077;Ulm;+49 731 9648-0;+49 731 9648-29900;poststelle.hza-ulm@zoll.bund.de;https://www.zoll.de
Haus der Wannsee-Konferenz - Gedenk- und Bildungstätte -;Am Großen Wannsee 56-58;14109;Berlin;+49 30805001-0;;info@ghwk.de;https://www.ghwk.de/
Havariekommando;Am Alten Hafen 2;27472;Cuxhaven;+49 30 185420-2400;+49 30 185420-2009;havariekommando@havariekommando.de;https://www.havariekommando.de
Heinrich-Böll-Stiftung e. V.;Rosenthaler Straße 40 - 41;10178;Berlin;+49 30 28534-0;+49 30 28534-109;info@boell.de;https://www.boell.de
Helmholtz Zentrum München Deutsches Forschungszentrum für Gesundheit und Umwelt GmbH;Ingolstädter Landstraße 1;85764;Neuherberg;+49 89 3187-0;;info@helmholtz-munich.de;https://www.helmholtz-muenchen.de/
Helmholtz-Gemeinschaft;Ahrstraße 45;53175;Bonn;+49 228 30818-0;+49 228 30818-30;info@helmholtz.de;https://www.helmholtz.de
Helmholtz-Zentrum Berlin für Materialien und Energie GmbH;Hahn-Meitner-Platz 1;14109;Berlin;+49 30 8062-0;+49 30 8062-42181;email-hzb-inbox@helmholtz-berlin.de;https://www.helmholtz-berlin.de/
Helmholtz-Zentrum Dresden-Rossendorf e. V.;Bautzener Landstraße 400;01328;Dresden;+49 351 260-0;+49 351 269-0461;kontakt@hzdr.de;https://www.hzdr.de
Helmholtz-Zentrum für Infektionsforschung GmbH;Inhoffenstraße 7;38124;Braunschweig;+49 531 6181-0;+49 531 6181-2655;info@helmholtz-hzi.de;https://www.helmholtz-hzi.de
Helmholtz-Zentrum für Ozeanforschung Kiel;Wischhofstraße 1-3;24148;Kiel;+49 431 600-0;+49 431 600-2805;info@geomar.de;https://www.geomar.de
Helmholtz-Zentrum für Umweltforschung GmbH - UFZ;Permoser Straße 15;04318;Leipzig;+49 341 235-1800;+49 341 235-1388;info@ufz.de;https://www.ufz.de
Helmholtz-Zentrum Hereon GmbH;Max-Planck-Straße 1;21502;Geesthacht;+49 4152 87-0;+49 4152 87-1403;contact@hereon.de;https://www.hzg.de
Helmut-Schmidt-Universität Universität der Bundeswehr Hamburg;Holstenhofweg 85;22043;Hamburg;+49 40 6541-1;+49 40 6541-2869;pressestelle@hsu-hh.de;https://www.hsu-hh.de/hsu/index.php
Herder Institut für historische Ostmitteleuropaforschung - Institut der Leibniz-Gemeinschaft;Gisonenweg 5 - 7;35037;Marburg;+49 6421 184-0;;mail@herder-institut.de;https://www.herder-institut.de
Hochschule des Bundes für öffentliche Verwaltung;Willy-Brandt-Straße 1;50321;Brühl;+49 22899 629-0;+49 22899 629-5100;postzb@hsbund.de;https://www.hsbund.de
Hochschule des Bundes für öffentliche Verwaltung - Fachbereich Bundeswehrverwaltung;Seckenheimer Landstraße 10;68163;Mannheim;+49 621 4295 4212;+49 621 4295 4222;HSBund-FBBWV@bundeswehr.org;https://hsbund.de/studium/studiengaenge/bachelor-of-public-administration
I. Deutsch-Niederländisches Corps;Schlossplatz 15;48143;Münster;+49 251 506-2092;+49 251 452-70;DtAI.DEU-NLDCorpsPAO@bundeswehr.org;https://www.bundeswehr.de/de/organisation/heer/organisation/1-deutsch-niederlaendisches-corps
ifo Institut - Leibniz-Institut für Wirtschaftsforschung an der Universität München e. V.;Poschingerstraße 5;81679;München;+49 89 9224-0;+49 89 985369;ifo@ifo.de;https://www.ifo.de/
IHP GmbH - Leibniz-Institut für innovative Mikroelektronik;Im Technologiepark 25;15236;Frankfurt (Oder);+49 335 5625-0;+49 335 5625-300;ihp@ihp-microelectronics.com;https://www.ihp-microelectronics.com
IJAB - Fachstelle für Internationale Jugendarbeit der Bundesrepublik Deutschland e. V.;Godesberger Allee 142 - 148;53175;Bonn;+49 228 9506-0;+49 228 9506-199;info@ijab.de;https://www.ijab.de
ILS - Institut für Landes- und Stadtentwicklungsforschung GmbH;Brüderweg 22 - 24;44135;Dortmund;+49 231 9051-0;+49 231 9051-155;poststelle@ils-forschung.de;
Industrie-Lehrwerkstatt Trier eG;Engelstraße 59 - 61;54292;Trier;+49 651 2222-0;;trier@ilw-trier.de;https://trier.ilw.de/
Infanterieschule Hammelburg;Rommelstraße 31;97762;Hammelburg;+49 9732-784-0;;InfS@Bundeswehr.org;https://www.bundeswehr.de/de/organisation/heer/organisation/ausbildungskommando/ausbildungszentrum-infanterie
Informationstechnikbataillon 281;Philipp-Reis-Straße 2;54568;Gerolstein;+49 6591 10-1;;kdocirpizcir@bundeswehr.org;https://cir.bundeswehr.de/portal/a/cir/start/dienststellen/kdoitbw/itbtl281/!ut/p/z1/hU67DoIwFP0WB9beKyigWxeNRpSEGKGLqVALplBSKvj5YpxMNJ7tPHOAQQqs4X0lua10w9XIM-af_cVss3YTjMJwNUW6p_HqcAxdjFw4_Quw0cYfoAhJISAbN4LfGwEkwIDdeM8fpNXGKmEJz18PISt5UygR65y-hS0wqfTlfZ02Fy-UwIy4CiMMuZtRLq1tu6WDDg7DQKTWUgmS69rBb5VSdxbSzyS0dTqgN1f9jk6epWxEYQ!!/dz/d5/L2dBISEvZ0FBIS9nQSEh/#Z7_694IG2S0M88F10ANAPFOU820M7
Informationstechnikbataillon 282;Graf-Moltke-Straße ;56288;Kastellaun;+49 6762 12-1;;kdocirpizcir@bundeswehr.org;https://cir.bundeswehr.de/portal/a/cir/start/dienststellen/kdoitbw/itbtl282/!ut/p/z1/hU67DoIwFP0WB9beK6CiWwcxGh8kxAhdTIFaNJWSWsHPF8NkIvFs55kDDBJgFW-ukturrrjqeMqm5-ncX6_cGHdBEI6R7mkUHo6Bi0sfTv8CrLNxABQhLgSk3cZseMODGBiwG2_4i9TaWCUs4fnnIaQlrwolIp3TXtgAk0pn_XVaZV4ggRlxEUYY8jSdXFpbPxYOOti2LZFaSyVIru8O_qqU-mEh-U5CfU9a9Caq2dLRG_f8jTI!/dz/d5/L2dBISEvZ0FBIS9nQSEh/#Z7_694IG2S0M88F10ANAPFOU820E3
Informationstechnikbataillon 292;Rudolf-Diesel-Straße 1a;89407;Dillingen an der Donau;+49 9071 580-0;;kdocirpizcir@bundeswehr.org;https://cir.bundeswehr.de/portal/a/cir/start/dienststellen/kdoitbw/itbtl292/!ut/p/z1/hU67DoIwFP0WB9beKwqiWxeMxldCiNDFVKgFUyipFfx8MUwmEs92njnAIAFW87aU3Ja65qrnKfMv_nK-WbsR7oMgnCI90FN4jAMXY4TzvwDrbRwBRYhyAWm_sRjf8CACBuzOW_4ijTZWCUt49nkIacHrXImTzuggbIFJpa_DdVpfZ4EEZsRNGGHI0_RyYW3zWDnoYNd1RGotlSCZrhz8VSn0w0LynYSmSjqceard0ckbvF4Bww!!/dz/d5/L2dBISEvZ0FBIS9nQSEh/#Z7_694IG2S0M88F10ANAPFOU820U5
Informationstechnikbataillon 293;Weilheimer Straße 60;82418;Murnau am Staffelsee;+49 8841 609-0;;kdocirpizcir@bundeswehr.org;https://cir.bundeswehr.de/portal/a/cir/start/dienststellen/kdoitbw/itbtl293/!ut/p/z1/hU67DoIwFP0WB9beiyiiWxeNxldCjNDFVKgFUyiplfr51jiZaDzbeeYAgwxYy_taclvrlivPcxaf4ulouRimuEmSeYh0S_fz3SEZ4mECx38B5m38AYqQlgJyvzH5uRGGkAIDduU9f5BOG6uEJbx4PYS84m2pxF4X9C2sgEmlz-_rtD1HiQRmxEUYYcjdeLmytrvNAgzQOUek1lIJUugmwG-VSt8sZJ9J6JrMYTRW_ZoOnkvQPUU!/dz/d5/L2dBISEvZ0FBIS9nQSEh/#Z7_694IG2S0M88F10ANAPFOU82011
Informationstechnikbataillon 381;Beeskower Chaussee 15a;15859;Storkow (Mark);+49 33678 66-0;;kdocirpizcir@bundeswehr.org;https://cir.bundeswehr.de/portal/a/cir/start/dienststellen/kdoitbw/itbtl381/!ut/p/z1/hU67DoIwFP0WB9beKyiiWxd8xFdCjNDFFKgFUyipFfx8MU4mEs92njnAIAZW87aU3Ja65qrnCfMv_nyyXroR7oIgHCPd02N4OAUujj04_wuw3sYBUIQoF5D0G7PBjZUPETBgN97yJ2m0sUpYwrP3Q0gKXudKHHVGP8IGmFQ6_VyndeoFEpgRV2GEIQ_Ty4W1zX3hoINd1xGptVSCZLpy8Fel0HcL8XcSmiru0JuqdktHL8sgRs4!/dz/d5/L2dBISEvZ0FBIS9nQSEh/#Z7_694IG2S0M88F10ANAPFOU820H6
Informationstechnikbataillon 383;Nissaer Weg 10;99099;Erfurt;+49 361 432-0;;kdocirpizcir@bundeswehr.org;https://cir.bundeswehr.de/portal/a/cir/start/dienststellen/kdoitbw/itbtl383/!ut/p/z1/hU67DoIwFP0WB9beKwpWty6-4ishRuhiKtaCKZTUSv18MU4mGs92njnAIQVei7ZUwpWmFrrjGY-P8Xi4mIUJrimd9pFt2G663dMQ5xEc_gV4Z-MPMITkLCHrNkY_N8YhJMCBX0UrHqQx1mnpiMhfDyErRH3Wcmdy9haWwJU2p_d1Vp8GVAG38iKttORuO7lwrrlNAgzQe0-UMUpLkpsqwG-VwtwcpJ9JaKrU4yDS7Yr1ni26zdA!/dz/d5/L2dBISEvZ0FBIS9nQSEh/#Z7_694IG2S0M88F10ANAPFOU82092
Informationstechnikzentrum Bund;Bernkasteler Straße 8;53175;Bonn;+49 22899 680-0;+49 22899 680-5050;poststelle@itzbund.de;https://www.itzbund.de/DE/Home/home_node.html
Institut für Auslandsbeziehungen e. V.;Charlottenplatz 17;70173;Stuttgart;+49 711 2225-0;+49 711 2264-346;info@ifa.de;https://www.ifa.de
Institut für deutsche Kultur und Geschichte Südosteuropas e. V.;Halskestraße 15;81379;München;+49 89 780609-0;+49 89 780609-22;ikgs@ikgs.de;https://www.ikgs.de
Institut für Kultur und Geschichte der Deutschen in Nordosteuropa e. V.;Lindenstraße 31;21335;Lüneburg;+49 4131 40059-0;+49 4131 40059-59;sekretariat@ikgn.de;https://www.ikgn.de/cms/
Institut für Mikrobiologie der Bundeswehr;Neuherbergstraße 11;80937;München;+49 89 992692-3980;+49 89 992692-3983;InstitutfuerMikrobiologie@bundeswehr.org;https://instmikrobiobw.de/
Institut für Ostrecht e. V.;Landshuter Straße 4;93047;Regensburg;+49 941 943-5450;+49 941 943-5465;info@ostrecht.de;https://www.ostrecht.de/
Institut für Pharmakologie und Toxikologie der Bundeswehr;Neuherbergstraße 11;80937;München;+49 89 992692-2926 oder 2932;;InstitutfuerPharmakologieundToxikologie@bundeswehr.org;
Institut für Präventivmedizin der Bundeswehr -Krahnenberg-Kaserne-;Aktienstraße 87;56626;Andernach;+49 2632 9462 2001;+49 4407-2076;InstPraevMedBw@bundeswehr.org;https://www.instpraevmedbw.de/
Institut für Radiobiologie der Bundeswehr;Neuherbergstraße 11;80937;München;+49 89 99 26 92 2251 oder 2253;+49 89 99 26 92 2255;Institutfuerradiobiologie@bundeswehr.org;
Institut für Sonnenphysik;Georges-Köhler-Allee 401 A;79110;Freiburg;+49 761 3198-0;+49 761 3198-111;secr@leibniz-kis.de;https://www.leibniz-kis.de/de/home/
Institut für Städtebau Berlin;Bismarckstraße 107 5-7;10625;Berlin;+49 30 230822-0;+49 30 230822-22;info@staedtebau-berlin.de;https://www.isw-isb.de/
Institut für Städtebau und Wohnungswesen München;Schwanthalerstraße 22;80336;München;+49 89 542706-0;+49 89 542706-23;office@isw.de;https://www.isw-isb.de
Institut für Zeitgeschichte München - Berlin;Leonrodstraße 46 b;80636;München;+49 89 12688-0;+49 89 12688-191;ifz@ifz-muenchen.de;https://www.ifz-muenchen.de
International Tracing Service;Große Allee 5 - 9;34454;Bad Arolsen;+49 5691 629-0;+49 5691 629-501;email@its-arolsen.org;https://www.arolsen-archives.org
Internationale Organisation für Migration;Charlottenstraße 68;10117;Berlin;+49 30 278778-0;+49 30 278778-99;iom-germany@iom.int;https://germany.iom.int/
Internationaler Bund e.V.;Valentin-Senger-Straße 5;60389;Frankfurt a. M.;+49 69 94545-0;;Info@ib.de;https://www.internationaler-bund.de/mainnavigation/startseite/
Internationales Hubschrauberausbildungszentrum;Achumer Straße 1;31675;Bückeburg;+49 5722-968-2100;+49 5722-968-2019;IntHubschrAusbZStab@Bundeswehr.org;https://www.deutschesheer.de/portal/poc/heer?uri=ci%3Abw.heer.dienstst.ausbkdo.ausbeinrichtungen.inthubschrausbz
IUF - Leibniz-Institut für umweltmedizinische Forschung an der Heinrich-Heine-Universität Düsseldorf gGmbH;Aufm Hennekamp 50;40225;Düsseldorf;+49 211 3389-0;+49 211 31909-10;info@iuf-duesseldorf.de;https://www.iuf-duesseldorf.de
Johann Heinrich von Thünen-Institut, Bundesforschungsinstitut für Ländliche Räume, Wald und Fischerei;Bundesallee 50;38116;Braunschweig;+49 531 596-0;+49 531 596-1099;info@thuenen.de;https://www.thuenen.de
Julius-Kühn Institut, Bundesforschungsinstitut für Kulturpflanzen;Erwin-Baur-Straße 27;06484;Quedlinburg;+49 3946 47-0;;poststelle@julius-kuehn.de;https://www.julius-kuehn.de
juris GmbH - Das juristische Informationssystem Deutschland;Am Römerkastell 11;66121;Saarbrücken;+49 681 5866-0;+49 681 5866-239;info@juris.de;https://www.juris.de
Karlsruher Institut für Technologie;Kaiserstraße 12;76131;Karlsruhe;+49 721 608 - 0;+49 721 608 44290;info@kit.edu;https://www.kit.edu
Karrierecenter der Bundeswehr Berlin;Regattastraße 12;12527;Berlin;+49 30 67781 401 oder 408;;karrcbwberlineingang@bundeswehr.org;https://www.bundeswehrkarriere.de/
Karrierecenter der Bundeswehr Düsseldorf;Ludwig-Beck-Straße 23;40470;Düsseldorf;+49 211 619-3400;+49 211 619-3395;BewerbungenDuesseldorf@bundeswehr.org;https://www.bundeswehrkarriere.de/
Karrierecenter der Bundeswehr Erfurt;Zeppelinstraße 18;99096;Erfurt;;;karrcbwerfurteingang@bundeswehr.org;https://www.bundeswehr.de/
Karrierecenter der Bundeswehr Hannover;Ada-Lessing-Str. 119;30657;Hannover;+49 511 86699-4444;+49 511 86699-4372;bewerbungenhannover@bundeswehr.org;https://www.bundeswehrkarriere.de/
Karrierecenter der Bundeswehr Mainz;Generaloberst-Beck-Straße 1f;55129;Mainz;+49 6131 27750 3999;;BewerbungenMainz@bundeswehr.org;https://www.bundeswehrkarriere.de/
Karrierecenter der Bundeswehr München;Dachauer Straße 128;80637;München;+49 89 1249-5181;;Bewerbungsservicemuenchen@bundeswehr.org;https://www.bundeswehr.de/de/organisation/personal/bundesamt-fuer-das-personalmanagement-der-bundeswehr-/karrierecenter-der-bundeswehr-/-willkommen-im-karrierecenter-der-bundeswehr-muenchen-
Karrierecenter der Bundeswehr Stuttgart;Heilbronner Straße 188;70191;Stuttgart;+49 711 2540-3900;;BewerbungenStuttgart@bundeswehr.org;https://www.bundeswehrkarriere.de/
Karrierecenter der Bundeswehr Wilhelmshaven;Opdenhoffstr. 63;26384;Wilhelmshaven;+49 4421 68-62821;+49 4421 6862-836;BewerbungenWilhelmshaven@bundeswehr.org;https://www.bundeswehrkarriere.de/
Kassenärztliche Bundesvereinigung;Herbert-Lewin-Platz 2;10623;Berlin;+49 30 4005-0;+49 30 4005-1590;info@KBV.de;https://www.kbv.de/
Kassenzahnärztliche Bundesvereinigung;Behrenstraße 42;10117;Berlin;+49 30 280179-0;+49 30 280179-20;post@kzbv.de;https://www.kzbv.de/
Katholisches Militärbischofsamt;Am Weidendamm 2;10117;Berlin;+49 30 20617-322;;kmba@bundeswehr.org;https://www.katholische-militaerseelsorge.de/organisation/katholisches-militaerbischofsamt
Katholisches Militärdekanat Berlin;Kurt-Schumacher-Damm 41;13405;Berlin;+49 30 4981-3590;;KathMilDekanatBerlin@bundeswehr.org;https://www.bundeswehr.de/de/organisation/militaerseelsorge/katholische-militaerseelsorge
Katholisches Militärdekanat Kiel;Parkstraße 2;24106;Kiel;+49 431 667248-6970;+49 431 667248-6974;KathMilDekanatKiel@bundeswehr.org;https://www.bundeswehr.de/de/betreuung-fuersorge/militaerseelsorge/katholische-militaerseelsorge/organisation/militaerdekanate/kiel-58360
Katholisches Militärdekanat Köln;Flughafenstraße 1;51147;Köln;+49 2203 908-3500;;KathMilDekanatKoeln@bundeswehr.org;https://www.bundeswehr.de/de/betreuung-fuersorge/militaerseelsorge/katholische-militaerseelsorge/organisation/militaerdekanate/koeln/koeln-58378
Katholisches Militärdekanat München;Ingolstädter Straße 240;80939;München;+49 89 3168 - 6050;+49 89 3168 - 6054;KathMilDekanatMuenchen@bundeswehr.org;https://www.bundeswehr.de/de/betreuung-fuersorge/militaerseelsorge/katholische-militaerseelsorge/organisation/militaerdekanate/muenchen
Kiel Institut für Weltwirtschaft;Kiellinie 66;24105;Kiel;+49 431 8814-1;+49 431 8814-500;info@ifw-kiel.de;https://www.ifw-kiel.de
Klassik Stiftung Weimar;Burgplatz 4;99423;Weimar;+49 3643 545-0;+49 3643 545-454;info@klassik-stiftung.de;https://www.klassik-stiftung.de/
Klosterstift St. Marienthal;St. Marienthal 1;02899;Ostritz;+49 35823 856300;;info@kloster-marienthal.de;https://www.kloster-marienthal.de/
Kommando Aufklärung und Wirkung;Heinrich-Hertz-Straße 6;54550;Daun;+49 6592 172110;;KdoAufklWirkPresse@bundeswehr.org;https://www.bundeswehr.de/de/organisation/cyber-und-informationsraum/kommando-und-organisation-cir/kommando-cyber-und-informationsraum/kommando-aufklaerung-wirkung
Kommando Cyber- und Informationsraum;Johanna-Kinkel-Straße 2-4;53175;Bonn;+49 22853683 1412;;KdoCIRPIZCIR@bundeswehr.org;https://www.bundeswehr.de/de/organisation/cyber-und-informationsraum/kommando-und-organisation-cir/kommando-cyber-und-informationsraum
Kommando Feldjäger der Bundeswehr;Langenforther Straße 1;30657;Hannover;+49 511 903 3804;+49 511 903 3809;KdoFJgBwZentralerPosteingang@bundeswehr.org;https://www.bundeswehr.de/de/organisation/streitkraeftebasis/organisation/kommando-feldjaeger-der-bundeswehr
Kommando Gesundheitsversorgung der Bundeswehr;Von-Kuhl-Straße 50;56070;Koblenz;+49 261 896-0;;KdoGesVersBwPresse@bundeswehr.org;https://www.bundeswehr.de/de/organisation/unterstuetzungsbereich/sanitaetsdienst/kommando-gesundheitsversorgung-in-koblenz
Kommando Heer;Prötzeler Chaussee 25 25;15344;Strausberg;+49 3341-58-1511;+49 3341-58-1519;PIZHeer@Bundeswehr.org;https://www.bundeswehr.de/de/organisation/heer/organisation/kommando-heer
Kommando Informationstechnik der Bundeswehr;Fontainengraben 150;53123;Bonn;+49 228 5504-7025;+49 228 5504-7029;kdocirpizcir@bundeswehr.org;https://www.bundeswehr.de/de/organisation/cyber-und-informationsraum/kommando-und-organisation-cir/kommando-cyber-und-informationsraum/kommando-it-services-bw
Kommando Luftwaffe;Kladower Damm 182;14089;Berlin;+49 30 3687-3931;;PIZLw@bundeswehr.org;https://www.bundeswehr.de/de/organisation/luftwaffe/organisation-/kommando-luftwaffe
Kommando Regionale sanitätsdienstliche Unterstützung;Schloß Oranienstein ;65582;Diez;+49 6432 940 2011;+49 6432 940 2099;KdoRegSanUstg@bundeswehr.org;https://www.bundeswehr.de/de/organisation/unterstuetzungsbereich/sanitaetsdienst/kommando-gesundheitsversorgung-in-koblenz/kommando-regionale-sanitaetsdienstliche-unterstuetzung-in-diez
Kommando Sanitätsdienst der Bundeswehr;Von-Kuhl-Straße 50;56070;Koblenz;+49 261 896 0;+49 261 896-10299;KdoSanDstBw@bundeswehr.org;https://www.bundeswehr.de/de/organisation/sanitaetsdienst/kommando-und-organisation-sanitaetsdienst/kommando-sanitaetsdienst
Kommando Sanitätsdienstliche Einsatzunterstützung;Zeitzer Straße 112;06667;Weißenfels;+49 3443 33 1708;+49 3443 33 1797;KdoRegSanUstg@bundeswehr.org;https://www.bundeswehr.de/de/organisation/sanitaetsdienst/kommando-und-organisation-sanitaetsdienst/kommando-sanitaetsdienstliche-einsatzunterstuetzung
Kommando Schnelle Einsatzkräfte Sanitätsdienst;Papenburgstraße 82;26789;Leer;+49 491 9195 4001;+49 491 9195 4610;KdoSES@bundeswehr.org;https://www.bundeswehr.de/de/organisation/sanitaetsdienst/kommando-und-organisation-sanitaetsdienst/kommando-sanitaetsdienstliche-einsatzunterstuetzung/kommando-schnelle-einsatzkraefte-sanitaetsdienst
Kommunale Gemeinschaftsstelle für Verwaltungsmanagement;Gereonstraße 18 - 32;50670;Köln;+49 221 37689-0;+49 221 37689-59;kgst@kgst.de;https://www.kgst.de
Konrad-Adenauer-Stiftung e. V.;Klingelhöferstraße 23;10785;Berlin;+49 30 26996-0;;zentrale-berlin@kas.de;https://www.kas.de
Koordinator der Bundesregierung für Maritime Wirtschaft und Tourismus;Scharnhorststraße 34 - 37;10115;Berlin;+49 30 18 615-6711;;poststelle@bmwe.bund.de;https://www.bmwk.de/Navigation/DE/Ministerium/Koordinatoren-und-Beauftragte/koordinatoren-und-beauftragte.html
Koordinator der Bundesregierung für strategische Auslandsprojekte im Interesse der Bundesrepublik Deutschland;Scharnhorststraße 34 - 37;10115;Berlin;+49 3018 615-5010;;buero-st-p@bmwk.bund.de;https://www.bmwk.de/Redaktion/DE/Dossier/Visitenkarten/visitenkarte-philipp.html
Koordinator für die deutsch-polnische zwischengesellschaftliche und grenznahe Zusammenarbeit;Werderscher Markt 1;10117;Berlin;+49 30 1817-4010;+49 30 1817-54010;KO-POL@diplo.de;https://www.auswaertiges-amt.de/de/aamt/koordinatoren/deutsch-polnische-zusammenarbeit-node/deutsch-polnische-zusammenarbeit/200544
Koordinator für die transatlantische zwischengesellschaftliche, kultur- und informationspolitische Zusammenarbeit;Werderscher Markt 1;10117;Berlin;+49 30 1817 - 2872;+49 30 1817 -52872;KO-TRA@diplo.de;https://www.auswaertiges-amt.de/de/aamt/koordinatoren/transatlantische-zusammenarbeit/216436
Koordinierungszentrum Deutsch-Israelischer Jugendaustausch;Altes Rathaus - Markt 26;06886;Lutherstadt Wittenberg;+49 3491 4202-60;;info@ConAct-org.de;https://www.conact-org.de/
Kraftfahrt-Bundesamt;Fördestraße 16;24944;Flensburg;+49 461 316-0;+49 461 316-271650;kba@kba.de;https://www.kba.de
Krankenversorgung der Bundesbahnbeamten;Salvador-Allende-Str. 7;60487;Frankfurt am Main;+49 69 24703-0;;info@kvb.bund.de;https://www.kvb.bund.de
Kreditanstalt für Wiederaufbau IPEX-Bank;Zeppelinallee 8;60325;Frankfurt am Main;+49 69 7431-0;+49 69 7431-2944;info@kfw-ipex-bank.de;https://www.kfw-ipex-bank.de
Kulturstiftung des Bundes;Franckeplatz 2;06110;Halle;+49 345 2997-0;+49 345 2997-333;info@kulturstiftung-bund.de;https://www.kulturstiftung-des-bundes.de/de
Kulturveranstaltungen des Bundes in Berlin GmbH;Schöneberger Straße 15;10963;Berlin;+49 30 26397-0;+49 30 26397-397;info@kbb.eu;https://www.kbb.eu
Kunst- und Ausstellungshalle der Bundesrepublik Deutschland GmbH;Helmut-Kohl-Allee 4;53113;Bonn;+49 228 9171-0;+49 228 234154;info@bundeskunsthalle.de;https://www.bundeskunsthalle.de
Kunstverwaltung des Bundes;Herbert-Bayer-Straße 5;13086;Berlin;+49 30 200 513-0;;Kunstverwaltung@kvdb.bund.de;https://kunstverwaltung.bund.de/Webs/KVDB/DE/Home/home_node.html
Kuratorium für Technik und Bauwesen in der Landwirtschaft e. V.;Bartningstraße 49;64289;Darmstadt;+49 6151 7001-0;+49 6151 7001-123;ktbl@ktbl.de;https://www.ktbl.de/
Kuratorium für Waldarbeit und Forsttechnik e. V.;Spremberger Straße 1;64823;Goß-Umstadt;+49 6078 785-0;+49 6078 758-39;info@kwf-online.de;https://www.kwf-online.de
Landeskommando Baden-Württemberg;Nürnberger Straße 184;70374;Stuttgart;+49 711 5210 4050;+49 711 5210 4096;Pressestelle@bundeswehr.org;https://www.bundeswehr.de/de/organisation/operatives-fuehrungskommando-der-bundeswehr/landeskommando/baden-wuerttemberg
Landeskommando Bayern;Ingolstädter Straße 240;80939;München;+49 089 3168 6040;;Pressestelle-LKdoBY@bundeswehr.org;https://www.bundeswehr.de/de/organisation/weitere-bmvg-dienststellen/territoriales-fuehrungskommando-der-bundeswehr/organisation/landeskommando-bayern
Landeskommando Berlin;Kurt-Schumacher-Damm 41;13405;Berlin;+49 30 4981-4132;;PressestelleLKdoBE@bundeswehr.org;https://www.bundeswehr.de/de/organisation/weitere-bmvg-dienststellen/territoriales-fuehrungskommando-der-bundeswehr/organisation/landeskommando-berlin
Landeskommando Brandenburg;Kaiser-Friedrich-Straße 49-61;14469;Potsdam;+49 331 5861 490;;LKdoBBPoststelle@bundeswehr.org;https://www.bundeswehr.de/de/organisation/weitere-bmvg-dienststellen/territoriales-fuehrungskommando-der-bundeswehr/organisation/landeskommando-brandenburg
Landeskommando Bremen;Niedersachsendamm 67/68;28201;Bremen;+49 421 87190 373;+49 421 87190 379;LkdoHBPressestelle@bundeswehr.org;https://www.bundeswehr.de/de/organisation/weitere-bmvg-dienststellen/territoriales-fuehrungskommando-der-bundeswehr/organisation/landeskommando-bremen
Landeskommando Hamburg;Osdorfer Landstraße 365;22589;Hamburg;+49 40 86648 4310;+49 40 86648 4313;LKdoHHInfoarbeit@bundeswehr.org;https://www.bundeswehr.de/de/organisation/weitere-bmvg-dienststellen/territoriales-fuehrungskommando-der-bundeswehr/organisation/landeskommando-hamburg
Landeskommando Hessen;Moltkering 9;65189;Wiesbaden;+49 611 799 0;+49 611 799 8093;LKdoHEEingangpost@bundeswehr.org;https://www.bundeswehr.de/de/organisation/weitere-bmvg-dienststellen/territoriales-fuehrungskommando-der-bundeswehr/organisation/landeskommando-hessen
Landeskommando Mecklenburg-Vorpommern;Walther-Rathenau-Straße 2;19055;Schwerin;+49 385 511 3110;+49 385 511 3104;LKdomvZentralerPosteingang@bundeswehr.org;https://www.bundeswehr.de/de/organisation/weitere-bmvg-dienststellen/territoriales-fuehrungskommando-der-bundeswehr/organisation/landeskommando-mecklenburg-vorpommern
Landeskommando Niedersachsen;Hans-Böckler-Allee 18;30173;Hannover;+49 511 284 1905;+49 511 284 1909;LKdoNIZentralerPosteingang@bundeswehr.org;https://www.bundeswehr.de/de/organisation/weitere-bmvg-dienststellen/territoriales-fuehrungskommando-der-bundeswehr/organisation/landeskommando-niedersachsen
Landeskommando Nordrhein-Westfalen;Wilhelm-Raabe-Straße 46;40470;Düsseldorf;+49 211 959 3521;+49 211 959 103521;PressestelleLandeskomandoNW@bundeswehr.org;https://www.bundeswehr.de/de/organisation/weitere-bmvg-dienststellen/territoriales-fuehrungskommando-der-bundeswehr/organisation/landeskommando-nordrhein-westfalen
Landeskommando Rheinland-Pfalz;Generaloberst-Beck-Straße 1F;55129;Mainz;+49 6131 27750-3020;;LKdoRPPressestelle@Bundeswehr.org;https://www.bundeswehr.de/de/organisation/weitere-bmvg-dienststellen/territoriales-fuehrungskommando-der-bundeswehr/organisation/landeskommando-rheinland-pfalz
Landeskommando Saarland;Wallenfanger Straße 31;66740;Saarlouis;+49 6831 1271 2605;+49 6831 1271 2655;LKdoSLPosteingang@bundeswehr.org;https://www.bundeswehr.de/de/organisation/weitere-bmvg-dienststellen/territoriales-fuehrungskommando-der-bundeswehr/organisation/landeskommando-saarland
Landeskommando Sachsen;Marienallee 14;01099;Dresden;+49 351 823 4237;+49 351 823 4263;LKdoSNZentralerPosteingang@bundeswehr.org;https://www.bundeswehr.de/de/organisation/weitere-bmvg-dienststellen/territoriales-fuehrungskommando-der-bundeswehr/organisation/landeskommando-sachsen
Landeskommando Sachsen-Anhalt;Am Buckauer Tor 2;39104;Magdeburg;+49 391 662462 380;+49 391 662462 389;pressestellelkdost@bundeswehr.org;https://www.bundeswehr.de/de/organisation/weitere-bmvg-dienststellen/territoriales-fuehrungskommando-der-bundeswehr/organisation/landeskommando-sachsen-anhalt
Landeskommando Schleswig-Holstein;Feldstraße 236-238;24106;Kiel;+49 431 384 1011;+49 431 384 1019;PressestelleLKdoSH@bundeswehr.org;https://www.bundeswehr.de/de/organisation/weitere-bmvg-dienststellen/territoriales-fuehrungskommando-der-bundeswehr/organisation/landeskommando-schleswig-holstein
Landeskommando Thüringen;Nissaer Weg 10;99099;Erfurt;+49 361 432 1800;+49 361 432 19 1709;LKdoTHPressestelle@bundeswehr.org;https://www.bundeswehr.de/de/organisation/operatives-fuehrungskommando-der-bundeswehr/landeskommando/thueringen
Leibniz Institut Hessische Stiftung Friedens-und Konfliktforschung;Baseler Straße 27-31;60329;Frankfurt am Main;+49 69 959104-0;+49 69 558481;info@hsfk.de;https://www.hsfk.de
Leibniz-Forschungsinstitut für Molekulare Pharmakologie im Forschungsverbund Berlin e. V.;Robert-Rössle-Straße 10;13125;Berlin;+49 30 94793-100;+49 30 94739-109;info@fmp-berlin.de;https://www.leibniz-fmp.de/de/home.html
Leibniz-Gemeinschaft - Wissenschaftsgemeinschaft Gottfried Wilhelm Leibniz e. V.;Chausseestraße 111;10115;Berlin;+49 30 206049-0;+49 30 206049-55;info@leibniz-gemeinschaft.de;https://www.leibniz-gemeinschaft.de/
Leibniz-Informationszentrum Lebenswissenschaften;Gleueler Straße 60;50931;Köln;+49 221 478-5600;+49 221 478-7102;info@zbmed.de;https://www.zbmed.de
Leibniz-Institut DSMZ - Deutsche Sammlung von Mikroorganismen und Zellkulturen GmbH;Inhoffenstraße 7 B;38124;Braunschweig;+49 531 2616-0;+49 531 2616-418;contact@dsmz.de;https://www.dsmz.de
Leibniz-Institut für Agrarentwicklung in Transformationsökonomien;Theodor-Lieser-Straße 2;06120;Halle;+49 345 2928-0;+49 345 2928-499;iamo@iamo.de;https://www.iamo.de
Leibniz-Institut für Agrartechnik und Bioökonomie e. V.;Max-Eyth-Allee 100;14469;Potsdam;+49 331 5699-0;+49 331 5699-849;atb@atb-potsdam.de;https://www.atb-potsdam.de/de/
Leibniz-Institut für Alternsforschung - Fritz-Lipmann-Institut e. V.;Beutenbergstraße 11;07745;Jena;+49 3641 65-6000;+49 3641 65-6351;info@leibniz-fli.de;https://www.leibniz-fli.de/de/
Leibniz-Institut für Analytische Wissenschaften - ISAS - e. V.;Bunsen-Kirchhoff-Straße 11;44139;Dortmund;+49 231 1392-0;+49 231 1392-120;infomaster@isas-dortmund.de;https://www.isas.de
Leibniz-Institut für Arbeitsforschung an der TU Dortmund;Ardeystraße 67;44139;Dortmund;+49 231 1084-0;+49 231 1084-308;info@ifado.de;https://www.ifado.de
Leibniz-Institut für Astrophysik Potsdam;An der Sternwarte 16;14482;Potsdam;+49 331 7499-0;+49 331 7499-200;info@aip.de;https://www.aip.de
Leibniz-Institut für Atmosphärenphysik an der Universität Rostock;Schlossstraße 6;18225;Kühlungsborn;+49 38293 68-0;+49 38293 68-50;webadmin@iap-kborn.de;https://www.iap-kborn.de
Leibniz-Institut für Bildungsforschung und Bildungsinformation;Rostocker Straße 6;60323;Frankfurt am Main;+49 69 24708-0;+49 69 24708-444;dipf@dipf.de;https://www.dipf.de
Leibniz-Institut für Bildungsmedien | Georg-Eckert-Institut;Freisestraße 1;38118;Braunschweig;+49 531 590 99 0;+49 531 590 99 199;info@leibniz-gei.de;https://www.gei.de/
Leibniz-Institut für Bildungsverläufe e. V.;Wilhelmplatz 3;96047;Bamberg;+49 951 863-3400;+49 951 863-3411;kontakt@lifbi.de;https://www.lifbi.de
Leibniz-Institut für Deutsche Sprache;R 5 6 - 13;68161;Mannheim;+49 621 1581-0;+49 621 1581-200;trabold@ids-mannheim.de;https://www1.ids-mannheim.de/
Leibniz-Institut für die Pädagogik der Naturwissenschaften und Mathematik an der Universität Kiel;Olshausenstraße 62;24118;Kiel;+49 431 880-5084;+49 431 880-5212;info@leibniz-ipn.de;https://www.ipn.uni-kiel.de
Leibniz-Institut für Europäische Geschichte;Alte Universitätsstraße 19;55116;Mainz;+49 6131 39-39340;+49 6131 39-35326;info@ieg-mainz.de;https://www.ieg-mainz.de
Leibniz-Institut für Festkörper- und Werkstoffforschung Dresden;Helmholtzstraße 20;01069;Dresden;+49 351 4659-0;+49 351 4659-540;postmaster@ifw-dresden.de;https://www.ifw-dresden.de
Leibniz-Institut für Gemüse- und Zierpflanzenbau Großbeeren/Erfurt e. V.;Theodor-Echtermeyer-Weg 1;14979;Großbeeren;+49 33701 78131;+49 33701 55391;igzev@igzev.de;https://www.igzev.de
Leibniz-Institut für Gewässerökologie und Binnenfischerei im Forschungsverbund Berlin;Müggelseedamm 310;12587;Berlin;+49 30 64181-5;+49 30 64181-600;pr@igb-berlin.de;https://www.igb-berlin.de
Leibniz-Institut für Interaktive Materialien e. V.;Forckenbeckstraße 50;52074;Aachen;+49 241 80-233-00;;contact@dwi.rwth-aachen.de;https://www.dwi.rwth-aachen.de
Leibniz-Institut für Katalyse e. V.;Albert-Einstein-Straße 29a;18059;Rostock;+49 381 1281-0;+49 381 1281-5000;info@catalysis.de;https://www.catalysis.de
Leibniz-Institut für Kristallzüchtung (IKZ) im Forschungsverbund Berlin e. V.;Max-Born-Straße 2;12489;Berlin;+49 30 6392-3001;+49 30 6392-3003;cryst@ikz-berlin.de;https://www.ikz-berlin.de
Leibniz-Institut für Länderkunde e. V.;Schongauerstraße 9;04328;Leipzig;+49 341 600 55-0;+49 341600 55-198;info@leibniz-ifl.de;https://www.leibniz-ifl.de
Leibniz-Institut für Lebensmittel-Systembiologie an der Technischen Universität München;Lise-Meitner-Straße 34;85354;Freising;+49 81 6171-2980;+49 8161 71-2970;contact.leibniz-lzb@tum.de;https://www.leibniz-lsb.de
Leibniz-Institut für Naturstoff-Forschung und Infektionsbiologie - Hans-Knöll-Institut e. V.;Beutenbergstraße 11a;07745;Jena;+49 3641 532-1000;+49 3641 532-0800;info@leibniz-hki.de;https://www.leibniz-hki.de
Leibniz-Institut für Neue Materialien gGmbH;Campus D2 2;66123;Saarbrücken;+49 681 9300-0;+49 681 9300-223;contact@leibniz-inm.de;https://www.inm-gmbh.de
Leibniz-Institut für Neurobiologie Magdeburg;Brenneckestraße 6;39118;Magdeburg;+49 391 6263--92411;+49 391 6263-92419;wo@lin-magdeburg.de;https://www.lin-magdeburg.de
Leibniz-Institut für Oberflächenmodifizierung e.V.;Permoserstraße 15;04318;Leipzig;+49 341 235-2308;+49 341 235-2313;info@iom-leipzig.de;https://www.iom-leipzig.de
Leibniz-Institut für ökologische Raumentwicklung e.V.;Weberplatz 1;01217;Dresden;+49 351 4679-0;+49 351 4679-212;info@ioer.de;https://www.ioer.de
Leibniz-Institut für Ostseeforschung Warnemünde;Seestraße 15;18119;Rostock;+49 381 5197-0;+49 381 5197-440;postmaster@io-warnemuende.de;https://www.io-warnemuende.de/de_index.html
Leibniz-Institut für Pflanzenbiochemie;Weinberg 3;06120;Halle;+49 345 5582-0;+49 345 5582-1009;info@ipb-halle.de;https://www.ipb-halle.de/
Leibniz-Institut für Pflanzengenetik und Kulturpflanzenforschung;Corrensstraße 3;06466;Gatersleben;+49 39482 5-0;+49 39482 5-139;info@ipk-gatersleben.de;https://www.ipk-gatersleben.de
Leibniz-Institut für Photonische Technologien e. V.;Albert-Einstein-Straße 9;07745;Jena;+49 3641 206 00;;info@leibniz-ipht.de;https://www.ipht-jena.de
Leibniz-Institut für Plasmaforschung und Technologie e. V.;Felix-Hausdorff-Straße 2;17489;Greifswald;+49 3834 554-300;+49 3834 554-301;welcome@inp-greifswald.de;https://www.inp-greifswald.de
Leibniz-Institut für Polymerforschung Dresden e. V.;Hohe Straße 6;01069;Dresden;+49 351-4658-0;+49 351-4658-284;ipf@ipfdd.de;https://www.ipfdd.de/de/home/
Leibniz-Institut für Präventionsforschung und Epidemiologie BIPS GmbH;Achterstraße 30;28359;Bremen;+49 421 218-567 50;+49 421 218-569 41;kontakt@leibniz-bips.de;https://www.bips-institut.de
Leibniz-Institut für Psychologie;Universitätsring 15;54296;Trier;+49 651 603419-011;;info@leibniz-psychology.org;https://leibniz-psychology.org/
Leibniz-Institut für Raumbezogene Sozialforschung;Flakenstraße 29-31;15537;Erkner;+49 3362 793-0;+49 3362 793-111;kontakt@leibniz-irs.de;https://www.irs-net.de
Leibniz-Institut für Troposphärenforschung e. V.;Permoserstraße 15;04318;Leipzig;+49 341 2717-7060;+49 341 2717 99 7060;info@tropos.de;https://www.tropos.de
Leibniz-Institut für Virologie;Martinistraße 52;20251;Hamburg;+49 40 48051-0;+49 40 48051-103;liv@leibniz-liv.de;https://www.leibniz-gemeinschaft.de/institute/leibniz-institute-alle-listen/leibniz-institut-fuer-virologie
Leibniz-Institut für Wirtschaftsforschung Halle;Kleine Märkerstraße 8;06108;Halle (Saale);+49 345 7753-60;+49 345 7753-820;presse@iwh-halle.de;https://www.iwh-halle.de
Leibniz-Institut für Wissensmedien;Schleichstraße 6;72076;Tübingen;+49 7071 979-0;+49 7071 979-100;info@iwm-tuebingen.de;https://www.iwm-tuebingen.de
Leibniz-Institut für Zoo- und Wildtierforschung;Alfred-Koawalke-Straße 17;10315;Berlin;+49 30 5168-0;+49 30 5126 104;direktor@izw-berlin.de;https://www.izw-berlin.de
Leibniz-Institut zur Analyse des Biodiversitätswandels;Adenauerallee 160;53113;Bonn;+49 228 9122-0;+49 228 9122-212;info@leibniz-lib.de;https://leibniz-lib.de/impressum/
Leibniz-Zentrum für Agrarlandschaftsforschung e. V.;Eberswalder Straße 84;15374;Müncheberg;+49 33432 82-0;+49 33432 82-212;zalf@zalf.de;https://www.zalf.de
Leibniz-Zentrum für Marine Tropenökologie;Fahrenheitstraße 6;28359;Bremen;+49 421 23800-0;+49 421 23800-30;contact@leibniz-zmt.de;https://www.leibniz-zmt.de
Logistikkommando der Bundeswehr;Zeppelinstraße 18;99096;Erfurt;+49 361 342 69210;+49 361 342 69219;PressestelleLogKdoBw@bundeswehr.org;https://www.bundeswehr.de/de/organisation/unterstuetzungsbereich
Logistikschule der Bundeswehr;Bremerhavener Heerstraße 10;27711;Osterholz-Scharmbeck;+49 4795 94 10100;+49 4795 94 10108;logsbws1@bundeswehr.org;https://www.bundeswehr.de/de/organisation/streitkraeftebasis/organisation/logistikkommando-der-bundeswehr/logistikschule-der-bundeswehr
Logistikzentrum der Bundeswehr;Anton-Dohrn-Weg 59;26389;Wilhelmshaven;+49 4421 47-455;;LogZBwAllgemein@bundeswehr.org;https://www.bundeswehr.de/de/organisation/streitkraeftebasis/organisation/logistikkommando-der-bundeswehr/logistikzentrum-der-bundeswehr
Luftfahrt-Bundesamt;Hermann-Blenk-Straße 26;38108;Braunschweig;+49 531 2355-0;+49 531 2355-9099;info@lba.de;https://www.lba.de
Luftfahrtamt der Bundeswehr;Flughafenstraße 1;51147;Köln-Wahn;;;LufABwLeitungsbuero@bundeswehr.org;https://www.bundeswehr.de/de/organisation/luftwaffe/organisation-/das-luftfahrtamt-der-bundeswehr
Luftwaffentruppenkommando;Flughafenstraße 1;51147;Köln;+49 2203 908-4082;;LwTrKdoLdI@bundeswehr.org;https://www.bundeswehr.de/de/organisation/luftwaffe/organisation-/luftwaffentruppenkommando
Luftwaffenunterstützungsgruppe Wahn;Flughafenstraße 1;51147;Köln;+49 2203 908-3134;;PIZLwCallCenter@bundeswehr.org;https://www.bundeswehr.de/de/luftwaffenunterstuetzungsgruppe-wahn-5337932
Marinearsenal;Kasinostraße Tor 7 ;26382;Wilhelmshaven;+49 4421 49-0;+49 4421 49-2037;mars-posteingang@bundeswehr.org;https://www.bundeswehr.de/de/organisation/marine
Marinekommando;Kopernikusstraße 1;18057;Rostock;+49 381 802-50;+49 381 802-3297;;https://www.bundeswehr.de/de/organisation/marine
Marineoperationsschule;Elbestraße 101;27570;Bremerhaven;;;marine@bundeswehr.org;https://www.bundeswehr.de/de/organisation/marine
Marineschule Mürwik;Kelmstraße 14;24944;Flensburg;;;marine@bundeswehr.org;https://www.bundeswehr.de/de/organisation/marine
Marinetechnikschule;Papellallee 24;18445;Kramerhof;;;marine@bundeswehr.org;https://www.bundeswehr.de/de/organisation/marine
Mathematisches Forschungsinstitut Oberwolfach gGmbH;Schwarzwaldstraße 9-11;77709;Oberwolfach-Walke;+49 7834 979-0;+49 7834 979-38;admin@mfo.de;https://www.mfo.de
Max Rubner-Institut, Bundesforschungsinstitut für Ernährung und Lebensmittel;Haid-und-Neu-Straße 9;76131;Karlsruhe;+49 721 6625-0;+49 721 6625-111;kontakt@mri.bund.de;https://www.mri.bund.de
Max Weber Stiftung - Deutsche Geisteswissenschaftliche Institute im Ausland;Rheinallee 6;53173;Bonn;+49 228 37786-0;+49 228 37786-19;info@maxweberstiftung.de;https://www.maxweberstiftung.de
Max-Born-Institut für Nichtlineare Optik und Kurzzeitspektroskopie im Forschungsverbund Berlin e. V.;Max-Born-Straße 2a;12489;Berlin;+49 30 6392-1505;+49 30 6392 1509;mbi@mbi-berlin.de;https://www.mbi-berlin.de
Max-Delbrück-Centrum für Molekulare Medizin in der Helmholtz-Gemeinschaft;Robert-Rössle-Straße 10;13125;Berlin;+49 30 9406-0;+49 30 949-4161;;https://www.mdc-berlin.de
Max-Planck-Gesellschaft zur Förderung der Wissenschaften e. V.;Hofgartenstraße 8;80539;München;+49 89 2108-0;+49 89 2108-1111;presse@gv.mpg.de;https://www.mpg.de
Max-Planck-Institut für Kohlenforschung;Kaiser-Wilhelm-Platz 1;45470;Mülheim an der Ruhr;+49 208 306-1;+49 208 306-2980;contact@mpi-muelheim.mpg.de;https://www.kofo.mpg.de/
Max-Planck-Institut für Nachhaltige Materialien GmbH;Max-Planck-Straße 1;40237;Düsseldorf;+49 211 6792-0;;mpi@mpie.de;https://www.mpie.de
Max-Planck-Institut für Neurobiologie des Verhaltens - caesar;Ludwig-Erhard-Allee 2;53175;Bonn;+49 228 9656-0;+49 228 9656-111;office@mpinb.mpg.de;https://www.mpinb.mpg.de/de/
Max-Planck-Institut für Plasmaphysik;Boltzmannstraße 2;85748;Garching;+49 89 3299-01;;info@ipp.mpg.de;https://www.ipp.mpg.de/
Militärrabbinat;Johannisstraße 5-6;10117;Berlin;+49 30 585 9554 230;;mrbpersonal@bundeswehr.org;https://www.bundeswehr.de/de/betreuung-fuersorge/militaerseelsorge/juedische-militaerseelsorge
Monopolkommission;Kurt-Schumacher-Straße 8;53113;Bonn;+49 228 338882-30;+49 228 338882- 33;info@monopolkommission.bund.de;https://www.monopolkommission.de
Multinationales Kommando Operative Führung / Multinational Joint Headquarters Ulm;Stuttgarterstraße 199;89081;Ulm;+49 731 1690-3060;+49 731 1690-3065;mnjhqpao@bundeswehr.org;https://www.bundeswehr.de/de/organisation/streitkraeftebasis/organisation/multinationales-kommando-operative-fuehrung
Multinationales Korps Nordost;ul. Lukasinskiego 33;71-215;Stettin;+48 91 4445-900;+48 91 4445-909;contact@hqmncne.mil.pl;https://www.bundeswehr.de/de/organisation/heer/organisation/multinationales-korps-nordost
Museum Berlin-Karlshorst e.V.;Zwieseler Straße 4;10318;Berlin;+49 30501508-10;;kontakt@museum-karlshorst.de;https://www.museum-karlshorst.de/
Museum für Naturkunde - Leibniz-Institut für Evolutions- und Biodiversitätsforschung;Invalidenstraße 43;10115;Berlin;+49 30 889140-8591;+49 30 889140-8561;info@mfn.berlin;https://www.museumfuernaturkunde.berlin
Museumsstiftung Post und Telekommunikation;Schaumainkai 53;60596;Frankfurt am Main;+49 69 60 60 600;+49 69 60 60 666;stiftungsleitung@mspt.de;https://www.museumsstiftung.de/
Nationale Agentur beim Bundesinstitut für Berufsbildung;Robert-Schuman-Platz 3;53175;Bonn;+49 228 107-1608;+49 228 107-2964;na@bibb.de;https://www.na-bibb.de/
Nationale Anti-Doping Agentur;Heussallee 38;53113;Bonn;+49 228 81292-0;+49 228 81292-219;info@nada-bonn.de;https://www.nada.de/home
Nationaler Normenkontrollrat;Mohrenstraße 37;10117;Berlin;+49 3018 580-8245;+49 3018 580-1234;nkr@bmj.bund.de;https://www.normenkontrollrat.bund.de/Webs/NKR/DE/home/home_node.html
Offizierschule der Luftwaffe;Straße der Luftwaffe 352;82256;Fürstenfeldbruck;+49 81 41 5360 1110;+49 81 41 5360 2980;OSLwPresseundOeffentlichkeitsarbeit@bundeswehr.org;https://www.bundeswehr.de/de/organisation/luftwaffe/organisation-/luftwaffentruppenkommando/offizierschule-der-luftwaffe
Offizierschule des Heeres;Marienallee 14;01099;Dresden;+49 351 823 - 3031;+49 351 823 - 3653;osh@bundeswehr.org;https://www.bundeswehr.de/de/organisation/heer/organisation/ausbildungskommando/offizierschule-des-heeres
Operatives Führungskommando der Bundeswehr;Kurt-Schumacher-Damm 41;13405;Berlin;+49 30 4981 4555;;Ofkpresse@bundeswehr.org;https://www.bundeswehr.de/de/organisation/operatives-fuehrungskommando-der-bundeswehr
Ostpreußisches Landesmuseum;Heiligengeiststraße 38;21335;Lüneburg;+49 4131 75995-0;+49 4131 75995-11;info@ol-lg.de;https://www.ostpreussisches-landesmuseum.de
Otto-von-Bismarck-Stiftung;Am Bahnhof 2;21521;Friedrichsruh;+49 4104 9771-0;+49 4104 9771-14;info@bismarck-stiftung.de;https://www.bismarck-stiftung.de
Panzertruppenschule Munster;Am Park 331;29633;Munster;+49 5192 9826-4005;;pztrs@bundeswehr.org;https://www.bundeswehr.de/de/organisation/heer/organisation/ausbildungskommando/panzertruppenschule
Patentanwaltskammer;Tal 29;80331;München;+49 89 242278-0;+49 89 242278-24;dpak@patentanwalt.de;https://www.patentanwalt.de
Paul Ehrlich Institut Bundesinstitut für Impfstoffe und biomedizinische Arzneimittel;Paul-Ehrlich-Straße 51 - 59;63225;Langen;+49 6103 77-0;+49 6103 77-1234;pei@pei.de;https://www.pei.de/DE/home/home-node.html
Paul-Drude-Institut für Festkörperelektronik - Leibniz Institut im Forschungsverbund Berlin e.V.;Hausvogteiplatz 5-7;10117;Berlin;+49 30 20377-481;+49 30 20377-515;info@dpi-berlin.de;https://www.pdi-berlin.de/
PD - Berater der öffentlichen Hand GmbH;Friedrichstr. 149;10117;Berlin;+49 30 25 76 79-0;+49 30 25 76 79-199;info@pd-g.de;https://www.pd-g.de/home/
Pensionskasse Deutscher Eisenbahnen und Straßenbahnen VVaG;Volksgartenstraße 54a;50677;Köln;+49 221 931817-0;+49 221 324548;info@pensionskasse-eisenbahnen.de;https://www.pensionskasse-eisenbahnen.de/
Persönlicher Beauftragter des Bundeskanzlers für die G7 / G20-Gipfel;Willy-Brandt-Straße 1;10557;Berlin;+49 3018 400-2050;+49 3010 400-2050;Poststelle@bk.bund.de;https://www.bundesregierung.de/breg-de
Physikalisch-Technische Bundesanstalt;Bundesallee 100;38116;Braunschweig;+49 531 592-0;+49 531 592-9292;info@ptb.de;https://www.ptb.de
Pionierschule;Manchinger Straße 1;85053;Ingolstadt;+49 841-88660-2110;+49 841-88660-2119;PisPresse@Bundeswehr.org;https://www.bundeswehr.de/de/organisation/heer/organisation/ausbildungskommando/pionierschule
Planungsamt der Bundeswehr;Oberspreestraße 61 L;12439;Berlin;+49 30 6794-1913;+49 30 6794-29 1907;plgabwldi@bundeswehr.org;https://www.bundeswehr.de/de/organisation/weitere-bmvg-dienststellen/planungsamt-der-bundeswehr-
Pommersches Landesmuseum;Rakower Straße 9;17489;Greifswald;+49 3834 8312-0;+49 3834 831211;info@pommersches-landesmuseum.de;https://www.pommersches-landesmuseum.de/
Postbeamtenkrankenkasse;Nauheimer Str. 98;70372;Stuttgart;+49 711 346 529-96;+49 711 346 529-98;service@pbeakk.de;https://www.pbeakk.de
Potsdam-Institut für Klimafolgenforschung e. V.;Telegrafenberg A 31;14473;Potsdam;+49 331 288-2500;+49 331 288-2600;impressum@pik-potsdam.de;https://www.pik-potsdam.de/de
Presse- und Informationsamt der Bundesregierung;Dorotheenstraße 84;10117;Berlin;+49 30 1 82 72-0;+49 30 1 82 72-25 55;internetpost@bundesregierung.de;https://www.bundesregierung.de/breg-de/bundesregierung/bundeskanzleramt/bundespresseamt
Presse- und Informationszentrum des Sanitätsdienstes;Von-Kuhl-Straße 50;56070;Koblenz;+49 261 896 13103;+49 261 896 13199;pizsanitaetsdienst@bundeswehr.org;
pro familia Deutsche Gesellschaft für Familienplanung, Sexualpädagogik und Sexualberatung e. V.;Mainzer Landstraße 250 - 254;60326;Frankfurt am Main;+49 69 2695 779-0;+49 69 2695 779-30;info@profamilia.de;https://www.profamilia.de/
Projektträger Jülich;Wilhelm-Johnen-Straße ;52428;Jülich;+49 2461 61-2626;+49 2461 61-5837;ptj@fz-juelich.de;https://www.ptj.de/
Rechtsanwaltskammer beim Bundesgerichtshof;Herrenstraße 45 a;76133;Karlsruhe;+49 721 22656;+49 721 2031403;kontakt@rak-bgh.de;
Robert Koch-Institut;Nordufer 20;13353;Berlin;+49 3018 754-0;+49 3018 754-2328;webmaster@rki.de;https://www.rki.de
Römisch-Germanisches Zentralmuseum - Leibniz-Forschungsinstitut für Archäologie;Neutorstraße 2;55116;Mainz;+49 6131 8885-0;;info@rgzm.de;https://web.rgzm.de
Rosa-Luxemburg-Stiftung - Gesellschaftsanalyse und Politische Bildung e. V.;Straße der Pariser Kommune 8A;10243;Berlin;+49 30 44310-0;+49 30 44310-222;info@rosalux.org;https://www.rosalux.de
RWI - Leibniz-Institut für Wirtschaftsforschung;Hohenzollernstraße 1-3;45128;Essen;+49 201 8149-0;+49 201 8149-200;rwi@rwi-essen.de;https://www.rwi-essen.de/
Sachverständigenrat für Umweltfragen;Luisenstraße 46;10117;Berlin;+49 30 263696-0;+49 30 263696-109;info@umweltrat.de;https://www.umweltrat.de/DE/Home/home_node.html
Sachverständigenrat zur Begutachtung der gesamtwirtschaftlichen Entwicklung;c/o Statistisches Bundesamt Stresemann-Ring 11;65189;Wiesbaden;+49 611 75-2390;+49 611 75-2538;info@svr-wirtschaft.de;https://www.sachverstaendigenrat-wirtschaft.de/index.html
Sanitätsakademie der Bundeswehr;Neuherbergstraße 11;80937;München;+49 89 992692-4710;+49 89 992692-4039;sanakbw@bundeswehr.org;https://www.bundeswehr.de/de/organisation/sanitaetsdienst/kommando-und-organisation-sanitaetsdienst/sanitaetsakademie-der-bundeswehr
Sanitätslehrregiment;Mitterharthausen 55;94351;Feldkirchen;+49 9420 754-1002;+49 9420 754 1037;SanLehrRgt@Bundeswehr.org;
Sanitätsregiment 1;Zeitzer Straße 112;06667;Weißenfels;+49 3443 33 1009;+49 3443 33 1038;SanRgt1@bundeswehr.org;https://www.bundeswehr.de/de/organisation/sanitaetsdienst/kommando-und-organisation-sanitaetsdienst/kommando-sanitaetsdienstliche-einsatzunterstuetzung/sanitaetsregiment-1
Sanitätsregiment 2;Am Alsberg 2;56477;Rennerod;+49 2664 503 408;+49 2664 503 401;SanRgt2Posteingang@bundeswehr.org;https://www.bundeswehr.de/de/organisation/sanitaetsdienst/kommando-und-organisation-sanitaetsdienst/kommando-sanitaetsdienstliche-einsatzunterstuetzung/-sanitaetsregiment-2-westerwald-
Sanitätsregiment 3;Auf dem Lerchenfeld 1;89160;Dornstadt;+49 7348 980 7010;+49 7348 980 7039;SanRgt3@bundeswehr.org;https://www.bundeswehr.de/de/organisation/sanitaetsdienst/kommando-und-organisation-sanitaetsdienst/kommando-sanitaetsdienstliche-einsatzunterstuetzung/sanitaetsregiment-3
Schifffahrtsmedizinisches Institut der Marine;Kopperpahler Allee 120;24119;Kronshagen;+49 431 5409-0;+49 431 5409-1778;marine@bundeswehr.org;https://www.bundeswehr.de/de/organisation/marine/organisation/schifffahrtmedizinisches-institut
Schlesisches Museum zu Görlitz;Brüderstraße  8;02826;Görlitz;+49 3581 8791-0;+49 3581 8791-200;kontakt@schlesisches-museum.de;https://www.schlesisches-museum.de/
Schloss Dagstuhl - Leibniz-Zentrum für Informatik GmbH;Oktavie-Allee ;66687;Wadern;+49 6871 905-0;+49 6871 905-133;service@dagstuhl.de;https://www.dagstuhl.de
Schule ABC-Abwehr und Gesetzliche Schutzaufgaben;Eichelberg 1;76646;Bruchsal;+49 7251 938 2132;;abcabwkdoabtfuej1@bundeswehr.org;https://www.bundeswehr.de/de/organisation/streitkraeftebasis/organisation/abc-abwehrkommando-der-bundeswehr
Schule für Diensthundewesen der Bundeswehr - Gräfin-von-Maltzan-Kaserne -;Hochstraße ;56766;Ulmen;+49 2676 95203 5111;+49 2676 95203 5119;SDstHundeBwabtfuepers@Bundeswehr.org;https://www.bundeswehr.de/de/organisation/streitkraeftebasis/organisation/streitkraefteamt/schule-fuer-diensthundewesen-der-bundeswehr
Schule für Feldjäger und Stabsdienst der Bundeswehr;Kugelfangtrift 1;30179;Hannover;+49 511 6783 0;+49 511 6783 6015;SFJg-StDstBwZentralerPosteingang@bundeswehr.org;https://www.bundeswehr.de/de/organisation/streitkraeftebasis/organisation/kommando-feldjaeger-der-bundeswehr/schule-fuer-feldjaeger-und-stabsdienst-der-bundeswehr
Schule für strategische Aufklärung der Bundeswehr;Mürwiker Straße 203;24944;Flensburg;+49 461 3135-0;+49 4613135-3075;schstrataufklbwpressearbeit@bundeswehr.org;https://www.bundeswehr.de/de/schule-fuer-strategische-aufklaerung-der-bundeswehr-5338244
Schule Informationstechnik der Bundeswehr;Maxhofstraße 1;82343;Pöcking;+49 8157 273 6842;;ITSBwPressearbeit@bundeswehr.org;https://www.bundeswehr.de/de/organisation/cyber-und-informationsraum/kommando-und-organisation-cir/kommando-informationstechnik-der-bundeswehr/schule-informationstechnik-der-bundeswehr
Schutzgemeinschaft Deutscher Wald - Bundesverband e. V.;Dechenstraße 8;53115;Bonn;+49 228 945983-0;+49 228 945983-3;info@sdw.de;https://www.sdw.de
Sekreatariat des Bundesrates;Leipziger Straße 3 - 4;11055;Berlin;+49 30 189100-0;;;https://www.bundesrat.de/DE/bundesrat/sekretariat/sekretariat-node.html
Senatsverwaltung für Wissenschaft, Gesundheit und Pflege;Oranienstraße 106;10969;Berlin;+49 30 9028-0;+49 30 9028-3102;post@senwgp.berlin.de;https://www.berlin.de/sen/wgp/ueber-uns/
Senckenberg Gesellschaft für Naturforschung;Senckenberganlage 25;60325;Frankfurt;+49 69 7542-0;+49 69 7542 1437;info@senckenberg.de;https://www.senckenberg.de
Senckenberg Museum für Naturkunde Görlitz;Am Museum 1;02826;Görlitz;+49 3581 4760-5220;+49 4760-5101;post-gr@senckenberg.de;https://museumgoerlitz.senckenberg.de/de/
Senckenberg Naturhistorische Sammlungen Dresden;Senckenberganlage 25;60325;Frankfurt am Main;+49 69 7542-0;+49 69 7542-1437;info@senckenberg.de;https://www.senckenberg.de/de/institute/senckenberg-naturhistorische-sammlungen-dresden/
Sonderbeauftragte der Bundesregierung für die Umsetzung der internationalen Initiative für mehr Transparenz im rohstoffgewinnenden Sektor (Extractive Industries Transparency Initiative - EITI) in Deutschland (D-EITI);Scharnhorststraße 34 - 37;10115;Berlin;+49 30 18615-0;;poststelle@bmwe.bund.de;https://www.bmwk.de/Redaktion/DE/Dossier/Visitenkarten/visitenkarte-brantner.html
Sonderbeauftragter der Bundesregierung für die Neustrukturierung der Verwaltung und Dezentralisierung in der Ukraine;Stresemannstraße 94;10963;Berlin;+49 30 18 535-0;+49 30 18535-2501;poststelle@bmz.bund.de;https://www.bmz.de/de/aktuelles/aktuelle-meldungen/ukraine-milbradt-sonderbeauftragter-verwaltungsmodernisierung-112880
Sondergesandter der Bundesregierung für die Länder des westlichen Balkans;Werderscher Markt 1;10117;Berlin;+49 30 1817 - 2655;+49 30 1817 - 52655;sg-web@zentrale.auswaertiges-amt.de;https://www.auswaertiges-amt.de/de/aamt/koordinatoren/-/2514372
Sozialversicherung für Landwirtschaft, Forsten und Gartenbau;Weißensteinstraße 70 - 72;34131;Kassel;+49 561 785-0;;;https://www.svlfg.de/
Sportschule der Bundeswehr;Dr. - Rau Allee 32;48231;Warendorf;+49 2581 9411 4301;+49 2581 9411 1111;SportSBwRedaktion@bundeswehr.org;https://www.bundeswehr.de/de/organisation/streitkraeftebasis/organisation/streitkraefteamt/sportschule-der-bundeswehr
Staatsministerin für Sport und Ehrenamt im Bundeskanzleramt;Willy-Brandt-Straße 1;10557;Berlin;+49 30 18 400-0;;poststelle@bk.bund.de;https://www.bundesregierung.de/breg-de/bundesregierung/bundeskanzleramt/startseite-staatsministerin-fuer-sport-und-ehrenamt  
Statistisches Bundesamt;Gustav-Stresemann-Ring 11;65189;Wiesbaden;+49 611 75-0;+49 611 75-4000;post@destatis.de;https://www.destatis.de/DE/Home/_inhalt.html
Stiftung Bayerische Gedenkstätten (KZ-Gedenkstätten Dachau und Flossenbürg);Praterinsel 2;80538;München;+49 89 21586-7580;;info@stbg.bayern.de;https://www.stiftung-bayerische-gedenkstaetten.de
Stiftung Brandenburgische Gedenkstätten;Heinrich-Grüber-Platz 3;16515;Oranienburg;+49 3301 8109-12;+49 3301 8109-28;vorzimmer@stiftung-bg.de;https://www.stiftung-bg.de/
Stiftung Bundeskanzler-Adenauer-Haus;Konrad-Adenauer-Straße 8 c;53604;Bad Honnef;+49 2224 921-0;+49 2224 921-111;info@adenauerhaus.de;https://www.adenauerhaus.de/
Stiftung Bundespräsident-Theodor-Heuss-Haus;Breitscheidstraße 48;70176;Stuttgart;+49 711 955985-0;+49 711 955985-30;info@stiftung-heuss-haus.de;https://www.theodor-heuss-haus.de/
Stiftung Denkmal für die ermordeten Juden Europas;Georgenstraße 23;10117;Berlin;+49 30 263943-0;+49 30 263943-20;info@stiftung-denkmal.de;https://www.stiftung-denkmal.de/
Stiftung Deutsches Historisches Museum;Unter den Linden 2;10117;Berlin;+49 30 20304-0;+49 30 20304-543;info@dhm.de;https://www.dhm.de/
Stiftung Deutsches Zentrum Kulturgutverluste;Humboldtstraße 12;39112;Magdeburg;+49 391 727763-0;+49 391 727763-6;kontakt@kulturgutverluste.de;https://www.kulturgutverluste.de/Webs/DE/Start/Index.html
Stiftung Erinnerung, Verantwortung und Zukunft;Friedrichstraße 200;10117;Berlin;+49 30 259297-0;+49 30 259297-11;info@stiftung-evz.de;https://www.stiftung-evz.de
Stiftung Flucht, Vertreibung, Versöhnung;Stresemannstraße 90;10557;Berlin;+49 30 206 2998-0;;info@f-v-v.de;https://www.flucht-vertreibung-versoehnung.de/
Stiftung für ehemalige politisch Verfolgte;Menuhinstraße 6;53113;Bonn;+49 228 368937-0;+49 228 36893-99;info@stiftung-hhg.de;https://www.stiftung-hhg.de
Stiftung Gedenkstätten Buchenwald und Mittelbau-Dora;N.N. ;99427;Weimar;+49 3643 430157;+49 3643 430100;presse@buchenwald.de;https://www.buchenwald.de/nc/896/
Stiftung Geld und Währung;Barkhovenallee 1;45239;Essen;+49 201 8401-151;+49 201 8401-255;kontakt@stiftung-geld-und-waehrung.de;https://www.stiftung-geld-und-waehrung.de/stiftung-de
Stiftung Hambacher Schloss;Hambacher Schloss 1832;67434;Neustadt an der Weinstraße;+49 6321 92629-0;;info@hambacher-schloss.de;https://hambacher-schloss.de/
Stiftung Haus der Geschichte der Bundesrepublik Deutschland;Willy-Brandt-Allee 14;53113;Bonn;+49 228 9165-0;+49 228 9165-302;post@hdg.de;https://www.hdg.de/
Stiftung Jüdisches Museum Berlin;Lindenstraße 9 - 14;10969;Berlin;+49 30 25993-300;+49 25993-409;info@jmberlin.de;https://www.jmberlin.de/
Stiftung Kunstforum Ostdeutsche Galerie;Dr.-Johann-Maier-Straße 5;93049;Regensburg;+49 941 29714-0;+49 94129714-33;info@kog-regensburg.de;https://www.kunstforum.net/
Stiftung Martin-Opitz-Bibliothek;Berliner Platz 5;44623;Herne;+49 2323 16-2805;+49 2323 16-2609;information.mob@herne.de;https://www.martin-opitz-bibliothek.de/de
Stiftung niedersächsische Gedenkstätten;Im Güldenen Winkel 8;29223;Celle;+49 5141 933550;+49 5141 93355-33;info@stiftung-ng.de;https://www.stiftung-ng.de/
Stiftung Preußischer Kulturbesitz;Von-der-Heydt-Straße 16 - 18;10785;Berlin;+49 30 26641-2889;+49 30 26641-2821;info@hv.spk-berlin.de;https://www.preussischer-kulturbesitz.de/
Stiftung Reichspräsident-Friedrich-Ebert-Gedenkstätte;Untere Straße 27;69117;Heidelberg;+49 6221 9107-0;+49 6221 9107-10;friedrich@ebert-gedenkstaette.de;https://ebert-gedenkstaette.de/
Stiftung Sächsische Gedenkstätten zur Erinnerung an die Opfer politischer Gewaltherrschaft;Dülferstrasse 1;01069;Dresden;+49 351 46955 40;+49 351 46955-41;info@stsg.de;https://www.stsg.de/cms/index.php
Stiftung Topograhie des Terrors;Niederkirchnerstraße 8;10963;Berlin;+49 302545090;+49 2323 16-2609;info@topographie.de;https://www.topographie.de/
Stiftung Wissenschaft und Politik;Ludwigkirchplatz 3 - 4;10719;Berlin;+49 30 88007-0;+49 30 88007-100;swp@swp-berlin.org;https://www.swp-berlin.org/
Stiftung Zentrale Stelle Verpackungsregister;Öwer de Hase 18;49074;Osnabrück;+49 541 201971 -10;+49 541 201971 - 9810;info@verpackungsregister.org;https://www.verpackungsregister.org/
Streitkräfteamt;Pascalstraße 10s;53123;Bonn;+49 228 5504-6101;+49 228 5504-6109;SKAGrpPers@bundeswehr.org;https://www.bundeswehr.de/de/organisation/streitkraeftebasis/organisation/streitkraefteamt
StudierendenWerk Augsburg A.d.ö.R.;Bürgermeister-Ulrich-Straße 152;86179;Augsburg;+49 821 99965 200;+49 821 99965 901;info@stw-a.de;https://studierendenwerk-augsburg.de/kontakt/
studierendenWERK BERLIN A. d. ö. R.;Hardenbergstraße 34;10623;Berlin;+49 30 939 39-70;;info@stw.berlin;https://www.stw.berlin/
Suchdienst des Deutschen Roten Kreuzes;Carstennstraße 58;12205;Berlin;+49 30 85404-170;+49 30 85404?458;suchdienst@drk.de;https://www.drk-suchdienst.de
Techniker Krankenkasse;Bramfelder Straße 140;22305;Hamburg;+49 800 285 85 85;;impressum@tk.de;https://www.tk.de/techniker?tkcm=ab
Technische Informationsbibliothek;Welfengarten 1b;30167;Hannover;+49 511 762-2268;;information@tib.eu;https://www.tib.eu/de/
Technische Schule des Heeres;Trierer Straße 445;52060;Aachen;+49 241-561-52003;+49 241-561-52109;tsh@Bundeswehr.org;https://www.bundeswehr.de/de/organisation/heer/organisation/ausbildungskommando/technische-schule-des-heeres
Technisches Ausbildungszentrum der Luftwaffe;Horststraße ;29328;Faßberg;+49 5055 17 20115;;TAusbZLwPresse@bundeswehr.org;https://www.bundeswehr.de/de/organisation/luftwaffe/organisation-/luftwaffentruppenkommando/technisches-ausbildungszentrum-der-luftwaffe
THW- Bundesvereinigung e. V.;Friedrichstraße 130 b;10117;Berlin;+49 30 28876980;+49 30 2887698-19;bundesvereinigung@thw.de;https://thw-bv.de/
THW-Jugend e. V.;Provinzialstraße 93;53127;Bonn;+49 228 940-1327, -1610;+49 228 940-1330;bundesgeschaeftsstelle@thw-jugend.de;https://thw-jugend.de/
Tolstoi Hilfs- und Kulturwerk e. V.;Aldringenstraße 4;80639;München;+49 089 299775;+49 89 2289312;tolstoi@tolstoi.de;https://www.tolstoi.de
Truppendienstgericht Nord;Hohenzollernring 40;48145;Münster;+49 251 936-2451;+49 251 936-2455;;
Truppendienstgericht Süd;Dachauer Straße 128/18;80637;München;+49 89 1249-2663;+49 89 1249-2662;;
TÜV-Rheinland;Am Grauen Stein ;51105;Köln;+49 221 806-9000;;genau.richtig@de.tuv.com;https://www.tuv.com/germany/de/
Umweltbundesamt;Wörlitzer Platz 1;06844;Dessau-Roßlau;+49 340 2103-2416;;buergerservice@uba.de;https://www.umweltbundesamt.de/
Unabhängige Beauftragte gegen sexuellen Missbrauch von Kindern und Jugendlichen;Glinkastraße 24;10117;Berlin;+49 30 18 555 - 1550;;kontakt@ubskm.bund.de;https://beauftragte-missbrauch.de/
Unabhängige Bundesbeauftragte für Antidiskriminierung;Glinkastraße 24;10117;Berlin;+49 30 18 555-1800;;poststelle@ads.bund.de;https://www.antidiskriminierungsstelle.de/DE/ueber-uns/unabhaengige_bundesbeauftragte/unabhaengige_bundesbeauftragte_node.html
Unabhängiger Kontrollrat;Alt-Moabit 101d;10559;Berlin;+49 30 18 4711-4260;;organisation@ukrat.bund.de;https://ukrat.de/DE/Service/Impressum/impressum_node.html
Unfallversicherung Bund und Bahn;Salvador-Allende-Straße 9;60487;Frankfurt am Main;+49 69 47863-0;;info@uv-bund-bahn.de;https://www.uv-bund-bahn.de/
Universität der Bundeswehr München;Werner-Heisenberg-Weg 39;85577;Neubiberg;+49 89 6004-0;;info@unibw.de;https://www.unibw.de/home
Unteroffizierschule der Luftwaffe;Hauptstraße 141;25482;Appen;+49 4122 986-2140;+49 4122 986-2109;;https://www.bundeswehr.de/de/organisation/luftwaffe/organisation-/luftwaffentruppenkommando/unteroffizierschule-der-luftwaffe
Unteroffizierschule des Heeres;Feldwebel-Boldt-Straße 1;04509;Delitzsch;+49 34202 77-2002;;USHStabS4@Bundeswehr.org;https://www.bundeswehr.de/de/organisation/heer/organisation/ausbildungskommando/unteroffizierschule-des-heeres
Unterstützungskommando der Bundeswehr;Fontainengraben 150;53123;Bonn;+49 228 5504-1112/-1113;;UstgKdoBwPIZ@bundeswehr.org;https://www.bundeswehr.de/de/organisation/unterstuetzungsbereich
VEBEG - Das Verwertungsunternehmen des Bundes;Rödelheimer Bahnweg 23;60489;Frankfurt am Main;+49 69 75897-0;+49 69 75897-479;mail@vebeg.de;https://www.vebeg.de/web/de/start/index.htm
Verbraucherzentrale Bundesverband e. V.;Rudi-Dutschke-Straße 17;10969;Berlin;+49 30 25800-0;+49 30 25800-518;info@vzbv.de;https://www.vzbv.de/
Vereinte Nationen Ausbildungszentrum Bundeswehr;Rommelstraße 31;97762;Hammelburg;+49 973278-5005;;VNAusbZBw@Bundeswehr.org;https://www.bundeswehr.de/de/organisation/heer/organisation/ausbildungskommando/vereinte-nationen-ausbildungszentrum-bundeswehr
Verpflegungsamt der Bundeswehr;Bremer Straße 71;26135;Oldenburg;+49 441 929-3333;+49 441 929-3101;VpflABw@Bundeswehr.org;https://www.bundeswehr.de/de/organisation/infrastruktur-umweltschutz-und-dienstleistungen/organisation-iud/verpflegungsamt-der-bundeswehr
Versorgungsanstalt der Deutschen Bühnen;Arabellastraße 31;81925;München;+49 89 9235-6;+49 89 9235-8850;vddb@versorgungskammer.de;https://www.buehnenversorgung.de/
Versorgungsanstalt der deutschen Kulturorchester;Arabellastraße 31;81925;München;+49 89 9235-6;+49 89 9235-8850;vddko@versorgungskammer.de;https://www.orchesterversorgung.de/
Versorgungsanstalt des Bundes und der Länder;Hans-Thoma-Straße 19;76133;Karlsruhe;+49 721 155-0;+49 721 155-666;info@vbl.de;https://www.vbl.de/de/startseite
Vertreterin des Bundesinteresses beim Bundesverwaltungsgericht;Alt-Moabit 140;10557;Berlin;+49 30 18681-4336;+49 30 18681-4225;VBIAG@bmi.bund.de;https://www.vertreterin-des-bundesinteresses.de/Webs/VBI/DE/startseite/startseite-node.html
Verwaltung des Deutschen Bundestages;Platz der Republik 1;11011;Berlin;+49 30 227-0;+49 30 227-36878, +49 30 227-36979;mail@bundestag.de;https://www.bundestag.de/parlament/verwaltung
Verwaltungs-Berufsgenossenschaft;Massaquoipassage 1;22305;Hamburg;;;;https://www.vbg.de/DE/0_Home/home_node.html
Wasserstraßen- und Neubauamt Heidelberg;Vangerowstraße 12;69115;Heidelberg;+49 6221 507-0;+49 6221 507-155;wsa-neckar@wsv.bund.de;https://www.wsa-neckar.wsv.de
Wasserstraßen- und Schifffahrtsamt Donau MDK (Dienstort Nürnberg);Marientorgraben 1;90402;Nürnberg;+49 911 2000-0;+49 911 2000-101;wsa-donau.mdk@wsv.bund.de;https://www.wsa-donau-mdk.wsv.de/Webs/WSA/Donau-MDK/DE/Startseite/startseite_node.html
Wasserstraßen- und Schifffahrtsamt Donau MDK (Dienstort Regensburg);Erlanger Straße 1;93059;Regensburg;+49 941 8109-0;+49 941 8109-101;wsa-donau-mdk@wsv.bund.de;https://www.wsa-donau-mdk.wsv.de
Wasserstraßen- und Schifffahrtsamt Elbe (Dienstort Dresden);Moritzburger Straße 1;01127;Dresden;+49 351 8432-50;+49 351 8432-381;wsa-elbe@wsv.bund.de;https://www.wsa-elbe.wsv.de
Wasserstraßen- und Schifffahrtsamt Elbe (Dienstort Magdeburg);Fürstenwallstraße 19/20;39104;Magdeburg;+49 391 530-0;+49 391 530-2417;wsa-elbe@wsv.bund.de;https://www.wsa-elbe.wsv.de
Wasserstraßen- und Schifffahrtsamt Elbe Nordsee (Dienstort Tönning);Am Hafen 40 ;25832;Tönning;+49 4861 615-0;+49 4861 615-325;wsa-elbe-nordsee@wsv.bund.de;https://www.wsa-elbe-nordsee.wsv.de/Webs/WSA/Elbe-Nordsee/DE/0_Startseite/startseite_node.html
Wasserstraßen- und Schifffahrtsamt Elbe-Nordsee (Dienstort Cuxhaven);Am Alten Hafen 2;27472;Cuxhaven;+49 4721 567-0;+49 4721 567-103;wsa-elbe-nordsee@wsv.bund.de;https://www.wsa-elbe-nordsee.wsv.de
Wasserstraßen- und Schifffahrtsamt Elbe-Nordsee (Dienstort Hamburg);Moorweidenstraße 14;20148;Hamburg;+49 40 44110-0;+49 40 44110-365;wsa-elbe-nordsee@wsv.bund.de;https://www.wsa-elbe-nordsee.wsv.de
Wasserstraßen- und Schifffahrtsamt Ems-Nordsee (Dienstort Emden);Am Eisenbahndock 3;26725;Emden;+49 4921 802-0;+49 4921 802-379;wsa-ems-nordsee@wsv.bund.de;https://www.wsa-ems-nordsee.wsv.de
Wasserstraßen- und Schifffahrtsamt Ems-Nordsee (Dienstort Meppen);Herzog-Arenbergstrasse 66;49716;Meppen;+49 5931 848-111;+49 5931 848-28222;wsa-ems-nordsee@wsv.bund.de;https://www.wsa-ems-nordsee.wsv.de
Wasserstraßen- und Schifffahrtsamt Lauenburg;Dornhorster Weg 52;21481;Lauenburg;+49 4153 558-0;+49 4153 558-448;wsa-elbe@wsv.bund.de;https://www.wsa-elbe.wsv.de
Wasserstraßen- und Schifffahrtsamt Main (Aschaffenburg);Obernauer Straße 6;63739;Aschaffenburg;+49 6021 385-0;+49 6021 385-101;wsa-main@wsv.bund.de;https://www.wsa-main.wsv.de/Webs/WSA/Main/DE/Service/impressum/impressum_node.html
Wasserstraßen- und Schifffahrtsamt Main (Dienstort Schweinfurt);Mainberger Straße 8;97422;Schweinfurt;+49 9721 206-0;+49 9721 206-101;wsa-main@wsv.bund.de;https://www.wsa-main.wsv.de/
Wasserstraßen- und Schifffahrtsamt Mittellandkanal / Elbe-Seitenkanal (Dienstort Minden);Am Hohen Ufer 1-3;32425;Minden;+49 571 6458-0;+49 571 6458-1200;wsa-mlk-esk@wsv.bund.de;https://www.wsa-mittellandkanal-elbe-seitenkanal.wsv.de/Webs/WSA/Mittellandkanal-ESK/DE/Startseite/startseite_node.html
Wasserstraßen- und Schifffahrtsamt Mittellandkanal/Elbe-Seitenkanal (Dienstort Braunschweig);Ludwig-Winter-Straße 5;38120;Braunschweig;+49 531 86603-0;+49 531 86603-1400;wsa-mlk-esk@wsv.bund.de;https://www.gdws.wsv.bund.de/SharedDocs/Dienststellen/DE/813_wsa-mlk_esk.html
Wasserstraßen- und Schifffahrtsamt Mittellandkanal/Elbe-Seitenkanal (Dienstort Uelzen);Greyerstraße 12;29525;Uelzen;+49 581 9079-0;+49 581 9079-1177;wsa-mlk-esk@wsv.bund.de;https://www.wsa-mittellandkanal-elbe-seitenkanal.wsv.de/
Wasserstraßen- und Schifffahrtsamt Mosel-Saar-Lahn (Dienstort Koblenz);Schartwiesenweg 4;56070;Koblenz;+49 261 9819-0;+49 261 9819-3155;wsa-mosel-saar-lahn@wsv.bund.de;https://www.wsa-mosel-saar-lahn.wsv.de
Wasserstraßen- und Schifffahrtsamt Mosel-Saar-Lahn (Dienstort Saarbrücken);Bismarckstraße 133;66121;Saarbrücken;+49 681 6002-0;+49 681 6002-155;wsa-mosel-saar-lahn@wsv.bund.de;https://www.wsa-mosel-saar-lahn.wsv.de
Wasserstraßen- und Schifffahrtsamt Mosel-Saar-Lahn-Dienstort-Trier;Pacelliufer 16;54290;Trier;+49 651 3609-0;+49 651 3609-155;wsa-mosel-saar-lahn@wsv.bund.de;https://www.wsa-mosel-saar-lahn.wsv.de
Wasserstraßen- und Schifffahrtsamt Neckar (Dienstort Stuttgart);Heilbronner Straße 190;70191;Stuttgart;+49 711 25552-0;+49 711 25552-155;wsa-neckar@wsv.bund.de;https://www.wsa-neckar.wsv.de
Wasserstraßen- und Schifffahrtsamt Nordsee-Ostsee-Kanal (Dienstort Brunsbüttel);Alte Zentrale 4;25541;Brunsbüttel;+49 4852 885-0;+49 4852 885-408;wsa-nord-ostsee-kanal@wsv.bund.de;https://www.wsa-nord-ostsee-kanal.wsv.de
Wasserstraßen- und Schifffahrtsamt Nordsee-Ostsee-Kanal (Kiel-Holtenau);Schleuseninsel 2;24159;Kiel;+49 431 3603-0;+49 431 3603-414;wsa-nord-ostsee-kanal@wsv.bund.de;https://www.wsa-nord-ostsee-kanal.wsv.de/
Wasserstraßen- und Schifffahrtsamt Oberrhein (Dienstort Freiburg);Stefan-Meier-Straße 4-6;79104;Freiburg;+49 761 2718-0;+49 761 2718-3155;wsa-oberrhein@wsv.bund.de;https://www.wsa-oberrhein.wsv.de/
Wasserstraßen- und Schifffahrtsamt Oberrhein (Dienstort Mannheim);C8, 3 ;68159;Mannheim;+49 621 1505-0;+49 621 1505-155;wsa-oberrhein@wsv.bund.de;https://www.wsa-oberrhein.wsv.de
Wasserstraßen- und Schifffahrtsamt Oder-Havel;Schneidemühlenweg 21;16225;Eberswalde;+49 3334 276-0;+49 3334 276-171;wsa-oder-havel@wsv.bund.de;https://www.wsa-oder-havel.wsv.de
Wasserstraßen- und Schifffahrtsamt Ostsee (Dienstort Stralsund);Wamper Weg 5;18439;Stralsund;+49 3831 249-0;+49 3831 249-30;wsa-ostsee@wsv.bund.de;https://www.wsa-ostsee.wsv.de/
Wasserstraßen- und Schifffahrtsamt Rhein (Dienstort Bingen);Vorstadt 74-76;55411;Bingen;+49 6721 306-0;+49 6721 306-155;wsa-rhein@wsv.bund.de;https://www.wsa-rhein.wsv.de/Webs/WSA/Rhein/DE/Service/impressum/impressum_node.html
Wasserstraßen- und Schifffahrtsamt Rhein (Dienstort Köln);An der Münze 8;50668;Köln;+49 221 97350-0;+49 221 97350-222;wsa-rhein@wsv.bund.de;https://www.wsa-rhein.wsv.de
Wasserstraßen- und Schifffahrtsamt Spree-Havel (Dienstort Brandenburg);Mötzower Landstraße 3;14776;Brandenburg an der Havel;+49 3381 266-452;+49 3381 266-455;wsa-spree-havel@wsv.bund.de;https://www.wsa-spree-havel.wsv.de/Webs/WSA/Spree-Havel/DE/03_Spree-Havel/02_KontaktAdressen/01_Aussenbereiche/02_aussenbezirk_brandenburg/aussenbezirk_brandenburg_text.html
Wasserstraßen- und Schifffahrtsamt Weser (Dienstort Hannoversch Münden);Kasseler Straße 5;34346;Hannoversch Münden;+49 5541 952-0;+49 5541 952-1400;wsa-weser@wsv.bund.de;https://www.wsa-weser.wsv.de
Wasserstraßen- und Schifffahrtsamt Weser (Dienstort Verden);Hohe Leuchte 30;27283;Verden;+49 4231 898-0;+49 4231 898-1333;wsa-weser@wsv.bund.de;https://www.wsa-weser.wsv.de
Wasserstraßen- und Schifffahrtsamt Weser-Jade-Nordsee (Dienstort Bremen);Franziuseck 5;28199;Bremen;+49 421 5378-0;+49 421 5378-400;wsa-weser-jade-nordsee@wsv.bund.de;https://www.wsa-weser-jade-nordsee.wsv.de
Wasserstraßen- und Schifffahrtsamt Weser-Jade-Nordsee (Dienstort Bremerhaven);Am Alten Vorhafen 1;27568;Bremerhaven;+49 471 4835-0;+49 471 4835-210;wsa-weser-jade-nordsee@wsv.bund.de;https://www.wsa-weser-jade-nordsee.wsv.de
Wasserstraßen- und Schifffahrtsamt Weser-Jade-Nordsee (Dienstort Wilhelmshaven);Mozartstraße 32;26382;Wilhelmshaven;+49 4421 186-0;+49 4421 186-308;wsa-weser-jade-nordsee@wsv.bund.de;https://www.wsa-weser-jade-nordsee.wsv.de
Wasserstraßen- und Schifffahrtsamt Westdeutsche Kanäle (Dienstort Duisburg-Meiderich);Emmericher Staße 201;47138;Duisburg;+49 203 4504-0;+49 203 4504-333;wsa-westdeutsche-kanaele@wsv.bund.de;https://www.wsa-westdeutsche-kanaele.wsv.de
Wasserstraßen- und Schifffahrtsamt Westdeutsche Kanäle (Dienstort Rheine);Münsterstraße 77;48431;Rheine;+49 5971 916-0;+49 5971 916-222;wsa-westdeutsche-kanaele@wsv.bund.de;https://www.wsa-westdeutsche-kanaele.wsv.de
Wasserstraßen- und Schifffahrtsamt-Rhein (Dienstort Duisburg-Rhein);Königstraße 84;47198;Duisburg;+49 2066 418-111;+49 2066 418-315;wsa-rhein@wsv.bund.de;https://www.wsa-rhein.wsv.de/
Wasserstraßen-Neubauamt Aschaffenburg;Hockstraße 10;63743;Aschaffenburg;+49 6021 312-0;+49 6021 312-3101;wna-aschaffenburg@wsv.bund.de;https://www.wna-aschaffenburg.wsv.de/Webs/WNA/WNA-Aschaffenburg/DE/Service/impressum/impressum_node.html
Wasserstraßen-Neubauamt Berlin;Mehringdamm 129;10965;Berlin;+49 30 695 80-0;;wna-berlin@wsv.bund.de;https://www.wna-berlin.wsv.de/Webs/WNA/WNA-Berlin/DE/WNA-Berlin/WNA-Berlin_text.html
Wasserstraßen-Neubauamt Datteln;Speeckstraße 1;45711;Datteln;+49 2363 104-0;;wna-datteln@wsv.bund.de;https://wna-datteln.wsv.de/Webs/WNA/WNA-Datteln/DE/Startseite/startseite_node.html
Wasserstraßen-Neubauamt Hannover;Nikolaistraße 14/16;30159;Hannover;+49 511 9115-5111;+49 511 9115-5140;wna-hannover@wsv.bund.de;https://www.wna-hannover.wsv.de/Webs/WNA/NBA-Hannover/DE/Service/Impressum/impressum_node.html
Wasserstraßen-Neubauamt Helmstedt;Walbecker Straße 23b;38350;Helmstedt;+49 5351 394-0;;wna-helmstedt@wsv.bund.de;https://www.wna-helmstedt.wsv.de/Webs/WNA/WNA-Helmstedt/DE/Projekte/01_Mittellandkanal/Mittellandkanal_text.html
Wasserstraßen-Neubauamt Magdeburg;Kleiner Werder 5c;39114;Magdeburg;+49 391 535-0;+49 391 535-2214/2214;Poststelle.WNA-MAG@wsv.bund.de;https://www.wna-magdeburg.wsv.de/Webs/WNA/WNA-Magdeburg/DE/Startseite/startseite_node.html
Wasserstraßen-Neubauamt Nord-Ostsee-Kanal;Schleuseninsel 2;24159;Kiel;+49 431 3603-0;+49 431 3603-414;wna-nord-ostsee-kanal@wsv.bund.de;https://www.wna-nord-ostsee-kanal.wsv.de
Wasserstraßen-Neubauamt-Heidelberg;Vangerowstraße 20;69115;Heidelberg;+49 6221 507-401;+49 6221 507-455;wna-heidelberg@wsv.bund.de;https://www.wna-heidelberg.wsv.de/Webs/WNA/AN-Heidelberg/DE/Startseite/startseite_node.html
Wasserstraßen-und Schifffahrtsamt Spree-Havel (Dienstort Berlin);Mehringdamm 129;10965;Berlin;+49 30 69532-0;+49 30 69532-201;wsa-spree-havel@wsv.bund.de;https://www.wsa-spree-havel.wsv.de
Wehrbeauftragte des Deutschen Bundestages;Platz der Republik 1;11011;Berlin;+49 30 227-38100;+49 30 227-38283;wehrbeauftragte@bundestag.de;https://www.bundestag.de/wehrbeauftragte
Wehrtechnische Dienststelle für Informationstechnologie und Elektronik;Bergstraße 18;91171;Greding;+49 8463 652-0;+49 8463 652-607;WTD81posteingang@bundeswehr.org;https://www.baainbw.de/wtd81
Wehrtechnische Dienststelle für landgebundene Fahrzeugsysteme, Pionier- und Truppentechnik;Kolonnenweg ;54296;Trier;+49 651 9129-0;+49 651 9129-2600;wtd41@bundeswehr.org;https://www.baainbw.de/wtd41
Wehrtechnische Dienststelle für Luftfahrzeuge und Luftfahrtgerät der Bundeswehr;Flugplatz ;85077;Manching;+49 8459 80-1;+49 8459 80-2022;wtd61posteingang@bundeswehr.org;https://www.baainbw.de/wtd61
Wehrtechnische Dienststelle für Schiffe und Marinewaffen, Maritime Technologie und Forschung;Berliner Straße 115;24340;Eckernförde;+49 4351 467-0;+49 4351 467-120;wtd71posteingang@bundeswehr.org;https://www.bundeswehr.de/de/organisation/marine
Wehrtechnische Dienststelle für Schutz- und Sondertechnik;Oberjettenberg ;83458;Schneizlreuth;+49 8651 7682-1001;+49 8651 7682-1338;wtd52posteingang@bundeswehr.org;https://www.baainbw.de/wtd52
Wehrtechnische Dienststelle für Waffen und Munition;Am Schießplatz ;49716;Meppen;+49 5931 43-0;+49 5931 43-2091;WTD91@bundeswehr.org;https://www.baainbw.de/wtd91
Wehrtechnische Studiensammlung;Mayener Straße 85-87;56070;Koblenz;+49 261 983692-1422/1423;+49 261 983692-1424;wts@bundeswehr.org;https://www.baainbw.de/wts
Wehrwissenschaftliches Institut für Schutztechnologien - ABC-Schutz;Humboldtstraße 100;29633;Munster;+49 5192 136-201;+49 5192 136-355;wisposteingang@bundeswehr.org;https://www.baainbw.de/wis
Wehrwissenschaftliches Institut für Werk- und Betriebsstoffe;Institutsweg 1;85435;Erding;+49 8122 9590-0;+49 8122 9590-3902;wiweb@bundeswehr.org;https://www.baainbw.de/wiweb
Weierstraß-Institut für Angewandte Analysis und Stochastik - Leibniz-Institut im Forschungsverbund Berlin e. V.;Mohrenstraße 39;10117;Berlin;+49 30 20372-0;+49 30 20372-303;contact@wias-berlin.de;https://www.wias-berlin.de
Wirtschaftsprüferkammer;Rauchstraße 26;10787;Berlin;+49 30 726161-0;+49 30 726161-212;kontakt@wpk.de;https://www.wpk.de/
Wissenschaftlicher Beirat der Bundesregierung Globale Umweltveränderungen;Luisenstrasse 46;10117;Berlin;+49 30 263948-0;+49 30 263948-50;wbgu@wbgu.de;https://www.wbgu.de/de/
Wissenschaftsrat;Scheidtweilerstraße 4;50933;Köln;+49 221 3776-0;;post@wissenschaftsrat.de;https://www.wissenschaftsrat.de/DE/Home/home_node.html
Wissenschaftszentrum Berlin für Sozialforschung;Reichpietschufer 50;10785;Berlin;+49 30 25491-0;+49 30 25491-684;wzb@wzb.eu;https://www.wzb.eu/de
ZBW - Leibniz Informationszentrum Wirtschaft;Düsternbrooker Weg 120;24105;Kiel;+49 431 8814-555;;zbw@zbw-workspace.eu;https://www.zbw.eu/de/
Zentrale Abbildende Aufklärung;Max-Planck-Straße 17;53501;Grafschaft-Gelsdorf;+49 2225 93 421-0;;kdocirpizcir@bundeswehr.org;https://www.bundeswehr.de/de/organisation/cyber-und-informationsraum/kommando-und-organisation-cir/kommando-cyber-und-informationsraum/kommando-aufklaerung-wirkung/zentrale-abbildende-aufklaerung
Zentrale Stelle für Informationstechnik im Sicherheitsbereich;Zamdorfer Straße 88;81677;München;+49 89 6080 679-0;;poststelle@zitis.bund.de;https://www.zitis.bund.de/DE/Home/home_node.html
Zentrale Untersuchungsstelle der Bundeswehr für Technische Aufklärung;Kulmbacher Straße 58-60;95030;Hof;+49 9281 8404-1001;;ZUStelleBwTAufklGeZi@bundeswehr.org;https://www.bundeswehr.de/de/organisation/cyber-und-informationsraum/kommando-und-organisation-cir/kommando-cyber-und-informationsraum/kommando-aufklaerung-wirkung/zu-stelle-bw-taufkl
Zentrales Finanzwesen des Bundes;Justus-von-Liebig-Straße 18;53121;Bonn;+49 228 99370-0;+49 228 99370-177;poststelle@zrb.bund.de;https://www.zrb.bund.de/DE/3_Bundeskasse/Bundeskasse_node.html
Zentrales Institut des Sanitätsdienstes der Bundeswehr Kiel;Kopperpahler Allee 120;24119;Kronshagen;+49 431 5409-1650;+49 431 5409-1598;ZInstSanBwKiel@bundeswehr.org;https://www.bundeswehr.de/de/organisation/sanitaetsdienst/kommando-und-organisation-sanitaetsdienst/kommando-sanitaetsdienst/zentrales-institut-des-sanitaetsdienstes-der-bundeswehr-kiel
Zentrales Institut des Sanitätsdienstes der Bundeswehr München;Ingolstädter Landstraße 102;85748;Garching;+49 8937 55849-5001;+49 8937 55849-5070;ZInstSanBwMuenchen@bundeswehr.org;https://www.bundeswehr.de/de/organisation/sanitaetsdienst/kommando-und-organisation-sanitaetsdienst/kommando-sanitaetsdienst/zentrales-institut-des-sanitaetsdienstes-der-bundeswehr-muenchen
Zentrales Testamentsregister;Kronenstraße 42;10117;Berlin;+49 800 35 50 700;;info@vorsorgeregister.de;https://www.testamentsregister.de/
Zentrales Vorsorgeregister;Kronenstraße 42;10117;Berlin;+49 800-35 50 500;+49 30-38 38 66 77;info@vorsorgeregister.de;https://www.vorsorgeregister.de
Zentralstelle der Bundesregierung für internationale Berufsbildungskooperation im Bundesinstitut für Berufsbildung;Friedrich-Ebert-Allee 114-116;53113;Bonn;+49 228 107-1818;;govet@bibb.de;https://www.govet.international
Zentralwohlfahrtsstelle der Juden in Deutschland e. V.;Hebelstraße 6;60318;Frankfurt a. M.;+49 69 944371-0;+49 69 494817;oeffentlichkeitsarbeit@zwst.org;https://www.zwst.org
Zentrum Cyberoperationen;Münstereifeler Straße 75;53359;Rheinbach;;;kdocirpizcir@bundeswehr.org;https://www.bundeswehr.de/de/organisation/cyber-und-informationsraum/kommando-und-organisation-cir/kommando-cyber-und-informationsraum/kommando-aufklaerung-wirkung
Zentrum für Betriebswirtschaft im Gartenbau e. V.;Ottilie-Zeller-Weg 6;70599;Stuttgart;+49 711 995 966-10;;zbg@uni-hohenheim.de;https://zbg.uni-hohenheim.de/
Zentrum für Cyber-Sicherheit der Bundeswehr;Kommerner Straße 188;53879;Euskirchen;+49 2251 50667-3002;;ZCSBwPressearbeit@bundeswehr.org;https://www.bundeswehr.de/de/organisation/cyber-und-informationsraum/kommando-und-organisation-cir/zentrum-fuer-cyber-sicherheit-der-bundeswehr
Zentrum für Europäische Wirtschaftsforschung GmbH;L7 1;68161;Mannheim;+49 621 1235-01;+49 621 1235-225;info@zew.de;https://www.zew.de
Zentrum für Geoinformationswesen der Bundeswehr;Frauenberger Straße 250;53879;Euskirchen;+49 2251 953-0;+49 2251 953-5055;kdocirpizcir@bundeswehr.org;https://www.bundeswehr.de/de/organisation/cyber-und-informationsraum/kommando-und-organisation-cir/kommando-cyber-und-informationsraum/zentrum-fuer-geoinformationswesen-der-bundeswehr
Zentrum für Luft- und Raumfahrtmedizin der Luftwaffe;Flughafenstraße 1;51147;Köln-Wahn;+49 2203 908-6870;+49 2203 908-677 6871;zentrlurmedlwpresse@bundeswehr.org;https://www.bundeswehr.de/de/organisation/luftwaffe/organisation-/luftwaffentruppenkommando/zentrum-fuer-luft-und-raumfahrtmedizin
Zentrum für Militärgeschichte und Sozialwissenschaften der Bundeswehr;Zeppelinstraße 127/128;14471;Potsdam;+49 331 9714-400;+49 331 9714-507;ZMSBwpressestelle@Bundeswehr.org;https://zms.bundeswehr.de/de
Zentrum für Sportmedizin der Bundeswehr;Dr.- Rau-Allee 32;48232;Warendorf;+49 2581 9411 4602;+49 2581 9411 4649;zsportmedbw@bundeswehr.org;https://www.bundeswehr.de/de/organisation/sanitaetsdienst/kommando-und-organisation-sanitaetsdienst/kommando-regionale-sanitaetsdienstliche-unterstuetzung/zentrum-fuer-sportmedizin-der-bundeswehr
Zentrum für Verifikationsaufgaben der Bundeswehr;Quimperléstraße 100;52511;Geilenkirchen;+49 2451 992-0;+49 2451 992-255;ZVBwEingang@bundeswehr.org;https://www.bundeswehr.de/de/organisation/streitkraeftebasis/organisation/streitkraefteamt/zentrum-fuer-verifikationsaufgaben-der-bundeswehr
Zentrum für Zeithistorische Forschung Potsdam e.V.;Am Neuen Markt 1;14467;Potsdam;+49 331 28991-56, -57;+49 331 28991-40;sekretariat@zzf-potsdam.de;https://www.zzf-potsdam.de
Zentrum Informationsarbeit Bundeswehr;Prötzeler Chaussee 20;15344;Strausberg;+49 3341 58-2323;+49 3341 58-2339;ZInfoABwEingang@bundeswehr.org;https://www.bundeswehr.de/de/organisation/streitkraeftebasis/organisation/streitkraefteamt/zentrum-informationsarbeit-bundeswehr
Zentrum Innere Führung;Von-Witzleben-Straße 17;56076;Koblenz;+49 261 579420-5562;;ZInFueImDialogPressestelle@bundeswehr.org;https://www.bundeswehr.de/de/ueber-die-bundeswehr/selbstverstaendnis-bundeswehr/innere-fuehrung
Zentrum Kraftfahrwesen der Bundeswehr;Hardter Straße 9;41179;Mönchengladbach;+49 2161 185 1141;+49 2161 185;zkfwbw@bundeswehr.org;https://www.kommando.streitkraeftebasis.de/portal/poc/kdoskb?uri=ci%3Abw.skb_kdo.log.zkfwbw
Zentrum Militärische Zusammenarbeit der Bundeswehr;Am Rehhagen 10;31582;Nienburg/Weser;+49 5021 800 3010;+49 5021 800 3017;ZentrZMZBwAbtFueDezPers@bundeswehr.org;https://www.bundeswehr.de/de/organisation/streitkraeftebasis/organisation/kommando-territoriale-aufgaben-der-bundeswehr/multinational-cimic-command-nienburg
Zentrum Militärmusik der Bundeswehr;Robert-Schuman-Platz 3;53175;Bonn;+49 228 43320 310;+49 228 43320 420;ZMilMusBw@bundeswehr.org;https://www.bundeswehr.de/de/organisation/streitkraeftebasis/organisation/streitkraefteamt/zentrum-militaermusik-der-bundeswehr
Zentrum Operative Kommunikation der Bundeswehr;Kürrenberger Steig 34;56727;Mayen;+49 265 1497-0;+49 265 1497-2202;kdocirpizcir@bundeswehr.org;https://cir.bundeswehr.de/portal/poc/cir?uri=ci:bw.cir.dienststellen.ksa.zopkombw
Zollfahndungsamt Berlin-Brandenburg;Columbiadamm 7;10965;Berlin;+49 30 69583-0;+49 30 69583-569;poststelle@zfab.bund.de;https://www.zoll.de/SharedDocs/Dienststellen/DE/1_DSSD_Importer/Zollfahndung/ZFA_Berlin_Brandenburg/ZFA_Berlin_Brandenburg_1502/ZFA_Berlin_Brandenburg_1502.html
Zollfahndungsamt Dresden;Schützenhöhe 26;01099;Dresden;+49 351 2134-6125;+49 351 2134-6111;poststelle@zfadd.bund.de;https://www.zoll.de
Zollfahndungsamt Essen;Weiglestraße 11-13;45128;Essen;+49 201 1028-0;+49 201 1028-1190;poststelle@zfae.bund.de;https://www.zoll.de
Zollfahndungsamt Frankfurt am Main;Wilhelm-Fay-Straße 11;65936;Frankfurt am Main;+49 69 50775-0;+49 69 50775-117;poststelle@zfaf.bund.de;https://www.zoll.de
Zollfahndungsamt Hamburg;Sieker Landstraße 13;22143;Hamburg;+49 40 67571-0;+49 40 67571-201;poststelle@zfahh.bund.de;https://www.zoll.de
Zollfahndungsamt Hannover;Hamburger Allee 74;30161;Hannover;+49 511 33611-0;+49 511 33611-140;poststelle@zfah.bund.de;https://www.zoll.de
Zollfahndungsamt München;Landsberger Straße 124;80339;München;+49 89 5109-02;+49 89 5109-1180;poststelle@zfam.bund.de;https://www.zoll.de
Zollfahndungsamt Stuttgart;Martha-Schmidtmann-Straße 15;70374;Stuttgart;+49 711 52041-0;+49 711 52041-1060;poststelle@zfas.bund.de;https://www.zoll.de
Zollkriminalamt;Bergisch Gladbacher Straße 837;51069;Köln;+49 228 303-0;+49 228 303-98400;poststelle@zka.bund.de;https://www.zoll.de/DE/Der-Zoll/Struktur-des-Zolls/Generalzolldirektion/Fachdirektionen/fachdirektionen_node.html#doc279122bodyText3
Zoologisches Forschungsmuseum Alexander König - Leibniz-Institut für Biodiversität der Tiere;Adenauerallee 160;53113;Bonn;+49 228 9122-0;+49 228 9122-212;info@leibniz-lib.de;https://bonn.leibniz-lib.de/de/zoologisches-forschungs-museum-alexander-koenig
Zukunft-Umwelt-Gesellschaft gGmbH;Stresemannstraße 69-71;10963;Berlin;+49 3072618 0000;;kontakt@z-u-g.org;https://www.z-u-g.org
Zukunftsforum Familie e. V.;Michaelkirchstraße 17/18;10179;Berlin;+49 30 259272-820;+49 30 259272-860;info@zukunftsforum-familie.de;https://www.zukunftsforum-familie.de
Zusatzversorgungskasse für Arbeitnehmer in der Land- und Forstwirtschaft;Druseltalstraße 51;34131;Kassel;+49 561 785179-00;+49 561 7852179-49;info@zla.de;https://www.zla.de
Zusatzversorgungswerk für Arbeitnehmer in der Land- und Forstwirtschaft;Druseltalstraße 51;34131;Kassel;+49 561 7852179-00;+49 561 7852179-49;info@zla.de;https://www.zla.de
