id;excel_id;schema_version;name;kuerzel;typ;rechtsform;ebene;sitz;bundesland;koordinaten;gruendungsjahr;aufgeloest;aufgeloest_jahr;zustaendigkeit;website;rechtsgrundlage;haushalt_mio_eur;haushalt_jahr;beschaeftigte;beschaeftigte_jahr;ministerium_id;ressort;klassifikation;anmerkung;beziehungen;quellen;daten_qualitaet;recherche_datum;recherche_agent_version
aa;;1.0;Auswärtiges Amt;AA;Ministerium;Oberste Bundesbehörde;Bund;Berlin;Berlin;"{""lat"": null, ""lon"": null}";1951;false;;Außenpolitik, diplomatische Beziehungen, konsularische Angelegenheiten, Europapolitik;https://www.auswaertiges-amt.de;Grundgesetz Art. 32, 59, 73 Abs. 1 Nr. 1;5893.2;2025;13600;2024;;;;;[];"[""https://www.auswaertiges-amt.de"", ""https://www.bundeshaushalt.de""]";"{""vollstaendigkeit_prozent"": 91.7, ""zuletzt_verifiziert"": ""2026-06-06"", ""verifikation_noetig"": false}";2026-06-06;2.0
absdeuforholhol_2;2;1.0;Absatzförderungsfonds der deutschen Forst- und Holzwirtschaft - Holzabsatzfonds;;Bundesoberbehörde;Bundesbehörde;Bund;Berlin;Berlin;"{""lat"": null, ""lon"": null}";;false;;Wirtschaftsförderung;https://www.service.bund.de;;177.32;2025;;;bmelh;Bundesministerium für Ernährung und Landwirtschaft (BMEL);Wirtschaftsförderung;Finanzierung über das Ressort Bundesministerium für Ernährung und Landwirtschaft (BMEL);"[{""zu_id"": ""bmelh"", ""typ"": ""UNTERSTELLT"", ""richtung"": ""eingehend"", ""seit"": null, ""quelle"": null}]";"[""https://www.service.bund.de""]";"{""vollstaendigkeit_prozent"": 66.7, ""zuletzt_verifiziert"": ""2026-06-06"", ""verifikation_noetig"": false}";2026-06-06;2.0
absdeulanernabs_3;3;1.0;Absatzförderungsfonds der deutschen Land- und Ernährungswirtschaft - Absatzfonds;;Bundesoberbehörde;Bundesbehörde;Bund;Berlin;Berlin;"{""lat"": null, ""lon"": null}";;false;;Wirtschaftsförderung;https://www.service.bund.de;;125.0;2025;8;2024;bmelh;Bundesministerium für Ernährung und Landwirtschaft (BMEL);Wirtschaftsförderung;Finanzierung über das Ressort Bundesministerium für Ernährung und Landwirtschaft (BMEL);"[{""zu_id"": ""bmelh"", ""typ"": ""UNTERSTELLT"", ""richtung"": ""eingehend"", ""seit"": null, ""quelle"": null}]";"[""https://www.service.bund.de""]";"{""vollstaendigkeit_prozent"": 75.0, ""zuletzt_verifiziert"": ""2026-06-06"", ""verifikation_noetig"": false}";2026-06-06;2.0
ahk_49141;49141;1.0;Repräsentanz der Deutschen Wirtschaft in Belarus (AHK);;Bundesoberbehörde;Bundesbehörde;Bund;Berlin;Berlin;"{""lat"": null, ""lon"": null}";;false;;Handwerkskammer;https://www.service.bund.de;;201.05;2025;;;bmwi;Bundesministerium für Wirtschaft und Klimaschutz (BMWK);Handwerkskammer;Finanzierung über das Ressort Bundesministerium für Wirtschaft und Klimaschutz (BMWK);"[{""zu_id"": ""bmwi"", ""typ"": ""UNTERSTELLT"", ""richtung"": ""eingehend"", ""seit"": null, ""quelle"": null}]";"[""https://www.service.bund.de""]";"{""vollstaendigkeit_prozent"": 66.7, ""zuletzt_verifiziert"": ""2026-06-06"", ""verifikation_noetig"": false}";2026-06-06;2.0
ahkrus_49296;49296;1.0;AHK Russland;;Bundesoberbehörde;Bundesbehörde;Bund;Berlin;Berlin;"{""lat"": null, ""lon"": null}";;false;;Wirtschaftsförderung;https://www.service.bund.de;;;;;;bmwi;Bundesministerium für Wirtschaft und Klimaschutz (BMWK);Wirtschaftsförderung;Finanzierung über das Ressort Bundesministerium für Wirtschaft und Klimaschutz (BMWK);"[{""zu_id"": ""bmwi"", ""typ"": ""UNTERSTELLT"", ""richtung"": ""eingehend"", ""seit"": null, ""quelle"": null}]";"[""https://www.service.bund.de""]";"{""vollstaendigkeit_prozent"": 66.7, ""zuletzt_verifiziert"": ""2026-06-06"", ""verifikation_noetig"": false}";2026-06-06;2.0
akafürraulan_8;8;1.0;Akademie für Raumforschung und Landesplanung;;Bundesanstalt;Bundesbehörde;Bund;Berlin;Berlin;"{""lat"": null, ""lon"": null}";;false;;Akademie;https://www.service.bund.de;;;;;;bmbfsj;Bundesministerium für Bildung und Forschung (BMBF);Akademie;Finanzierung über das Ressort Bundesministerium für Bildung und Forschung (BMBF);"[{""zu_id"": ""bmbfsj"", ""typ"": ""UNTERSTELLT"", ""richtung"": ""eingehend"", ""seit"": null, ""quelle"": null}]";"[""https://www.service.bund.de""]";"{""vollstaendigkeit_prozent"": 66.7, ""zuletzt_verifiziert"": ""2026-06-06"", ""verifikation_noetig"": false}";2026-06-06;2.0
akakün_7;7;1.0;Akademie der Künste;;KdöR;Bundesbehörde;Bund;Berlin;Berlin;"{""lat"": null, ""lon"": null}";;false;;Akademie der Künste;https://www.service.bund.de;;;;;;bkamt;Beauftragte der Bundesregierung für Kultur und Medien (BKM);Akademie der Künste;Finanzierung über das Ressort Beauftragte der Bundesregierung für Kultur und Medien (BKM);"[{""zu_id"": ""bkamt"", ""typ"": ""UNTERSTELLT"", ""richtung"": ""eingehend"", ""seit"": null, ""quelle"": null}]";"[""https://www.service.bund.de""]";"{""vollstaendigkeit_prozent"": 66.7, ""zuletzt_verifiziert"": ""2026-06-06"", ""verifikation_noetig"": false}";2026-06-06;2.0
amtfürhee_580;580;1.0;Amt für Heeresentwicklung;;Bundesoberbehörde;Bundesbehörde;Bund;Berlin;Berlin;"{""lat"": null, ""lon"": null}";;false;;Bundeswehr;https://www.bundeswehr.de/de/organisation/heer/organisation/amt-fuer-heeresentwicklung;;;;;;bmvg;Bundesministerium der Verteidigung (BMVg);Bundeswehr;Finanzierung über das Ressort Bundesministerium der Verteidigung (BMVg);"[{""zu_id"": ""bmvg"", ""typ"": ""UNTERSTELLT"", ""richtung"": ""eingehend"", ""seit"": null, ""quelle"": null}]";"[""https://www.bundeswehr.de/de/organisation/heer/organisation/amt-fuer-heeresentwicklung""]";"{""vollstaendigkeit_prozent"": 66.7, ""zuletzt_verifiziert"": ""2026-06-06"", ""verifikation_noetig"": false}";2026-06-06;2.0
amtfürmilabs_12;12;1.0;Amt für den Militärischen Abschirmdienst;;Bundesoberbehörde;Dienststelle der Bundeswehrverwaltung;Bund;Berlin;Berlin;"{""lat"": null, ""lon"": null}";;false;;Geheimdienst;https://www.bundeswehr.de;;302.14;2025;;;bmvg;Bundesministerium der Verteidigung (BMVg);Geheimdienst;Aggregiert unter Bundesministerium der Verteidigung (BMVg);"[{""zu_id"": ""bmvg"", ""typ"": ""UNTERSTELLT"", ""richtung"": ""eingehend"", ""seit"": null, ""quelle"": null}]";"[""https://www.bundeswehr.de""]";"{""vollstaendigkeit_prozent"": 66.7, ""zuletzt_verifiziert"": ""2026-06-06"", ""verifikation_noetig"": false}";2026-06-06;2.0
amtfürnechei_15;15;1.0;Amt für Neckarausbau Heidelberg;;Bundesoberbehörde;Bundesbehörde;Bund;Heidelberg;Baden-Württemberg;"{""lat"": null, ""lon"": null}";;false;;Bau;https://www.service.bund.de;;;;;;bmv;Bundesministerium für Digitales und Verkehr (BMDV);Bau;Finanzierung über das Ressort Bundesministerium für Digitales und Verkehr (BMDV);"[{""zu_id"": ""bmv"", ""typ"": ""UNTERSTELLT"", ""richtung"": ""eingehend"", ""seit"": null, ""quelle"": null}]";"[""https://www.service.bund.de""]";"{""vollstaendigkeit_prozent"": 66.7, ""zuletzt_verifiziert"": ""2026-06-06"", ""verifikation_noetig"": false}";2026-06-06;2.0
antbun_16;16;1.0;Antidiskriminierungsstelle des Bundes;;Bundesoberbehörde;Bundesbehörde;Bund;Berlin;Berlin;"{""lat"": null, ""lon"": null}";;false;;Beratungsstelle;https://www.service.bund.de;;14.0;2025;;;bmbfsj;Bundesministerium für Familie, Senioren, Frauen und Jugend (BMFSFJ);Beratungsstelle;Finanzierung über das Ressort Bundesministerium für Familie, Senioren, Frauen und Jugend (BMFSFJ);"[{""zu_id"": ""bmbfsj"", ""typ"": ""UNTERSTELLT"", ""richtung"": ""eingehend"", ""seit"": null, ""quelle"": null}]";"[""https://www.service.bund.de""]";"{""vollstaendigkeit_prozent"": 66.7, ""zuletzt_verifiziert"": ""2026-06-06"", ""verifikation_noetig"": false}";2026-06-06;2.0
aokbunegb_52177;52177;1.0;AOK Bundesverband eGbR;;Bundesoberbehörde;Bundesbehörde;Bund;Berlin;Berlin;"{""lat"": null, ""lon"": null}";;false;;Verband;https://www.service.bund.de;;;;;;bmg;Bundesministerium für Gesundheit (BMG);Verband;Finanzierung über das Ressort Bundesministerium für Gesundheit (BMG);"[{""zu_id"": ""bmg"", ""typ"": ""UNTERSTELLT"", ""richtung"": ""eingehend"", ""seit"": null, ""quelle"": null}]";"[""https://www.service.bund.de""]";"{""vollstaendigkeit_prozent"": 66.7, ""zuletzt_verifiziert"": ""2026-06-06"", ""verifikation_noetig"": false}";2026-06-06;2.0
arbfürstäbauwoh_16833;16833;1.0;Arbeitsgemeinschaft der für Städtebau, Bau- und Wohnungswesen zuständigen Minister und Senatoren der 16 Länder der Bundesrepublik Deutschland;;Bundesoberbehörde;Bundesbehörde;Bund;Berlin;Berlin;"{""lat"": null, ""lon"": null}";;false;;Bau;https://www.service.bund.de;;6361.68;2025;;;bmas;Bundesministerium für Arbeit und Soziales (BMAS);Bau;Finanzierung über das Ressort Bundesministerium für Arbeit und Soziales (BMAS);"[{""zu_id"": ""bmas"", ""typ"": ""UNTERSTELLT"", ""richtung"": ""eingehend"", ""seit"": null, ""quelle"": null}]";"[""https://www.service.bund.de""]";"{""vollstaendigkeit_prozent"": 66.7, ""zuletzt_verifiziert"": ""2026-06-06"", ""verifikation_noetig"": false}";2026-06-06;2.0
arblandie_14157;14157;1.0;Arbeitsmarktservice im Landkreis Diepholz;;KdöR;Dienststelle der BA;Bund;Berlin;Berlin;"{""lat"": null, ""lon"": null}";;false;;Jobcenter;https://www.arbeitsagentur.de;;;;;;bmas;Bundesministerium für Arbeit und Soziales (BMAS);Jobcenter;Aggregiert unter Bundesagentur für Arbeit (BA);"[{""zu_id"": ""bmas"", ""typ"": ""UNTERSTELLT"", ""richtung"": ""eingehend"", ""seit"": null, ""quelle"": null}]";"[""https://www.arbeitsagentur.de""]";"{""vollstaendigkeit_prozent"": 66.7, ""zuletzt_verifiziert"": ""2026-06-06"", ""verifikation_noetig"": false}";2026-06-06;2.0
arthee_36;36;1.0;Artillerieschule des Heeres;;Bundesoberbehörde;Bundesbehörde;Bund;Berlin;Berlin;"{""lat"": null, ""lon"": null}";;false;;Militärische Ausbildungsstätte;https://www.service.bund.de;;;;;;bmvg;Bundesministerium der Verteidigung (BMVg);Militärische Ausbildungsstätte;Finanzierung über das Ressort Bundesministerium der Verteidigung (BMVg);"[{""zu_id"": ""bmvg"", ""typ"": ""UNTERSTELLT"", ""richtung"": ""eingehend"", ""seit"": null, ""quelle"": null}]";"[""https://www.service.bund.de""]";"{""vollstaendigkeit_prozent"": 66.7, ""zuletzt_verifiziert"": ""2026-06-06"", ""verifikation_noetig"": false}";2026-06-06;2.0
astins_37;37;1.0;Astrophysikalisches Institut;;Bundesoberbehörde;Bundesbehörde;Bund;Berlin;Berlin;"{""lat"": null, ""lon"": null}";;false;;;https://www.service.bund.de;;2.01;2025;;;bmbfsj;Bundesministerium für Bildung und Forschung (BMBF);;Finanzierung über das Ressort Bundesministerium für Bildung und Forschung (BMBF);"[{""zu_id"": ""bmbfsj"", ""typ"": ""UNTERSTELLT"", ""richtung"": ""eingehend"", ""seit"": null, ""quelle"": null}]";"[""https://www.service.bund.de""]";"{""vollstaendigkeit_prozent"": 58.3, ""zuletzt_verifiziert"": ""2026-06-06"", ""verifikation_noetig"": false}";2026-06-06;2.0
audbkk_6574;6574;1.0;Audi BKK;;KdöR;Bundesbehörde;Bund;Berlin;Berlin;"{""lat"": null, ""lon"": null}";;false;;Krankenkasse;https://www.audibkk.de/;;;;900;2024;bmas;Bundesministerium für Arbeit und Soziales (BMAS);Krankenkasse;Finanzierung über das Ressort Bundesministerium für Arbeit und Soziales (BMAS);"[{""zu_id"": ""bmas"", ""typ"": ""UNTERSTELLT"", ""richtung"": ""eingehend"", ""seit"": null, ""quelle"": null}]";"[""https://www.audibkk.de/""]";"{""vollstaendigkeit_prozent"": 75.0, ""zuletzt_verifiziert"": ""2026-06-06"", ""verifikation_noetig"": false}";2026-06-06;2.0
ausamt_43;43;1.0;Auswärtiges Amt;;Ministerium;Bundesbehörde;Bund;Berlin;Berlin;"{""lat"": null, ""lon"": null}";;false;;Ministerium;https://www.service.bund.de;;6030.0;2025;13600;2024;aa;Auswärtiges Amt (AA);Ministerium;Finanzierung über das Ressort Auswärtiges Amt (AA);"[{""zu_id"": ""aa"", ""typ"": ""UNTERSTELLT"", ""richtung"": ""eingehend"", ""seit"": null, ""quelle"": null}]";"[""https://www.service.bund.de""]";"{""vollstaendigkeit_prozent"": 75.0, ""zuletzt_verifiziert"": ""2026-06-06"", ""verifikation_noetig"": false}";2026-06-06;2.0
ausfürdigsta_52044;52044;1.0;Ausschuss für Digitales und Staatsmodernisierung;;Bundesoberbehörde;Bundesbehörde;Bund;Berlin;Berlin;"{""lat"": null, ""lon"": null}";;false;;;https://www.service.bund.de;;62.93;2025;;;bt;Deutscher Bundestag;;Finanzierung über das Ressort Deutscher Bundestag;"[{""zu_id"": ""bt"", ""typ"": ""UNTERSTELLT"", ""richtung"": ""eingehend"", ""seit"": null, ""quelle"": null}]";"[""https://www.service.bund.de""]";"{""vollstaendigkeit_prozent"": 58.3, ""zuletzt_verifiziert"": ""2026-06-06"", ""verifikation_noetig"": false}";2026-06-06;2.0
ausmun_41;41;1.0;Ausbildungszentrum Munster;;Bundesoberbehörde;Bundesbehörde;Bund;Berlin;Berlin;"{""lat"": null, ""lon"": null}";;false;;Militärische Ausbildungsstätte;https://www.bundeswehr.de/de/organisation/heer/organisation/ausbildungskommando/panzertruppenschule/;;;;;;bmvg;Bundesministerium der Verteidigung (BMVg);Militärische Ausbildungsstätte;Finanzierung über das Ressort Bundesministerium der Verteidigung (BMVg);"[{""zu_id"": ""bmvg"", ""typ"": ""UNTERSTELLT"", ""richtung"": ""eingehend"", ""seit"": null, ""quelle"": null}]";"[""https://www.bundeswehr.de/de/organisation/heer/organisation/ausbildungskommando/panzertruppenschule/""]";"{""vollstaendigkeit_prozent"": 66.7, ""zuletzt_verifiziert"": ""2026-06-06"", ""verifikation_noetig"": false}";2026-06-06;2.0
ausspeope_42;42;1.0;Ausbildungszentrum Spezielle Operationen;;Bundesoberbehörde;Bundesbehörde;Bund;Berlin;Berlin;"{""lat"": null, ""lon"": null}";;false;;Militärische Ausbildungsstätte;https://www.bundeswehr.de/de/organisation/heer/organisation/ausbildungskommando/ausbildungszentrum-spezielle-operationen/;;;;;;bmvg;Bundesministerium der Verteidigung (BMVg);Militärische Ausbildungsstätte;Finanzierung über das Ressort Bundesministerium der Verteidigung (BMVg);"[{""zu_id"": ""bmvg"", ""typ"": ""UNTERSTELLT"", ""richtung"": ""eingehend"", ""seit"": null, ""quelle"": null}]";"[""https://www.bundeswehr.de/de/organisation/heer/organisation/ausbildungskommando/ausbildungszentrum-spezielle-operationen/""]";"{""vollstaendigkeit_prozent"": 66.7, ""zuletzt_verifiziert"": ""2026-06-06"", ""verifikation_noetig"": false}";2026-06-06;2.0
autnor_11168;11168;1.0;Autobahndirektion Nordbayern;;Bundesoberbehörde;Bundesbehörde;Bund;Berlin;Berlin;"{""lat"": null, ""lon"": null}";;false;;Autobahndirektion;https://www.service.bund.de;;;;;;bmv;Bundesministerium für Digitales und Verkehr (BMDV);Autobahndirektion;Finanzierung über das Ressort Bundesministerium für Digitales und Verkehr (BMDV);"[{""zu_id"": ""bmv"", ""typ"": ""UNTERSTELLT"", ""richtung"": ""eingehend"", ""seit"": null, ""quelle"": null}]";"[""https://www.service.bund.de""]";"{""vollstaendigkeit_prozent"": 66.7, ""zuletzt_verifiziert"": ""2026-06-06"", ""verifikation_noetig"": false}";2026-06-06;2.0
ba;;1.0;Bundesagentur für Arbeit;BA;KdöR;Körperschaft des öffentlichen Rechts;Bund;Nürnberg;Bayern;"{""lat"": null, ""lon"": null}";1952;false;;Arbeitsvermittlung, Arbeitslosenversicherung, Berufsberatung, Arbeitsmarktstatistik;https://www.arbeitsagentur.de;Sozialgesetzbuch III (SGB III);42500.0;2025;113000;2024;bmas;;;;"[{""zu_id"": ""bmas"", ""typ"": ""RECHTSAUFSICHT"", ""richtung"": ""eingehend"", ""seit"": 1952}]";"[""https://www.arbeitsagentur.de"", ""https://www.bundeshaushalt.de""]";"{""vollstaendigkeit_prozent"": 100.0, ""zuletzt_verifiziert"": ""2026-06-06"", ""verifikation_noetig"": false}";2026-06-06;2.0
baaInBw;;1.0;Bundesamt für Ausrüstung, Informationstechnik und Nutzung der Bundeswehr;BAAINBw;Bundesamt;Dienststelle der Bundeswehrverwaltung;Bund;Koblenz;Rheinland-Pfalz;"{""lat"": null, ""lon"": null}";2012;false;;Rüstung, IT der Bundeswehr, Beschaffung, Nutzungsmanagement, Materialerhaltung;https://www.baainbw.de;Organisationserlass BMVg;;;11000;2024;bmvg;;;;"[{""zu_id"": ""bmvg"", ""typ"": ""UNTERSTELLT"", ""richtung"": ""eingehend"", ""seit"": 2012}]";"[""https://www.baainbw.de"", ""https://www.bundeshaushalt.de""]";"{""vollstaendigkeit_prozent"": 100.0, ""zuletzt_verifiziert"": ""2026-06-06"", ""verifikation_noetig"": false}";2026-06-06;2.0
bafin;;1.0;Bundesanstalt für Finanzdienstleistungsaufsicht;BaFin;Bundesanstalt;Anstalt des öffentlichen Rechts;Bund;Bonn;Nordrhein-Westfalen;"{""lat"": null, ""lon"": null}";2002;false;;Finanzaufsicht, Bankenaufsicht, Versicherungsaufsicht, Wertpapieraufsicht, Verbraucherschutz;https://www.bafin.de;Finanzdienstleistungsaufsichtsgesetz (FinDAG);450.0;2025;3100;2024;bmf;;;;"[{""zu_id"": ""bmf"", ""typ"": ""RECHTSAUFSICHT"", ""richtung"": ""eingehend"", ""seit"": 2002}, {""zu_id"": ""dbb"", ""typ"": ""KOORDINIERT_MIT"", ""richtung"": ""ausgehend"", ""seit"": 2002}]";"[""https://www.bafin.de"", ""https://www.bundeshaushalt.de""]";"{""vollstaendigkeit_prozent"": 100.0, ""zuletzt_verifiziert"": ""2026-06-06"", ""verifikation_noetig"": false}";2026-06-06;2.0
bahbkk_6575;6575;1.0;BAHN-BKK;;KdöR;Bundesbehörde;Bund;Berlin;Berlin;"{""lat"": null, ""lon"": null}";;false;;Krankenkasse;https://www.bahn-bkk.de/;;2600.0;2025;1109;2024;bmas;Bundesministerium für Arbeit und Soziales (BMAS);Krankenkasse;Finanzierung über das Ressort Bundesministerium für Arbeit und Soziales (BMAS);"[{""zu_id"": ""bmas"", ""typ"": ""UNTERSTELLT"", ""richtung"": ""eingehend"", ""seit"": null, ""quelle"": null}]";"[""https://www.bahn-bkk.de/""]";"{""vollstaendigkeit_prozent"": 75.0, ""zuletzt_verifiziert"": ""2026-06-06"", ""verifikation_noetig"": false}";2026-06-06;2.0
bamf;;1.0;Bundesamt für Migration und Flüchtlinge;BAMF;Bundesoberbehörde;Bundesoberbehörde;Bund;Nürnberg;Bayern;"{""lat"": null, ""lon"": null}";1953;false;;Asylverfahren, Migration, Integration, Rückkehrförderung, Integrationskurse;https://www.bamf.de;Aufenthaltsgesetz § 75, Asylgesetz;879.1;2025;8000;2024;bmi;;;;"[{""zu_id"": ""bmi"", ""typ"": ""UNTERSTELLT"", ""richtung"": ""eingehend"", ""seit"": 1953}]";"[""https://www.bamf.de"", ""https://www.bundeshaushalt.de""]";"{""vollstaendigkeit_prozent"": 100.0, ""zuletzt_verifiziert"": ""2026-06-06"", ""verifikation_noetig"": false}";2026-06-06;2.0
bargek_44;44;1.0;BARMER GEK;;KdöR;Bundesbehörde;Bund;Berlin;Berlin;"{""lat"": null, ""lon"": null}";;false;;Krankenkasse;https://www.barmer.de/;;45000.0;2025;13859;2024;bmas;Bundesministerium für Arbeit und Soziales (BMAS);Krankenkasse;Finanzierung über das Ressort Bundesministerium für Arbeit und Soziales (BMAS);"[{""zu_id"": ""bmas"", ""typ"": ""UNTERSTELLT"", ""richtung"": ""eingehend"", ""seit"": null, ""quelle"": null}]";"[""https://www.barmer.de/""]";"{""vollstaendigkeit_prozent"": 75.0, ""zuletzt_verifiziert"": ""2026-06-06"", ""verifikation_noetig"": false}";2026-06-06;2.0
base;;1.0;Bundesamt für die Sicherheit der nuklearen Entsorgung;BASE;Bundesamt;Bundesoberbehörde;Bund;Berlin;Berlin;"{""lat"": null, ""lon"": null}";2014;false;;Nukleare Entsorgungssicherheit, Endlagersuche, Zwischenlagerüberwachung, Genehmigungen;https://www.base.bund.de;Gesetz zur Errichtung eines Bundesamtes für kerntechnische Entsorgungssicherheit;60.9;2025;450;2024;bmuv;;;;"[{""zu_id"": ""bmuv"", ""typ"": ""UNTERSTELLT"", ""richtung"": ""eingehend"", ""seit"": 2014}]";"[""https://www.base.bund.de"", ""https://www.bundeshaushalt.de""]";"{""vollstaendigkeit_prozent"": 100.0, ""zuletzt_verifiziert"": ""2026-06-06"", ""verifikation_noetig"": false}";2026-06-06;2.0
bast;;1.0;Bundesanstalt für Straßenwesen;BASt;Bundesanstalt;Bundesanstalt;Bund;Bergisch Gladbach;Nordrhein-Westfalen;"{""lat"": null, ""lon"": null}";1951;false;;Straßenverkehrssicherheit, Straßenbautechnik, Brückenbau, Fahrzeugtechnik, Verkehrsforschung;https://www.bast.de;Gesetz über die Errichtung der Bundesanstalt für Straßenwesen;53.4;2025;380;2024;bmv;;;;"[{""zu_id"": ""bmv"", ""typ"": ""UNTERSTELLT"", ""richtung"": ""eingehend"", ""seit"": 1951}]";"[""https://www.bast.de"", ""https://www.bundeshaushalt.de""]";"{""vollstaendigkeit_prozent"": 100.0, ""zuletzt_verifiziert"": ""2026-06-06"", ""verifikation_noetig"": false}";2026-06-06;2.0
baua;;1.0;Bundesanstalt für Arbeitsschutz und Arbeitsmedizin;BAuA;Bundesanstalt;Bundesanstalt;Bund;Dortmund;Nordrhein-Westfalen;"{""lat"": null, ""lon"": null}";1996;false;;Arbeitsschutz, Arbeitsmedizin, Arbeitssicherheit, Gefahrstoffe, Produktsicherheit;https://www.baua.de;Gesetz über die Errichtung der Bundesanstalt für Arbeitsschutz und Arbeitsmedizin;94.9;2025;650;2024;bmas;;;;"[{""zu_id"": ""bmas"", ""typ"": ""UNTERSTELLT"", ""richtung"": ""eingehend"", ""seit"": 1996}]";"[""https://www.baua.de"", ""https://www.bundeshaushalt.de""]";"{""vollstaendigkeit_prozent"": 100.0, ""zuletzt_verifiziert"": ""2026-06-06"", ""verifikation_noetig"": false}";2026-06-06;2.0
bbk;;1.0;Bundesamt für Bevölkerungsschutz und Katastrophenhilfe;BBK;Bundesamt;Bundesoberbehörde;Bund;Bonn;Nordrhein-Westfalen;"{""lat"": null, ""lon"": null}";2004;false;;Bevölkerungsschutz, Katastrophenhilfe, Warnung, KRITIS, Zivilschutz;https://www.bbk.bund.de;Zivilschutz- und Katastrophenhilfegesetz (ZSKG), BBK-Errichtungsgesetz;332.8;2025;502;2024;bmi;;;;"[{""zu_id"": ""bmi"", ""typ"": ""UNTERSTELLT"", ""richtung"": ""eingehend"", ""seit"": 2004}, {""zu_id"": ""thw"", ""typ"": ""KOORDINIERT_MIT"", ""richtung"": ""ausgehend"", ""seit"": 2004}]";"[""https://www.bbk.bund.de"", ""https://www.bundeshaushalt.de""]";"{""vollstaendigkeit_prozent"": 100.0, ""zuletzt_verifiziert"": ""2026-06-06"", ""verifikation_noetig"": false}";2026-06-06;2.0
beaaufsexkin_159;159;1.0;Beauftragte zur Aufarbeitung des sexuellen Kindesmissbrauchs;;Bundesoberbehörde;Bundesbehörde;Bund;Berlin;Berlin;"{""lat"": null, ""lon"": null}";;false;;Beauftragte;https://www.service.bund.de;;2.34;2025;;;bmas;Bundesministerium für Arbeit und Soziales (BMAS);Beauftragte;Finanzierung über das Ressort Bundesministerium für Arbeit und Soziales (BMAS);"[{""zu_id"": ""bmas"", ""typ"": ""UNTERSTELLT"", ""richtung"": ""eingehend"", ""seit"": null, ""quelle"": null}]";"[""https://www.service.bund.de""]";"{""vollstaendigkeit_prozent"": 66.7, ""zuletzt_verifiziert"": ""2026-06-06"", ""verifikation_noetig"": false}";2026-06-06;2.0
beabunfürakzsex_49839;49839;1.0;Beauftragter der Bundesregierung für die Akzeptanz sexueller und geschlechtlicher Vielfalt;;Bundesoberbehörde;Bundesbehörde;Bund;Berlin;Berlin;"{""lat"": null, ""lon"": null}";;false;;Beauftragte;https://www.bmbfsfj.bund.de/bmbfsfj/ministerium/behoerden-beauftragte-beiraete-gremien/beauftragte-der-bundesregierung-fuer-die-akzeptanz-sexueller-und-geschlechtlicher-vielfalt;;17.24;2025;;;bmbfsj;Bundesministerium für Familie, Senioren, Frauen und Jugend (BMFSFJ);Beauftragte;Finanzierung über das Ressort Bundesministerium für Familie, Senioren, Frauen und Jugend (BMFSFJ);"[{""zu_id"": ""bmbfsj"", ""typ"": ""UNTERSTELLT"", ""richtung"": ""eingehend"", ""seit"": null, ""quelle"": null}]";"[""https://www.bmbfsfj.bund.de/bmbfsfj/ministerium/behoerden-beauftragte-beiraete-gremien/beauftragte-der-bundesregierung-fuer-die-akzeptanz-sexueller-und-geschlechtlicher-vielfalt""]";"{""vollstaendigkeit_prozent"": 66.7, ""zuletzt_verifiziert"": ""2026-06-06"", ""verifikation_noetig"": false}";2026-06-06;2.0
beabunfüranlbet_48946;48946;1.0;Beauftragte der Bundesregierung für die Anliegen von Betroffenen von terroristischen und extremistischen Anschlägen im Inland;;Bundesoberbehörde;Bundesbehörde;Bund;Berlin;Berlin;"{""lat"": null, ""lon"": null}";;false;;Beauftragte;https://www.service.bund.de;;2.34;2025;;;bmi;Bundesministerium des Innern und für Heimat (BMI);Beauftragte;Finanzierung über das Ressort Bundesministerium des Innern und für Heimat (BMI);"[{""zu_id"": ""bmi"", ""typ"": ""UNTERSTELLT"", ""richtung"": ""eingehend"", ""seit"": null, ""quelle"": null}]";"[""https://www.service.bund.de""]";"{""vollstaendigkeit_prozent"": 66.7, ""zuletzt_verifiziert"": ""2026-06-06"", ""verifikation_noetig"": false}";2026-06-06;2.0
beabunfürausnat_48;48;1.0;Beauftragter der Bundesregierung für Aussiedlerfragen und nationale Minderheiten;;Bundesoberbehörde;Bundesbehörde;Bund;Berlin;Berlin;"{""lat"": null, ""lon"": null}";;false;;Beauftragte;https://www.service.bund.de;;183.68;2025;;;bmi;Bundesministerium des Innern und für Heimat (BMI);Beauftragte;Finanzierung über das Ressort Bundesministerium des Innern und für Heimat (BMI);"[{""zu_id"": ""bmi"", ""typ"": ""UNTERSTELLT"", ""richtung"": ""eingehend"", ""seit"": null, ""quelle"": null}]";"[""https://www.service.bund.de""]";"{""vollstaendigkeit_prozent"": 66.7, ""zuletzt_verifiziert"": ""2026-06-06"", ""verifikation_noetig"": false}";2026-06-06;2.0
beabunfürbelmen_50;50;1.0;Beauftragter der Bundesregierung für die Belange von Menschen mit Behinderungen;;Bundesoberbehörde;Bundesbehörde;Bund;Berlin;Berlin;"{""lat"": null, ""lon"": null}";;false;;Behindertenbeauftragte;https://www.service.bund.de;;17.24;2025;;;bmas;Bundesministerium für Arbeit und Soziales (BMAS);Behindertenbeauftragte;Finanzierung über das Ressort Bundesministerium für Arbeit und Soziales (BMAS);"[{""zu_id"": ""bmas"", ""typ"": ""UNTERSTELLT"", ""richtung"": ""eingehend"", ""seit"": null, ""quelle"": null}]";"[""https://www.service.bund.de""]";"{""vollstaendigkeit_prozent"": 66.7, ""zuletzt_verifiziert"": ""2026-06-06"", ""verifikation_noetig"": false}";2026-06-06;2.0
beabunfürbelpat_51;51;1.0;Beauftragter der Bundesregierung für die Belange der Patientinnen und Patienten;;Bundesoberbehörde;Bundesbehörde;Bund;Berlin;Berlin;"{""lat"": null, ""lon"": null}";;false;;Beauftragte;https://www.service.bund.de;;17.24;2025;;;bmg;Bundesministerium für Gesundheit (BMG);Beauftragte;Finanzierung über das Ressort Bundesministerium für Gesundheit (BMG);"[{""zu_id"": ""bmg"", ""typ"": ""UNTERSTELLT"", ""richtung"": ""eingehend"", ""seit"": null, ""quelle"": null}]";"[""https://www.service.bund.de""]";"{""vollstaendigkeit_prozent"": 66.7, ""zuletzt_verifiziert"": ""2026-06-06"", ""verifikation_noetig"": false}";2026-06-06;2.0
beabunfürberumz_49;49;1.0;Beauftragter der Bundesregierung für den Berlin-Umzug und den Bonn-Ausgleich;;Bundesoberbehörde;Bundesbehörde;Bund;Berlin;Berlin;"{""lat"": null, ""lon"": null}";;false;;Beauftragte;https://www.service.bund.de;;17.24;2025;;;bmv;Bundesministerium für Digitales und Verkehr (BMDV);Beauftragte;Finanzierung über das Ressort Bundesministerium für Digitales und Verkehr (BMDV);"[{""zu_id"": ""bmv"", ""typ"": ""UNTERSTELLT"", ""richtung"": ""eingehend"", ""seit"": null, ""quelle"": null}]";"[""https://www.service.bund.de""]";"{""vollstaendigkeit_prozent"": 66.7, ""zuletzt_verifiziert"": ""2026-06-06"", ""verifikation_noetig"": false}";2026-06-06;2.0
beabunfürdeueis_50153;50153;1.0;Beauftragter der Bundesregierung für die deutschen Eisenbahnstrecken auf Schweizer Gebiet;;Bundesoberbehörde;Bundesbehörde;Bund;Berlin;Berlin;"{""lat"": null, ""lon"": null}";;false;;Bahn;https://www.service.bund.de;;177.32;2025;;;bmv;Bundesministerium für Digitales und Verkehr (BMDV);Bahn;Finanzierung über das Ressort Bundesministerium für Digitales und Verkehr (BMDV);"[{""zu_id"": ""bmv"", ""typ"": ""UNTERSTELLT"", ""richtung"": ""eingehend"", ""seit"": null, ""quelle"": null}]";"[""https://www.service.bund.de""]";"{""vollstaendigkeit_prozent"": 66.7, ""zuletzt_verifiziert"": ""2026-06-06"", ""verifikation_noetig"": false}";2026-06-06;2.0
beabunfürfraabr_154;154;1.0;Beauftragter der Bundesregierung für Fragen der Abrüstung und Rüstungskontrolle;;Bundesoberbehörde;Bundesbehörde;Bund;Berlin;Berlin;"{""lat"": null, ""lon"": null}";;false;;Beauftragte;https://www.service.bund.de;;17.24;2025;;;aa;Auswärtiges Amt (AA);Beauftragte;Finanzierung über das Ressort Auswärtiges Amt (AA);"[{""zu_id"": ""aa"", ""typ"": ""UNTERSTELLT"", ""richtung"": ""eingehend"", ""seit"": null, ""quelle"": null}]";"[""https://www.service.bund.de""]";"{""vollstaendigkeit_prozent"": 66.7, ""zuletzt_verifiziert"": ""2026-06-06"", ""verifikation_noetig"": false}";2026-06-06;2.0
beabunfürinf_45;45;1.0;Beauftragte der Bundesregierung für Informationstechnik;;Bundesoberbehörde;Bundesbehörde;Bund;Berlin;Berlin;"{""lat"": null, ""lon"": null}";;false;;Beauftragte;https://www.service.bund.de;;2.34;2025;;;bmi;Bundesministerium des Innern und für Heimat (BMI);Beauftragte;Finanzierung über das Ressort Bundesministerium des Innern und für Heimat (BMI);"[{""zu_id"": ""bmi"", ""typ"": ""UNTERSTELLT"", ""richtung"": ""eingehend"", ""seit"": null, ""quelle"": null}]";"[""https://www.service.bund.de""]";"{""vollstaendigkeit_prozent"": 66.7, ""zuletzt_verifiziert"": ""2026-06-06"", ""verifikation_noetig"": false}";2026-06-06;2.0
beabunfürjüdleb_48939;48939;1.0;Beauftragter der Bundesregierung für jüdisches Leben in Deutschland und den Kampf gegen Antisemitismus;;Bundesoberbehörde;Bundesbehörde;Bund;Berlin;Berlin;"{""lat"": null, ""lon"": null}";;false;;Beauftragte;https://www.service.bund.de;;74.77;2025;;;bmi;Bundesministerium des Innern und für Heimat (BMI);Beauftragte;Finanzierung über das Ressort Bundesministerium des Innern und für Heimat (BMI);"[{""zu_id"": ""bmi"", ""typ"": ""UNTERSTELLT"", ""richtung"": ""eingehend"", ""seit"": null, ""quelle"": null}]";"[""https://www.service.bund.de""]";"{""vollstaendigkeit_prozent"": 66.7, ""zuletzt_verifiziert"": ""2026-06-06"", ""verifikation_noetig"": false}";2026-06-06;2.0
beabunfürkulmed_155;155;1.0;Beauftragter der Bundesregierung für Kultur und Medien;;Bundesoberbehörde;Oberste Bundesbehörde;Bund;Berlin;Berlin;"{""lat"": null, ""lon"": null}";;false;;Kultur;https://www.kulturstaatsministerin.de;;2300.0;2025;450;2024;bkamt;Beauftragte der Bundesregierung für Kultur und Medien (BKM);Kultur;Kultur und Medien;"[{""zu_id"": ""bkamt"", ""typ"": ""UNTERSTELLT"", ""richtung"": ""eingehend"", ""seit"": null, ""quelle"": null}]";"[""https://www.kulturstaatsministerin.de""]";"{""vollstaendigkeit_prozent"": 75.0, ""zuletzt_verifiziert"": ""2026-06-06"", ""verifikation_noetig"": false}";2026-06-06;2.0
beabunfürmen_46;46;1.0;Beauftragte der Bundesregierung für Menschenrechtsfragen;;Bundesoberbehörde;Bundesbehörde;Bund;Berlin;Berlin;"{""lat"": null, ""lon"": null}";;false;;;https://www.service.bund.de;;2.34;2025;;;bmjv;Bundesministerium der Justiz (BMJ);;Finanzierung über das Ressort Bundesministerium der Justiz (BMJ);"[{""zu_id"": ""bmjv"", ""typ"": ""UNTERSTELLT"", ""richtung"": ""eingehend"", ""seit"": null, ""quelle"": null}]";"[""https://www.service.bund.de""]";"{""vollstaendigkeit_prozent"": 58.3, ""zuletzt_verifiziert"": ""2026-06-06"", ""verifikation_noetig"": false}";2026-06-06;2.0
beabunfürmenhum_156;156;1.0;Beauftragter der Bundesregierung für Menschenrechtspolitik und Humanitäre Hilfe;;Bundesoberbehörde;Bundesbehörde;Bund;Berlin;Berlin;"{""lat"": null, ""lon"": null}";;false;;Beauftragte;https://www.service.bund.de;;605.73;2025;;;aa;Auswärtiges Amt (AA);Beauftragte;Finanzierung über das Ressort Auswärtiges Amt (AA);"[{""zu_id"": ""aa"", ""typ"": ""UNTERSTELLT"", ""richtung"": ""eingehend"", ""seit"": null, ""quelle"": null}]";"[""https://www.service.bund.de""]";"{""vollstaendigkeit_prozent"": 66.7, ""zuletzt_verifiziert"": ""2026-06-06"", ""verifikation_noetig"": false}";2026-06-06;2.0
beabunfürmenjus_48945;48945;1.0;Beauftragte der Bundesregierung für Menschenrechtsfragen im Bundesministerium der Justiz;;Bundesoberbehörde;Oberste Bundesbehörde;Bund;Berlin;Berlin;"{""lat"": null, ""lon"": null}";;false;;Beauftragte;https://www.bmj.de;;1200.0;2025;1000;2024;bmjv;Bundesministerium der Justiz (BMJ);Beauftragte;Bundesministerium der Justiz;"[{""zu_id"": ""bmjv"", ""typ"": ""UNTERSTELLT"", ""richtung"": ""eingehend"", ""seit"": null, ""quelle"": null}]";"[""https://www.bmj.de""]";"{""vollstaendigkeit_prozent"": 75.0, ""zuletzt_verifiziert"": ""2026-06-06"", ""verifikation_noetig"": false}";2026-06-06;2.0
beabunfürmigflü_47;47;1.0;Beauftragte der Bundesregierung für Migration, Flüchtlinge und Integration;;Bundesoberbehörde;Bundesbehörde;Bund;Berlin;Berlin;"{""lat"": null, ""lon"": null}";;false;;Beauftragte;https://www.service.bund.de;;31.31;2025;;;bkamt;Bundeskanzleramt (BKAmt);Beauftragte;Finanzierung über das Ressort Bundeskanzleramt (BKAmt);"[{""zu_id"": ""bkamt"", ""typ"": ""UNTERSTELLT"", ""richtung"": ""eingehend"", ""seit"": null, ""quelle"": null}]";"[""https://www.service.bund.de""]";"{""vollstaendigkeit_prozent"": 66.7, ""zuletzt_verifiziert"": ""2026-06-06"", ""verifikation_noetig"": false}";2026-06-06;2.0
beabunfürmit_157;157;1.0;Beauftragter der Bundesregierung für Mittelstand;;Bundesoberbehörde;Bundesbehörde;Bund;Berlin;Berlin;"{""lat"": null, ""lon"": null}";;false;;Beauftragte;https://www.service.bund.de;;17.24;2025;;;bmwi;Bundesministerium für Wirtschaft und Klimaschutz (BMWK);Beauftragte;Finanzierung über das Ressort Bundesministerium für Wirtschaft und Klimaschutz (BMWK);"[{""zu_id"": ""bmwi"", ""typ"": ""UNTERSTELLT"", ""richtung"": ""eingehend"", ""seit"": null, ""quelle"": null}]";"[""https://www.service.bund.de""]";"{""vollstaendigkeit_prozent"": 66.7, ""zuletzt_verifiziert"": ""2026-06-06"", ""verifikation_noetig"": false}";2026-06-06;2.0
beabunfürnac_52;52;1.0;Beauftragter der Bundesregierung für die Nachrichtendienste;;Bundesoberbehörde;Bundesbehörde;Bund;Berlin;Berlin;"{""lat"": null, ""lon"": null}";;false;;;https://www.service.bund.de;;3.83;2025;;;bkamt;Bundeskanzleramt (BKAmt);;Finanzierung über das Ressort Bundeskanzleramt (BKAmt);"[{""zu_id"": ""bkamt"", ""typ"": ""UNTERSTELLT"", ""richtung"": ""eingehend"", ""seit"": null, ""quelle"": null}]";"[""https://www.service.bund.de""]";"{""vollstaendigkeit_prozent"": 58.3, ""zuletzt_verifiziert"": ""2026-06-06"", ""verifikation_noetig"": false}";2026-06-06;2.0
beabunfürost_53;53;1.0;Beauftragter der Bundesregierung für Ostdeutschland;;Bundesoberbehörde;Bundesbehörde;Bund;Berlin;Berlin;"{""lat"": null, ""lon"": null}";;false;;Beauftragte;https://www.service.bund.de;;17.24;2025;;;bmwi;Bundesministerium für Wirtschaft und Klimaschutz (BMWK);Beauftragte;Finanzierung über das Ressort Bundesministerium für Wirtschaft und Klimaschutz (BMWK);"[{""zu_id"": ""bmwi"", ""typ"": ""UNTERSTELLT"", ""richtung"": ""eingehend"", ""seit"": null, ""quelle"": null}]";"[""https://www.service.bund.de""]";"{""vollstaendigkeit_prozent"": 66.7, ""zuletzt_verifiziert"": ""2026-06-06"", ""verifikation_noetig"": false}";2026-06-06;2.0
beabunfürrelwel_48950;48950;1.0;Beauftragter der Bundesregierung für Religions- und Weltanschauungsfreiheit;;Bundesoberbehörde;Bundesbehörde;Bund;Berlin;Berlin;"{""lat"": null, ""lon"": null}";;false;;Beauftragte;https://www.service.bund.de;;17.24;2025;;;bmi;Bundesministerium des Innern und für Heimat (BMI);Beauftragte;Finanzierung über das Ressort Bundesministerium des Innern und für Heimat (BMI);"[{""zu_id"": ""bmi"", ""typ"": ""UNTERSTELLT"", ""richtung"": ""eingehend"", ""seit"": null, ""quelle"": null}]";"[""https://www.service.bund.de""]";"{""vollstaendigkeit_prozent"": 66.7, ""zuletzt_verifiziert"": ""2026-06-06"", ""verifikation_noetig"": false}";2026-06-06;2.0
beabunfürsch_48948;48948;1.0;Beauftragter der Bundesregierung für den Schienenverkehr;;Bundesoberbehörde;Bundesbehörde;Bund;Berlin;Berlin;"{""lat"": null, ""lon"": null}";;false;;Beauftragte;https://www.service.bund.de;;17.24;2025;;;bmv;Bundesministerium für Digitales und Verkehr (BMDV);Beauftragte;Finanzierung über das Ressort Bundesministerium für Digitales und Verkehr (BMDV);"[{""zu_id"": ""bmv"", ""typ"": ""UNTERSTELLT"", ""richtung"": ""eingehend"", ""seit"": null, ""quelle"": null}]";"[""https://www.service.bund.de""]";"{""vollstaendigkeit_prozent"": 66.7, ""zuletzt_verifiziert"": ""2026-06-06"", ""verifikation_noetig"": false}";2026-06-06;2.0
beabunfürspoehr_51929;51929;1.0;Die Beauftragte der Bundesregierung für Sport und Ehrenamt;;Bundesoberbehörde;Bundesbehörde;Bund;Berlin;Berlin;"{""lat"": null, ""lon"": null}";;false;;Sport und Freizeit;https://www.service.bund.de;;386.48;2025;;;bmi;Bundesministerium des Innern und für Heimat (BMI);Sport und Freizeit;Finanzierung über das Ressort Bundesministerium des Innern und für Heimat (BMI);"[{""zu_id"": ""bmi"", ""typ"": ""UNTERSTELLT"", ""richtung"": ""eingehend"", ""seit"": null, ""quelle"": null}]";"[""https://www.service.bund.de""]";"{""vollstaendigkeit_prozent"": 66.7, ""zuletzt_verifiziert"": ""2026-06-06"", ""verifikation_noetig"": false}";2026-06-06;2.0
beabunfürsucdro_326;326;1.0;Beauftragter der Bundesregierung für Sucht- und Drogenfragen;;Bundesoberbehörde;Bundesbehörde;Bund;Berlin;Berlin;"{""lat"": null, ""lon"": null}";;false;;Beauftragte;https://www.service.bund.de;;17.24;2025;;;bmg;Bundesministerium für Gesundheit (BMG);Beauftragte;Finanzierung über das Ressort Bundesministerium für Gesundheit (BMG);"[{""zu_id"": ""bmg"", ""typ"": ""UNTERSTELLT"", ""richtung"": ""eingehend"", ""seit"": null, ""quelle"": null}]";"[""https://www.service.bund.de""]";"{""vollstaendigkeit_prozent"": 66.7, ""zuletzt_verifiziert"": ""2026-06-06"", ""verifikation_noetig"": false}";2026-06-06;2.0
beafürdeufrazus_158;158;1.0;Beauftragter für die deutsch-französische Zusammenarbeit;;Bundesoberbehörde;Bundesbehörde;Bund;Berlin;Berlin;"{""lat"": null, ""lon"": null}";;false;;Beauftragte;https://www.service.bund.de;;180.06;2025;;;aa;Auswärtiges Amt (AA);Beauftragte;Finanzierung über das Ressort Auswärtiges Amt (AA);"[{""zu_id"": ""aa"", ""typ"": ""UNTERSTELLT"", ""richtung"": ""eingehend"", ""seit"": null, ""quelle"": null}]";"[""https://www.service.bund.de""]";"{""vollstaendigkeit_prozent"": 66.7, ""zuletzt_verifiziert"": ""2026-06-06"", ""verifikation_noetig"": false}";2026-06-06;2.0
beafürnacbun_48938;48938;1.0;Beauftragter für die Nachrichtendienste des Bundes;;Bundesoberbehörde;Bundesbehörde;Bund;Berlin;Berlin;"{""lat"": null, ""lon"": null}";;false;;Beauftragte;https://www.service.bund.de;;183.68;2025;;;bkamt;Bundeskanzleramt (BKAmt);Beauftragte;Finanzierung über das Ressort Bundeskanzleramt (BKAmt);"[{""zu_id"": ""bkamt"", ""typ"": ""UNTERSTELLT"", ""richtung"": ""eingehend"", ""seit"": null, ""quelle"": null}]";"[""https://www.service.bund.de""]";"{""vollstaendigkeit_prozent"": 66.7, ""zuletzt_verifiziert"": ""2026-06-06"", ""verifikation_noetig"": false}";2026-06-06;2.0
beiardzdfdeu_50242;50242;1.0;Beitragsservice der ARD ZDF und Deutschlandradio;;AdöR;Anstalt des öffentlichen Rechts;Bund;Berlin;Berlin;"{""lat"": null, ""lon"": null}";;false;;Rundfunkanstalt;https://www.service.bund.de;;;;;;bkamt;Beauftragte der Bundesregierung für Kultur und Medien (BKM);Rundfunkanstalt;Finanzierung über das Ressort Beauftragte der Bundesregierung für Kultur und Medien (BKM);"[{""zu_id"": ""bkamt"", ""typ"": ""UNTERSTELLT"", ""richtung"": ""eingehend"", ""seit"": null, ""quelle"": null}]";"[""https://www.service.bund.de""]";"{""vollstaendigkeit_prozent"": 66.7, ""zuletzt_verifiziert"": ""2026-06-06"", ""verifikation_noetig"": false}";2026-06-06;2.0
berbau_237;237;1.0;Berufsgenossenschaft der Bauwirtschaft;;KdöR;Bundesbehörde;Bund;Berlin;Berlin;"{""lat"": null, ""lon"": null}";;false;;Berufsgenossenschaft;https://www.service.bund.de;;;;;;bmas;Bundesministerium für Arbeit und Soziales (BMAS);Berufsgenossenschaft;Finanzierung über das Ressort Bundesministerium für Arbeit und Soziales (BMAS);"[{""zu_id"": ""bmas"", ""typ"": ""UNTERSTELLT"", ""richtung"": ""eingehend"", ""seit"": null, ""quelle"": null}]";"[""https://www.service.bund.de""]";"{""vollstaendigkeit_prozent"": 66.7, ""zuletzt_verifiziert"": ""2026-06-06"", ""verifikation_noetig"": false}";2026-06-06;2.0
berbkk_6576;6576;1.0;Bertelsmann BKK;;KdöR;Bundesbehörde;Bund;Berlin;Berlin;"{""lat"": null, ""lon"": null}";;false;;Krankenkasse;https://www.bertelsmann-bkk.de;;166.8;2025;98;2024;bmas;Bundesministerium für Arbeit und Soziales (BMAS);Krankenkasse;Finanzierung über das Ressort Bundesministerium für Arbeit und Soziales (BMAS);"[{""zu_id"": ""bmas"", ""typ"": ""UNTERSTELLT"", ""richtung"": ""eingehend"", ""seit"": null, ""quelle"": null}]";"[""https://www.bertelsmann-bkk.de""]";"{""vollstaendigkeit_prozent"": 75.0, ""zuletzt_verifiziert"": ""2026-06-06"", ""verifikation_noetig"": false}";2026-06-06;2.0
berenetexelemed_240;240;1.0;Berufsgenossenschaft Energie Textil Elektro Medienerzeugnisse;;KdöR;Bundesbehörde;Bund;Berlin;Berlin;"{""lat"": null, ""lon"": null}";;false;;Berufsgenossenschaft;https://www.service.bund.de;;610.89;2025;;;bmas;Bundesministerium für Arbeit und Soziales (BMAS);Berufsgenossenschaft;Finanzierung über das Ressort Bundesministerium für Arbeit und Soziales (BMAS);"[{""zu_id"": ""bmas"", ""typ"": ""UNTERSTELLT"", ""richtung"": ""eingehend"", ""seit"": null, ""quelle"": null}]";"[""https://www.service.bund.de""]";"{""vollstaendigkeit_prozent"": 66.7, ""zuletzt_verifiziert"": ""2026-06-06"", ""verifikation_noetig"": false}";2026-06-06;2.0
berfürgeswoh_241;241;1.0;Berufsgenossenschaft für Gesundheitsdienst und Wohlfahrtspflege;;KdöR;Bundesbehörde;Bund;Berlin;Berlin;"{""lat"": null, ""lon"": null}";;false;;Berufsgenossenschaft;https://www.bgw-online.de/;;;;2200;2024;bmas;Bundesministerium für Arbeit und Soziales (BMAS);Berufsgenossenschaft;Finanzierung über das Ressort Bundesministerium für Arbeit und Soziales (BMAS);"[{""zu_id"": ""bmas"", ""typ"": ""UNTERSTELLT"", ""richtung"": ""eingehend"", ""seit"": null, ""quelle"": null}]";"[""https://www.bgw-online.de/""]";"{""vollstaendigkeit_prozent"": 75.0, ""zuletzt_verifiziert"": ""2026-06-06"", ""verifikation_noetig"": false}";2026-06-06;2.0
berhanwar_243;243;1.0;Berufsgenossenschaft Handel und Warendistribution;;KdöR;Bundesbehörde;Bund;Berlin;Berlin;"{""lat"": null, ""lon"": null}";;false;;Berufsgenossenschaft;https://www.service.bund.de;;;;;;bmas;Bundesministerium für Arbeit und Soziales (BMAS);Berufsgenossenschaft;Finanzierung über das Ressort Bundesministerium für Arbeit und Soziales (BMAS);"[{""zu_id"": ""bmas"", ""typ"": ""UNTERSTELLT"", ""richtung"": ""eingehend"", ""seit"": null, ""quelle"": null}]";"[""https://www.service.bund.de""]";"{""vollstaendigkeit_prozent"": 66.7, ""zuletzt_verifiziert"": ""2026-06-06"", ""verifikation_noetig"": false}";2026-06-06;2.0
berholmet_244;244;1.0;Berufsgenossenschaft Holz und Metall;;KdöR;Bundesbehörde;Bund;Berlin;Berlin;"{""lat"": null, ""lon"": null}";;false;;Berufsgenossenschaft;https://www.service.bund.de;;;;3045;2024;bmas;Bundesministerium für Arbeit und Soziales (BMAS);Berufsgenossenschaft;Finanzierung über das Ressort Bundesministerium für Arbeit und Soziales (BMAS);"[{""zu_id"": ""bmas"", ""typ"": ""UNTERSTELLT"", ""richtung"": ""eingehend"", ""seit"": null, ""quelle"": null}]";"[""https://www.service.bund.de""]";"{""vollstaendigkeit_prozent"": 75.0, ""zuletzt_verifiziert"": ""2026-06-06"", ""verifikation_noetig"": false}";2026-06-06;2.0
berkle_162;162;1.0;Berufsbildungszentrum Kleinmachnow;;Bundesoberbehörde;Bundesbehörde;Bund;Berlin;Berlin;"{""lat"": null, ""lon"": null}";;false;;Berufsbildung;https://www.service.bund.de;;;;;;bmv;Bundesministerium für Digitales und Verkehr (BMDV);Berufsbildung;Finanzierung über das Ressort Bundesministerium für Digitales und Verkehr (BMDV);"[{""zu_id"": ""bmv"", ""typ"": ""UNTERSTELLT"", ""richtung"": ""eingehend"", ""seit"": null, ""quelle"": null}]";"[""https://www.service.bund.de""]";"{""vollstaendigkeit_prozent"": 66.7, ""zuletzt_verifiziert"": ""2026-06-06"", ""verifikation_noetig"": false}";2026-06-06;2.0
berkob_163;163;1.0;Berufsbildungszentrum Koblenz;;Bundesoberbehörde;Bundesbehörde;Bund;Koblenz;Rheinland-Pfalz;"{""lat"": null, ""lon"": null}";;false;;Berufsbildung;https://www.service.bund.de;;;;;;bmv;Bundesministerium für Digitales und Verkehr (BMDV);Berufsbildung;Finanzierung über das Ressort Bundesministerium für Digitales und Verkehr (BMDV);"[{""zu_id"": ""bmv"", ""typ"": ""UNTERSTELLT"", ""richtung"": ""eingehend"", ""seit"": null, ""quelle"": null}]";"[""https://www.service.bund.de""]";"{""vollstaendigkeit_prozent"": 66.7, ""zuletzt_verifiziert"": ""2026-06-06"", ""verifikation_noetig"": false}";2026-06-06;2.0
bernahgas_245;245;1.0;Berufsgenossenschaft Nahrungsmittel und Gastgewerbe;;KdöR;Bundesbehörde;Bund;Berlin;Berlin;"{""lat"": null, ""lon"": null}";;false;;Berufsgenossenschaft;https://www.service.bund.de;;;;;;bmas;Bundesministerium für Arbeit und Soziales (BMAS);Berufsgenossenschaft;Finanzierung über das Ressort Bundesministerium für Arbeit und Soziales (BMAS);"[{""zu_id"": ""bmas"", ""typ"": ""UNTERSTELLT"", ""richtung"": ""eingehend"", ""seit"": null, ""quelle"": null}]";"[""https://www.service.bund.de""]";"{""vollstaendigkeit_prozent"": 66.7, ""zuletzt_verifiziert"": ""2026-06-06"", ""verifikation_noetig"": false}";2026-06-06;2.0
berrohcheind_4048;4048;1.0;Berufsgenossenschaft Rohstoffe und chemische Industrie;;KdöR;Bundesbehörde;Bund;Berlin;Berlin;"{""lat"": null, ""lon"": null}";;false;;Berufsgenossenschaft;https://www.service.bund.de;;106.33;2025;;;bmas;Bundesministerium für Arbeit und Soziales (BMAS);Berufsgenossenschaft;Finanzierung über das Ressort Bundesministerium für Arbeit und Soziales (BMAS);"[{""zu_id"": ""bmas"", ""typ"": ""UNTERSTELLT"", ""richtung"": ""eingehend"", ""seit"": null, ""quelle"": null}]";"[""https://www.service.bund.de""]";"{""vollstaendigkeit_prozent"": 66.7, ""zuletzt_verifiziert"": ""2026-06-06"", ""verifikation_noetig"": false}";2026-06-06;2.0
berverposlogtel_242;242;1.0;Berufsgenossenschaft Verkehrswirtschaft Post-Logistik Telekommunikation;;KdöR;Bundesbehörde;Bund;Berlin;Berlin;"{""lat"": null, ""lon"": null}";;false;;Berufsgenossenschaft;https://www.service.bund.de;;303.46;2025;1480;2024;bmas;Bundesministerium für Arbeit und Soziales (BMAS);Berufsgenossenschaft;Finanzierung über das Ressort Bundesministerium für Arbeit und Soziales (BMAS);"[{""zu_id"": ""bmas"", ""typ"": ""UNTERSTELLT"", ""richtung"": ""eingehend"", ""seit"": null, ""quelle"": null}]";"[""https://www.service.bund.de""]";"{""vollstaendigkeit_prozent"": 75.0, ""zuletzt_verifiziert"": ""2026-06-06"", ""verifikation_noetig"": false}";2026-06-06;2.0
berverposlogtel_33201;33201;1.0;Berufsgenossenschaft Verkehrswirtschaft Post-Logistik Telekommunikation;;KdöR;Bundesbehörde;Bund;Berlin;Berlin;"{""lat"": null, ""lon"": null}";;false;;Unfallkasse;https://www.service.bund.de;;303.46;2025;1480;2024;bmas;Bundesministerium für Arbeit und Soziales (BMAS);Unfallkasse;Finanzierung über das Ressort Bundesministerium für Arbeit und Soziales (BMAS);"[{""zu_id"": ""bmas"", ""typ"": ""UNTERSTELLT"", ""richtung"": ""eingehend"", ""seit"": null, ""quelle"": null}]";"[""https://www.service.bund.de""]";"{""vollstaendigkeit_prozent"": 75.0, ""zuletzt_verifiziert"": ""2026-06-06"", ""verifikation_noetig"": false}";2026-06-06;2.0
besbuninn_246;246;1.0;Beschaffungsamt des Bundesministeriums des Innern;;Bundesoberbehörde;Bundesbehörde;Bund;Berlin;Berlin;"{""lat"": null, ""lon"": null}";;false;;Vergabe;https://www.service.bund.de;;49.0;2025;346;2024;bmi;Bundesministerium des Innern und für Heimat (BMI);Vergabe;Finanzierung über das Ressort Bundesministerium des Innern und für Heimat (BMI);"[{""zu_id"": ""bmi"", ""typ"": ""UNTERSTELLT"", ""richtung"": ""eingehend"", ""seit"": null, ""quelle"": null}]";"[""https://www.service.bund.de""]";"{""vollstaendigkeit_prozent"": 75.0, ""zuletzt_verifiziert"": ""2026-06-06"", ""verifikation_noetig"": false}";2026-06-06;2.0
besforgbr_51656;51656;1.0;Bescheinigungsstelle Forschungszulage GbR;;Bundesanstalt;Anstalt des öffentlichen Rechts;Bund;Berlin;Berlin;"{""lat"": null, ""lon"": null}";;false;;Bundesanstalt;https://www.service.bund.de;;;;;;bmbfsj;Bundesministerium für Bildung und Forschung (BMBF);Bundesanstalt;Finanzierung über das Ressort Bundesministerium für Bildung und Forschung (BMBF);"[{""zu_id"": ""bmbfsj"", ""typ"": ""UNTERSTELLT"", ""richtung"": ""eingehend"", ""seit"": null, ""quelle"": null}]";"[""https://www.service.bund.de""]";"{""vollstaendigkeit_prozent"": 66.7, ""zuletzt_verifiziert"": ""2026-06-06"", ""verifikation_noetig"": false}";2026-06-06;2.0
bet_52010;52010;1.0;EY Betriebskrankenkasse;;KdöR;Bundesbehörde;Bund;Berlin;Berlin;"{""lat"": null, ""lon"": null}";;false;;Krankenkasse;https://www.ey-bkk.de/;;39.0;2025;;;bmg;Bundesministerium für Gesundheit (BMG);Krankenkasse;Finanzierung über das Ressort Bundesministerium für Gesundheit (BMG);"[{""zu_id"": ""bmg"", ""typ"": ""UNTERSTELLT"", ""richtung"": ""eingehend"", ""seit"": null, ""quelle"": null}]";"[""https://www.ey-bkk.de/""]";"{""vollstaendigkeit_prozent"": 66.7, ""zuletzt_verifiziert"": ""2026-06-06"", ""verifikation_noetig"": false}";2026-06-06;2.0
bet_7774;7774;1.0;R+V Betriebskrankenkasse;;KdöR;Bundesbehörde;Bund;Berlin;Berlin;"{""lat"": null, ""lon"": null}";;false;;Krankenkasse;https://www.ruv-bkk.de/;;596.0;2025;320;2024;bmg;Bundesministerium für Gesundheit (BMG);Krankenkasse;Finanzierung über das Ressort Bundesministerium für Gesundheit (BMG);"[{""zu_id"": ""bmg"", ""typ"": ""UNTERSTELLT"", ""richtung"": ""eingehend"", ""seit"": null, ""quelle"": null}]";"[""https://www.ruv-bkk.de/""]";"{""vollstaendigkeit_prozent"": 75.0, ""zuletzt_verifiziert"": ""2026-06-06"", ""verifikation_noetig"": false}";2026-06-06;2.0
betmob_6587;6587;1.0;Betriebskrankenkasse Mobil;;KdöR;Bundesbehörde;Bund;Berlin;Berlin;"{""lat"": null, ""lon"": null}";;false;;Krankenkasse;https://mobil-krankenkasse.de/;;3490.0;2025;1867;2024;bmas;Bundesministerium für Arbeit und Soziales (BMAS);Krankenkasse;Finanzierung über das Ressort Bundesministerium für Arbeit und Soziales (BMAS);"[{""zu_id"": ""bmas"", ""typ"": ""UNTERSTELLT"", ""richtung"": ""eingehend"", ""seit"": null, ""quelle"": null}]";"[""https://mobil-krankenkasse.de/""]";"{""vollstaendigkeit_prozent"": 75.0, ""zuletzt_verifiziert"": ""2026-06-06"", ""verifikation_noetig"": false}";2026-06-06;2.0
bettec_51991;51991;1.0;Betriebskrankenkasse Technoform;;KdöR;Bundesbehörde;Bund;Berlin;Berlin;"{""lat"": null, ""lon"": null}";;false;;Krankenkasse;https://www.service.bund.de;;;;;;bmg;Bundesministerium für Gesundheit (BMG);Krankenkasse;Finanzierung über das Ressort Bundesministerium für Gesundheit (BMG);"[{""zu_id"": ""bmg"", ""typ"": ""UNTERSTELLT"", ""richtung"": ""eingehend"", ""seit"": null, ""quelle"": null}]";"[""https://www.service.bund.de""]";"{""vollstaendigkeit_prozent"": 66.7, ""zuletzt_verifiziert"": ""2026-06-06"", ""verifikation_noetig"": false}";2026-06-06;2.0
bevbunfürpfl_48947;48947;1.0;Bevollmächtigte der Bundesregierung für Pflege;;Bundesoberbehörde;Bundesbehörde;Bund;Berlin;Berlin;"{""lat"": null, ""lon"": null}";;false;;Beauftragte;https://www.service.bund.de;;978.16;2025;;;bmg;Bundesministerium für Gesundheit (BMG);Beauftragte;Finanzierung über das Ressort Bundesministerium für Gesundheit (BMG);"[{""zu_id"": ""bmg"", ""typ"": ""UNTERSTELLT"", ""richtung"": ""eingehend"", ""seit"": null, ""quelle"": null}]";"[""https://www.service.bund.de""]";"{""vollstaendigkeit_prozent"": 66.7, ""zuletzt_verifiziert"": ""2026-06-06"", ""verifikation_noetig"": false}";2026-06-06;2.0
bewärz_52199;52199;1.0;Bewertungsausschuss Ärzte;;Bundesoberbehörde;Bundesbehörde;Bund;Berlin;Berlin;"{""lat"": null, ""lon"": null}";;false;;;https://www.service.bund.de;;;;;;bt;Deutscher Bundestag;;Finanzierung über das Ressort Deutscher Bundestag;"[{""zu_id"": ""bt"", ""typ"": ""UNTERSTELLT"", ""richtung"": ""eingehend"", ""seit"": null, ""quelle"": null}]";"[""https://www.service.bund.de""]";"{""vollstaendigkeit_prozent"": 58.3, ""zuletzt_verifiziert"": ""2026-06-06"", ""verifikation_noetig"": false}";2026-06-06;2.0
bfarm;;1.0;Bundesinstitut für Arzneimittel und Medizinprodukte;BfArM;Bundesoberbehörde;Bundesoberbehörde;Bund;Bonn;Nordrhein-Westfalen;"{""lat"": null, ""lon"": null}";1994;false;;Arzneimittelzulassung, Medizinprodukte, Betäubungsmittel, Risikobewertung;https://www.bfarm.de;Arzneimittelgesetz (AMG), Medizinprodukterecht-Durchführungsgesetz (MPDG);140.4;2025;1350;2024;bmg;;;;"[{""zu_id"": ""bmg"", ""typ"": ""UNTERSTELLT"", ""richtung"": ""eingehend"", ""seit"": 1994}]";"[""https://www.bfarm.de"", ""https://www.bundeshaushalt.de""]";"{""vollstaendigkeit_prozent"": 100.0, ""zuletzt_verifiziert"": ""2026-06-06"", ""verifikation_noetig"": false}";2026-06-06;2.0
bfn;;1.0;Bundesamt für Naturschutz;BfN;Bundesamt;Bundesoberbehörde;Bund;Bonn;Nordrhein-Westfalen;"{""lat"": null, ""lon"": null}";1993;false;;Naturschutz, Biodiversität, Artenschutz, Landschaftspflege, Meeresschutz;https://www.bfn.de;Bundesnaturschutzgesetz (BNatSchG);65.6;2025;430;2024;bmuv;;;;"[{""zu_id"": ""bmuv"", ""typ"": ""UNTERSTELLT"", ""richtung"": ""eingehend"", ""seit"": 1993}]";"[""https://www.bfn.de"", ""https://www.bundeshaushalt.de""]";"{""vollstaendigkeit_prozent"": 100.0, ""zuletzt_verifiziert"": ""2026-06-06"", ""verifikation_noetig"": false}";2026-06-06;2.0
bfv;;1.0;Bundesamt für Verfassungsschutz;BfV;Bundesoberbehörde;Bundesoberbehörde;Bund;Köln;Nordrhein-Westfalen;"{""lat"": null, ""lon"": null}";1950;false;;Inlandsnachrichtendienst, Verfassungsschutz, Extremismusbeobachtung, Spionageabwehr;https://www.verfassungsschutz.de;Bundesverfassungsschutzgesetz (BVerfSchG);577.0;2025;4200;2024;bmi;;;;"[{""zu_id"": ""bmi"", ""typ"": ""UNTERSTELLT"", ""richtung"": ""eingehend"", ""seit"": 1950}]";"[""https://www.verfassungsschutz.de"", ""https://www.bundeshaushalt.de""]";"{""vollstaendigkeit_prozent"": 100.0, ""zuletzt_verifiziert"": ""2026-06-06"", ""verifikation_noetig"": false}";2026-06-06;2.0
bibb;;1.0;Bundesinstitut für Berufsbildung;BIBB;Bundesoberbehörde;Bundesoberbehörde;Bund;Bonn;Nordrhein-Westfalen;"{""lat"": null, ""lon"": null}";1970;false;;Berufsbildungsforschung, Ausbildungsordnungen, Berufsbildungsplanung, duale Ausbildung;https://www.bibb.de;Berufsbildungsgesetz (BBiG) § 84-101;75.0;2025;800;2024;bmbfsj;;;;"[{""zu_id"": ""bmbfsj"", ""typ"": ""UNTERSTELLT"", ""richtung"": ""eingehend"", ""seit"": 2025}]";"[""https://www.bibb.de"", ""https://www.bundeshaushalt.de""]";"{""vollstaendigkeit_prozent"": 100.0, ""zuletzt_verifiziert"": ""2026-06-06"", ""verifikation_noetig"": false}";2026-06-06;2.0
bilbun_15651;15651;1.0;Bildungszentrum der Bundeswehr;;Bundesoberbehörde;Dienststelle der Bundeswehrverwaltung;Bund;Berlin;Berlin;"{""lat"": null, ""lon"": null}";;false;;Militärische Ausbildungsstätte;https://www.bundeswehr.de;;8862.05;2025;;;bmvg;Bundesministerium der Verteidigung (BMVg);Militärische Ausbildungsstätte;Aggregiert unter Bundesministerium der Verteidigung (BMVg);"[{""zu_id"": ""bmvg"", ""typ"": ""UNTERSTELLT"", ""richtung"": ""eingehend"", ""seit"": null, ""quelle"": null}]";"[""https://www.bundeswehr.de""]";"{""vollstaendigkeit_prozent"": 66.7, ""zuletzt_verifiziert"": ""2026-06-06"", ""verifikation_noetig"": false}";2026-06-06;2.0
bima;;1.0;Bundesanstalt für Immobilienaufgaben;BImA;Bundesanstalt;Anstalt des öffentlichen Rechts;Bund;Bonn;Nordrhein-Westfalen;"{""lat"": null, ""lon"": null}";2005;false;;Immobilienmanagement des Bundes, Verwaltung und Verwertung von Bundesimmobilien;https://www.bundesimmobilien.de;Gesetz über die Bundesanstalt für Immobilienaufgaben (BImAG);3500.0;2025;7200;2024;bmf;;;;"[{""zu_id"": ""bmf"", ""typ"": ""RECHTSAUFSICHT"", ""richtung"": ""eingehend"", ""seit"": 2005}]";"[""https://www.bundesimmobilien.de"", ""https://www.bundeshaushalt.de""]";"{""vollstaendigkeit_prozent"": 100.0, ""zuletzt_verifiziert"": ""2026-06-06"", ""verifikation_noetig"": false}";2026-06-06;2.0
bka;;1.0;Bundeskriminalamt;BKA;Bundesoberbehörde;Bundesoberbehörde;Bund;Wiesbaden;Hessen;"{""lat"": null, ""lon"": null}";1951;false;;Zentrale Kriminalpolizei, internationale Zusammenarbeit, Personenschutz, Cyberkriminalität;https://www.bka.de;BKA-Gesetz (BKAG);1047.8;2025;8500;2024;bmi;;;;"[{""zu_id"": ""bmi"", ""typ"": ""UNTERSTELLT"", ""richtung"": ""eingehend"", ""seit"": 1951}]";"[""https://www.bka.de"", ""https://www.bundeshaushalt.de""]";"{""vollstaendigkeit_prozent"": 100.0, ""zuletzt_verifiziert"": ""2026-06-06"", ""verifikation_noetig"": false}";2026-06-06;2.0
bkamt;;1.0;Bundeskanzleramt;BKAmt;Ministerium;Oberste Bundesbehörde;Bund;Berlin;Berlin;"{""lat"": null, ""lon"": null}";1949;false;;Koordinierung der Regierungspolitik, Unterstützung des Bundeskanzlers, Nachrichtendienstkoordination;https://www.bundeskanzler.de;Grundgesetz Art. 62-69, Geschäftsordnung der Bundesregierung;4043.3;2025;850;2024;;;;;"[{""zu_id"": ""bnd"", ""typ"": ""FACHAUFSICHT"", ""richtung"": ""ausgehend"", ""seit"": 1949}, {""zu_id"": ""bpa"", ""typ"": ""FACHAUFSICHT"", ""richtung"": ""ausgehend"", ""seit"": 1949}]";"[""https://www.bundeskanzler.de"", ""https://www.bundeshaushalt.de""]";"{""vollstaendigkeit_prozent"": 91.7, ""zuletzt_verifiziert"": ""2026-06-06"", ""verifikation_noetig"": false}";2026-06-06;2.0
bkarta;;1.0;Bundeskartellamt;BKartA;Bundesoberbehörde;Bundesoberbehörde;Bund;Bonn;Nordrhein-Westfalen;"{""lat"": null, ""lon"": null}";1958;false;;Wettbewerbsschutz, Kartellrecht, Fusionskontrolle, Missbrauchsaufsicht, Vergaberecht;https://www.bundeskartellamt.de;Gesetz gegen Wettbewerbsbeschränkungen (GWB);60.2;2025;402;2024;bmwi;;;;"[{""zu_id"": ""bmwi"", ""typ"": ""UNTERSTELLT"", ""richtung"": ""eingehend"", ""seit"": 1958}]";"[""https://www.bundeskartellamt.de"", ""https://www.bundeshaushalt.de""]";"{""vollstaendigkeit_prozent"": 100.0, ""zuletzt_verifiziert"": ""2026-06-06"", ""verifikation_noetig"": false}";2026-06-06;2.0
bkk_6578;6578;1.0;BKK24;;KdöR;Bundesbehörde;Bund;Berlin;Berlin;"{""lat"": null, ""lon"": null}";;false;;Krankenkasse;https://www.bkk24.de/;;;;275;2024;bmas;Bundesministerium für Arbeit und Soziales (BMAS);Krankenkasse;Finanzierung über das Ressort Bundesministerium für Arbeit und Soziales (BMAS);"[{""zu_id"": ""bmas"", ""typ"": ""UNTERSTELLT"", ""richtung"": ""eingehend"", ""seit"": null, ""quelle"": null}]";"[""https://www.bkk24.de/""]";"{""vollstaendigkeit_prozent"": 75.0, ""zuletzt_verifiziert"": ""2026-06-06"", ""verifikation_noetig"": false}";2026-06-06;2.0
bkkexk_51992;51992;1.0;BKK exklusiv;;KdöR;Bundesbehörde;Bund;Berlin;Berlin;"{""lat"": null, ""lon"": null}";;false;;Krankenkasse;https://bkkexklusiv.de/;;;;;;bmg;Bundesministerium für Gesundheit (BMG);Krankenkasse;Finanzierung über das Ressort Bundesministerium für Gesundheit (BMG);"[{""zu_id"": ""bmg"", ""typ"": ""UNTERSTELLT"", ""richtung"": ""eingehend"", ""seit"": null, ""quelle"": null}]";"[""https://bkkexklusiv.de/""]";"{""vollstaendigkeit_prozent"": 66.7, ""zuletzt_verifiziert"": ""2026-06-06"", ""verifikation_noetig"": false}";2026-06-06;2.0
bkkfir_6583;6583;1.0;BKK firmus;;KdöR;Bundesbehörde;Bund;Berlin;Berlin;"{""lat"": null, ""lon"": null}";;false;;Krankenkasse;https://www.bkk-firmus.de/;;4000.0;2025;900;2024;bmas;Bundesministerium für Arbeit und Soziales (BMAS);Krankenkasse;Finanzierung über das Ressort Bundesministerium für Arbeit und Soziales (BMAS);"[{""zu_id"": ""bmas"", ""typ"": ""UNTERSTELLT"", ""richtung"": ""eingehend"", ""seit"": null, ""quelle"": null}]";"[""https://www.bkk-firmus.de/""]";"{""vollstaendigkeit_prozent"": 75.0, ""zuletzt_verifiziert"": ""2026-06-06"", ""verifikation_noetig"": false}";2026-06-06;2.0
bkkfre_51989;51989;1.0;BKK Freudenberg;;KdöR;Bundesbehörde;Bund;Berlin;Berlin;"{""lat"": null, ""lon"": null}";;false;;Krankenkasse;https://www.bkk-freudenberg.de/;;113.0;2025;;;bmg;Bundesministerium für Gesundheit (BMG);Krankenkasse;Finanzierung über das Ressort Bundesministerium für Gesundheit (BMG);"[{""zu_id"": ""bmg"", ""typ"": ""UNTERSTELLT"", ""richtung"": ""eingehend"", ""seit"": null, ""quelle"": null}]";"[""https://www.bkk-freudenberg.de/""]";"{""vollstaendigkeit_prozent"": 66.7, ""zuletzt_verifiziert"": ""2026-06-06"", ""verifikation_noetig"": false}";2026-06-06;2.0
bkkgilsei_6584;6584;1.0;BKK GILDEMEISTER SEIDENSTICKER;;KdöR;Bundesbehörde;Bund;Berlin;Berlin;"{""lat"": null, ""lon"": null}";;false;;Krankenkasse;https://www.bkkgs.de/;;968.0;2025;439;2024;bmas;Bundesministerium für Arbeit und Soziales (BMAS);Krankenkasse;Finanzierung über das Ressort Bundesministerium für Arbeit und Soziales (BMAS);"[{""zu_id"": ""bmas"", ""typ"": ""UNTERSTELLT"", ""richtung"": ""eingehend"", ""seit"": null, ""quelle"": null}]";"[""https://www.bkkgs.de/""]";"{""vollstaendigkeit_prozent"": 75.0, ""zuletzt_verifiziert"": ""2026-06-06"", ""verifikation_noetig"": false}";2026-06-06;2.0
bkklin_6586;6586;1.0;BKK Linde;;KdöR;Bundesbehörde;Bund;Berlin;Berlin;"{""lat"": null, ""lon"": null}";;false;;Krankenkasse;https://bkk-linde.de/;;;;360;2024;bmas;Bundesministerium für Arbeit und Soziales (BMAS);Krankenkasse;Finanzierung über das Ressort Bundesministerium für Arbeit und Soziales (BMAS);"[{""zu_id"": ""bmas"", ""typ"": ""UNTERSTELLT"", ""richtung"": ""eingehend"", ""seit"": null, ""quelle"": null}]";"[""https://bkk-linde.de/""]";"{""vollstaendigkeit_prozent"": 75.0, ""zuletzt_verifiziert"": ""2026-06-06"", ""verifikation_noetig"": false}";2026-06-06;2.0
bkkmelplu_15899;15899;1.0;BKK Melitta Plus;;KdöR;Bundesbehörde;Bund;Berlin;Berlin;"{""lat"": null, ""lon"": null}";;false;;Krankenkasse;https://www.bkk-melitta.de/;;150.0;2025;92;2024;bmg;Bundesministerium für Gesundheit (BMG);Krankenkasse;Finanzierung über das Ressort Bundesministerium für Gesundheit (BMG);"[{""zu_id"": ""bmg"", ""typ"": ""UNTERSTELLT"", ""richtung"": ""eingehend"", ""seit"": null, ""quelle"": null}]";"[""https://www.bkk-melitta.de/""]";"{""vollstaendigkeit_prozent"": 75.0, ""zuletzt_verifiziert"": ""2026-06-06"", ""verifikation_noetig"": false}";2026-06-06;2.0
bkkmkk_51995;51995;1.0;BKK mkk;;KdöR;Bundesbehörde;Bund;Berlin;Berlin;"{""lat"": null, ""lon"": null}";;false;;Krankenkasse;https://www.meine-krankenkasse.de/;;2070.0;2025;1150;2024;bmg;Bundesministerium für Gesundheit (BMG);Krankenkasse;Finanzierung über das Ressort Bundesministerium für Gesundheit (BMG);"[{""zu_id"": ""bmg"", ""typ"": ""UNTERSTELLT"", ""richtung"": ""eingehend"", ""seit"": null, ""quelle"": null}]";"[""https://www.meine-krankenkasse.de/""]";"{""vollstaendigkeit_prozent"": 75.0, ""zuletzt_verifiziert"": ""2026-06-06"", ""verifikation_noetig"": false}";2026-06-06;2.0
bkkpar_52001;52001;1.0;BKK ZF & Partner;;KdöR;Bundesbehörde;Bund;Berlin;Berlin;"{""lat"": null, ""lon"": null}";;false;;Krankenkasse;https://www.zfbkk.de/;;;;200;2024;bmg;Bundesministerium für Gesundheit (BMG);Krankenkasse;Finanzierung über das Ressort Bundesministerium für Gesundheit (BMG);"[{""zu_id"": ""bmg"", ""typ"": ""UNTERSTELLT"", ""richtung"": ""eingehend"", ""seit"": null, ""quelle"": null}]";"[""https://www.zfbkk.de/""]";"{""vollstaendigkeit_prozent"": 75.0, ""zuletzt_verifiziert"": ""2026-06-06"", ""verifikation_noetig"": false}";2026-06-06;2.0
bkkpfa_6588;6588;1.0;BKK Pfalz;;KdöR;Bundesbehörde;Bund;Berlin;Berlin;"{""lat"": null, ""lon"": null}";;false;;Krankenkasse;https://www.bkkpfalz.de/;;;;380;2024;bmas;Bundesministerium für Arbeit und Soziales (BMAS);Krankenkasse;Finanzierung über das Ressort Bundesministerium für Arbeit und Soziales (BMAS);"[{""zu_id"": ""bmas"", ""typ"": ""UNTERSTELLT"", ""richtung"": ""eingehend"", ""seit"": null, ""quelle"": null}]";"[""https://www.bkkpfalz.de/""]";"{""vollstaendigkeit_prozent"": 75.0, ""zuletzt_verifiziert"": ""2026-06-06"", ""verifikation_noetig"": false}";2026-06-06;2.0
bkkpro_6579;6579;1.0;BKK ProVita;;KdöR;Bundesbehörde;Bund;Berlin;Berlin;"{""lat"": null, ""lon"": null}";;false;;Krankenkasse;https://www.bkk-provita.de/;;;;250;2024;bmas;Bundesministerium für Arbeit und Soziales (BMAS);Krankenkasse;Finanzierung über das Ressort Bundesministerium für Arbeit und Soziales (BMAS);"[{""zu_id"": ""bmas"", ""typ"": ""UNTERSTELLT"", ""richtung"": ""eingehend"", ""seit"": null, ""quelle"": null}]";"[""https://www.bkk-provita.de/""]";"{""vollstaendigkeit_prozent"": 75.0, ""zuletzt_verifiziert"": ""2026-06-06"", ""verifikation_noetig"": false}";2026-06-06;2.0
bkkpwc_18260;18260;1.0;BKK PwC;;KdöR;Bundesbehörde;Bund;Berlin;Berlin;"{""lat"": null, ""lon"": null}";;false;;Krankenkasse;https://www.bkk-pwc.de/;;;;45;2024;bmg;Bundesministerium für Gesundheit (BMG);Krankenkasse;Finanzierung über das Ressort Bundesministerium für Gesundheit (BMG);"[{""zu_id"": ""bmg"", ""typ"": ""UNTERSTELLT"", ""richtung"": ""eingehend"", ""seit"": null, ""quelle"": null}]";"[""https://www.bkk-pwc.de/""]";"{""vollstaendigkeit_prozent"": 75.0, ""zuletzt_verifiziert"": ""2026-06-06"", ""verifikation_noetig"": false}";2026-06-06;2.0
bkksal_52013;52013;1.0;BKK Salzgitter;;KdöR;Bundesbehörde;Bund;Berlin;Berlin;"{""lat"": null, ""lon"": null}";;false;;Krankenkasse;https://www.bkk-salzgitter.de/;;;;;;bmg;Bundesministerium für Gesundheit (BMG);Krankenkasse;Finanzierung über das Ressort Bundesministerium für Gesundheit (BMG);"[{""zu_id"": ""bmg"", ""typ"": ""UNTERSTELLT"", ""richtung"": ""eingehend"", ""seit"": null, ""quelle"": null}]";"[""https://www.bkk-salzgitter.de/""]";"{""vollstaendigkeit_prozent"": 66.7, ""zuletzt_verifiziert"": ""2026-06-06"", ""verifikation_noetig"": false}";2026-06-06;2.0
bkkver_6585;6585;1.0;BKK Verbundplus;;KdöR;Bundesbehörde;Bund;Berlin;Berlin;"{""lat"": null, ""lon"": null}";;false;;Krankenkasse;https://www.bkk-verbundplus.de;;554.0;2025;213;2024;bmas;Bundesministerium für Arbeit und Soziales (BMAS);Krankenkasse;Finanzierung über das Ressort Bundesministerium für Arbeit und Soziales (BMAS);"[{""zu_id"": ""bmas"", ""typ"": ""UNTERSTELLT"", ""richtung"": ""eingehend"", ""seit"": null, ""quelle"": null}]";"[""https://www.bkk-verbundplus.de""]";"{""vollstaendigkeit_prozent"": 75.0, ""zuletzt_verifiziert"": ""2026-06-06"", ""verifikation_noetig"": false}";2026-06-06;2.0
bkkveruni_6589;6589;1.0;BKK Verkehrsbau Union;;KdöR;Bundesbehörde;Bund;Berlin;Berlin;"{""lat"": null, ""lon"": null}";;false;;Krankenkasse;https://www.meine-krankenkasse.de/;;2070.0;2025;1150;2024;bmas;Bundesministerium für Arbeit und Soziales (BMAS);Krankenkasse;Finanzierung über das Ressort Bundesministerium für Arbeit und Soziales (BMAS);"[{""zu_id"": ""bmas"", ""typ"": ""UNTERSTELLT"", ""richtung"": ""eingehend"", ""seit"": null, ""quelle"": null}]";"[""https://www.meine-krankenkasse.de/""]";"{""vollstaendigkeit_prozent"": 75.0, ""zuletzt_verifiziert"": ""2026-06-06"", ""verifikation_noetig"": false}";2026-06-06;2.0
bkkwirfin_52000;52000;1.0;BKK WIRTSCHAFT UND FINANZEN;;KdöR;Bundesbehörde;Bund;Berlin;Berlin;"{""lat"": null, ""lon"": null}";;false;;Krankenkasse;https://www.bkk-wf.de;;74.2;2025;76;2024;bmf;Bundesministerium der Finanzen (BMF);Krankenkasse;Finanzierung über das Ressort Bundesministerium der Finanzen (BMF);"[{""zu_id"": ""bmf"", ""typ"": ""UNTERSTELLT"", ""richtung"": ""eingehend"", ""seit"": null, ""quelle"": null}]";"[""https://www.bkk-wf.de""]";"{""vollstaendigkeit_prozent"": 75.0, ""zuletzt_verifiziert"": ""2026-06-06"", ""verifikation_noetig"": false}";2026-06-06;2.0
bkkwür_52011;52011;1.0;BKK-Würth;;KdöR;Bundesbehörde;Bund;Berlin;Berlin;"{""lat"": null, ""lon"": null}";;false;;Krankenkasse;http://www.bkk-wuerth.de/;;;;;;bmg;Bundesministerium für Gesundheit (BMG);Krankenkasse;Finanzierung über das Ressort Bundesministerium für Gesundheit (BMG);"[{""zu_id"": ""bmg"", ""typ"": ""UNTERSTELLT"", ""richtung"": ""eingehend"", ""seit"": null, ""quelle"": null}]";"[""http://www.bkk-wuerth.de/""]";"{""vollstaendigkeit_prozent"": 66.7, ""zuletzt_verifiziert"": ""2026-06-06"", ""verifikation_noetig"": false}";2026-06-06;2.0
ble;;1.0;Bundesanstalt für Landwirtschaft und Ernährung;BLE;Bundesanstalt;Bundesanstalt;Bund;Bonn;Nordrhein-Westfalen;"{""lat"": null, ""lon"": null}";1995;false;;Agrarmarktordnung, Ernährungsvorsorge, ländliche Entwicklung, Fischerei, Holzwirtschaft;https://www.ble.de;Gesetz über die Errichtung einer Bundesanstalt für Landwirtschaft und Ernährung (BLEG);212.8;2025;1800;2024;bmelh;;;;"[{""zu_id"": ""bmelh"", ""typ"": ""UNTERSTELLT"", ""richtung"": ""eingehend"", ""seit"": 1995}]";"[""https://www.ble.de"", ""https://www.bundeshaushalt.de""]";"{""vollstaendigkeit_prozent"": 100.0, ""zuletzt_verifiziert"": ""2026-06-06"", ""verifikation_noetig"": false}";2026-06-06;2.0
blk_51209;51209;1.0;Bund-Länder-Kommission für Informationstechnik in der Justiz (BLK);;Bundesoberbehörde;Bundesbehörde;Bund;Berlin;Berlin;"{""lat"": null, ""lon"": null}";;false;;Justiz;https://www.service.bund.de;;139.27;2025;;;bmjv;Bundesministerium der Justiz (BMJ);Justiz;Finanzierung über das Ressort Bundesministerium der Justiz (BMJ);"[{""zu_id"": ""bmjv"", ""typ"": ""UNTERSTELLT"", ""richtung"": ""eingehend"", ""seit"": null, ""quelle"": null}]";"[""https://www.service.bund.de""]";"{""vollstaendigkeit_prozent"": 66.7, ""zuletzt_verifiziert"": ""2026-06-06"", ""verifikation_noetig"": false}";2026-06-06;2.0
bmas;;1.0;Bundesministerium für Arbeit und Soziales;BMAS;Ministerium;Oberste Bundesbehörde;Bund;Berlin;Berlin;"{""lat"": null, ""lon"": null}";1949;false;;Arbeitsmarktpolitik, Sozialversicherung, Arbeitsrecht, Arbeitsschutz, Rente;https://www.bmas.de;Grundgesetz Art. 65, 74 Abs. 1 Nr. 12;190341.4;2025;1300;2024;;;;;"[{""zu_id"": ""ba"", ""typ"": ""RECHTSAUFSICHT"", ""richtung"": ""ausgehend"", ""seit"": 1952}, {""zu_id"": ""baua"", ""typ"": ""FACHAUFSICHT"", ""richtung"": ""ausgehend"", ""seit"": 1996}]";"[""https://www.bmas.de"", ""https://www.bundeshaushalt.de""]";"{""vollstaendigkeit_prozent"": 91.7, ""zuletzt_verifiziert"": ""2026-06-06"", ""verifikation_noetig"": false}";2026-06-06;2.0
bmbfsj;;1.0;Bundesministerium für Bildung, Familie, Senioren, Frauen und Jugend;BMBFSJ;Ministerium;Oberste Bundesbehörde;Bund;Berlin;Berlin;"{""lat"": null, ""lon"": null}";2025;false;;Bildungspolitik, Familienpolitik, Seniorenpolitik, Gleichstellungspolitik, Jugendpolitik;https://www.bmbfsj.de;Grundgesetz Art. 65, Organisationserlass vom 14.01.2025;14198.9;2025;950;2024;;;;;"[{""zu_id"": ""bibb"", ""typ"": ""FACHAUFSICHT"", ""richtung"": ""ausgehend"", ""seit"": 1970}]";"[""https://www.bmbfsj.de"", ""https://www.bundeshaushalt.de""]";"{""vollstaendigkeit_prozent"": 91.7, ""zuletzt_verifiziert"": ""2026-06-06"", ""verifikation_noetig"": false}";2026-06-06;2.0
bmdsi;;1.0;Bundesministerium für Digitalisierung und Staatsmodernisierung;BMDSI;Ministerium;Oberste Bundesbehörde;Bund;Berlin;Berlin;"{""lat"": null, ""lon"": null}";2025;false;;Digitalisierung der Verwaltung, Staatsmodernisierung, IT-Konsolidierung;https://www.bmdsi.bund.de;Grundgesetz Art. 65, Organisationserlass vom 14.01.2025;11.2;2025;200;2024;;;;;[];"[""https://www.bmdsi.bund.de"", ""https://www.bundeshaushalt.de""]";"{""vollstaendigkeit_prozent"": 91.7, ""zuletzt_verifiziert"": ""2026-06-06"", ""verifikation_noetig"": false}";2026-06-06;2.0
bmelh;;1.0;Bundesministerium für Ernährung, Landwirtschaft und Heimat;BMELH;Ministerium;Oberste Bundesbehörde;Bund;Berlin;Berlin;"{""lat"": null, ""lon"": null}";1949;false;;Ernährungspolitik, Landwirtschaft, ländliche Räume, Tierschutz, Heimatpolitik;https://www.bmel.de;Grundgesetz Art. 65, Organisationserlass;11779.5;2025;1000;2024;;;;;"[{""zu_id"": ""ble"", ""typ"": ""FACHAUFSICHT"", ""richtung"": ""ausgehend"", ""seit"": 1995}, {""zu_id"": ""bvl"", ""typ"": ""FACHAUFSICHT"", ""richtung"": ""ausgehend"", ""seit"": 2002}]";"[""https://www.bmel.de"", ""https://www.bundeshaushalt.de""]";"{""vollstaendigkeit_prozent"": 91.7, ""zuletzt_verifiziert"": ""2026-06-06"", ""verifikation_noetig"": false}";2026-06-06;2.0
bmf;;1.0;Bundesministerium der Finanzen;BMF;Ministerium;Oberste Bundesbehörde;Bund;Berlin;Berlin;"{""lat"": null, ""lon"": null}";1949;false;;Bundeshaushalt, Steuerpolitik, Zoll, Finanzmarktregulierung, Bundesvermögen;https://www.bundesfinanzministerium.de;Grundgesetz Art. 108, 112, 114, Bundeshaushaltsordnung;10562.7;2025;2200;2024;;;;;"[{""zu_id"": ""gzd"", ""typ"": ""FACHAUFSICHT"", ""richtung"": ""ausgehend"", ""seit"": 2016}, {""zu_id"": ""bzst"", ""typ"": ""FACHAUFSICHT"", ""richtung"": ""ausgehend"", ""seit"": 2006}, {""zu_id"": ""bafin"", ""typ"": ""RECHTSAUFSICHT"", ""richtung"": ""ausgehend"", ""seit"": 2002}, {""zu_id"": ""bima"", ""typ"": ""RECHTSAUFSICHT"", ""richtung"": ""ausgehend"", ""seit"": 2005}]";"[""https://www.bundesfinanzministerium.de"", ""https://www.bundeshaushalt.de""]";"{""vollstaendigkeit_prozent"": 91.7, ""zuletzt_verifiziert"": ""2026-06-06"", ""verifikation_noetig"": false}";2026-06-06;2.0
bmftr;;1.0;Bundesministerium für Forschung, Technologie und Raumfahrt;BMFTR;Ministerium;Oberste Bundesbehörde;Bund;Berlin;Berlin;"{""lat"": null, ""lon"": null}";2025;false;;Forschungsförderung, Technologiepolitik, Raumfahrt, Wissenschaftssystem;https://www.bmftr.de;Grundgesetz Art. 65, Organisationserlass vom 14.01.2025;22363.8;2025;1500;2024;;;;;[];"[""https://www.bmftr.de"", ""https://www.bundeshaushalt.de""]";"{""vollstaendigkeit_prozent"": 91.7, ""zuletzt_verifiziert"": ""2026-06-06"", ""verifikation_noetig"": false}";2026-06-06;2.0
bmg;;1.0;Bundesministerium für Gesundheit;BMG;Ministerium;Oberste Bundesbehörde;Bund;Berlin;Berlin;"{""lat"": null, ""lon"": null}";1961;false;;Gesundheitspolitik, Krankenversicherung, Arzneimittelrecht, Infektionsschutz, Pflege;https://www.bundesgesundheitsministerium.de;Grundgesetz Art. 65, 74 Abs. 1 Nr. 19;19282.6;2025;1000;2024;;;;;"[{""zu_id"": ""rki"", ""typ"": ""FACHAUFSICHT"", ""richtung"": ""ausgehend"", ""seit"": 1994}, {""zu_id"": ""pei"", ""typ"": ""FACHAUFSICHT"", ""richtung"": ""ausgehend"", ""seit"": 1972}, {""zu_id"": ""bzga"", ""typ"": ""FACHAUFSICHT"", ""richtung"": ""ausgehend"", ""seit"": 1967}, {""zu_id"": ""bfarm"", ""typ"": ""FACHAUFSICHT"", ""richtung"": ""ausgehend"", ""seit"": 1994}]";"[""https://www.bundesgesundheitsministerium.de"", ""https://www.bundeshaushalt.de""]";"{""vollstaendigkeit_prozent"": 91.7, ""zuletzt_verifiziert"": ""2026-06-06"", ""verifikation_noetig"": false}";2026-06-06;2.0
bmi;;1.0;Bundesministerium des Innern;BMI;Ministerium;Oberste Bundesbehörde;Bund;Berlin;Berlin;"{""lat"": null, ""lon"": null}";1949;false;;Innere Sicherheit, Polizei, Migration, Verfassungsschutz, öffentlicher Dienst, Sport;https://www.bmi.bund.de;Grundgesetz Art. 65, 87 Abs. 1;15241.5;2025;2100;2024;;;;;"[{""zu_id"": ""bpol"", ""typ"": ""FACHAUFSICHT"", ""richtung"": ""ausgehend"", ""seit"": 1949}, {""zu_id"": ""bka"", ""typ"": ""FACHAUFSICHT"", ""richtung"": ""ausgehend"", ""seit"": 1951}, {""zu_id"": ""bfv"", ""typ"": ""FACHAUFSICHT"", ""richtung"": ""ausgehend"", ""seit"": 1950}, {""zu_id"": ""bamf"", ""typ"": ""FACHAUFSICHT"", ""richtung"": ""ausgehend"", ""seit"": 1953}, {""zu_id"": ""bsi"", ""typ"": ""FACHAUFSICHT"", ""richtung"": ""ausgehend"", ""seit"": 1991}, {""zu_id"": ""bbk"", ""typ"": ""FACHAUFSICHT"", ""richtung"": ""ausgehend"", ""seit"": 2004}, {""zu_id"": ""bva"", ""typ"": ""FACHAUFSICHT"", ""richtung"": ""ausgehend"", ""seit"": 1960}, {""zu_id"": ""destatis"", ""typ"": ""FACHAUFSICHT"", ""richtung"": ""ausgehend"", ""seit"": 1953}, {""zu_id"": ""thw"", ""typ"": ""FACHAUFSICHT"", ""richtung"": ""ausgehend"", ""seit"": 1950}, {""zu_id"": ""bpb"", ""typ"": ""FACHAUFSICHT"", ""richtung"": ""ausgehend"", ""seit"": 1952}]";"[""https://www.bmi.bund.de"", ""https://www.bundeshaushalt.de""]";"{""vollstaendigkeit_prozent"": 91.7, ""zuletzt_verifiziert"": ""2026-06-06"", ""verifikation_noetig"": false}";2026-06-06;2.0
bmjv;;1.0;Bundesministerium der Justiz und für Verbraucherschutz;BMJ;Ministerium;Oberste Bundesbehörde;Bund;Berlin;Berlin;"{""lat"": null, ""lon"": null}";1949;false;;Rechtspolitik, Gesetzgebung, Verbraucherschutz, Bundesgerichtsbarkeit;https://www.bmj.de;Grundgesetz Art. 65, 96;1162.7;2025;676;2024;;;;;"[{""zu_id"": ""gba"", ""typ"": ""FACHAUFSICHT"", ""richtung"": ""ausgehend"", ""seit"": 1950}]";"[""https://www.bmj.de"", ""https://www.bundeshaushalt.de""]";"{""vollstaendigkeit_prozent"": 91.7, ""zuletzt_verifiziert"": ""2026-06-06"", ""verifikation_noetig"": false}";2026-06-06;2.0
bmuv;;1.0;Bundesministerium für Umwelt, Klimaschutz, Naturschutz und nukleare Sicherheit;BMUV;Ministerium;Oberste Bundesbehörde;Bund;Berlin;Berlin;"{""lat"": null, ""lon"": null}";1986;false;;Umweltschutz, Klimaschutz, Naturschutz, nukleare Sicherheit, Strahlenschutz;https://www.bmuv.de;Grundgesetz Art. 65, Organisationserlass;2693.0;2025;1200;2024;;;;;"[{""zu_id"": ""uba"", ""typ"": ""FACHAUFSICHT"", ""richtung"": ""ausgehend"", ""seit"": 1986}, {""zu_id"": ""bfn"", ""typ"": ""FACHAUFSICHT"", ""richtung"": ""ausgehend"", ""seit"": 1993}, {""zu_id"": ""base"", ""typ"": ""FACHAUFSICHT"", ""richtung"": ""ausgehend"", ""seit"": 2014}]";"[""https://www.bmuv.de"", ""https://www.bundeshaushalt.de""]";"{""vollstaendigkeit_prozent"": 91.7, ""zuletzt_verifiziert"": ""2026-06-06"", ""verifikation_noetig"": false}";2026-06-06;2.0
bmv;;1.0;Bundesministerium für Verkehr;BMV;Ministerium;Oberste Bundesbehörde;Bund;Berlin;Berlin;"{""lat"": null, ""lon"": null}";1949;false;;Verkehrspolitik, Straßen-, Schienen-, Wasser- und Luftverkehr, Mobilität;https://www.bmv.de;Grundgesetz Art. 65, 87e, 89, 90;38287.8;2025;1700;2024;;;;;"[{""zu_id"": ""kba"", ""typ"": ""FACHAUFSICHT"", ""richtung"": ""ausgehend"", ""seit"": 1951}, {""zu_id"": ""eba"", ""typ"": ""FACHAUFSICHT"", ""richtung"": ""ausgehend"", ""seit"": 1994}, {""zu_id"": ""bast"", ""typ"": ""FACHAUFSICHT"", ""richtung"": ""ausgehend"", ""seit"": 1951}]";"[""https://www.bmv.de"", ""https://www.bundeshaushalt.de""]";"{""vollstaendigkeit_prozent"": 91.7, ""zuletzt_verifiziert"": ""2026-06-06"", ""verifikation_noetig"": false}";2026-06-06;2.0
bmvg;;1.0;Bundesministerium der Verteidigung;BMVg;Ministerium;Oberste Bundesbehörde;Bund;Berlin;Berlin;"{""lat"": null, ""lon"": null}";1955;false;;Landesverteidigung, Bundeswehr, Rüstung, militärische Auslandseinsätze;https://www.bmvg.de;Grundgesetz Art. 65a, 87a, 87b;86776.9;2025;2500;2024;;;;;"[{""zu_id"": ""mad"", ""typ"": ""FACHAUFSICHT"", ""richtung"": ""ausgehend"", ""seit"": 1956}, {""zu_id"": ""baaInBw"", ""typ"": ""FACHAUFSICHT"", ""richtung"": ""ausgehend"", ""seit"": 2012}]";"[""https://www.bmvg.de"", ""https://www.bundeshaushalt.de""]";"{""vollstaendigkeit_prozent"": 91.7, ""zuletzt_verifiziert"": ""2026-06-06"", ""verifikation_noetig"": false}";2026-06-06;2.0
bmwi;;1.0;Bundesministerium für Wirtschaft und Energie;BMWK;Ministerium;Oberste Bundesbehörde;Bund;Berlin;Berlin;"{""lat"": null, ""lon"": null}";1949;false;;Wirtschaftspolitik, Energiepolitik, Mittelstand, Außenwirtschaft, Wettbewerb;https://www.bmwk.de;Grundgesetz Art. 65, Organisationserlass des Bundeskanzlers;9021.7;2025;2300;2024;;;;;"[{""zu_id"": ""bnetza"", ""typ"": ""FACHAUFSICHT"", ""richtung"": ""ausgehend"", ""seit"": 2005}, {""zu_id"": ""bkarta"", ""typ"": ""FACHAUFSICHT"", ""richtung"": ""ausgehend"", ""seit"": 1958}, {""zu_id"": ""ptb"", ""typ"": ""FACHAUFSICHT"", ""richtung"": ""ausgehend"", ""seit"": 1887}]";"[""https://www.bmwk.de"", ""https://www.bundeshaushalt.de""]";"{""vollstaendigkeit_prozent"": 91.7, ""zuletzt_verifiziert"": ""2026-06-06"", ""verifikation_noetig"": false}";2026-06-06;2.0
bmwsb;;1.0;Bundesministerium für Wohnen, Stadtentwicklung und Bauwesen;BMWSB;Ministerium;Oberste Bundesbehörde;Bund;Berlin;Berlin;"{""lat"": null, ""lon"": null}";2021;false;;Wohnungspolitik, Stadtentwicklung, Bauwesen, Raumordnung;https://www.bmwsb.bund.de;Grundgesetz Art. 65, Organisationserlass vom 08.12.2021;7369.8;2025;600;2024;;;;;[];"[""https://www.bmwsb.bund.de"", ""https://www.bundeshaushalt.de""]";"{""vollstaendigkeit_prozent"": 91.7, ""zuletzt_verifiziert"": ""2026-06-06"", ""verifikation_noetig"": false}";2026-06-06;2.0
bmz;;1.0;Bundesministerium für wirtschaftliche Zusammenarbeit und Entwicklung;BMZ;Ministerium;Oberste Bundesbehörde;Bund;Berlin;Berlin;"{""lat"": null, ""lon"": null}";1961;false;;Entwicklungspolitik, internationale Zusammenarbeit, humanitäre Hilfe;https://www.bmz.de;Grundgesetz Art. 65, Organisationserlass;10306.9;2025;1100;2024;;;;;[];"[""https://www.bmz.de"", ""https://www.bundeshaushalt.de""]";"{""vollstaendigkeit_prozent"": 91.7, ""zuletzt_verifiziert"": ""2026-06-06"", ""verifikation_noetig"": false}";2026-06-06;2.0
bnd;;1.0;Bundesnachrichtendienst;BND;Bundesoberbehörde;Bundesoberbehörde;Bund;Berlin;Berlin;"{""lat"": null, ""lon"": null}";1956;false;;Auslandsnachrichtendienst, Auslandsaufklärung, Spionageabwehr im Ausland;https://www.bnd.bund.de;BND-Gesetz (BNDG);1195.2;2025;7600;2024;bkamt;;;;"[{""zu_id"": ""bkamt"", ""typ"": ""UNTERSTELLT"", ""richtung"": ""eingehend"", ""seit"": 1949}]";"[""https://www.bnd.bund.de"", ""https://www.bundeshaushalt.de""]";"{""vollstaendigkeit_prozent"": 100.0, ""zuletzt_verifiziert"": ""2026-06-06"", ""verifikation_noetig"": false}";2026-06-06;2.0
bnetza;;1.0;Bundesnetzagentur;BNetzA;Bundesoberbehörde;Bundesoberbehörde;Bund;Bonn;Nordrhein-Westfalen;"{""lat"": null, ""lon"": null}";1998;false;;Regulierung Telekommunikation, Energie, Post, Eisenbahnen, Netzausbau;https://www.bundesnetzagentur.de;Gesetz über die Bundesnetzagentur (BNetzAG), Telekommunikationsgesetz, Energiewirtschaftsgesetz;316.1;2025;3000;2024;bmwi;;;;"[{""zu_id"": ""bmwi"", ""typ"": ""UNTERSTELLT"", ""richtung"": ""eingehend"", ""seit"": 2005}]";"[""https://www.bundesnetzagentur.de"", ""https://www.bundeshaushalt.de""]";"{""vollstaendigkeit_prozent"": 100.0, ""zuletzt_verifiziert"": ""2026-06-06"", ""verifikation_noetig"": false}";2026-06-06;2.0
bosbkk_52002;52002;1.0;Bosch BKK;;KdöR;Bundesbehörde;Bund;Berlin;Berlin;"{""lat"": null, ""lon"": null}";;false;;Krankenkasse;https://www.bosch-bkk.de/de/bkk/start/startpage.html;;;;400;2024;bmg;Bundesministerium für Gesundheit (BMG);Krankenkasse;Finanzierung über das Ressort Bundesministerium für Gesundheit (BMG);"[{""zu_id"": ""bmg"", ""typ"": ""UNTERSTELLT"", ""richtung"": ""eingehend"", ""seit"": null, ""quelle"": null}]";"[""https://www.bosch-bkk.de/de/bkk/start/startpage.html""]";"{""vollstaendigkeit_prozent"": 75.0, ""zuletzt_verifiziert"": ""2026-06-06"", ""verifikation_noetig"": false}";2026-06-06;2.0
botbundeuank_51806;51806;1.0;Botschaft der Bundesrepublik Deutschland Ankara;;Bundesoberbehörde;Bundesbehörde;Bund;Berlin;Berlin;"{""lat"": null, ""lon"": null}";;false;;;https://www.service.bund.de;;17.24;2025;;;aa;Auswärtiges Amt (AA);;Finanzierung über das Ressort Auswärtiges Amt (AA);"[{""zu_id"": ""aa"", ""typ"": ""UNTERSTELLT"", ""richtung"": ""eingehend"", ""seit"": null, ""quelle"": null}]";"[""https://www.service.bund.de""]";"{""vollstaendigkeit_prozent"": 58.3, ""zuletzt_verifiziert"": ""2026-06-06"", ""verifikation_noetig"": false}";2026-06-06;2.0
botbundeuhar_51685;51685;1.0;Botschaft der Bundesrepublik Deutschland - Harare;;Bundesoberbehörde;Bundesbehörde;Bund;Berlin;Berlin;"{""lat"": null, ""lon"": null}";;false;;Internationale Beziehungen;https://www.service.bund.de;;17.24;2025;;;aa;Auswärtiges Amt (AA);Internationale Beziehungen;Finanzierung über das Ressort Auswärtiges Amt (AA);"[{""zu_id"": ""aa"", ""typ"": ""UNTERSTELLT"", ""richtung"": ""eingehend"", ""seit"": null, ""quelle"": null}]";"[""https://www.service.bund.de""]";"{""vollstaendigkeit_prozent"": 66.7, ""zuletzt_verifiziert"": ""2026-06-06"", ""verifikation_noetig"": false}";2026-06-06;2.0
bpa;;1.0;Presse- und Informationsamt der Bundesregierung;BPA;Bundesoberbehörde;Bundesoberbehörde;Bund;Berlin;Berlin;"{""lat"": null, ""lon"": null}";1949;false;;Regierungskommunikation, Pressearbeit, Medienanalyse, Öffentlichkeitsarbeit;https://www.bundesregierung.de;Organisationserlass des Bundeskanzlers;131.1;2025;540;2024;bkamt;;;;"[{""zu_id"": ""bkamt"", ""typ"": ""UNTERSTELLT"", ""richtung"": ""eingehend"", ""seit"": 1949}]";"[""https://www.bundesregierung.de/breg-de/bundesregierung/bundespresseamt"", ""https://www.bundeshaushalt.de""]";"{""vollstaendigkeit_prozent"": 100.0, ""zuletzt_verifiziert"": ""2026-06-06"", ""verifikation_noetig"": false}";2026-06-06;2.0
bpb;;1.0;Bundeszentrale für politische Bildung;bpb;Bundesoberbehörde;Bundesoberbehörde;Bund;Bonn;Nordrhein-Westfalen;"{""lat"": null, ""lon"": null}";1952;false;;Politische Bildung, Demokratieförderung, Publikationen, Medienkompetenz;https://www.bpb.de;Erlass über die Bundeszentrale für politische Bildung;105.2;2025;300;2024;bmi;;;;"[{""zu_id"": ""bmi"", ""typ"": ""UNTERSTELLT"", ""richtung"": ""eingehend"", ""seit"": 1952}]";"[""https://www.bpb.de"", ""https://www.bundeshaushalt.de""]";"{""vollstaendigkeit_prozent"": 100.0, ""zuletzt_verifiziert"": ""2026-06-06"", ""verifikation_noetig"": false}";2026-06-06;2.0
bpol;;1.0;Bundespolizei;BPOL;Bundesoberbehörde;Bundesoberbehörde;Bund;Potsdam;Brandenburg;"{""lat"": null, ""lon"": null}";1951;false;;Grenzschutz, Bahnpolizei, Luftsicherheit, Schutz von Bundesorganen, Küstenwache;https://www.bundespolizei.de;Bundespolizeigesetz (BPolG);4940.7;2025;53000;2024;bmi;;;;"[{""zu_id"": ""bmi"", ""typ"": ""UNTERSTELLT"", ""richtung"": ""eingehend"", ""seit"": 1949}, {""zu_id"": ""bka"", ""typ"": ""KOORDINIERT_MIT"", ""richtung"": ""ausgehend"", ""seit"": 1951}]";"[""https://www.bundespolizei.de"", ""https://www.bundeshaushalt.de""]";"{""vollstaendigkeit_prozent"": 100.0, ""zuletzt_verifiziert"": ""2026-06-06"", ""verifikation_noetig"": false}";2026-06-06;2.0
bpra;;1.0;Bundespräsidialamt;BPrA;Verfassungsorgan;Oberste Bundesbehörde;Bund;Berlin;Berlin;"{""lat"": null, ""lon"": null}";1949;false;;Unterstützung des Bundespräsidenten bei Amtsgeschäften und Repräsentation;https://www.bundespraesident.de;Grundgesetz Art. 54-61, Erlass über die Errichtung des Bundespräsidialamtes;40.4;2025;220;2024;;;;;[];"[""https://www.bundespraesident.de"", ""https://www.bundeshaushalt.de""]";"{""vollstaendigkeit_prozent"": 91.7, ""zuletzt_verifiziert"": ""2026-06-06"", ""verifikation_noetig"": false}";2026-06-06;2.0
br;;1.0;Bundesrat;BR;Verfassungsorgan;Verfassungsorgan (Länderkammer);Bund;Berlin;Berlin;"{""lat"": null, ""lon"": null}";1949;false;;Mitwirkung der Länder bei der Gesetzgebung und Verwaltung des Bundes;https://www.bundesrat.de;Grundgesetz Art. 50-53;30.8;2025;200;2024;;;;;"[{""zu_id"": ""bt"", ""typ"": ""KOORDINIERT_MIT"", ""richtung"": ""ausgehend"", ""seit"": 1949}]";"[""https://www.bundesrat.de"", ""https://www.bundeshaushalt.de""]";"{""vollstaendigkeit_prozent"": 91.7, ""zuletzt_verifiziert"": ""2026-06-06"", ""verifikation_noetig"": false}";2026-06-06;2.0
brh;;1.0;Bundesrechnungshof;BRH;Verfassungsorgan;Oberste Bundesbehörde (Sonderstellung);Bund;Bonn;Nordrhein-Westfalen;"{""lat"": null, ""lon"": null}";1950;false;;Prüfung der Haushalts- und Wirtschaftsführung des Bundes;https://www.bundesrechnungshof.de;Grundgesetz Art. 114, Bundesrechnungshofgesetz (BRHG);123.0;2025;600;2024;;;;;"[{""zu_id"": ""bt"", ""typ"": ""KOORDINIERT_MIT"", ""richtung"": ""ausgehend"", ""seit"": 1950}]";"[""https://www.bundesrechnungshof.de"", ""https://www.bundeshaushalt.de""]";"{""vollstaendigkeit_prozent"": 91.7, ""zuletzt_verifiziert"": ""2026-06-06"", ""verifikation_noetig"": false}";2026-06-06;2.0
bsi;;1.0;Bundesamt für Sicherheit in der Informationstechnik;BSI;Bundesoberbehörde;Bundesoberbehörde;Bund;Bonn;Nordrhein-Westfalen;"{""lat"": null, ""lon"": null}";1991;false;;IT-Sicherheit, Cybersicherheit, Kritische Infrastrukturen, Kryptografie, Zertifizierung;https://www.bsi.bund.de;BSI-Gesetz (BSIG);230.7;2025;1400;2024;bmi;;;;"[{""zu_id"": ""bmi"", ""typ"": ""UNTERSTELLT"", ""richtung"": ""eingehend"", ""seit"": 1991}]";"[""https://www.bsi.bund.de"", ""https://www.bundeshaushalt.de""]";"{""vollstaendigkeit_prozent"": 100.0, ""zuletzt_verifiziert"": ""2026-06-06"", ""verifikation_noetig"": false}";2026-06-06;2.0
bt;;1.0;Deutscher Bundestag;BT;Verfassungsorgan;Verfassungsorgan (Parlament);Bund;Berlin;Berlin;"{""lat"": null, ""lon"": null}";1949;false;;Gesetzgebung, Haushaltsbewilligung, Kontrolle der Bundesregierung, Wahl des Bundeskanzlers;https://www.bundestag.de;Grundgesetz Art. 38-49;1143.3;2025;3200;2024;;;;;"[{""zu_id"": ""br"", ""typ"": ""KOORDINIERT_MIT"", ""richtung"": ""ausgehend"", ""seit"": 1949}, {""zu_id"": ""bpra"", ""typ"": ""KOORDINIERT_MIT"", ""richtung"": ""ausgehend"", ""seit"": 1949}, {""zu_id"": ""bverfg"", ""typ"": ""KOORDINIERT_MIT"", ""richtung"": ""ausgehend"", ""seit"": 1951}]";"[""https://www.bundestag.de"", ""https://www.bundeshaushalt.de""]";"{""vollstaendigkeit_prozent"": 91.7, ""zuletzt_verifiziert"": ""2026-06-06"", ""verifikation_noetig"": false}";2026-06-06;2.0
bun_100;100;1.0;Bundesnotarkammer;;Bundesoberbehörde;Bundesbehörde;Bund;Berlin;Berlin;"{""lat"": null, ""lon"": null}";;false;;Notarkammer;https://www.service.bund.de;;;;;;bmjv;Bundesministerium der Justiz (BMJ);Notarkammer;Finanzierung über das Ressort Bundesministerium der Justiz (BMJ);"[{""zu_id"": ""bmjv"", ""typ"": ""UNTERSTELLT"", ""richtung"": ""eingehend"", ""seit"": null, ""quelle"": null}]";"[""https://www.service.bund.de""]";"{""vollstaendigkeit_prozent"": 66.7, ""zuletzt_verifiziert"": ""2026-06-06"", ""verifikation_noetig"": false}";2026-06-06;2.0
bun_101;101;1.0;Bundespatentgericht;;Bundesoberbehörde;Bundesbehörde;Bund;Berlin;Berlin;"{""lat"": null, ""lon"": null}";;false;;Gericht;https://www.service.bund.de;;16.83;2025;;;bmjv;Bundesministerium der Justiz (BMJ);Gericht;Finanzierung über das Ressort Bundesministerium der Justiz (BMJ);"[{""zu_id"": ""bmjv"", ""typ"": ""UNTERSTELLT"", ""richtung"": ""eingehend"", ""seit"": null, ""quelle"": null}]";"[""https://www.service.bund.de""]";"{""vollstaendigkeit_prozent"": 66.7, ""zuletzt_verifiziert"": ""2026-06-06"", ""verifikation_noetig"": false}";2026-06-06;2.0
bun_103;103;1.0;Bundespolizeiakademie;;Bundesoberbehörde;Dienststelle der Bundespolizei;Bund;Berlin;Berlin;"{""lat"": null, ""lon"": null}";;false;;Polizei;https://www.bundespolizei.de;;5074.74;2025;;;bmi;Bundesministerium des Innern und für Heimat (BMI);Polizei;Aggregiert unter Bundespolizei (BPOL);"[{""zu_id"": ""bmi"", ""typ"": ""UNTERSTELLT"", ""richtung"": ""eingehend"", ""seit"": null, ""quelle"": null}]";"[""https://www.bundespolizei.de""]";"{""vollstaendigkeit_prozent"": 66.7, ""zuletzt_verifiziert"": ""2026-06-06"", ""verifikation_noetig"": false}";2026-06-06;2.0
bun_114;114;1.0;Bundespolizeipräsidium;;Bundesoberbehörde;Bundesoberbehörde / Sonderpolizei;Bund;Potsdam;Brandenburg;"{""lat"": null, ""lon"": null}";;false;;Polizei;https://www.bundespolizei.de;;2400.0;2025;54000;2024;bmi;Bundesministerium des Innern und für Heimat (BMI);Polizei;Inklusive ca. 44.000 Polizeikräfte;"[{""zu_id"": ""bmi"", ""typ"": ""UNTERSTELLT"", ""richtung"": ""eingehend"", ""seit"": null, ""quelle"": null}]";"[""https://www.bundespolizei.de""]";"{""vollstaendigkeit_prozent"": 75.0, ""zuletzt_verifiziert"": ""2026-06-06"", ""verifikation_noetig"": false}";2026-06-06;2.0
bun_116;116;1.0;Bundespräsidialamt;;Bundesoberbehörde;Oberste Bundesbehörde;Bund;Berlin;Berlin;"{""lat"": null, ""lon"": null}";;false;;Staatskanzlei;https://www.bundespraesident.de;;47.0;2025;220;2024;bkamt;Bundeskanzleramt (BKAmt);Staatskanzlei;Unterstützt das Staatsoberhaupt;"[{""zu_id"": ""bkamt"", ""typ"": ""UNTERSTELLT"", ""richtung"": ""eingehend"", ""seit"": null, ""quelle"": null}]";"[""https://www.bundespraesident.de""]";"{""vollstaendigkeit_prozent"": 75.0, ""zuletzt_verifiziert"": ""2026-06-06"", ""verifikation_noetig"": false}";2026-06-06;2.0
bun_118;118;1.0;Bundesrat;;Bundesoberbehörde;Oberstes Verfassungorgan-Verwaltung;Bund;Berlin;Berlin;"{""lat"": null, ""lon"": null}";;false;;Parlamentsverwaltung;https://www.bundesrat.de;;42.0;2025;200;2024;bt;Deutscher Bundestag;Parlamentsverwaltung;Ländervertretung;"[{""zu_id"": ""bt"", ""typ"": ""UNTERSTELLT"", ""richtung"": ""eingehend"", ""seit"": null, ""quelle"": null}]";"[""https://www.bundesrat.de""]";"{""vollstaendigkeit_prozent"": 75.0, ""zuletzt_verifiziert"": ""2026-06-06"", ""verifikation_noetig"": false}";2026-06-06;2.0
bun_119;119;1.0;Bundesrechnungshof;;Verfassungsorgan;Oberste Bundesbehörde (Sonderstellung);Bund;Bonn;Nordrhein-Westfalen;"{""lat"": null, ""lon"": null}";;false;;Rechnungshof;https://www.bundesrechnungshof.de;;195.0;2025;600;2024;bmf;Bundesministerium der Finanzen (BMF);Rechnungshof;Prüfung der Bundesfinanzen;"[{""zu_id"": ""bmf"", ""typ"": ""UNTERSTELLT"", ""richtung"": ""eingehend"", ""seit"": null, ""quelle"": null}]";"[""https://www.bundesrechnungshof.de""]";"{""vollstaendigkeit_prozent"": 75.0, ""zuletzt_verifiziert"": ""2026-06-06"", ""verifikation_noetig"": false}";2026-06-06;2.0
bun_120;120;1.0;Bundesrechtsanwaltskammer;;Bundesoberbehörde;Bundesbehörde;Bund;Berlin;Berlin;"{""lat"": null, ""lon"": null}";;false;;Rechtsanwaltskammer;https://www.service.bund.de;;;;;;bmjv;Bundesministerium der Justiz (BMJ);Rechtsanwaltskammer;Finanzierung über das Ressort Bundesministerium der Justiz (BMJ);"[{""zu_id"": ""bmjv"", ""typ"": ""UNTERSTELLT"", ""richtung"": ""eingehend"", ""seit"": null, ""quelle"": null}]";"[""https://www.service.bund.de""]";"{""vollstaendigkeit_prozent"": 66.7, ""zuletzt_verifiziert"": ""2026-06-06"", ""verifikation_noetig"": false}";2026-06-06;2.0
bun_124;124;1.0;Bundessortenamt;;Bundesoberbehörde;Bundesbehörde;Bund;Berlin;Berlin;"{""lat"": null, ""lon"": null}";;false;;;https://www.service.bund.de;;29.0;2025;269;2024;bmelh;Bundesministerium für Ernährung und Landwirtschaft (BMEL);;Finanzierung über das Ressort Bundesministerium für Ernährung und Landwirtschaft (BMEL);"[{""zu_id"": ""bmelh"", ""typ"": ""UNTERSTELLT"", ""richtung"": ""eingehend"", ""seit"": null, ""quelle"": null}]";"[""https://www.service.bund.de""]";"{""vollstaendigkeit_prozent"": 66.7, ""zuletzt_verifiziert"": ""2026-06-06"", ""verifikation_noetig"": false}";2026-06-06;2.0
bun_125;125;1.0;Bundessozialgericht;;Bundesoberbehörde;Bundesbehörde;Bund;Berlin;Berlin;"{""lat"": null, ""lon"": null}";;false;;Sozialgericht;https://www.bsg.bund.de/;;22.6;2025;;;bmas;Bundesministerium für Arbeit und Soziales (BMAS);Sozialgericht;Finanzierung über das Ressort Bundesministerium für Arbeit und Soziales (BMAS);"[{""zu_id"": ""bmas"", ""typ"": ""UNTERSTELLT"", ""richtung"": ""eingehend"", ""seit"": null, ""quelle"": null}]";"[""https://www.bsg.bund.de/""]";"{""vollstaendigkeit_prozent"": 66.7, ""zuletzt_verifiziert"": ""2026-06-06"", ""verifikation_noetig"": false}";2026-06-06;2.0
bun_126;126;1.0;Bundessprachenamt;;Bundesoberbehörde;Bundesbehörde;Bund;Berlin;Berlin;"{""lat"": null, ""lon"": null}";;false;;Bundeswehr;https://www.service.bund.de;;;;975;2024;bmvg;Bundesministerium der Verteidigung (BMVg);Bundeswehr;Finanzierung über das Ressort Bundesministerium der Verteidigung (BMVg);"[{""zu_id"": ""bmvg"", ""typ"": ""UNTERSTELLT"", ""richtung"": ""eingehend"", ""seit"": null, ""quelle"": null}]";"[""https://www.service.bund.de""]";"{""vollstaendigkeit_prozent"": 75.0, ""zuletzt_verifiziert"": ""2026-06-06"", ""verifikation_noetig"": false}";2026-06-06;2.0
bun_129;129;1.0;Bundessteuerberaterkammer;;Bundesoberbehörde;Bundesbehörde;Bund;Berlin;Berlin;"{""lat"": null, ""lon"": null}";;false;;Steuerberaterkammer;https://www.bstbk.de/;;;;21;2024;bmf;Bundesministerium der Finanzen (BMF);Steuerberaterkammer;Finanzierung über das Ressort Bundesministerium der Finanzen (BMF);"[{""zu_id"": ""bmf"", ""typ"": ""UNTERSTELLT"", ""richtung"": ""eingehend"", ""seit"": null, ""quelle"": null}]";"[""https://www.bstbk.de/""]";"{""vollstaendigkeit_prozent"": 75.0, ""zuletzt_verifiziert"": ""2026-06-06"", ""verifikation_noetig"": false}";2026-06-06;2.0
bun_134;134;1.0;Bundesverfassungsgericht;;Verfassungsorgan;Bundesbehörde;Bund;Berlin;Berlin;"{""lat"": null, ""lon"": null}";;false;;Verfassungsgericht;https://www.bundesverfassungsgericht.de/;;44.5;2025;16;2024;bmjv;Bundesministerium der Justiz (BMJ);Verfassungsgericht;Finanzierung über das Ressort Bundesministerium der Justiz (BMJ);"[{""zu_id"": ""bmjv"", ""typ"": ""UNTERSTELLT"", ""richtung"": ""eingehend"", ""seit"": null, ""quelle"": null}]";"[""https://www.bundesverfassungsgericht.de/""]";"{""vollstaendigkeit_prozent"": 75.0, ""zuletzt_verifiziert"": ""2026-06-06"", ""verifikation_noetig"": false}";2026-06-06;2.0
bun_136;136;1.0;Bundesverwaltungsamt;;Bundesoberbehörde;Bundesbehörde;Bund;Berlin;Berlin;"{""lat"": null, ""lon"": null}";;false;;;https://www.service.bund.de;;618.0;2025;6400;2024;bmi;Bundesministerium des Innern und für Heimat (BMI);;Finanzierung über das Ressort Bundesministerium des Innern und für Heimat (BMI);"[{""zu_id"": ""bmi"", ""typ"": ""UNTERSTELLT"", ""richtung"": ""eingehend"", ""seit"": null, ""quelle"": null}]";"[""https://www.service.bund.de""]";"{""vollstaendigkeit_prozent"": 66.7, ""zuletzt_verifiziert"": ""2026-06-06"", ""verifikation_noetig"": false}";2026-06-06;2.0
bun_137;137;1.0;Bundesverwaltungsgericht;;Bundesoberbehörde;Bundesbehörde;Bund;Berlin;Berlin;"{""lat"": null, ""lon"": null}";;false;;Bundesverwaltungsgericht;https://www.service.bund.de;;30.14;2025;;;bmjv;Bundesministerium der Justiz (BMJ);Bundesverwaltungsgericht;Finanzierung über das Ressort Bundesministerium der Justiz (BMJ);"[{""zu_id"": ""bmjv"", ""typ"": ""UNTERSTELLT"", ""richtung"": ""eingehend"", ""seit"": null, ""quelle"": null}]";"[""https://www.service.bund.de""]";"{""vollstaendigkeit_prozent"": 66.7, ""zuletzt_verifiziert"": ""2026-06-06"", ""verifikation_noetig"": false}";2026-06-06;2.0
bun_17020;17020;1.0;Bundesapothekerkammer;;Bundesoberbehörde;Bundesbehörde;Bund;Berlin;Berlin;"{""lat"": null, ""lon"": null}";;false;;Apothekerkammer;https://www.service.bund.de;;;;;;bmg;Bundesministerium für Gesundheit (BMG);Apothekerkammer;Finanzierung über das Ressort Bundesministerium für Gesundheit (BMG);"[{""zu_id"": ""bmg"", ""typ"": ""UNTERSTELLT"", ""richtung"": ""eingehend"", ""seit"": null, ""quelle"": null}]";"[""https://www.service.bund.de""]";"{""vollstaendigkeit_prozent"": 66.7, ""zuletzt_verifiziert"": ""2026-06-06"", ""verifikation_noetig"": false}";2026-06-06;2.0
bun_220;220;1.0;Bundeswehrverwaltungsschule II;;Bundesoberbehörde;Dienststelle der Bundeswehrverwaltung;Bund;Berlin;Berlin;"{""lat"": null, ""lon"": null}";;false;;Militärische Ausbildungsstätte;https://www.bundeswehr.de;;;;;;bmvg;Bundesministerium der Verteidigung (BMVg);Militärische Ausbildungsstätte;Aggregiert unter Bundesministerium der Verteidigung (BMVg);"[{""zu_id"": ""bmvg"", ""typ"": ""UNTERSTELLT"", ""richtung"": ""eingehend"", ""seit"": null, ""quelle"": null}]";"[""https://www.bundeswehr.de""]";"{""vollstaendigkeit_prozent"": 66.7, ""zuletzt_verifiziert"": ""2026-06-06"", ""verifikation_noetig"": false}";2026-06-06;2.0
bun_222;222;1.0;Bundeswehrverwaltungsschule IV;;Bundesoberbehörde;Dienststelle der Bundeswehrverwaltung;Bund;Berlin;Berlin;"{""lat"": null, ""lon"": null}";;false;;Militärische Ausbildungsstätte;https://www.bundeswehr.de;;;;;;bmvg;Bundesministerium der Verteidigung (BMVg);Militärische Ausbildungsstätte;Aggregiert unter Bundesministerium der Verteidigung (BMVg);"[{""zu_id"": ""bmvg"", ""typ"": ""UNTERSTELLT"", ""richtung"": ""eingehend"", ""seit"": null, ""quelle"": null}]";"[""https://www.bundeswehr.de""]";"{""vollstaendigkeit_prozent"": 66.7, ""zuletzt_verifiziert"": ""2026-06-06"", ""verifikation_noetig"": false}";2026-06-06;2.0
bun_299;299;1.0;Bundesarbeitsgericht;;Bundesoberbehörde;Bundesbehörde;Bund;Berlin;Berlin;"{""lat"": null, ""lon"": null}";;false;;Arbeitsgericht;https://www.bundesarbeitsgericht.de/;;18.5;2025;;;bmas;Bundesministerium für Arbeit und Soziales (BMAS);Arbeitsgericht;Finanzierung über das Ressort Bundesministerium für Arbeit und Soziales (BMAS);"[{""zu_id"": ""bmas"", ""typ"": ""UNTERSTELLT"", ""richtung"": ""eingehend"", ""seit"": null, ""quelle"": null}]";"[""https://www.bundesarbeitsgericht.de/""]";"{""vollstaendigkeit_prozent"": 66.7, ""zuletzt_verifiziert"": ""2026-06-06"", ""verifikation_noetig"": false}";2026-06-06;2.0
bun_300;300;1.0;Bundesarchiv;;Bundesanstalt;Bundesbehörde;Bund;Berlin;Berlin;"{""lat"": null, ""lon"": null}";;false;;Archiv;https://www.service.bund.de;;204.76;2025;;;bkamt;Beauftragte der Bundesregierung für Kultur und Medien (BKM);Archiv;Finanzierung über das Ressort Beauftragte der Bundesregierung für Kultur und Medien (BKM);"[{""zu_id"": ""bkamt"", ""typ"": ""UNTERSTELLT"", ""richtung"": ""eingehend"", ""seit"": null, ""quelle"": null}]";"[""https://www.service.bund.de""]";"{""vollstaendigkeit_prozent"": 66.7, ""zuletzt_verifiziert"": ""2026-06-06"", ""verifikation_noetig"": false}";2026-06-06;2.0
bun_302;302;1.0;Bundesausgleichsamt;;Bundesoberbehörde;Bundesbehörde;Bund;Berlin;Berlin;"{""lat"": null, ""lon"": null}";;false;;;https://www.service.bund.de;;25.96;2025;39;2024;bmf;Bundesministerium der Finanzen (BMF);;Finanzierung über das Ressort Bundesministerium der Finanzen (BMF);"[{""zu_id"": ""bmf"", ""typ"": ""UNTERSTELLT"", ""richtung"": ""eingehend"", ""seit"": null, ""quelle"": null}]";"[""https://www.service.bund.de""]";"{""vollstaendigkeit_prozent"": 66.7, ""zuletzt_verifiziert"": ""2026-06-06"", ""verifikation_noetig"": false}";2026-06-06;2.0
bun_4052;4052;1.0;Bundesärztekammer;;Bundesoberbehörde;Bundesbehörde;Bund;Berlin;Berlin;"{""lat"": null, ""lon"": null}";;false;;Ärztekammer;https://www.bundesaerztekammer.de/;;;;;;bmi;Bundesministerium des Innern und für Heimat (BMI);Ärztekammer;Finanzierung über das Ressort Bundesministerium des Innern und für Heimat (BMI);"[{""zu_id"": ""bmi"", ""typ"": ""UNTERSTELLT"", ""richtung"": ""eingehend"", ""seit"": null, ""quelle"": null}]";"[""https://www.bundesaerztekammer.de/""]";"{""vollstaendigkeit_prozent"": 66.7, ""zuletzt_verifiziert"": ""2026-06-06"", ""verifikation_noetig"": false}";2026-06-06;2.0
bun_4335;4335;1.0;Bundeswahlleiterin;;Bundesoberbehörde;Bundesbehörde;Bund;Berlin;Berlin;"{""lat"": null, ""lon"": null}";;false;;Wahlleiter;https://www.service.bund.de;;;;;;bmi;Bundesministerium des Innern und für Heimat (BMI);Wahlleiter;Finanzierung über das Ressort Bundesministerium des Innern und für Heimat (BMI);"[{""zu_id"": ""bmi"", ""typ"": ""UNTERSTELLT"", ""richtung"": ""eingehend"", ""seit"": null, ""quelle"": null}]";"[""https://www.service.bund.de""]";"{""vollstaendigkeit_prozent"": 66.7, ""zuletzt_verifiziert"": ""2026-06-06"", ""verifikation_noetig"": false}";2026-06-06;2.0
bun_50166;50166;1.0;Bundespolizeidirektion 11;;Bundesoberbehörde;Dienststelle der Bundespolizei;Bund;11;;"{""lat"": null, ""lon"": null}";;false;;Polizei;https://www.bundespolizei.de;;5074.74;2025;;;bmi;Bundesministerium des Innern und für Heimat (BMI);Polizei;Aggregiert unter Bundespolizei (BPOL);"[{""zu_id"": ""bmi"", ""typ"": ""UNTERSTELLT"", ""richtung"": ""eingehend"", ""seit"": null, ""quelle"": null}]";"[""https://www.bundespolizei.de""]";"{""vollstaendigkeit_prozent"": 58.3, ""zuletzt_verifiziert"": ""2026-06-06"", ""verifikation_noetig"": false}";2026-06-06;2.0
bun_57;57;1.0;Bundeseisenbahnvermögen;;Bundesoberbehörde;Bundesbehörde;Bund;Berlin;Berlin;"{""lat"": null, ""lon"": null}";;false;;Bahn;https://www.service.bund.de;;5975.27;2025;1400;2024;bmv;Bundesministerium für Digitales und Verkehr (BMDV);Bahn;Finanzierung über das Ressort Bundesministerium für Digitales und Verkehr (BMDV);"[{""zu_id"": ""bmv"", ""typ"": ""UNTERSTELLT"", ""richtung"": ""eingehend"", ""seit"": null, ""quelle"": null}]";"[""https://www.service.bund.de""]";"{""vollstaendigkeit_prozent"": 75.0, ""zuletzt_verifiziert"": ""2026-06-06"", ""verifikation_noetig"": false}";2026-06-06;2.0
bun_63;63;1.0;Bundesfinanzhof;;Bundesoberbehörde;Bundesbehörde;Bund;Berlin;Berlin;"{""lat"": null, ""lon"": null}";;false;;Finanzgericht;https://www.bundesfinanzhof.de/;;21.7;2025;;;bmvg;Bundesministerium der Verteidigung (BMVg);Finanzgericht;Finanzierung über das Ressort Bundesministerium der Verteidigung (BMVg);"[{""zu_id"": ""bmvg"", ""typ"": ""UNTERSTELLT"", ""richtung"": ""eingehend"", ""seit"": null, ""quelle"": null}]";"[""https://www.bundesfinanzhof.de/""]";"{""vollstaendigkeit_prozent"": 66.7, ""zuletzt_verifiziert"": ""2026-06-06"", ""verifikation_noetig"": false}";2026-06-06;2.0
bun_64;64;1.0;Bundesgerichtshof;;Bundesoberbehörde;Bundesbehörde;Bund;Berlin;Berlin;"{""lat"": null, ""lon"": null}";;false;;Gericht;https://www.bundesgerichtshof.de/;;60.1;2025;;;bmjv;Bundesministerium der Justiz (BMJ);Gericht;Finanzierung über das Ressort Bundesministerium der Justiz (BMJ);"[{""zu_id"": ""bmjv"", ""typ"": ""UNTERSTELLT"", ""richtung"": ""eingehend"", ""seit"": null, ""quelle"": null}]";"[""https://www.bundesgerichtshof.de/""]";"{""vollstaendigkeit_prozent"": 66.7, ""zuletzt_verifiziert"": ""2026-06-06"", ""verifikation_noetig"": false}";2026-06-06;2.0
bun_72;72;1.0;Bundeskanzleramt;;Bundesoberbehörde;Oberste Bundesbehörde;Bund;Berlin;Berlin;"{""lat"": null, ""lon"": null}";;false;;Staatskanzlei;https://www.bundeskanzleramt.de;;3950.0;2025;850;2024;bkamt;Bundeskanzleramt (BKAmt);Staatskanzlei;Leitung der Bundesregierung;"[{""zu_id"": ""bkamt"", ""typ"": ""UNTERSTELLT"", ""richtung"": ""eingehend"", ""seit"": null, ""quelle"": null}]";"[""https://www.bundeskanzleramt.de""]";"{""vollstaendigkeit_prozent"": 75.0, ""zuletzt_verifiziert"": ""2026-06-06"", ""verifikation_noetig"": false}";2026-06-06;2.0
bun_75;75;1.0;Bundeskartellamt;;Bundesoberbehörde;Bundesbehörde;Bund;Berlin;Berlin;"{""lat"": null, ""lon"": null}";;false;;Wettbewerbsbehörde;https://www.service.bund.de;;48.6;2025;402;2024;bmwi;Bundesministerium für Wirtschaft und Klimaschutz (BMWK);Wettbewerbsbehörde;Finanzierung über das Ressort Bundesministerium für Wirtschaft und Klimaschutz (BMWK);"[{""zu_id"": ""bmwi"", ""typ"": ""UNTERSTELLT"", ""richtung"": ""eingehend"", ""seit"": null, ""quelle"": null}]";"[""https://www.service.bund.de""]";"{""vollstaendigkeit_prozent"": 75.0, ""zuletzt_verifiziert"": ""2026-06-06"", ""verifikation_noetig"": false}";2026-06-06;2.0
bun_82;82;1.0;Bundeskriminalamt;;Bundesoberbehörde;Bundesoberbehörde;Bund;Wiesbaden;Hessen;"{""lat"": null, ""lon"": null}";;false;;Polizei;https://www.bka.de;;1400.0;2025;8500;2024;bmi;Bundesministerium des Innern und für Heimat (BMI);Polizei;Zentralstelle der deutschen Polizei;"[{""zu_id"": ""bmi"", ""typ"": ""UNTERSTELLT"", ""richtung"": ""eingehend"", ""seit"": null, ""quelle"": null}]";"[""https://www.bka.de""]";"{""vollstaendigkeit_prozent"": 75.0, ""zuletzt_verifiziert"": ""2026-06-06"", ""verifikation_noetig"": false}";2026-06-06;2.0
bun_83;83;1.0;Bundeslotsenkammer;;Bundesoberbehörde;Bundesbehörde;Bund;Berlin;Berlin;"{""lat"": null, ""lon"": null}";;false;;Lotsenkammer;https://www.service.bund.de;;;;;;bmv;Bundesministerium für Digitales und Verkehr (BMDV);Lotsenkammer;Finanzierung über das Ressort Bundesministerium für Digitales und Verkehr (BMDV);"[{""zu_id"": ""bmv"", ""typ"": ""UNTERSTELLT"", ""richtung"": ""eingehend"", ""seit"": null, ""quelle"": null}]";"[""https://www.service.bund.de""]";"{""vollstaendigkeit_prozent"": 66.7, ""zuletzt_verifiziert"": ""2026-06-06"", ""verifikation_noetig"": false}";2026-06-06;2.0
bun_98;98;1.0;Bundesnachrichtendienst;;Bundesoberbehörde;Bundesbehörde;Bund;Berlin;Berlin;"{""lat"": null, ""lon"": null}";;false;;Geheimdienst;https://www.service.bund.de;;988.5;2025;7600;2024;bkamt;Bundeskanzleramt (BKAmt);Geheimdienst;Finanzierung über das Ressort Bundeskanzleramt (BKAmt);"[{""zu_id"": ""bkamt"", ""typ"": ""UNTERSTELLT"", ""richtung"": ""eingehend"", ""seit"": null, ""quelle"": null}]";"[""https://www.service.bund.de""]";"{""vollstaendigkeit_prozent"": 75.0, ""zuletzt_verifiziert"": ""2026-06-06"", ""verifikation_noetig"": false}";2026-06-06;2.0
bun_99;99;1.0;Bundesnetzagentur;;Bundesoberbehörde;Bundesoberbehörde;Bund;Bonn;Nordrhein-Westfalen;"{""lat"": null, ""lon"": null}";;false;;Regulierungsbehörde;https://www.bundesnetzagentur.de;;290.0;2025;3000;2024;bmwi;Bundesministerium für Wirtschaft und Klimaschutz (BMWK);Regulierungsbehörde;Regulierung von Strom, Gas, Telekom, Post, Eisenbahn;"[{""zu_id"": ""bmwi"", ""typ"": ""UNTERSTELLT"", ""richtung"": ""eingehend"", ""seit"": null, ""quelle"": null}]";"[""https://www.bundesnetzagentur.de""]";"{""vollstaendigkeit_prozent"": 75.0, ""zuletzt_verifiziert"": ""2026-06-06"", ""verifikation_noetig"": false}";2026-06-06;2.0
bunaac_51939;51939;1.0;Bundespolizeiinspektion Aachen;;Bundesoberbehörde;Dienststelle der Bundespolizei;Bund;Aachen;Nordrhein-Westfalen;"{""lat"": null, ""lon"": null}";;false;;Bundespolizei;https://www.bundespolizei.de;;5074.74;2025;;;bmi;Bundesministerium des Innern und für Heimat (BMI);Bundespolizei;Aggregiert unter Bundespolizei (BPOL);"[{""zu_id"": ""bmi"", ""typ"": ""UNTERSTELLT"", ""richtung"": ""eingehend"", ""seit"": null, ""quelle"": null}]";"[""https://www.bundespolizei.de""]";"{""vollstaendigkeit_prozent"": 66.7, ""zuletzt_verifiziert"": ""2026-06-06"", ""verifikation_noetig"": false}";2026-06-06;2.0
bunawo_71;71;1.0;Bundesjugendwerk der AWO e.V.;;Bundesoberbehörde;Bundesbehörde;Bund;Berlin;Berlin;"{""lat"": null, ""lon"": null}";;false;;Jugend;https://www.service.bund.de;;;;;;bmbfsj;Bundesministerium für Familie, Senioren, Frauen und Jugend (BMFSFJ);Jugend;Finanzierung über das Ressort Bundesministerium für Familie, Senioren, Frauen und Jugend (BMFSFJ);"[{""zu_id"": ""bmbfsj"", ""typ"": ""UNTERSTELLT"", ""richtung"": ""eingehend"", ""seit"": null, ""quelle"": null}]";"[""https://www.service.bund.de""]";"{""vollstaendigkeit_prozent"": 66.7, ""zuletzt_verifiziert"": ""2026-06-06"", ""verifikation_noetig"": false}";2026-06-06;2.0
bunbadbra_104;104;1.0;Bundespolizeidirektion Bad Bramstedt;;Bundesoberbehörde;Dienststelle der Bundespolizei;Bund;Bad Bramstedt;;"{""lat"": null, ""lon"": null}";;false;;Bundespolizei;https://www.bundespolizei.de;;5074.74;2025;;;bmi;Bundesministerium des Innern und für Heimat (BMI);Bundespolizei;Aggregiert unter Bundespolizei (BPOL);"[{""zu_id"": ""bmi"", ""typ"": ""UNTERSTELLT"", ""richtung"": ""eingehend"", ""seit"": null, ""quelle"": null}]";"[""https://www.bundespolizei.de""]";"{""vollstaendigkeit_prozent"": 58.3, ""zuletzt_verifiziert"": ""2026-06-06"", ""verifikation_noetig"": false}";2026-06-06;2.0
bunbeideubaugru_80;80;1.0;Bundeskommissar bei der Deutschen Bau- und Grundstücks-AG;;Bundesoberbehörde;Bundesbehörde;Bund;Berlin;Berlin;"{""lat"": null, ""lon"": null}";;false;;;https://www.service.bund.de;;177.32;2025;;;bmf;Bundesministerium der Finanzen (BMF);;Finanzierung über das Ressort Bundesministerium der Finanzen (BMF);"[{""zu_id"": ""bmf"", ""typ"": ""UNTERSTELLT"", ""richtung"": ""eingehend"", ""seit"": null, ""quelle"": null}]";"[""https://www.service.bund.de""]";"{""vollstaendigkeit_prozent"": 58.3, ""zuletzt_verifiziert"": ""2026-06-06"", ""verifikation_noetig"": false}";2026-06-06;2.0
bunbel_229;229;1.0;Bundeswehrverwaltungstelle Belgien;;Bundesoberbehörde;Dienststelle der Bundeswehrverwaltung;Bund;Berlin;Berlin;"{""lat"": null, ""lon"": null}";;false;;Bundeswehrverwaltungsstelle;https://www.bundeswehr.de;;;;;;bmvg;Bundesministerium der Verteidigung (BMVg);Bundeswehrverwaltungsstelle;Aggregiert unter Bundesministerium der Verteidigung (BMVg);"[{""zu_id"": ""bmvg"", ""typ"": ""UNTERSTELLT"", ""richtung"": ""eingehend"", ""seit"": null, ""quelle"": null}]";"[""https://www.bundeswehr.de""]";"{""vollstaendigkeit_prozent"": 66.7, ""zuletzt_verifiziert"": ""2026-06-06"", ""verifikation_noetig"": false}";2026-06-06;2.0
bunber_105;105;1.0;Bundespolizeidirektion Berlin;;Bundesoberbehörde;Dienststelle der Bundespolizei;Bund;Berlin;Berlin;"{""lat"": null, ""lon"": null}";;false;;Bundespolizei;https://www.bundespolizei.de;;5074.74;2025;;;bmi;Bundesministerium des Innern und für Heimat (BMI);Bundespolizei;Aggregiert unter Bundespolizei (BPOL);"[{""zu_id"": ""bmi"", ""typ"": ""UNTERSTELLT"", ""richtung"": ""eingehend"", ""seit"": null, ""quelle"": null}]";"[""https://www.bundespolizei.de""]";"{""vollstaendigkeit_prozent"": 66.7, ""zuletzt_verifiziert"": ""2026-06-06"", ""verifikation_noetig"": false}";2026-06-06;2.0
bunber_206;206;1.0;Bundeswehrfachschule Berlin;;Bundesoberbehörde;Dienststelle der Bundeswehrverwaltung;Bund;Berlin;Berlin;"{""lat"": null, ""lon"": null}";;false;;Militärische Ausbildungsstätte;https://www.bundeswehr.de;;183.78;2025;;;bmvg;Bundesministerium der Verteidigung (BMVg);Militärische Ausbildungsstätte;Aggregiert unter Bundesministerium der Verteidigung (BMVg);"[{""zu_id"": ""bmvg"", ""typ"": ""UNTERSTELLT"", ""richtung"": ""eingehend"", ""seit"": null, ""quelle"": null}]";"[""https://www.bundeswehr.de""]";"{""vollstaendigkeit_prozent"": 66.7, ""zuletzt_verifiziert"": ""2026-06-06"", ""verifikation_noetig"": false}";2026-06-06;2.0
bunber_216;216;1.0;Bundeswehrkrankenhaus Berlin;;Bundesoberbehörde;Dienststelle der Bundeswehrverwaltung;Bund;Berlin;Berlin;"{""lat"": null, ""lon"": null}";;false;;Bundeswehrkrankenhaus;https://www.bundeswehr.de;;183.78;2025;;;bmvg;Bundesministerium der Verteidigung (BMVg);Bundeswehrkrankenhaus;Aggregiert unter Bundesministerium der Verteidigung (BMVg);"[{""zu_id"": ""bmvg"", ""typ"": ""UNTERSTELLT"", ""richtung"": ""eingehend"", ""seit"": null, ""quelle"": null}]";"[""https://www.bundeswehr.de""]";"{""vollstaendigkeit_prozent"": 66.7, ""zuletzt_verifiziert"": ""2026-06-06"", ""verifikation_noetig"": false}";2026-06-06;2.0
bunbon_48832;48832;1.0;Bundespolizeirevier Bonn;;Bundesoberbehörde;Dienststelle der Bundespolizei;Bund;Bonn;Nordrhein-Westfalen;"{""lat"": null, ""lon"": null}";;false;;Bundespolizei;https://www.bundespolizei.de;;5074.74;2025;;;bmi;Bundesministerium des Innern und für Heimat (BMI);Bundespolizei;Aggregiert unter Bundespolizei (BPOL);"[{""zu_id"": ""bmi"", ""typ"": ""UNTERSTELLT"", ""richtung"": ""eingehend"", ""seit"": null, ""quelle"": null}]";"[""https://www.bundespolizei.de""]";"{""vollstaendigkeit_prozent"": 66.7, ""zuletzt_verifiziert"": ""2026-06-06"", ""verifikation_noetig"": false}";2026-06-06;2.0
bunbun_106;106;1.0;Bundespolizeidirektion Bundesbereitschaftspolizei;;Bundesoberbehörde;Dienststelle der Bundespolizei;Bund;Bundesbereitschaftspolizei;;"{""lat"": null, ""lon"": null}";;false;;Bundespolizei;https://www.bundespolizei.de;;5074.74;2025;;;bmi;Bundesministerium des Innern und für Heimat (BMI);Bundespolizei;Aggregiert unter Bundespolizei (BPOL);"[{""zu_id"": ""bmi"", ""typ"": ""UNTERSTELLT"", ""richtung"": ""eingehend"", ""seit"": null, ""quelle"": null}]";"[""https://www.bundespolizei.de""]";"{""vollstaendigkeit_prozent"": 58.3, ""zuletzt_verifiziert"": ""2026-06-06"", ""verifikation_noetig"": false}";2026-06-06;2.0
bundeunor_249;249;1.0;Bund deutscher Nordschleswiger;;Bundesoberbehörde;Bundesbehörde;Bund;Schleswig;;"{""lat"": null, ""lon"": null}";;false;;Integration;https://www.service.bund.de;;1166.24;2025;;;bmi;Bundesministerium des Innern und für Heimat (BMI);Integration;Finanzierung über das Ressort Bundesministerium des Innern und für Heimat (BMI);"[{""zu_id"": ""bmi"", ""typ"": ""UNTERSTELLT"", ""richtung"": ""eingehend"", ""seit"": null, ""quelle"": null}]";"[""https://www.service.bund.de""]";"{""vollstaendigkeit_prozent"": 58.3, ""zuletzt_verifiziert"": ""2026-06-06"", ""verifikation_noetig"": false}";2026-06-06;2.0
bunene_48940;48940;1.0;Bundes-Energiebeauftragte;;Bundesoberbehörde;Bundesbehörde;Bund;Berlin;Berlin;"{""lat"": null, ""lon"": null}";;false;;Beauftragte;https://www.service.bund.de;;;;;;bmwi;Bundesministerium für Wirtschaft und Klimaschutz (BMWK);Beauftragte;Finanzierung über das Ressort Bundesministerium für Wirtschaft und Klimaschutz (BMWK);"[{""zu_id"": ""bmwi"", ""typ"": ""UNTERSTELLT"", ""richtung"": ""eingehend"", ""seit"": null, ""quelle"": null}]";"[""https://www.service.bund.de""]";"{""vollstaendigkeit_prozent"": 66.7, ""zuletzt_verifiziert"": ""2026-06-06"", ""verifikation_noetig"": false}";2026-06-06;2.0
bunfli_18153;18153;1.0;Bundespolizei-Fliegergruppe;;Bundesoberbehörde;Dienststelle der Bundespolizei;Bund;Berlin;Berlin;"{""lat"": null, ""lon"": null}";;false;;Bundespolizei;https://www.bundespolizei.de;;5074.74;2025;;;bmi;Bundesministerium des Innern und für Heimat (BMI);Bundespolizei;Aggregiert unter Bundespolizei (BPOL);"[{""zu_id"": ""bmi"", ""typ"": ""UNTERSTELLT"", ""richtung"": ""eingehend"", ""seit"": null, ""quelle"": null}]";"[""https://www.bundespolizei.de""]";"{""vollstaendigkeit_prozent"": 66.7, ""zuletzt_verifiziert"": ""2026-06-06"", ""verifikation_noetig"": false}";2026-06-06;2.0
bunfluframai_107;107;1.0;Bundespolizeidirektion Flughafen Frankfurt/Main;;Bundesoberbehörde;Dienststelle der Bundespolizei;Bund;Frankfurt;Hessen;"{""lat"": null, ""lon"": null}";;false;;Bundespolizei;https://www.bundespolizei.de;;5074.74;2025;;;bmi;Bundesministerium des Innern und für Heimat (BMI);Bundespolizei;Aggregiert unter Bundespolizei (BPOL);"[{""zu_id"": ""bmi"", ""typ"": ""UNTERSTELLT"", ""richtung"": ""eingehend"", ""seit"": null, ""quelle"": null}]";"[""https://www.bundespolizei.de""]";"{""vollstaendigkeit_prozent"": 66.7, ""zuletzt_verifiziert"": ""2026-06-06"", ""verifikation_noetig"": false}";2026-06-06;2.0
bunfra_223;223;1.0;Bundeswehrverwaltungsstelle Frankreich;;Bundesoberbehörde;Dienststelle der Bundeswehrverwaltung;Bund;Berlin;Berlin;"{""lat"": null, ""lon"": null}";;false;;Bundeswehrverwaltungsstelle;https://www.bundeswehr.de;;;;;;bmvg;Bundesministerium der Verteidigung (BMVg);Bundeswehrverwaltungsstelle;Aggregiert unter Bundesministerium der Verteidigung (BMVg);"[{""zu_id"": ""bmvg"", ""typ"": ""UNTERSTELLT"", ""richtung"": ""eingehend"", ""seit"": null, ""quelle"": null}]";"[""https://www.bundeswehr.de""]";"{""vollstaendigkeit_prozent"": 66.7, ""zuletzt_verifiziert"": ""2026-06-06"", ""verifikation_noetig"": false}";2026-06-06;2.0
bunfraglehocges_81;81;1.0;"Bundeskonferenz der Frauenbeauftragten und Gleichstellungsbeauftragten an Hochschulen

c/o GESIS - CEWS";;Bundesoberbehörde;Bundesbehörde;Bund;Berlin;Berlin;"{""lat"": null, ""lon"": null}";;false;;Frauen;https://www.service.bund.de;;;;;;bmbfsj;Bundesministerium für Familie, Senioren, Frauen und Jugend (BMFSFJ);Frauen;Finanzierung über das Ressort Bundesministerium für Familie, Senioren, Frauen und Jugend (BMFSFJ);"[{""zu_id"": ""bmbfsj"", ""typ"": ""UNTERSTELLT"", ""richtung"": ""eingehend"", ""seit"": null, ""quelle"": null}]";"[""https://www.service.bund.de""]";"{""vollstaendigkeit_prozent"": 66.7, ""zuletzt_verifiziert"": ""2026-06-06"", ""verifikation_noetig"": false}";2026-06-06;2.0
bunfrepfikdö_52154;52154;1.0;Bund Freikirchlicher Pfingstgemeinden KdöR;;Bundesoberbehörde;Bundesbehörde;Bund;Berlin;Berlin;"{""lat"": null, ""lon"": null}";;false;;Kirche;https://www.service.bund.de;;;;;;bmi;Bundesministerium des Innern und für Heimat (BMI);Kirche;Finanzierung über das Ressort Bundesministerium des Innern und für Heimat (BMI);"[{""zu_id"": ""bmi"", ""typ"": ""UNTERSTELLT"", ""richtung"": ""eingehend"", ""seit"": null, ""quelle"": null}]";"[""https://www.service.bund.de""]";"{""vollstaendigkeit_prozent"": 66.7, ""zuletzt_verifiziert"": ""2026-06-06"", ""verifikation_noetig"": false}";2026-06-06;2.0
bunfürarb_250;250;1.0;Bundesagentur für Arbeit;;Bundesanstalt;Körperschaft des öffentlichen Rechts;Bund;Nürnberg;Bayern;"{""lat"": null, ""lon"": null}";;false;;Agentur für Arbeit;https://www.arbeitsagentur.de;;42500.0;2025;113000;2024;bmas;Bundesministerium für Arbeit und Soziales (BMAS);Agentur für Arbeit;Größte Dienststelle des Bundes nach Mitarbeitern;"[{""zu_id"": ""bmas"", ""typ"": ""UNTERSTELLT"", ""richtung"": ""eingehend"", ""seit"": null, ""quelle"": null}]";"[""https://www.arbeitsagentur.de""]";"{""vollstaendigkeit_prozent"": 75.0, ""zuletzt_verifiziert"": ""2026-06-06"", ""verifikation_noetig"": false}";2026-06-06;2.0
bunfürarbregbad_251;251;1.0;Bundesagentur für Arbeit - Regionaldirektion Baden-Württemberg;;Bundesanstalt;Dienststelle der BA;Bund;Berlin;Berlin;"{""lat"": null, ""lon"": null}";;false;;Regionaldirektion der Agentur für Arbeit;https://www.arbeitsagentur.de;;96.46;2025;;;bmas;Bundesministerium für Arbeit und Soziales (BMAS);Regionaldirektion der Agentur für Arbeit;Aggregiert unter Bundesagentur für Arbeit (BA);"[{""zu_id"": ""bmas"", ""typ"": ""UNTERSTELLT"", ""richtung"": ""eingehend"", ""seit"": null, ""quelle"": null}]";"[""https://www.arbeitsagentur.de""]";"{""vollstaendigkeit_prozent"": 66.7, ""zuletzt_verifiziert"": ""2026-06-06"", ""verifikation_noetig"": false}";2026-06-06;2.0
bunfürarbregbay_252;252;1.0;Bundesagentur für Arbeit - Regionaldirektion Bayern;;Bundesanstalt;Dienststelle der BA;Bund;Berlin;Berlin;"{""lat"": null, ""lon"": null}";;false;;Regionaldirektion der Agentur für Arbeit;https://www.arbeitsagentur.de;;96.46;2025;;;bmas;Bundesministerium für Arbeit und Soziales (BMAS);Regionaldirektion der Agentur für Arbeit;Aggregiert unter Bundesagentur für Arbeit (BA);"[{""zu_id"": ""bmas"", ""typ"": ""UNTERSTELLT"", ""richtung"": ""eingehend"", ""seit"": null, ""quelle"": null}]";"[""https://www.arbeitsagentur.de""]";"{""vollstaendigkeit_prozent"": 66.7, ""zuletzt_verifiziert"": ""2026-06-06"", ""verifikation_noetig"": false}";2026-06-06;2.0
bunfürarbregber_253;253;1.0;Bundesagentur für Arbeit - Regionaldirektion Berlin Brandenburg;;Bundesanstalt;Dienststelle der BA;Bund;Berlin;Berlin;"{""lat"": null, ""lon"": null}";;false;;Regionaldirektion der Agentur für Arbeit;https://www.arbeitsagentur.de;;96.46;2025;;;bmas;Bundesministerium für Arbeit und Soziales (BMAS);Regionaldirektion der Agentur für Arbeit;Aggregiert unter Bundesagentur für Arbeit (BA);"[{""zu_id"": ""bmas"", ""typ"": ""UNTERSTELLT"", ""richtung"": ""eingehend"", ""seit"": null, ""quelle"": null}]";"[""https://www.arbeitsagentur.de""]";"{""vollstaendigkeit_prozent"": 66.7, ""zuletzt_verifiziert"": ""2026-06-06"", ""verifikation_noetig"": false}";2026-06-06;2.0
bunfürarbreghes_254;254;1.0;Bundesagentur für Arbeit - Regionaldirektion Hessen;;Bundesanstalt;Dienststelle der BA;Bund;Essen;Nordrhein-Westfalen;"{""lat"": null, ""lon"": null}";;false;;Regionaldirektion der Agentur für Arbeit;https://www.arbeitsagentur.de;;96.46;2025;;;bmas;Bundesministerium für Arbeit und Soziales (BMAS);Regionaldirektion der Agentur für Arbeit;Aggregiert unter Bundesagentur für Arbeit (BA);"[{""zu_id"": ""bmas"", ""typ"": ""UNTERSTELLT"", ""richtung"": ""eingehend"", ""seit"": null, ""quelle"": null}]";"[""https://www.arbeitsagentur.de""]";"{""vollstaendigkeit_prozent"": 66.7, ""zuletzt_verifiziert"": ""2026-06-06"", ""verifikation_noetig"": false}";2026-06-06;2.0
bunfürarbregnie_255;255;1.0;Bundesagentur für Arbeit - Regionaldirektion Niedersachsen-Bremen;;Bundesanstalt;Dienststelle der BA;Bund;Bremen;Bremen;"{""lat"": null, ""lon"": null}";;false;;Regionaldirektion der Agentur für Arbeit;https://www.arbeitsagentur.de;;96.46;2025;;;bmas;Bundesministerium für Arbeit und Soziales (BMAS);Regionaldirektion der Agentur für Arbeit;Aggregiert unter Bundesagentur für Arbeit (BA);"[{""zu_id"": ""bmas"", ""typ"": ""UNTERSTELLT"", ""richtung"": ""eingehend"", ""seit"": null, ""quelle"": null}]";"[""https://www.arbeitsagentur.de""]";"{""vollstaendigkeit_prozent"": 66.7, ""zuletzt_verifiziert"": ""2026-06-06"", ""verifikation_noetig"": false}";2026-06-06;2.0
bunfürarbregnor_256;256;1.0;Bundesagentur für Arbeit - Regionaldirektion Nord;;Bundesanstalt;Dienststelle der BA;Bund;Berlin;Berlin;"{""lat"": null, ""lon"": null}";;false;;Regionaldirektion der Agentur für Arbeit;https://www.arbeitsagentur.de;;96.46;2025;;;bmas;Bundesministerium für Arbeit und Soziales (BMAS);Regionaldirektion der Agentur für Arbeit;Aggregiert unter Bundesagentur für Arbeit (BA);"[{""zu_id"": ""bmas"", ""typ"": ""UNTERSTELLT"", ""richtung"": ""eingehend"", ""seit"": null, ""quelle"": null}]";"[""https://www.arbeitsagentur.de""]";"{""vollstaendigkeit_prozent"": 66.7, ""zuletzt_verifiziert"": ""2026-06-06"", ""verifikation_noetig"": false}";2026-06-06;2.0
bunfürarbregnor_257;257;1.0;Bundesagentur für Arbeit - Regionaldirektion Nordrhein-Westfalen;;Bundesanstalt;Dienststelle der BA;Bund;Berlin;Berlin;"{""lat"": null, ""lon"": null}";;false;;Regionaldirektion der Agentur für Arbeit;https://www.arbeitsagentur.de;;96.46;2025;;;bmas;Bundesministerium für Arbeit und Soziales (BMAS);Regionaldirektion der Agentur für Arbeit;Aggregiert unter Bundesagentur für Arbeit (BA);"[{""zu_id"": ""bmas"", ""typ"": ""UNTERSTELLT"", ""richtung"": ""eingehend"", ""seit"": null, ""quelle"": null}]";"[""https://www.arbeitsagentur.de""]";"{""vollstaendigkeit_prozent"": 66.7, ""zuletzt_verifiziert"": ""2026-06-06"", ""verifikation_noetig"": false}";2026-06-06;2.0
bunfürarbregrhe_258;258;1.0;Bundesagentur für Arbeit - Regionaldirektion Rheinland-Pfalz-Saarland;;Bundesanstalt;Dienststelle der BA;Bund;Berlin;Berlin;"{""lat"": null, ""lon"": null}";;false;;Regionaldirektion der Agentur für Arbeit;https://www.arbeitsagentur.de;;96.46;2025;;;bmas;Bundesministerium für Arbeit und Soziales (BMAS);Regionaldirektion der Agentur für Arbeit;Aggregiert unter Bundesagentur für Arbeit (BA);"[{""zu_id"": ""bmas"", ""typ"": ""UNTERSTELLT"", ""richtung"": ""eingehend"", ""seit"": null, ""quelle"": null}]";"[""https://www.arbeitsagentur.de""]";"{""vollstaendigkeit_prozent"": 66.7, ""zuletzt_verifiziert"": ""2026-06-06"", ""verifikation_noetig"": false}";2026-06-06;2.0
bunfürarbregsac_259;259;1.0;Bundesagentur für Arbeit - Regionaldirektion Sachsen;;Bundesanstalt;Dienststelle der BA;Bund;Berlin;Berlin;"{""lat"": null, ""lon"": null}";;false;;Regionaldirektion der Agentur für Arbeit;https://www.arbeitsagentur.de;;96.46;2025;;;bmas;Bundesministerium für Arbeit und Soziales (BMAS);Regionaldirektion der Agentur für Arbeit;Aggregiert unter Bundesagentur für Arbeit (BA);"[{""zu_id"": ""bmas"", ""typ"": ""UNTERSTELLT"", ""richtung"": ""eingehend"", ""seit"": null, ""quelle"": null}]";"[""https://www.arbeitsagentur.de""]";"{""vollstaendigkeit_prozent"": 66.7, ""zuletzt_verifiziert"": ""2026-06-06"", ""verifikation_noetig"": false}";2026-06-06;2.0
bunfürarbregsac_260;260;1.0;Bundesagentur für Arbeit - Regionaldirektion Sachsen Anhalt Thüringen;;Bundesanstalt;Dienststelle der BA;Bund;Berlin;Berlin;"{""lat"": null, ""lon"": null}";;false;;Regionaldirektion der Agentur für Arbeit;https://www.arbeitsagentur.de;;96.46;2025;;;bmas;Bundesministerium für Arbeit und Soziales (BMAS);Regionaldirektion der Agentur für Arbeit;Aggregiert unter Bundesagentur für Arbeit (BA);"[{""zu_id"": ""bmas"", ""typ"": ""UNTERSTELLT"", ""richtung"": ""eingehend"", ""seit"": null, ""quelle"": null}]";"[""https://www.arbeitsagentur.de""]";"{""vollstaendigkeit_prozent"": 66.7, ""zuletzt_verifiziert"": ""2026-06-06"", ""verifikation_noetig"": false}";2026-06-06;2.0
bunfürbehzahkon_54;54;1.0;Bundesbeauftragter für die Behandlung von Zahlungen an die Konversionskasse;;Bundesoberbehörde;Bundesbehörde;Bund;Berlin;Berlin;"{""lat"": null, ""lon"": null}";;false;;Beauftragte;https://www.service.bund.de;;;;;;bmf;Bundesministerium der Finanzen (BMF);Beauftragte;Finanzierung über das Ressort Bundesministerium der Finanzen (BMF);"[{""zu_id"": ""bmf"", ""typ"": ""UNTERSTELLT"", ""richtung"": ""eingehend"", ""seit"": null, ""quelle"": null}]";"[""https://www.service.bund.de""]";"{""vollstaendigkeit_prozent"": 66.7, ""zuletzt_verifiziert"": ""2026-06-06"", ""verifikation_noetig"": false}";2026-06-06;2.0
bunfürberbeitre_304;304;1.0;Bundesbeauftragter für das Bergmannssiedlungsvermögen bei der Treuhandstelle, für Bergmannswohnstätten im rheinisch-westfälischen Steinkohlebezirk und der Wohnungsbaugesellschaft Rhein Braunkohle;;Bundesoberbehörde;Bundesbehörde;Bund;Berlin;Berlin;"{""lat"": null, ""lon"": null}";;false;;Bergbau und Geologie;https://www.service.bund.de;;;;;;bmv;Bundesministerium für Digitales und Verkehr (BMDV);Bergbau und Geologie;Finanzierung über das Ressort Bundesministerium für Digitales und Verkehr (BMDV);"[{""zu_id"": ""bmv"", ""typ"": ""UNTERSTELLT"", ""richtung"": ""eingehend"", ""seit"": null, ""quelle"": null}]";"[""https://www.service.bund.de""]";"{""vollstaendigkeit_prozent"": 66.7, ""zuletzt_verifiziert"": ""2026-06-06"", ""verifikation_noetig"": false}";2026-06-06;2.0
bunfürdatinf_305;305;1.0;Die Bundesbeauftragte für den Datenschutz und die Informationsfreiheit;;Bundesoberbehörde;Bundesbehörde;Bund;Berlin;Berlin;"{""lat"": null, ""lon"": null}";;false;;Beauftragte für Datenschutz und Informationsfreiheit;https://www.service.bund.de;;52.15;2025;;;bmjv;Bundesministerium der Justiz (BMJ);Beauftragte für Datenschutz und Informationsfreiheit;Finanzierung über das Ressort Bundesministerium der Justiz (BMJ);"[{""zu_id"": ""bmjv"", ""typ"": ""UNTERSTELLT"", ""richtung"": ""eingehend"", ""seit"": null, ""quelle"": null}]";"[""https://www.service.bund.de""]";"{""vollstaendigkeit_prozent"": 66.7, ""zuletzt_verifiziert"": ""2026-06-06"", ""verifikation_noetig"": false}";2026-06-06;2.0
bunfürflu_127;127;1.0;Bundesstelle für Flugunfalluntersuchung;;Bundesoberbehörde;Bundesbehörde;Bund;Berlin;Berlin;"{""lat"": null, ""lon"": null}";;false;;Luftverkehr;https://www.service.bund.de;;;;37;2024;bmv;Bundesministerium für Digitales und Verkehr (BMDV);Luftverkehr;Finanzierung über das Ressort Bundesministerium für Digitales und Verkehr (BMDV);"[{""zu_id"": ""bmv"", ""typ"": ""UNTERSTELLT"", ""richtung"": ""eingehend"", ""seit"": null, ""quelle"": null}]";"[""https://www.service.bund.de""]";"{""vollstaendigkeit_prozent"": 75.0, ""zuletzt_verifiziert"": ""2026-06-06"", ""verifikation_noetig"": false}";2026-06-06;2.0
bunfürflu_301;301;1.0;Bundesaufsichtsamt für Flugsicherung;;Bundesoberbehörde;Bundesbehörde;Bund;Berlin;Berlin;"{""lat"": null, ""lon"": null}";;false;;Flug;https://www.service.bund.de;;10.1;2025;104;2024;bmv;Bundesministerium für Digitales und Verkehr (BMDV);Flug;Finanzierung über das Ressort Bundesministerium für Digitales und Verkehr (BMDV);"[{""zu_id"": ""bmv"", ""typ"": ""UNTERSTELLT"", ""richtung"": ""eingehend"", ""seit"": null, ""quelle"": null}]";"[""https://www.service.bund.de""]";"{""vollstaendigkeit_prozent"": 75.0, ""zuletzt_verifiziert"": ""2026-06-06"", ""verifikation_noetig"": false}";2026-06-06;2.0
bunfürkinjug_117;117;1.0;Bundeszentrale für Kinder- und Jugendmedienschutz;;Bundesoberbehörde;Bundesbehörde;Bund;Berlin;Berlin;"{""lat"": null, ""lon"": null}";;false;;Jugend;https://www.service.bund.de;;8.143;2025;;;bmbfsj;Bundesministerium für Familie, Senioren, Frauen und Jugend (BMFSFJ);Jugend;Finanzierung über das Ressort Bundesministerium für Familie, Senioren, Frauen und Jugend (BMFSFJ);"[{""zu_id"": ""bmbfsj"", ""typ"": ""UNTERSTELLT"", ""richtung"": ""eingehend"", ""seit"": null, ""quelle"": null}]";"[""https://www.service.bund.de""]";"{""vollstaendigkeit_prozent"": 66.7, ""zuletzt_verifiziert"": ""2026-06-06"", ""verifikation_noetig"": false}";2026-06-06;2.0
bunfüropfseddik_49260;49260;1.0;Die Bundesbeauftragte für die Opfer der SED-Diktatur beim Deutschen Bundestag;;Bundesoberbehörde;Bundesbehörde;Bund;Berlin;Berlin;"{""lat"": null, ""lon"": null}";;false;;;https://www.service.bund.de;;2.33;2025;;;bkamt;Beauftragte der Bundesregierung für Kultur und Medien (BKM);;Finanzierung über das Ressort Beauftragte der Bundesregierung für Kultur und Medien (BKM);"[{""zu_id"": ""bkamt"", ""typ"": ""UNTERSTELLT"", ""richtung"": ""eingehend"", ""seit"": null, ""quelle"": null}]";"[""https://www.service.bund.de""]";"{""vollstaendigkeit_prozent"": 58.3, ""zuletzt_verifiziert"": ""2026-06-06"", ""verifikation_noetig"": false}";2026-06-06;2.0
bunfürpolbil_233;233;1.0;Bundeszentrale für politische Bildung;;Bundesoberbehörde;Bundesbehörde;Bund;Berlin;Berlin;"{""lat"": null, ""lon"": null}";;false;;Politische Bildung;https://www.service.bund.de;;100.1;2025;300;2024;bmi;Bundesministerium des Innern und für Heimat (BMI);Politische Bildung;Finanzierung über das Ressort Bundesministerium des Innern und für Heimat (BMI);"[{""zu_id"": ""bmi"", ""typ"": ""UNTERSTELLT"", ""richtung"": ""eingehend"", ""seit"": null, ""quelle"": null}]";"[""https://www.service.bund.de""]";"{""vollstaendigkeit_prozent"": 75.0, ""zuletzt_verifiziert"": ""2026-06-06"", ""verifikation_noetig"": false}";2026-06-06;2.0
bunfürreh_51831;51831;1.0;Bundesarbeitsgemeinschaft für Rehabilitation e.V.;;Bundesoberbehörde;Bundesbehörde;Bund;Berlin;Berlin;"{""lat"": null, ""lon"": null}";;false;;;https://www.service.bund.de;;;;;;bmas;Bundesministerium für Arbeit und Soziales (BMAS);;Finanzierung über das Ressort Bundesministerium für Arbeit und Soziales (BMAS);"[{""zu_id"": ""bmas"", ""typ"": ""UNTERSTELLT"", ""richtung"": ""eingehend"", ""seit"": null, ""quelle"": null}]";"[""https://www.service.bund.de""]";"{""vollstaendigkeit_prozent"": 58.3, ""zuletzt_verifiziert"": ""2026-06-06"", ""verifikation_noetig"": false}";2026-06-06;2.0
bunfürsee_128;128;1.0;Bundesstelle für Seeunfalluntersuchung;;Bundesoberbehörde;Bundesbehörde;Bund;Berlin;Berlin;"{""lat"": null, ""lon"": null}";;false;;Wasser und Schifffahrt;https://www.service.bund.de;;;;12;2024;bmv;Bundesministerium für Digitales und Verkehr (BMDV);Wasser und Schifffahrt;Finanzierung über das Ressort Bundesministerium für Digitales und Verkehr (BMDV);"[{""zu_id"": ""bmv"", ""typ"": ""UNTERSTELLT"", ""richtung"": ""eingehend"", ""seit"": null, ""quelle"": null}]";"[""https://www.service.bund.de""]";"{""vollstaendigkeit_prozent"": 75.0, ""zuletzt_verifiziert"": ""2026-06-06"", ""verifikation_noetig"": false}";2026-06-06;2.0
bunfürsic_262;262;1.0;Bundesakademie für Sicherheitspolitik;;Bundesoberbehörde;Bundesbehörde;Bund;Berlin;Berlin;"{""lat"": null, ""lon"": null}";;false;;Militärische Ausbildungsstätte;https://www.service.bund.de;;;;70;2024;bmvg;Bundesministerium der Verteidigung (BMVg);Militärische Ausbildungsstätte;Finanzierung über das Ressort Bundesministerium der Verteidigung (BMVg);"[{""zu_id"": ""bmvg"", ""typ"": ""UNTERSTELLT"", ""richtung"": ""eingehend"", ""seit"": null, ""quelle"": null}]";"[""https://www.service.bund.de""]";"{""vollstaendigkeit_prozent"": 75.0, ""zuletzt_verifiziert"": ""2026-06-06"", ""verifikation_noetig"": false}";2026-06-06;2.0
bunfürsoz_138;138;1.0;Bundeswahlbeauftragter für die Sozialversicherungswahlen;;Bundesoberbehörde;Bundesbehörde;Bund;Berlin;Berlin;"{""lat"": null, ""lon"": null}";;false;;Beauftragte;https://www.service.bund.de;;;;;;bmas;Bundesministerium für Arbeit und Soziales (BMAS);Beauftragte;Finanzierung über das Ressort Bundesministerium für Arbeit und Soziales (BMAS);"[{""zu_id"": ""bmas"", ""typ"": ""UNTERSTELLT"", ""richtung"": ""eingehend"", ""seit"": null, ""quelle"": null}]";"[""https://www.service.bund.de""]";"{""vollstaendigkeit_prozent"": 66.7, ""zuletzt_verifiziert"": ""2026-06-06"", ""verifikation_noetig"": false}";2026-06-06;2.0
bunfürspr_20194;20194;1.0;Bundesagentur für Sprunginnovation;;Bundesanstalt;Bundesbehörde;Bund;Berlin;Berlin;"{""lat"": null, ""lon"": null}";;false;;Forschung;https://www.sprind.org;;250.0;2025;50;2024;bmas;Bundesministerium für Arbeit und Soziales (BMAS);Forschung;Finanzierung über das Ressort Bundesministerium für Arbeit und Soziales (BMAS);"[{""zu_id"": ""bmas"", ""typ"": ""UNTERSTELLT"", ""richtung"": ""eingehend"", ""seit"": null, ""quelle"": null}]";"[""https://www.sprind.org""]";"{""vollstaendigkeit_prozent"": 75.0, ""zuletzt_verifiziert"": ""2026-06-06"", ""verifikation_noetig"": false}";2026-06-06;2.0
bunfürste_231;231;1.0;Bundeszentralamt für Steuern;;Bundesoberbehörde;Bundesoberbehörde;Bund;Bonn;Nordrhein-Westfalen;"{""lat"": null, ""lon"": null}";;false;;Haushalt und Steuern;https://www.bzst.de;;190.0;2025;2200;2024;bmf;Bundesministerium der Finanzen (BMF);Haushalt und Steuern;Zentralamt für Steuern;"[{""zu_id"": ""bmf"", ""typ"": ""UNTERSTELLT"", ""richtung"": ""eingehend"", ""seit"": null, ""quelle"": null}]";"[""https://www.bzst.de""]";"{""vollstaendigkeit_prozent"": 75.0, ""zuletzt_verifiziert"": ""2026-06-06"", ""verifikation_noetig"": false}";2026-06-06;2.0
bunfüruntstaehe_303;303;1.0;Bundesbeauftragter für die Unterlagen des Staatssicherheitsdienstes der ehemaligen DDR;;Bundesoberbehörde;Bundesbehörde;Bund;Berlin;Berlin;"{""lat"": null, ""lon"": null}";;false;;Beauftragte;https://www.service.bund.de;;105.84;2025;1319;2024;bkamt;Beauftragte der Bundesregierung für Kultur und Medien (BKM);Beauftragte;Finanzierung über das Ressort Beauftragte der Bundesregierung für Kultur und Medien (BKM);"[{""zu_id"": ""bkamt"", ""typ"": ""UNTERSTELLT"", ""richtung"": ""eingehend"", ""seit"": null, ""quelle"": null}]";"[""https://www.service.bund.de""]";"{""vollstaendigkeit_prozent"": 75.0, ""zuletzt_verifiziert"": ""2026-06-06"", ""verifikation_noetig"": false}";2026-06-06;2.0
bunfürververnac_50032;50032;1.0;Bundesschiedsamt für die vertragsärztliche Versorgung nach § 89 Abs. 2 SGB V;;Bundesoberbehörde;Bundesbehörde;Bund;Berlin;Berlin;"{""lat"": null, ""lon"": null}";;false;;;https://www.service.bund.de;;2674.07;2025;;;bmas;Bundesministerium für Arbeit und Soziales (BMAS);;Finanzierung über das Ressort Bundesministerium für Arbeit und Soziales (BMAS);"[{""zu_id"": ""bmas"", ""typ"": ""UNTERSTELLT"", ""richtung"": ""eingehend"", ""seit"": null, ""quelle"": null}]";"[""https://www.service.bund.de""]";"{""vollstaendigkeit_prozent"": 58.3, ""zuletzt_verifiziert"": ""2026-06-06"", ""verifikation_noetig"": false}";2026-06-06;2.0
bunfürververnac_50033;50033;1.0;Bundesschiedsamt für die vertragszahnärztliche Versorgung nach § 89 Abs. 2 SGB V;;Bundesoberbehörde;Bundesbehörde;Bund;Berlin;Berlin;"{""lat"": null, ""lon"": null}";;false;;;https://www.service.bund.de;;2674.07;2025;;;bmas;Bundesministerium für Arbeit und Soziales (BMAS);;Finanzierung über das Ressort Bundesministerium für Arbeit und Soziales (BMAS);"[{""zu_id"": ""bmas"", ""typ"": ""UNTERSTELLT"", ""richtung"": ""eingehend"", ""seit"": null, ""quelle"": null}]";"[""https://www.service.bund.de""]";"{""vollstaendigkeit_prozent"": 58.3, ""zuletzt_verifiziert"": ""2026-06-06"", ""verifikation_noetig"": false}";2026-06-06;2.0
bunfürverzahlei_50034;50034;1.0;Bundesschiedsamt für die Vergütung zahntechnischer Leistungen nach § 89 Abs. 12 SGB V;;Bundesoberbehörde;Bundesbehörde;Bund;Berlin;Berlin;"{""lat"": null, ""lon"": null}";;false;;;https://www.service.bund.de;;3370.0;2025;;;bmas;Bundesministerium für Arbeit und Soziales (BMAS);;Finanzierung über das Ressort Bundesministerium für Arbeit und Soziales (BMAS);"[{""zu_id"": ""bmas"", ""typ"": ""UNTERSTELLT"", ""richtung"": ""eingehend"", ""seit"": null, ""quelle"": null}]";"[""https://www.service.bund.de""]";"{""vollstaendigkeit_prozent"": 58.3, ""zuletzt_verifiziert"": ""2026-06-06"", ""verifikation_noetig"": false}";2026-06-06;2.0
bunfürwehweh_263;263;1.0;Bundesakademie für Wehrverwaltung und Wehrtechnik;;Bundesoberbehörde;Bundesbehörde;Bund;Berlin;Berlin;"{""lat"": null, ""lon"": null}";;false;;Militärische Ausbildungsstätte;https://www.service.bund.de;;8862.05;2025;;;bmvg;Bundesministerium der Verteidigung (BMVg);Militärische Ausbildungsstätte;Finanzierung über das Ressort Bundesministerium der Verteidigung (BMVg);"[{""zu_id"": ""bmvg"", ""typ"": ""UNTERSTELLT"", ""richtung"": ""eingehend"", ""seit"": null, ""quelle"": null}]";"[""https://www.service.bund.de""]";"{""vollstaendigkeit_prozent"": 66.7, ""zuletzt_verifiziert"": ""2026-06-06"", ""verifikation_noetig"": false}";2026-06-06;2.0
bunfürwirver_55;55;1.0;Bundesbeauftragter für Wirtschaftlichkeit in der Verwaltung;;Bundesoberbehörde;Bundesbehörde;Bund;Berlin;Berlin;"{""lat"": null, ""lon"": null}";;false;;Beauftragte;https://www.service.bund.de;;195.97;2025;1050;2024;bmf;Bundesministerium der Finanzen (BMF);Beauftragte;Finanzierung über das Ressort Bundesministerium der Finanzen (BMF);"[{""zu_id"": ""bmf"", ""typ"": ""UNTERSTELLT"", ""richtung"": ""eingehend"", ""seit"": null, ""quelle"": null}]";"[""https://www.service.bund.de""]";"{""vollstaendigkeit_prozent"": 75.0, ""zuletzt_verifiziert"": ""2026-06-06"", ""verifikation_noetig"": false}";2026-06-06;2.0
bunfürziv_306;306;1.0;Bundesbeauftragter für den Zivildienst;;Bundesoberbehörde;Bundesbehörde;Bund;Berlin;Berlin;"{""lat"": null, ""lon"": null}";;false;;;https://www.service.bund.de;;;;;;bmbfsj;Bundesministerium für Familie, Senioren, Frauen und Jugend (BMFSFJ);;Finanzierung über das Ressort Bundesministerium für Familie, Senioren, Frauen und Jugend (BMFSFJ);"[{""zu_id"": ""bmbfsj"", ""typ"": ""UNTERSTELLT"", ""richtung"": ""eingehend"", ""seit"": null, ""quelle"": null}]";"[""https://www.service.bund.de""]";"{""vollstaendigkeit_prozent"": 58.3, ""zuletzt_verifiziert"": ""2026-06-06"", ""verifikation_noetig"": false}";2026-06-06;2.0
bunfüröffver_261;261;1.0;Bundesakademie für öffentliche Verwaltung;;Bundesanstalt;Bundesbehörde;Bund;Berlin;Berlin;"{""lat"": null, ""lon"": null}";;false;;Akademie;https://www.service.bund.de;;9.439;2025;52;2024;bmi;Bundesministerium des Innern und für Heimat (BMI);Akademie;Finanzierung über das Ressort Bundesministerium des Innern und für Heimat (BMI);"[{""zu_id"": ""bmi"", ""typ"": ""UNTERSTELLT"", ""richtung"": ""eingehend"", ""seit"": null, ""quelle"": null}]";"[""https://www.service.bund.de""]";"{""vollstaendigkeit_prozent"": 75.0, ""zuletzt_verifiziert"": ""2026-06-06"", ""verifikation_noetig"": false}";2026-06-06;2.0
bunges_6577;6577;1.0;Bundesinnungskrankenkasse Gesundheit;;KdöR;Bundesbehörde;Bund;Berlin;Berlin;"{""lat"": null, ""lon"": null}";;false;;Krankenkasse;https://www.big-direkt.de/;;21.7;2025;950;2024;bmas;Bundesministerium für Arbeit und Soziales (BMAS);Krankenkasse;Finanzierung über das Ressort Bundesministerium für Arbeit und Soziales (BMAS);"[{""zu_id"": ""bmas"", ""typ"": ""UNTERSTELLT"", ""richtung"": ""eingehend"", ""seit"": null, ""quelle"": null}]";"[""https://www.big-direkt.de/""]";"{""vollstaendigkeit_prozent"": 75.0, ""zuletzt_verifiziert"": ""2026-06-06"", ""verifikation_noetig"": false}";2026-06-06;2.0
bungro_224;224;1.0;Bundeswehrverwaltungsstelle Großbritannien;;Bundesoberbehörde;Dienststelle der Bundeswehrverwaltung;Bund;Berlin;Berlin;"{""lat"": null, ""lon"": null}";;false;;Bundeswehrverwaltungsstelle;https://www.bundeswehr.de;;;;;;bmvg;Bundesministerium der Verteidigung (BMVg);Bundeswehrverwaltungsstelle;Aggregiert unter Bundesministerium der Verteidigung (BMVg);"[{""zu_id"": ""bmvg"", ""typ"": ""UNTERSTELLT"", ""richtung"": ""eingehend"", ""seit"": null, ""quelle"": null}]";"[""https://www.bundeswehr.de""]";"{""vollstaendigkeit_prozent"": 66.7, ""zuletzt_verifiziert"": ""2026-06-06"", ""verifikation_noetig"": false}";2026-06-06;2.0
bunhalsaa_76;76;1.0;Bundeskasse Halle/Saale;;Bundesoberbehörde;Bundesbehörde;Bund;Halle;Sachsen-Anhalt;"{""lat"": null, ""lon"": null}";;false;;Bundeskasse;https://www.service.bund.de;;;;;;bmg;Bundesministerium für Gesundheit (BMG);Bundeskasse;Finanzierung über das Ressort Bundesministerium für Gesundheit (BMG);"[{""zu_id"": ""bmg"", ""typ"": ""UNTERSTELLT"", ""richtung"": ""eingehend"", ""seit"": null, ""quelle"": null}]";"[""https://www.service.bund.de""]";"{""vollstaendigkeit_prozent"": 66.7, ""zuletzt_verifiziert"": ""2026-06-06"", ""verifikation_noetig"": false}";2026-06-06;2.0
bunham_207;207;1.0;Bundeswehrfachschule Hamburg;;Bundesoberbehörde;Dienststelle der Bundeswehrverwaltung;Bund;Hamburg;Hamburg;"{""lat"": null, ""lon"": null}";;false;;Militärische Ausbildungsstätte;https://www.bundeswehr.de;;;;;;bmvg;Bundesministerium der Verteidigung (BMVg);Militärische Ausbildungsstätte;Aggregiert unter Bundesministerium der Verteidigung (BMVg);"[{""zu_id"": ""bmvg"", ""typ"": ""UNTERSTELLT"", ""richtung"": ""eingehend"", ""seit"": null, ""quelle"": null}]";"[""https://www.bundeswehr.de""]";"{""vollstaendigkeit_prozent"": 66.7, ""zuletzt_verifiziert"": ""2026-06-06"", ""verifikation_noetig"": false}";2026-06-06;2.0
bunham_217;217;1.0;Bundeswehrkrankenhaus Hamburg;;Bundesoberbehörde;Dienststelle der Bundeswehrverwaltung;Bund;Hamburg;Hamburg;"{""lat"": null, ""lon"": null}";;false;;Bundeswehrkrankenhaus;https://www.bundeswehr.de;;;;;;bmvg;Bundesministerium der Verteidigung (BMVg);Bundeswehrkrankenhaus;Aggregiert unter Bundesministerium der Verteidigung (BMVg);"[{""zu_id"": ""bmvg"", ""typ"": ""UNTERSTELLT"", ""richtung"": ""eingehend"", ""seit"": null, ""quelle"": null}]";"[""https://www.bundeswehr.de""]";"{""vollstaendigkeit_prozent"": 66.7, ""zuletzt_verifiziert"": ""2026-06-06"", ""verifikation_noetig"": false}";2026-06-06;2.0
bunhamhau_16284;16284;1.0;Bundespolizeirevier Hamburg-Hauptbahnhof;;Bundesoberbehörde;Dienststelle der Bundespolizei;Bund;Hamburg;Hamburg;"{""lat"": null, ""lon"": null}";;false;;;https://www.bundespolizei.de;;5074.74;2025;;;bmv;Bundesministerium für Digitales und Verkehr (BMDV);;Aggregiert unter Bundespolizei (BPOL);"[{""zu_id"": ""bmv"", ""typ"": ""UNTERSTELLT"", ""richtung"": ""eingehend"", ""seit"": null, ""quelle"": null}]";"[""https://www.bundespolizei.de""]";"{""vollstaendigkeit_prozent"": 58.3, ""zuletzt_verifiziert"": ""2026-06-06"", ""verifikation_noetig"": false}";2026-06-06;2.0
bunhan_108;108;1.0;Bundespolizeidirektion Hannover;;Bundesoberbehörde;Dienststelle der Bundespolizei;Bund;Hannover;Niedersachsen;"{""lat"": null, ""lon"": null}";;false;;Bundespolizei;https://www.bundespolizei.de;;5074.74;2025;;;bmi;Bundesministerium des Innern und für Heimat (BMI);Bundespolizei;Aggregiert unter Bundespolizei (BPOL);"[{""zu_id"": ""bmi"", ""typ"": ""UNTERSTELLT"", ""richtung"": ""eingehend"", ""seit"": null, ""quelle"": null}]";"[""https://www.bundespolizei.de""]";"{""vollstaendigkeit_prozent"": 66.7, ""zuletzt_verifiziert"": ""2026-06-06"", ""verifikation_noetig"": false}";2026-06-06;2.0
bunhan_208;208;1.0;Bundeswehrfachschule Hannover;;Bundesoberbehörde;Dienststelle der Bundeswehrverwaltung;Bund;Hannover;Niedersachsen;"{""lat"": null, ""lon"": null}";;false;;Militärische Ausbildungsstätte;https://www.bundeswehr.de;;;;;;bmvg;Bundesministerium der Verteidigung (BMVg);Militärische Ausbildungsstätte;Aggregiert unter Bundesministerium der Verteidigung (BMVg);"[{""zu_id"": ""bmvg"", ""typ"": ""UNTERSTELLT"", ""richtung"": ""eingehend"", ""seit"": null, ""quelle"": null}]";"[""https://www.bundeswehr.de""]";"{""vollstaendigkeit_prozent"": 66.7, ""zuletzt_verifiziert"": ""2026-06-06"", ""verifikation_noetig"": false}";2026-06-06;2.0
bunita_225;225;1.0;Bundeswehrverwaltungsstelle Italien;;Bundesoberbehörde;Dienststelle der Bundeswehrverwaltung;Bund;Berlin;Berlin;"{""lat"": null, ""lon"": null}";;false;;Bundeswehrverwaltungsstelle;https://www.bundeswehr.de;;;;;;bmvg;Bundesministerium der Verteidigung (BMVg);Bundeswehrverwaltungsstelle;Aggregiert unter Bundesministerium der Verteidigung (BMVg);"[{""zu_id"": ""bmvg"", ""typ"": ""UNTERSTELLT"", ""richtung"": ""eingehend"", ""seit"": null, ""quelle"": null}]";"[""https://www.bundeswehr.de""]";"{""vollstaendigkeit_prozent"": 66.7, ""zuletzt_verifiziert"": ""2026-06-06"", ""verifikation_noetig"": false}";2026-06-06;2.0
bunkar_209;209;1.0;Bundeswehrfachschule Karlsruhe;;Bundesoberbehörde;Dienststelle der Bundeswehrverwaltung;Bund;Karlsruhe;Baden-Württemberg;"{""lat"": null, ""lon"": null}";;false;;Militärische Ausbildungsstätte;https://www.bundeswehr.de;;;;;;bmvg;Bundesministerium der Verteidigung (BMVg);Militärische Ausbildungsstätte;Aggregiert unter Bundesministerium der Verteidigung (BMVg);"[{""zu_id"": ""bmvg"", ""typ"": ""UNTERSTELLT"", ""richtung"": ""eingehend"", ""seit"": null, ""quelle"": null}]";"[""https://www.bundeswehr.de""]";"{""vollstaendigkeit_prozent"": 66.7, ""zuletzt_verifiziert"": ""2026-06-06"", ""verifikation_noetig"": false}";2026-06-06;2.0
bunkas_210;210;1.0;Bundeswehrfachschule Kassel;;Bundesoberbehörde;Dienststelle der Bundeswehrverwaltung;Bund;Berlin;Berlin;"{""lat"": null, ""lon"": null}";;false;;Militärische Ausbildungsstätte;https://www.bundeswehr.de;;;;;;bmvg;Bundesministerium der Verteidigung (BMVg);Militärische Ausbildungsstätte;Aggregiert unter Bundesministerium der Verteidigung (BMVg);"[{""zu_id"": ""bmvg"", ""typ"": ""UNTERSTELLT"", ""richtung"": ""eingehend"", ""seit"": null, ""quelle"": null}]";"[""https://www.bundeswehr.de""]";"{""vollstaendigkeit_prozent"": 66.7, ""zuletzt_verifiziert"": ""2026-06-06"", ""verifikation_noetig"": false}";2026-06-06;2.0
bunkatjug_298;298;1.0;Bundesarbeitsgemeinschaft Katholische Jugendsozialarbeit e. V.;;Bundesoberbehörde;Bundesbehörde;Bund;Berlin;Berlin;"{""lat"": null, ""lon"": null}";;false;;Jugend;https://www.service.bund.de;;;;;;bmas;Bundesministerium für Arbeit und Soziales (BMAS);Jugend;Finanzierung über das Ressort Bundesministerium für Arbeit und Soziales (BMAS);"[{""zu_id"": ""bmas"", ""typ"": ""UNTERSTELLT"", ""richtung"": ""eingehend"", ""seit"": null, ""quelle"": null}]";"[""https://www.service.bund.de""]";"{""vollstaendigkeit_prozent"": 66.7, ""zuletzt_verifiziert"": ""2026-06-06"", ""verifikation_noetig"": false}";2026-06-06;2.0
bunkie_77;77;1.0;Bundeskasse Kiel;;Bundesoberbehörde;Bundesbehörde;Bund;Kiel;Schleswig-Holstein;"{""lat"": null, ""lon"": null}";;false;;Bundeskasse;https://www.service.bund.de;;;;;;bmg;Bundesministerium für Gesundheit (BMG);Bundeskasse;Finanzierung über das Ressort Bundesministerium für Gesundheit (BMG);"[{""zu_id"": ""bmg"", ""typ"": ""UNTERSTELLT"", ""richtung"": ""eingehend"", ""seit"": null, ""quelle"": null}]";"[""https://www.service.bund.de""]";"{""vollstaendigkeit_prozent"": 66.7, ""zuletzt_verifiziert"": ""2026-06-06"", ""verifikation_noetig"": false}";2026-06-06;2.0
bunkob_109;109;1.0;Bundespolizeidirektion Koblenz;;Bundesoberbehörde;Dienststelle der Bundespolizei;Bund;Koblenz;Rheinland-Pfalz;"{""lat"": null, ""lon"": null}";;false;;Bundespolizei;https://www.bundespolizei.de;;5074.74;2025;;;bmi;Bundesministerium des Innern und für Heimat (BMI);Bundespolizei;Aggregiert unter Bundespolizei (BPOL);"[{""zu_id"": ""bmi"", ""typ"": ""UNTERSTELLT"", ""richtung"": ""eingehend"", ""seit"": null, ""quelle"": null}]";"[""https://www.bundespolizei.de""]";"{""vollstaendigkeit_prozent"": 66.7, ""zuletzt_verifiziert"": ""2026-06-06"", ""verifikation_noetig"": false}";2026-06-06;2.0
bunkob_211;211;1.0;Bundeswehrfachschule Koblenz;;Bundesoberbehörde;Dienststelle der Bundeswehrverwaltung;Bund;Koblenz;Rheinland-Pfalz;"{""lat"": null, ""lon"": null}";;false;;Militärische Ausbildungsstätte;https://www.bundeswehr.de;;;;;;bmvg;Bundesministerium der Verteidigung (BMVg);Militärische Ausbildungsstätte;Aggregiert unter Bundesministerium der Verteidigung (BMVg);"[{""zu_id"": ""bmvg"", ""typ"": ""UNTERSTELLT"", ""richtung"": ""eingehend"", ""seit"": null, ""quelle"": null}]";"[""https://www.bundeswehr.de""]";"{""vollstaendigkeit_prozent"": 66.7, ""zuletzt_verifiziert"": ""2026-06-06"", ""verifikation_noetig"": false}";2026-06-06;2.0
bunkob_230;230;1.0;Bundeswehrzentralkrankenhaus Koblenz;;Bundesoberbehörde;Dienststelle der Bundeswehrverwaltung;Bund;Koblenz;Rheinland-Pfalz;"{""lat"": null, ""lon"": null}";;false;;Bundeswehrkrankenhaus;https://www.bundeswehr.de;;;;;;bmvg;Bundesministerium der Verteidigung (BMVg);Bundeswehrkrankenhaus;Aggregiert unter Bundesministerium der Verteidigung (BMVg);"[{""zu_id"": ""bmvg"", ""typ"": ""UNTERSTELLT"", ""richtung"": ""eingehend"", ""seit"": null, ""quelle"": null}]";"[""https://www.bundeswehr.de""]";"{""vollstaendigkeit_prozent"": 66.7, ""zuletzt_verifiziert"": ""2026-06-06"", ""verifikation_noetig"": false}";2026-06-06;2.0
bunköl_212;212;1.0;Bundeswehrfachschule Köln;;Bundesoberbehörde;Dienststelle der Bundeswehrverwaltung;Bund;Köln;Nordrhein-Westfalen;"{""lat"": null, ""lon"": null}";;false;;Militärische Ausbildungsstätte;https://www.bundeswehr.de;;;;;;bmvg;Bundesministerium der Verteidigung (BMVg);Militärische Ausbildungsstätte;Aggregiert unter Bundesministerium der Verteidigung (BMVg);"[{""zu_id"": ""bmvg"", ""typ"": ""UNTERSTELLT"", ""richtung"": ""eingehend"", ""seit"": null, ""quelle"": null}]";"[""https://www.bundeswehr.de""]";"{""vollstaendigkeit_prozent"": 66.7, ""zuletzt_verifiziert"": ""2026-06-06"", ""verifikation_noetig"": false}";2026-06-06;2.0
bunmün_110;110;1.0;Bundespolizeidirektion München;;Bundesoberbehörde;Dienststelle der Bundespolizei;Bund;München;Bayern;"{""lat"": null, ""lon"": null}";;false;;Bundespolizei;https://www.bundespolizei.de;;5074.74;2025;;;bmi;Bundesministerium des Innern und für Heimat (BMI);Bundespolizei;Aggregiert unter Bundespolizei (BPOL);"[{""zu_id"": ""bmi"", ""typ"": ""UNTERSTELLT"", ""richtung"": ""eingehend"", ""seit"": null, ""quelle"": null}]";"[""https://www.bundespolizei.de""]";"{""vollstaendigkeit_prozent"": 66.7, ""zuletzt_verifiziert"": ""2026-06-06"", ""verifikation_noetig"": false}";2026-06-06;2.0
bunmün_16321;16321;1.0;Bundespolizeiinspektion München;;Bundesoberbehörde;Dienststelle der Bundespolizei;Bund;München;Bayern;"{""lat"": null, ""lon"": null}";;false;;;https://www.bundespolizei.de;;5074.74;2025;;;bmi;Bundesministerium des Innern und für Heimat (BMI);;Aggregiert unter Bundespolizei (BPOL);"[{""zu_id"": ""bmi"", ""typ"": ""UNTERSTELLT"", ""richtung"": ""eingehend"", ""seit"": null, ""quelle"": null}]";"[""https://www.bundespolizei.de""]";"{""vollstaendigkeit_prozent"": 58.3, ""zuletzt_verifiziert"": ""2026-06-06"", ""verifikation_noetig"": false}";2026-06-06;2.0
bunmün_213;213;1.0;Bundeswehrfachschule München;;Bundesoberbehörde;Dienststelle der Bundeswehrverwaltung;Bund;München;Bayern;"{""lat"": null, ""lon"": null}";;false;;Militärische Ausbildungsstätte;https://www.bundeswehr.de;;;;;;bmvg;Bundesministerium der Verteidigung (BMVg);Militärische Ausbildungsstätte;Aggregiert unter Bundesministerium der Verteidigung (BMVg);"[{""zu_id"": ""bmvg"", ""typ"": ""UNTERSTELLT"", ""richtung"": ""eingehend"", ""seit"": null, ""quelle"": null}]";"[""https://www.bundeswehr.de""]";"{""vollstaendigkeit_prozent"": 66.7, ""zuletzt_verifiziert"": ""2026-06-06"", ""verifikation_noetig"": false}";2026-06-06;2.0
bunnau_214;214;1.0;Bundeswehrfachschule Naumburg;;Bundesoberbehörde;Dienststelle der Bundeswehrverwaltung;Bund;Berlin;Berlin;"{""lat"": null, ""lon"": null}";;false;;Militärische Ausbildungsstätte;https://www.bundeswehr.de;;;;;;bmvg;Bundesministerium der Verteidigung (BMVg);Militärische Ausbildungsstätte;Aggregiert unter Bundesministerium der Verteidigung (BMVg);"[{""zu_id"": ""bmvg"", ""typ"": ""UNTERSTELLT"", ""richtung"": ""eingehend"", ""seit"": null, ""quelle"": null}]";"[""https://www.bundeswehr.de""]";"{""vollstaendigkeit_prozent"": 66.7, ""zuletzt_verifiziert"": ""2026-06-06"", ""verifikation_noetig"": false}";2026-06-06;2.0
bunnie_226;226;1.0;Bundeswehrverwaltungsstelle Niederlande;;Bundesoberbehörde;Dienststelle der Bundeswehrverwaltung;Bund;Berlin;Berlin;"{""lat"": null, ""lon"": null}";;false;;Bundeswehrverwaltungsstelle;https://www.bundeswehr.de;;;;;;bmvg;Bundesministerium der Verteidigung (BMVg);Bundeswehrverwaltungsstelle;Aggregiert unter Bundesministerium der Verteidigung (BMVg);"[{""zu_id"": ""bmvg"", ""typ"": ""UNTERSTELLT"", ""richtung"": ""eingehend"", ""seit"": null, ""quelle"": null}]";"[""https://www.bundeswehr.de""]";"{""vollstaendigkeit_prozent"": 66.7, ""zuletzt_verifiziert"": ""2026-06-06"", ""verifikation_noetig"": false}";2026-06-06;2.0
bunpir_111;111;1.0;Bundespolizeidirektion Pirna;;Bundesoberbehörde;Dienststelle der Bundespolizei;Bund;Pirna;;"{""lat"": null, ""lon"": null}";;false;;Bundespolizei;https://www.bundespolizei.de;;5074.74;2025;;;bmi;Bundesministerium des Innern und für Heimat (BMI);Bundespolizei;Aggregiert unter Bundespolizei (BPOL);"[{""zu_id"": ""bmi"", ""typ"": ""UNTERSTELLT"", ""richtung"": ""eingehend"", ""seit"": null, ""quelle"": null}]";"[""https://www.bundespolizei.de""]";"{""vollstaendigkeit_prozent"": 58.3, ""zuletzt_verifiziert"": ""2026-06-06"", ""verifikation_noetig"": false}";2026-06-06;2.0
bunpol_227;227;1.0;Bundeswehrverwaltungsstelle Polen;;Bundesoberbehörde;Dienststelle der Bundeswehrverwaltung;Bund;Berlin;Berlin;"{""lat"": null, ""lon"": null}";;false;;Bundeswehrverwaltungsstelle;https://www.bundeswehr.de;;;;;;bmvg;Bundesministerium der Verteidigung (BMVg);Bundeswehrverwaltungsstelle;Aggregiert unter Bundesministerium der Verteidigung (BMVg);"[{""zu_id"": ""bmvg"", ""typ"": ""UNTERSTELLT"", ""richtung"": ""eingehend"", ""seit"": null, ""quelle"": null}]";"[""https://www.bundeswehr.de""]";"{""vollstaendigkeit_prozent"": 66.7, ""zuletzt_verifiziert"": ""2026-06-06"", ""verifikation_noetig"": false}";2026-06-06;2.0
bunprü_52102;52102;1.0;Bundespolizeirevier Prüm;;Bundesoberbehörde;Dienststelle der Bundespolizei;Bund;Prüm;;"{""lat"": null, ""lon"": null}";;false;;Polizei;https://www.bundespolizei.de;;5074.74;2025;;;bmi;Bundesministerium des Innern und für Heimat (BMI);Polizei;Aggregiert unter Bundespolizei (BPOL);"[{""zu_id"": ""bmi"", ""typ"": ""UNTERSTELLT"", ""richtung"": ""eingehend"", ""seit"": null, ""quelle"": null}]";"[""https://www.bundespolizei.de""]";"{""vollstaendigkeit_prozent"": 58.3, ""zuletzt_verifiziert"": ""2026-06-06"", ""verifikation_noetig"": false}";2026-06-06;2.0
bunsanaug_112;112;1.0;Bundespolizeidirektion Sankt Augustin;;Bundesoberbehörde;Dienststelle der Bundespolizei;Bund;Sankt Augustin;;"{""lat"": null, ""lon"": null}";;false;;Bundespolizei;https://www.bundespolizei.de;;5074.74;2025;;;bmi;Bundesministerium des Innern und für Heimat (BMI);Bundespolizei;Aggregiert unter Bundespolizei (BPOL);"[{""zu_id"": ""bmi"", ""typ"": ""UNTERSTELLT"", ""richtung"": ""eingehend"", ""seit"": null, ""quelle"": null}]";"[""https://www.bundespolizei.de""]";"{""vollstaendigkeit_prozent"": 58.3, ""zuletzt_verifiziert"": ""2026-06-06"", ""verifikation_noetig"": false}";2026-06-06;2.0
bunstu_113;113;1.0;Bundespolizeidirektion Stuttgart;;Bundesoberbehörde;Dienststelle der Bundespolizei;Bund;Stuttgart;Baden-Württemberg;"{""lat"": null, ""lon"": null}";;false;;Bundespolizei;https://www.bundespolizei.de;;5074.74;2025;;;bmi;Bundesministerium des Innern und für Heimat (BMI);Bundespolizei;Aggregiert unter Bundespolizei (BPOL);"[{""zu_id"": ""bmi"", ""typ"": ""UNTERSTELLT"", ""richtung"": ""eingehend"", ""seit"": null, ""quelle"": null}]";"[""https://www.bundespolizei.de""]";"{""vollstaendigkeit_prozent"": 66.7, ""zuletzt_verifiziert"": ""2026-06-06"", ""verifikation_noetig"": false}";2026-06-06;2.0
buntec_221;221;1.0;Bundeswehrverwaltungsschule I-Technik;;Bundesoberbehörde;Dienststelle der Bundeswehrverwaltung;Bund;Berlin;Berlin;"{""lat"": null, ""lon"": null}";;false;;Militärische Ausbildungsstätte;https://www.bundeswehr.de;;;;;;bmvg;Bundesministerium der Verteidigung (BMVg);Militärische Ausbildungsstätte;Aggregiert unter Bundesministerium der Verteidigung (BMVg);"[{""zu_id"": ""bmvg"", ""typ"": ""UNTERSTELLT"", ""richtung"": ""eingehend"", ""seit"": null, ""quelle"": null}]";"[""https://www.bundeswehr.de""]";"{""vollstaendigkeit_prozent"": 66.7, ""zuletzt_verifiziert"": ""2026-06-06"", ""verifikation_noetig"": false}";2026-06-06;2.0
buntel_123;123;1.0;Bundesservice Telekommunikation;;Bundesoberbehörde;Bundesbehörde;Bund;Berlin;Berlin;"{""lat"": null, ""lon"": null}";;false;;Telekommunikation;https://www.service.bund.de;;303.46;2025;;;bmi;Bundesministerium des Innern und für Heimat (BMI);Telekommunikation;Finanzierung über das Ressort Bundesministerium des Innern und für Heimat (BMI);"[{""zu_id"": ""bmi"", ""typ"": ""UNTERSTELLT"", ""richtung"": ""eingehend"", ""seit"": null, ""quelle"": null}]";"[""https://www.service.bund.de""]";"{""vollstaendigkeit_prozent"": 66.7, ""zuletzt_verifiziert"": ""2026-06-06"", ""verifikation_noetig"": false}";2026-06-06;2.0
buntri_78;78;1.0;Bundeskasse Trier;;Bundesoberbehörde;Bundesbehörde;Bund;Trier;Rheinland-Pfalz;"{""lat"": null, ""lon"": null}";;false;;Bundeskasse;https://www.service.bund.de;;;;;;bmg;Bundesministerium für Gesundheit (BMG);Bundeskasse;Finanzierung über das Ressort Bundesministerium für Gesundheit (BMG);"[{""zu_id"": ""bmg"", ""typ"": ""UNTERSTELLT"", ""richtung"": ""eingehend"", ""seit"": null, ""quelle"": null}]";"[""https://www.service.bund.de""]";"{""vollstaendigkeit_prozent"": 66.7, ""zuletzt_verifiziert"": ""2026-06-06"", ""verifikation_noetig"": false}";2026-06-06;2.0
bunulm_218;218;1.0;Bundeswehrkrankenhaus Ulm;;Bundesoberbehörde;Dienststelle der Bundeswehrverwaltung;Bund;Ulm;Baden-Württemberg;"{""lat"": null, ""lon"": null}";;false;;Bundeswehrkrankenhaus;https://www.bundeswehr.de;;;;;;bmvg;Bundesministerium der Verteidigung (BMVg);Bundeswehrkrankenhaus;Aggregiert unter Bundesministerium der Verteidigung (BMVg);"[{""zu_id"": ""bmvg"", ""typ"": ""UNTERSTELLT"", ""richtung"": ""eingehend"", ""seit"": null, ""quelle"": null}]";"[""https://www.bundeswehr.de""]";"{""vollstaendigkeit_prozent"": 66.7, ""zuletzt_verifiziert"": ""2026-06-06"", ""verifikation_noetig"": false}";2026-06-06;2.0
bunusakan_228;228;1.0;Bundeswehrverwaltungsstelle USA Kanada;;Bundesoberbehörde;Dienststelle der Bundeswehrverwaltung;Bund;Berlin;Berlin;"{""lat"": null, ""lon"": null}";;false;;Bundeswehrverwaltungsstelle;https://www.bundeswehr.de;;;;;;bmvg;Bundesministerium der Verteidigung (BMVg);Bundeswehrverwaltungsstelle;Aggregiert unter Bundesministerium der Verteidigung (BMVg);"[{""zu_id"": ""bmvg"", ""typ"": ""UNTERSTELLT"", ""richtung"": ""eingehend"", ""seit"": null, ""quelle"": null}]";"[""https://www.bundeswehr.de""]";"{""vollstaendigkeit_prozent"": 66.7, ""zuletzt_verifiziert"": ""2026-06-06"", ""verifikation_noetig"": false}";2026-06-06;2.0
bunvermbh_297;297;1.0;Bundesanzeiger Verlagsgesellschaft mbH;;Bundesoberbehörde;Bundesbehörde;Bund;Berlin;Berlin;"{""lat"": null, ""lon"": null}";;false;;Anzeigenblatt;https://www.service.bund.de;;;;;;bmjv;Bundesministerium der Justiz (BMJ);Anzeigenblatt;Finanzierung über das Ressort Bundesministerium der Justiz (BMJ);"[{""zu_id"": ""bmjv"", ""typ"": ""UNTERSTELLT"", ""richtung"": ""eingehend"", ""seit"": null, ""quelle"": null}]";"[""https://www.service.bund.de""]";"{""vollstaendigkeit_prozent"": 66.7, ""zuletzt_verifiziert"": ""2026-06-06"", ""verifikation_noetig"": false}";2026-06-06;2.0
bunvilhambon_48932;48932;1.0;Bundespolizeirevier Villa Hammerschmidt Bonn;;Bundesoberbehörde;Dienststelle der Bundespolizei;Bund;Bonn;Nordrhein-Westfalen;"{""lat"": null, ""lon"": null}";;false;;Polizei;https://www.bundespolizei.de;;5074.74;2025;;;bmi;Bundesministerium des Innern und für Heimat (BMI);Polizei;Aggregiert unter Bundespolizei (BPOL);"[{""zu_id"": ""bmi"", ""typ"": ""UNTERSTELLT"", ""richtung"": ""eingehend"", ""seit"": null, ""quelle"": null}]";"[""https://www.bundespolizei.de""]";"{""vollstaendigkeit_prozent"": 66.7, ""zuletzt_verifiziert"": ""2026-06-06"", ""verifikation_noetig"": false}";2026-06-06;2.0
bunwes_219;219;1.0;Bundeswehrkrankenhaus Westerstede;;Bundesoberbehörde;Dienststelle der Bundeswehrverwaltung;Bund;Berlin;Berlin;"{""lat"": null, ""lon"": null}";;false;;Bundeswehrkrankenhaus;https://www.bundeswehr.de;;;;;;bmvg;Bundesministerium der Verteidigung (BMVg);Bundeswehrkrankenhaus;Aggregiert unter Bundesministerium der Verteidigung (BMVg);"[{""zu_id"": ""bmvg"", ""typ"": ""UNTERSTELLT"", ""richtung"": ""eingehend"", ""seit"": null, ""quelle"": null}]";"[""https://www.bundeswehr.de""]";"{""vollstaendigkeit_prozent"": 66.7, ""zuletzt_verifiziert"": ""2026-06-06"", ""verifikation_noetig"": false}";2026-06-06;2.0
bunwür_215;215;1.0;Bundeswehrfachschule Würzburg;;Bundesoberbehörde;Dienststelle der Bundeswehrverwaltung;Bund;Würzburg;Bayern;"{""lat"": null, ""lon"": null}";;false;;Militärische Ausbildungsstätte;https://www.bundeswehr.de;;;;;;bmvg;Bundesministerium der Verteidigung (BMVg);Militärische Ausbildungsstätte;Aggregiert unter Bundesministerium der Verteidigung (BMVg);"[{""zu_id"": ""bmvg"", ""typ"": ""UNTERSTELLT"", ""richtung"": ""eingehend"", ""seit"": null, ""quelle"": null}]";"[""https://www.bundeswehr.de""]";"{""vollstaendigkeit_prozent"": 66.7, ""zuletzt_verifiziert"": ""2026-06-06"", ""verifikation_noetig"": false}";2026-06-06;2.0
bva;;1.0;Bundesverwaltungsamt;BVA;Bundesoberbehörde;Bundesoberbehörde;Bund;Köln;Nordrhein-Westfalen;"{""lat"": null, ""lon"": null}";1960;false;;Verwaltungsdienstleistungen, Auslandsschulwesen, Zuwendungsverwaltung, IT-Dienstleistungen;https://www.bva.bund.de;Gesetz über die Errichtung des Bundesverwaltungsamtes;619.8;2025;6400;2024;bmi;;;;"[{""zu_id"": ""bmi"", ""typ"": ""UNTERSTELLT"", ""richtung"": ""eingehend"", ""seit"": 1960}]";"[""https://www.bva.bund.de"", ""https://www.bundeshaushalt.de""]";"{""vollstaendigkeit_prozent"": 100.0, ""zuletzt_verifiziert"": ""2026-06-06"", ""verifikation_noetig"": false}";2026-06-06;2.0
bverfg;;1.0;Bundesverfassungsgericht;BVerfG;Verfassungsorgan;Verfassungsorgan (Gericht);Bund;Karlsruhe;Baden-Württemberg;"{""lat"": null, ""lon"": null}";1951;false;;Verfassungsgerichtsbarkeit, Normenkontrolle, Verfassungsbeschwerden, Organstreitigkeiten;https://www.bundesverfassungsgericht.de;Grundgesetz Art. 92-94, Bundesverfassungsgerichtsgesetz (BVerfGG);32.6;2025;280;2024;;;;;[];"[""https://www.bundesverfassungsgericht.de"", ""https://www.bundeshaushalt.de""]";"{""vollstaendigkeit_prozent"": 91.7, ""zuletzt_verifiziert"": ""2026-06-06"", ""verifikation_noetig"": false}";2026-06-06;2.0
bvl;;1.0;Bundesamt für Verbraucherschutz und Lebensmittelsicherheit;BVL;Bundesamt;Bundesoberbehörde;Bund;Braunschweig;Niedersachsen;"{""lat"": null, ""lon"": null}";2002;false;;Lebensmittelsicherheit, Verbraucherschutz, Pflanzenschutz, Tierarzneimittel, Gentechnik;https://www.bvl.bund.de;Gesetz über die Errichtung eines Bundesamtes für Verbraucherschutz und Lebensmittelsicherheit (BVLG);100.9;2025;950;2024;bmelh;;;;"[{""zu_id"": ""bmelh"", ""typ"": ""UNTERSTELLT"", ""richtung"": ""eingehend"", ""seit"": 2002}]";"[""https://www.bvl.bund.de"", ""https://www.bundeshaushalt.de""]";"{""vollstaendigkeit_prozent"": 100.0, ""zuletzt_verifiziert"": ""2026-06-06"", ""verifikation_noetig"": false}";2026-06-06;2.0
bzfe_49805;49805;1.0;Bundeszentrum für Ernährung (BZfE);;Bundesoberbehörde;Bundesbehörde;Bund;Berlin;Berlin;"{""lat"": null, ""lon"": null}";;false;;Ernährung;https://www.service.bund.de;;145.877;2025;1800;2024;bmi;Bundesministerium des Innern und für Heimat (BMI);Ernährung;Finanzierung über das Ressort Bundesministerium des Innern und für Heimat (BMI);"[{""zu_id"": ""bmi"", ""typ"": ""UNTERSTELLT"", ""richtung"": ""eingehend"", ""seit"": null, ""quelle"": null}]";"[""https://www.service.bund.de""]";"{""vollstaendigkeit_prozent"": 75.0, ""zuletzt_verifiziert"": ""2026-06-06"", ""verifikation_noetig"": false}";2026-06-06;2.0
bzga;;1.0;Bundeszentrale für gesundheitliche Aufklärung;BZgA;Bundesoberbehörde;Bundesoberbehörde;Bund;Köln;Nordrhein-Westfalen;"{""lat"": null, ""lon"": null}";1967;false;;Gesundheitsaufklärung, Prävention, Suchtprävention, Sexualaufklärung, Organspende;https://www.bzga.de;Erlass über die Errichtung der Bundeszentrale für gesundheitliche Aufklärung;23.4;2025;350;2024;bmg;;;;"[{""zu_id"": ""bmg"", ""typ"": ""UNTERSTELLT"", ""richtung"": ""eingehend"", ""seit"": 1967}]";"[""https://www.bzga.de"", ""https://www.bundeshaushalt.de""]";"{""vollstaendigkeit_prozent"": 100.0, ""zuletzt_verifiziert"": ""2026-06-06"", ""verifikation_noetig"": false}";2026-06-06;2.0
bzst;;1.0;Bundeszentralamt für Steuern;BZSt;Bundesoberbehörde;Bundesoberbehörde;Bund;Bonn;Nordrhein-Westfalen;"{""lat"": null, ""lon"": null}";2006;false;;Steuerliche Identifikationsnummern, Umsatzsteuer, zwischenstaatlicher Informationsaustausch;https://www.bzst.de;Finanzverwaltungsgesetz (FVG) § 5;894.5;2025;2200;2024;bmf;;;;"[{""zu_id"": ""bmf"", ""typ"": ""UNTERSTELLT"", ""richtung"": ""eingehend"", ""seit"": 2006}]";"[""https://www.bzst.de"", ""https://www.bundeshaushalt.de""]";"{""vollstaendigkeit_prozent"": 100.0, ""zuletzt_verifiziert"": ""2026-06-06"", ""verifikation_noetig"": false}";2026-06-06;2.0
bünfürdemtol_234;234;1.0;Bündnis für Demokratie und Toleranz;;Bundesoberbehörde;Bundesbehörde;Bund;Berlin;Berlin;"{""lat"": null, ""lon"": null}";;false;;Politische Bildung;https://www.service.bund.de;;;;;;bmi;Bundesministerium des Innern und für Heimat (BMI);Politische Bildung;Finanzierung über das Ressort Bundesministerium des Innern und für Heimat (BMI);"[{""zu_id"": ""bmi"", ""typ"": ""UNTERSTELLT"", ""richtung"": ""eingehend"", ""seit"": null, ""quelle"": null}]";"[""https://www.service.bund.de""]";"{""vollstaendigkeit_prozent"": 66.7, ""zuletzt_verifiziert"": ""2026-06-06"", ""verifikation_noetig"": false}";2026-06-06;2.0
bürbunangmer_50164;50164;1.0;Büro der Bundeskanzlerin a. D. Dr. Angela Merkel;;Bundesoberbehörde;Bundesbehörde;Bund;Berlin;Berlin;"{""lat"": null, ""lon"": null}";;false;;;https://www.service.bund.de;;;;;;bkamt;Bundeskanzleramt (BKAmt);;Finanzierung über das Ressort Bundeskanzleramt (BKAmt);"[{""zu_id"": ""bkamt"", ""typ"": ""UNTERSTELLT"", ""richtung"": ""eingehend"", ""seit"": null, ""quelle"": null}]";"[""https://www.service.bund.de""]";"{""vollstaendigkeit_prozent"": 58.3, ""zuletzt_verifiziert"": ""2026-06-06"", ""verifikation_noetig"": false}";2026-06-06;2.0
bürbungersch_49800;49800;1.0;Büro Bundeskanzler a.D. Gerhard Schröder;;Bundesoberbehörde;Bundesbehörde;Bund;Berlin;Berlin;"{""lat"": null, ""lon"": null}";;false;;;https://www.service.bund.de;;260.26;2025;;;bkamt;Beauftragte der Bundesregierung für Kultur und Medien (BKM);;Finanzierung über das Ressort Beauftragte der Bundesregierung für Kultur und Medien (BKM);"[{""zu_id"": ""bkamt"", ""typ"": ""UNTERSTELLT"", ""richtung"": ""eingehend"", ""seit"": null, ""quelle"": null}]";"[""https://www.service.bund.de""]";"{""vollstaendigkeit_prozent"": 58.3, ""zuletzt_verifiziert"": ""2026-06-06"", ""verifikation_noetig"": false}";2026-06-06;2.0
bürfürtecbeideu_235;235;1.0;Büro für Technikfolgenabschätzung beim Deutschen Bundestag;;Bundesoberbehörde;Bundesbehörde;Bund;Berlin;Berlin;"{""lat"": null, ""lon"": null}";;false;;Technologie;https://tab-beim-bundestag.de/;;1166.24;2025;10;2024;bkamt;Bundeskanzleramt (BKAmt);Technologie;Finanzierung über das Ressort Bundeskanzleramt (BKAmt);"[{""zu_id"": ""bkamt"", ""typ"": ""UNTERSTELLT"", ""richtung"": ""eingehend"", ""seit"": null, ""quelle"": null}]";"[""https://tab-beim-bundestag.de/""]";"{""vollstaendigkeit_prozent"": 75.0, ""zuletzt_verifiziert"": ""2026-06-06"", ""verifikation_noetig"": false}";2026-06-06;2.0
can_14729;14729;1.0;Cannabisagentur;;Bundesoberbehörde;Bundesbehörde;Bund;Berlin;Berlin;"{""lat"": null, ""lon"": null}";;false;;;https://www.service.bund.de;;;;;;bmi;Bundesministerium des Innern und für Heimat (BMI);;Finanzierung über das Ressort Bundesministerium des Innern und für Heimat (BMI);"[{""zu_id"": ""bmi"", ""typ"": ""UNTERSTELLT"", ""richtung"": ""eingehend"", ""seit"": null, ""quelle"": null}]";"[""https://www.service.bund.de""]";"{""vollstaendigkeit_prozent"": 58.3, ""zuletzt_verifiziert"": ""2026-06-06"", ""verifikation_noetig"": false}";2026-06-06;2.0
cenfürintmigent_307;307;1.0;Centrum für internationale Migration und Entwicklung;;Bundesoberbehörde;Bundesbehörde;Bund;Berlin;Berlin;"{""lat"": null, ""lon"": null}";;false;;Integration;https://www.service.bund.de;;183.68;2025;;;bmas;Bundesministerium für Arbeit und Soziales (BMAS);Integration;Finanzierung über das Ressort Bundesministerium für Arbeit und Soziales (BMAS);"[{""zu_id"": ""bmas"", ""typ"": ""UNTERSTELLT"", ""richtung"": ""eingehend"", ""seit"": null, ""quelle"": null}]";"[""https://www.service.bund.de""]";"{""vollstaendigkeit_prozent"": 66.7, ""zuletzt_verifiziert"": ""2026-06-06"", ""verifikation_noetig"": false}";2026-06-06;2.0
conbet_6592;6592;1.0;Continentale Betriebskrankenkasse;;KdöR;Bundesbehörde;Bund;Berlin;Berlin;"{""lat"": null, ""lon"": null}";;false;;Krankenkasse;https://www.continentale-bkk.de/;;;;;;bmas;Bundesministerium für Arbeit und Soziales (BMAS);Krankenkasse;Finanzierung über das Ressort Bundesministerium für Arbeit und Soziales (BMAS);"[{""zu_id"": ""bmas"", ""typ"": ""UNTERSTELLT"", ""richtung"": ""eingehend"", ""seit"": null, ""quelle"": null}]";"[""https://www.continentale-bkk.de/""]";"{""vollstaendigkeit_prozent"": 66.7, ""zuletzt_verifiziert"": ""2026-06-06"", ""verifikation_noetig"": false}";2026-06-06;2.0
conkoodeuisrjug_308;308;1.0;ConAct - Koordinierungszentrum Deutsch-Israelischer Jugendaustausch;;Bundesoberbehörde;Bundesbehörde;Bund;Berlin;Berlin;"{""lat"": null, ""lon"": null}";;false;;Jugend;http://www.conact-org.de/;;;;;;bmbfsj;Bundesministerium für Familie, Senioren, Frauen und Jugend (BMFSFJ);Jugend;Finanzierung über das Ressort Bundesministerium für Familie, Senioren, Frauen und Jugend (BMFSFJ);"[{""zu_id"": ""bmbfsj"", ""typ"": ""UNTERSTELLT"", ""richtung"": ""eingehend"", ""seit"": null, ""quelle"": null}]";"[""http://www.conact-org.de/""]";"{""vollstaendigkeit_prozent"": 66.7, ""zuletzt_verifiziert"": ""2026-06-06"", ""verifikation_noetig"": false}";2026-06-06;2.0
dabdigdeu_49012;49012;1.0;DAB+ - Digitalradio Deutschland e.V.;;AdöR;Anstalt des öffentlichen Rechts;Bund;Berlin;Berlin;"{""lat"": null, ""lon"": null}";;false;;Rundfunkanstalt;https://www.service.bund.de;;17.24;2025;;;bmi;Bundesministerium des Innern und für Heimat (BMI);Rundfunkanstalt;Finanzierung über das Ressort Bundesministerium des Innern und für Heimat (BMI);"[{""zu_id"": ""bmi"", ""typ"": ""UNTERSTELLT"", ""richtung"": ""eingehend"", ""seit"": null, ""quelle"": null}]";"[""https://www.service.bund.de""]";"{""vollstaendigkeit_prozent"": 66.7, ""zuletzt_verifiziert"": ""2026-06-06"", ""verifikation_noetig"": false}";2026-06-06;2.0
dakges_6593;6593;1.0;DAK-Gesundheit;;KdöR;Bundesbehörde;Bund;Berlin;Berlin;"{""lat"": null, ""lon"": null}";;false;;Krankenkasse;https://www.dak.de/;;29000.0;2025;10700;2024;bmas;Bundesministerium für Arbeit und Soziales (BMAS);Krankenkasse;Finanzierung über das Ressort Bundesministerium für Arbeit und Soziales (BMAS);"[{""zu_id"": ""bmas"", ""typ"": ""UNTERSTELLT"", ""richtung"": ""eingehend"", ""seit"": null, ""quelle"": null}]";"[""https://www.dak.de/""]";"{""vollstaendigkeit_prozent"": 75.0, ""zuletzt_verifiziert"": ""2026-06-06"", ""verifikation_noetig"": false}";2026-06-06;2.0
datdeuwel_52186;52186;1.0;Datenschutzaufsicht der Deutschen Welle;;Bundesoberbehörde;Bundesbehörde;Bund;Berlin;Berlin;"{""lat"": null, ""lon"": null}";;false;;Rundfunk;https://www.service.bund.de;;177.32;2025;;;bmjv;Bundesministerium der Justiz (BMJ);Rundfunk;Finanzierung über das Ressort Bundesministerium der Justiz (BMJ);"[{""zu_id"": ""bmjv"", ""typ"": ""UNTERSTELLT"", ""richtung"": ""eingehend"", ""seit"": null, ""quelle"": null}]";"[""https://www.service.bund.de""]";"{""vollstaendigkeit_prozent"": 66.7, ""zuletzt_verifiziert"": ""2026-06-06"", ""verifikation_noetig"": false}";2026-06-06;2.0
dav_49230;49230;1.0;DAVVL e. V.;;Bundesoberbehörde;Bundesbehörde;Bund;Berlin;Berlin;"{""lat"": null, ""lon"": null}";;false;;Luftverkehr;https://www.service.bund.de;;;;;;bmv;Bundesministerium für Digitales und Verkehr (BMDV);Luftverkehr;Finanzierung über das Ressort Bundesministerium für Digitales und Verkehr (BMDV);"[{""zu_id"": ""bmv"", ""typ"": ""UNTERSTELLT"", ""richtung"": ""eingehend"", ""seit"": null, ""quelle"": null}]";"[""https://www.service.bund.de""]";"{""vollstaendigkeit_prozent"": 66.7, ""zuletzt_verifiziert"": ""2026-06-06"", ""verifikation_noetig"": false}";2026-06-06;2.0
dbb;;1.0;Deutsche Bundesbank;BBk;KdöR;Körperschaft des öffentlichen Rechts;Bund;Frankfurt am Main;Hessen;"{""lat"": null, ""lon"": null}";1957;false;;Geldpolitik (ESZB), Bankenaufsicht, Zahlungsverkehr, Finanzstabilität, Bargeldversorgung;https://www.bundesbank.de;Bundesbankgesetz (BBankG);1500.0;2025;10200;2024;;;;;"[{""zu_id"": ""bafin"", ""typ"": ""KOORDINIERT_MIT"", ""richtung"": ""ausgehend"", ""seit"": 2002}]";"[""https://www.bundesbank.de"", ""https://www.bundeshaushalt.de""]";"{""vollstaendigkeit_prozent"": 91.7, ""zuletzt_verifiziert"": ""2026-06-06"", ""verifikation_noetig"": false}";2026-06-06;2.0
debbkk_6594;6594;1.0;Debeka BKK;;KdöR;Bundesbehörde;Bund;Berlin;Berlin;"{""lat"": null, ""lon"": null}";;false;;Krankenkasse;https://www.service.bund.de;;;;390;2024;bmas;Bundesministerium für Arbeit und Soziales (BMAS);Krankenkasse;Finanzierung über das Ressort Bundesministerium für Arbeit und Soziales (BMAS);"[{""zu_id"": ""bmas"", ""typ"": ""UNTERSTELLT"", ""richtung"": ""eingehend"", ""seit"": null, ""quelle"": null}]";"[""https://www.service.bund.de""]";"{""vollstaendigkeit_prozent"": 75.0, ""zuletzt_verifiziert"": ""2026-06-06"", ""verifikation_noetig"": false}";2026-06-06;2.0
degdeuinventmbh_49140;49140;1.0;DEG - Deutsche Investitions- und Entwicklungsgesellschaft mbH;;AdöR;Bundesbehörde;Bund;Berlin;Berlin;"{""lat"": null, ""lon"": null}";;false;;Förderbank;https://www.service.bund.de;;40.55;2025;;;bmz;Bundesministerium für wirtschaftliche Zusammenarbeit und Entwicklung (BMZ);Förderbank;Finanzierung über das Ressort Bundesministerium für wirtschaftliche Zusammenarbeit und Entwicklung (BMZ);"[{""zu_id"": ""bmz"", ""typ"": ""UNTERSTELLT"", ""richtung"": ""eingehend"", ""seit"": null, ""quelle"": null}]";"[""https://www.service.bund.de""]";"{""vollstaendigkeit_prozent"": 66.7, ""zuletzt_verifiziert"": ""2026-06-06"", ""verifikation_noetig"": false}";2026-06-06;2.0
dek_16757;16757;1.0;DEKRA e.V.;;Bundesoberbehörde;Bundesbehörde;Bund;Berlin;Berlin;"{""lat"": null, ""lon"": null}";;false;;TÜV;https://www.service.bund.de;;;;;;bmi;Bundesministerium des Innern und für Heimat (BMI);TÜV;Finanzierung über das Ressort Bundesministerium des Innern und für Heimat (BMI);"[{""zu_id"": ""bmi"", ""typ"": ""UNTERSTELLT"", ""richtung"": ""eingehend"", ""seit"": null, ""quelle"": null}]";"[""https://www.service.bund.de""]";"{""vollstaendigkeit_prozent"": 66.7, ""zuletzt_verifiziert"": ""2026-06-06"", ""verifikation_noetig"": false}";2026-06-06;2.0
dekdeugir_311;311;1.0;DekaBank-Deutsche Girozentrale;;AdöR;Bundesbehörde;Bund;Berlin;Berlin;"{""lat"": null, ""lon"": null}";;false;;Bank;https://www.deka.de/deka-gruppe;;;;5953;2024;bmf;Bundesministerium der Finanzen (BMF);Bank;Finanzierung über das Ressort Bundesministerium der Finanzen (BMF);"[{""zu_id"": ""bmf"", ""typ"": ""UNTERSTELLT"", ""richtung"": ""eingehend"", ""seit"": null, ""quelle"": null}]";"[""https://www.deka.de/deka-gruppe""]";"{""vollstaendigkeit_prozent"": 75.0, ""zuletzt_verifiziert"": ""2026-06-06"", ""verifikation_noetig"": false}";2026-06-06;2.0
destatis;;1.0;Statistisches Bundesamt;Destatis;Bundesoberbehörde;Bundesoberbehörde;Bund;Wiesbaden;Hessen;"{""lat"": null, ""lon"": null}";1953;false;;Amtliche Statistik, Wirtschaftsstatistik, Bevölkerungsstatistik, Zensus, Mikrozensus;https://www.destatis.de;Bundesstatistikgesetz (BStatG);232.6;2025;2800;2024;bmi;;;;"[{""zu_id"": ""bmi"", ""typ"": ""UNTERSTELLT"", ""richtung"": ""eingehend"", ""seit"": 1953}]";"[""https://www.destatis.de"", ""https://www.bundeshaushalt.de""]";"{""vollstaendigkeit_prozent"": 100.0, ""zuletzt_verifiziert"": ""2026-06-06"", ""verifikation_noetig"": false}";2026-06-06;2.0
deuakaaus_345;345;1.0;Deutscher Akademischer Austauschdienst e.V.;;Bundesanstalt;Bundesbehörde;Bund;Berlin;Berlin;"{""lat"": null, ""lon"": null}";;false;;Hochschule;https://www.daad.de/;;1166.24;2025;1220;2024;bmi;Bundesministerium des Innern und für Heimat (BMI);Hochschule;Finanzierung über das Ressort Bundesministerium des Innern und für Heimat (BMI);"[{""zu_id"": ""bmi"", ""typ"": ""UNTERSTELLT"", ""richtung"": ""eingehend"", ""seit"": null, ""quelle"": null}]";"[""https://www.daad.de/""]";"{""vollstaendigkeit_prozent"": 75.0, ""zuletzt_verifiziert"": ""2026-06-06"", ""verifikation_noetig"": false}";2026-06-06;2.0
deuakaromvilmas_314;314;1.0;Deutsche Akademie Rom Villa Massimo;;Bundesanstalt;Bundesbehörde;Bund;Berlin;Berlin;"{""lat"": null, ""lon"": null}";;false;;Akademie;https://www.villamassimo.de/;;40.55;2025;;;bkamt;Beauftragte der Bundesregierung für Kultur und Medien (BKM);Akademie;Finanzierung über das Ressort Beauftragte der Bundesregierung für Kultur und Medien (BKM);"[{""zu_id"": ""bkamt"", ""typ"": ""UNTERSTELLT"", ""richtung"": ""eingehend"", ""seit"": null, ""quelle"": null}]";"[""https://www.villamassimo.de/""]";"{""vollstaendigkeit_prozent"": 66.7, ""zuletzt_verifiziert"": ""2026-06-06"", ""verifikation_noetig"": false}";2026-06-06;2.0
deuakatec_313;313;1.0;Deutsche Akademie der Technikwissenschaften;;Bundesanstalt;Bundesbehörde;Bund;Berlin;Berlin;"{""lat"": null, ""lon"": null}";;false;;Akademie;http://www.acatech.de/;;40.55;2025;;;bmbfsj;Bundesministerium für Bildung und Forschung (BMBF);Akademie;Finanzierung über das Ressort Bundesministerium für Bildung und Forschung (BMBF);"[{""zu_id"": ""bmbfsj"", ""typ"": ""UNTERSTELLT"", ""richtung"": ""eingehend"", ""seit"": null, ""quelle"": null}]";"[""http://www.acatech.de/""]";"{""vollstaendigkeit_prozent"": 66.7, ""zuletzt_verifiziert"": ""2026-06-06"", ""verifikation_noetig"": false}";2026-06-06;2.0
deuakkzulfürumw_15910;15910;1.0;Deutsche Akkreditierungs- und Zulassungsgesellschaft für Umweltgutachter;;Bundesoberbehörde;Bundesbehörde;Bund;Berlin;Berlin;"{""lat"": null, ""lon"": null}";;false;;;https://www.service.bund.de;;40.55;2025;;;bmuv;Bundesministerium für Umwelt, Naturschutz, nukleare Sicherheit und Verbraucherschutz (BMUV);;Finanzierung über das Ressort Bundesministerium für Umwelt, Naturschutz, nukleare Sicherheit und Verbraucherschutz (BMUV);"[{""zu_id"": ""bmuv"", ""typ"": ""UNTERSTELLT"", ""richtung"": ""eingehend"", ""seit"": null, ""quelle"": null}]";"[""https://www.service.bund.de""]";"{""vollstaendigkeit_prozent"": 58.3, ""zuletzt_verifiziert"": ""2026-06-06"", ""verifikation_noetig"": false}";2026-06-06;2.0
deuantdeufrabri_346;346;1.0;Deutscher Anteil Deutsch-Französiche Brigade;;Bundesoberbehörde;Bundesbehörde;Bund;Berlin;Berlin;"{""lat"": null, ""lon"": null}";;false;;Bundeswehr;https://www.service.bund.de;;1166.24;2025;;;bmvg;Bundesministerium der Verteidigung (BMVg);Bundeswehr;Finanzierung über das Ressort Bundesministerium der Verteidigung (BMVg);"[{""zu_id"": ""bmvg"", ""typ"": ""UNTERSTELLT"", ""richtung"": ""eingehend"", ""seit"": null, ""quelle"": null}]";"[""https://www.service.bund.de""]";"{""vollstaendigkeit_prozent"": 66.7, ""zuletzt_verifiziert"": ""2026-06-06"", ""verifikation_noetig"": false}";2026-06-06;2.0
deuantdeuniekor_348;348;1.0;Deutscher Anteil I. Deutsch-Niederländisches Korps;;Bundesoberbehörde;Bundesbehörde;Bund;Berlin;Berlin;"{""lat"": null, ""lon"": null}";;false;;Bundeswehr;https://www.service.bund.de;;1166.24;2025;;;bmvg;Bundesministerium der Verteidigung (BMVg);Bundeswehr;Finanzierung über das Ressort Bundesministerium der Verteidigung (BMVg);"[{""zu_id"": ""bmvg"", ""typ"": ""UNTERSTELLT"", ""richtung"": ""eingehend"", ""seit"": null, ""quelle"": null}]";"[""https://www.service.bund.de""]";"{""vollstaendigkeit_prozent"": 66.7, ""zuletzt_verifiziert"": ""2026-06-06"", ""verifikation_noetig"": false}";2026-06-06;2.0
deuantmulkornor_349;349;1.0;Deutscher Anteil Multinationales Korps Nordost;;Bundesoberbehörde;Bundesbehörde;Bund;Berlin;Berlin;"{""lat"": null, ""lon"": null}";;false;;Bundeswehr;https://www.service.bund.de;;1166.24;2025;;;bmvg;Bundesministerium der Verteidigung (BMVg);Bundeswehr;Finanzierung über das Ressort Bundesministerium der Verteidigung (BMVg);"[{""zu_id"": ""bmvg"", ""typ"": ""UNTERSTELLT"", ""richtung"": ""eingehend"", ""seit"": null, ""quelle"": null}]";"[""https://www.service.bund.de""]";"{""vollstaendigkeit_prozent"": 66.7, ""zuletzt_verifiziert"": ""2026-06-06"", ""verifikation_noetig"": false}";2026-06-06;2.0
deuarcins_371;371;1.0;Deutsches Archäologisches Institut;;Bundesoberbehörde;Bundesbehörde;Bund;Berlin;Berlin;"{""lat"": null, ""lon"": null}";;false;;Archäologie;https://www.dainst.org/;;40.55;2025;;;aa;Auswärtiges Amt (AA);Archäologie;Finanzierung über das Ressort Auswärtiges Amt (AA);"[{""zu_id"": ""aa"", ""typ"": ""UNTERSTELLT"", ""richtung"": ""eingehend"", ""seit"": null, ""quelle"": null}]";"[""https://www.dainst.org/""]";"{""vollstaendigkeit_prozent"": 66.7, ""zuletzt_verifiziert"": ""2026-06-06"", ""verifikation_noetig"": false}";2026-06-06;2.0
deubahinvrel_14438;14438;1.0;Deutsche Bahn Investor Relations;;Bundesoberbehörde;Bundesbehörde;Bund;Berlin;Berlin;"{""lat"": null, ""lon"": null}";;false;;Bahn;https://www.service.bund.de;;40.55;2025;;;bmv;Bundesministerium für Digitales und Verkehr (BMDV);Bahn;Finanzierung über das Ressort Bundesministerium für Digitales und Verkehr (BMDV);"[{""zu_id"": ""bmv"", ""typ"": ""UNTERSTELLT"", ""richtung"": ""eingehend"", ""seit"": null, ""quelle"": null}]";"[""https://www.service.bund.de""]";"{""vollstaendigkeit_prozent"": 66.7, ""zuletzt_verifiziert"": ""2026-06-06"", ""verifikation_noetig"": false}";2026-06-06;2.0
deubotacc_51969;51969;1.0;Deutsche Botschaft Accra;;Bundesanstalt;Anstalt des öffentlichen Rechts;Bund;Berlin;Berlin;"{""lat"": null, ""lon"": null}";;false;;Bundesanstalt;https://www.service.bund.de;;40.55;2025;;;aa;Auswärtiges Amt (AA);Bundesanstalt;Finanzierung über das Ressort Auswärtiges Amt (AA);"[{""zu_id"": ""aa"", ""typ"": ""UNTERSTELLT"", ""richtung"": ""eingehend"", ""seit"": null, ""quelle"": null}]";"[""https://www.service.bund.de""]";"{""vollstaendigkeit_prozent"": 66.7, ""zuletzt_verifiziert"": ""2026-06-06"", ""verifikation_noetig"": false}";2026-06-06;2.0
deubotbra_51796;51796;1.0;Deutsche Botschaft in Brasília;;Bundesoberbehörde;Bundesbehörde;Bund;Berlin;Berlin;"{""lat"": null, ""lon"": null}";;false;;;https://www.service.bund.de;;40.55;2025;;;aa;Auswärtiges Amt (AA);;Finanzierung über das Ressort Auswärtiges Amt (AA);"[{""zu_id"": ""aa"", ""typ"": ""UNTERSTELLT"", ""richtung"": ""eingehend"", ""seit"": null, ""quelle"": null}]";"[""https://www.service.bund.de""]";"{""vollstaendigkeit_prozent"": 58.3, ""zuletzt_verifiziert"": ""2026-06-06"", ""verifikation_noetig"": false}";2026-06-06;2.0
deubotpar_51820;51820;1.0;Deutsche Botschaft Paris;;Bundesoberbehörde;Bundesbehörde;Bund;Berlin;Berlin;"{""lat"": null, ""lon"": null}";;false;;;https://www.service.bund.de;;40.55;2025;;;aa;Auswärtiges Amt (AA);;Finanzierung über das Ressort Auswärtiges Amt (AA);"[{""zu_id"": ""aa"", ""typ"": ""UNTERSTELLT"", ""richtung"": ""eingehend"", ""seit"": null, ""quelle"": null}]";"[""https://www.service.bund.de""]";"{""vollstaendigkeit_prozent"": 58.3, ""zuletzt_verifiziert"": ""2026-06-06"", ""verifikation_noetig"": false}";2026-06-06;2.0
deubun_317;317;1.0;Deutsche Bundesbank;;AdöR;Juristische Person des öffentlichen Rechts (Sonderform);Bund;Frankfurt am Main;Hessen;"{""lat"": null, ""lon"": null}";;false;;Bank;https://www.bundesbank.de;;1500.0;2025;10200;2024;bmf;Bundesministerium der Finanzen (BMF);Bank;Notenbank der Bundesrepublik;"[{""zu_id"": ""bmf"", ""typ"": ""UNTERSTELLT"", ""richtung"": ""eingehend"", ""seit"": null, ""quelle"": null}]";"[""https://www.bundesbank.de""]";"{""vollstaendigkeit_prozent"": 75.0, ""zuletzt_verifiziert"": ""2026-06-06"", ""verifikation_noetig"": false}";2026-06-06;2.0
deubun_351;351;1.0;Deutscher Bundestag;;Bundesoberbehörde;Oberstes Verfassungsorgan-Verwaltung;Bund;Berlin;Berlin;"{""lat"": null, ""lon"": null}";;false;;Parlamentsverwaltung;https://www.bundestag.de;;1300.0;2025;3200;2024;bkamt;Bundeskanzleramt (BKAmt);Parlamentsverwaltung;Verwaltung des Deutschen Bundestages;"[{""zu_id"": ""bkamt"", ""typ"": ""UNTERSTELLT"", ""richtung"": ""eingehend"", ""seit"": null, ""quelle"": null}]";"[""https://www.bundestag.de""]";"{""vollstaendigkeit_prozent"": 75.0, ""zuletzt_verifiziert"": ""2026-06-06"", ""verifikation_noetig"": false}";2026-06-06;2.0
deubunhauber_318;318;1.0;Deutsche Bundesbank - Hauptverwaltung Berlin;;AdöR;Bundesbehörde;Bund;Berlin;Berlin;"{""lat"": null, ""lon"": null}";;false;;Bank;https://www.service.bund.de;;40.55;2025;;;bmf;Bundesministerium der Finanzen (BMF);Bank;Finanzierung über das Ressort Bundesministerium der Finanzen (BMF);"[{""zu_id"": ""bmf"", ""typ"": ""UNTERSTELLT"", ""richtung"": ""eingehend"", ""seit"": null, ""quelle"": null}]";"[""https://www.service.bund.de""]";"{""vollstaendigkeit_prozent"": 66.7, ""zuletzt_verifiziert"": ""2026-06-06"", ""verifikation_noetig"": false}";2026-06-06;2.0
deubunhaudüs_319;319;1.0;Deutsche Bundesbank - Hauptverwaltung Düsseldorf;;AdöR;Bundesbehörde;Bund;Düsseldorf;Nordrhein-Westfalen;"{""lat"": null, ""lon"": null}";;false;;Bank;https://www.service.bund.de;;40.55;2025;;;bmf;Bundesministerium der Finanzen (BMF);Bank;Finanzierung über das Ressort Bundesministerium der Finanzen (BMF);"[{""zu_id"": ""bmf"", ""typ"": ""UNTERSTELLT"", ""richtung"": ""eingehend"", ""seit"": null, ""quelle"": null}]";"[""https://www.service.bund.de""]";"{""vollstaendigkeit_prozent"": 66.7, ""zuletzt_verifiziert"": ""2026-06-06"", ""verifikation_noetig"": false}";2026-06-06;2.0
deubunhauframai_328;328;1.0;Deutsche Bundesbank - Hauptverwaltung Frankfurt am Main;;AdöR;Bundesbehörde;Bund;Frankfurt;Hessen;"{""lat"": null, ""lon"": null}";;false;;Bank;https://www.service.bund.de;;40.55;2025;;;bmf;Bundesministerium der Finanzen (BMF);Bank;Finanzierung über das Ressort Bundesministerium der Finanzen (BMF);"[{""zu_id"": ""bmf"", ""typ"": ""UNTERSTELLT"", ""richtung"": ""eingehend"", ""seit"": null, ""quelle"": null}]";"[""https://www.service.bund.de""]";"{""vollstaendigkeit_prozent"": 66.7, ""zuletzt_verifiziert"": ""2026-06-06"", ""verifikation_noetig"": false}";2026-06-06;2.0
deubunhauham_329;329;1.0;Deutsche Bundesbank - Hauptverwaltung Hamburg;;AdöR;Bundesbehörde;Bund;Hamburg;Hamburg;"{""lat"": null, ""lon"": null}";;false;;Bank;https://www.service.bund.de;;40.55;2025;;;bmf;Bundesministerium der Finanzen (BMF);Bank;Finanzierung über das Ressort Bundesministerium der Finanzen (BMF);"[{""zu_id"": ""bmf"", ""typ"": ""UNTERSTELLT"", ""richtung"": ""eingehend"", ""seit"": null, ""quelle"": null}]";"[""https://www.service.bund.de""]";"{""vollstaendigkeit_prozent"": 66.7, ""zuletzt_verifiziert"": ""2026-06-06"", ""verifikation_noetig"": false}";2026-06-06;2.0
deubunhauhan_330;330;1.0;Deutsche Bundesbank - Hauptverwaltung Hannover;;AdöR;Bundesbehörde;Bund;Hannover;Niedersachsen;"{""lat"": null, ""lon"": null}";;false;;Bank;https://www.service.bund.de;;40.55;2025;;;bmf;Bundesministerium der Finanzen (BMF);Bank;Finanzierung über das Ressort Bundesministerium der Finanzen (BMF);"[{""zu_id"": ""bmf"", ""typ"": ""UNTERSTELLT"", ""richtung"": ""eingehend"", ""seit"": null, ""quelle"": null}]";"[""https://www.service.bund.de""]";"{""vollstaendigkeit_prozent"": 66.7, ""zuletzt_verifiziert"": ""2026-06-06"", ""verifikation_noetig"": false}";2026-06-06;2.0
deubunhaulei_331;331;1.0;Deutsche Bundesbank - Hauptverwaltung Leipzig;;AdöR;Bundesbehörde;Bund;Leipzig;Sachsen;"{""lat"": null, ""lon"": null}";;false;;Bank;https://www.service.bund.de;;40.55;2025;;;bmf;Bundesministerium der Finanzen (BMF);Bank;Finanzierung über das Ressort Bundesministerium der Finanzen (BMF);"[{""zu_id"": ""bmf"", ""typ"": ""UNTERSTELLT"", ""richtung"": ""eingehend"", ""seit"": null, ""quelle"": null}]";"[""https://www.service.bund.de""]";"{""vollstaendigkeit_prozent"": 66.7, ""zuletzt_verifiziert"": ""2026-06-06"", ""verifikation_noetig"": false}";2026-06-06;2.0
deubunhaumai_332;332;1.0;Deutsche Bundesbank - Hauptverwaltung Mainz;;AdöR;Bundesbehörde;Bund;Berlin;Berlin;"{""lat"": null, ""lon"": null}";;false;;Bank;https://www.service.bund.de;;40.55;2025;;;bmf;Bundesministerium der Finanzen (BMF);Bank;Finanzierung über das Ressort Bundesministerium der Finanzen (BMF);"[{""zu_id"": ""bmf"", ""typ"": ""UNTERSTELLT"", ""richtung"": ""eingehend"", ""seit"": null, ""quelle"": null}]";"[""https://www.service.bund.de""]";"{""vollstaendigkeit_prozent"": 66.7, ""zuletzt_verifiziert"": ""2026-06-06"", ""verifikation_noetig"": false}";2026-06-06;2.0
deubunhaumün_333;333;1.0;Deutsche Bundesbank - Hauptverwaltung München;;AdöR;Bundesbehörde;Bund;München;Bayern;"{""lat"": null, ""lon"": null}";;false;;Bank;https://www.service.bund.de;;40.55;2025;;;bmf;Bundesministerium der Finanzen (BMF);Bank;Finanzierung über das Ressort Bundesministerium der Finanzen (BMF);"[{""zu_id"": ""bmf"", ""typ"": ""UNTERSTELLT"", ""richtung"": ""eingehend"", ""seit"": null, ""quelle"": null}]";"[""https://www.service.bund.de""]";"{""vollstaendigkeit_prozent"": 66.7, ""zuletzt_verifiziert"": ""2026-06-06"", ""verifikation_noetig"": false}";2026-06-06;2.0
deubunhaustu_334;334;1.0;Deutsche Bundesbank - Hauptverwaltung Stuttgart;;AdöR;Bundesbehörde;Bund;Stuttgart;Baden-Württemberg;"{""lat"": null, ""lon"": null}";;false;;Bank;https://www.service.bund.de;;40.55;2025;;;bmf;Bundesministerium der Finanzen (BMF);Bank;Finanzierung über das Ressort Bundesministerium der Finanzen (BMF);"[{""zu_id"": ""bmf"", ""typ"": ""UNTERSTELLT"", ""richtung"": ""eingehend"", ""seit"": null, ""quelle"": null}]";"[""https://www.service.bund.de""]";"{""vollstaendigkeit_prozent"": 66.7, ""zuletzt_verifiziert"": ""2026-06-06"", ""verifikation_noetig"": false}";2026-06-06;2.0
deudiazenleizen_375;375;1.0;Deutsches Diabetes-Zentrum - Leibniz-Zentrum für Diabetes-Forschung an der Heinrich-Heine-Universität Düsseldorf;;Bundesanstalt;Bundesbehörde;Bund;Düsseldorf;Nordrhein-Westfalen;"{""lat"": null, ""lon"": null}";;false;;Leibniz-Institut;https://www.service.bund.de;;40.55;2025;;;bmbfsj;Bundesministerium für Bildung und Forschung (BMBF);Leibniz-Institut;Finanzierung über das Ressort Bundesministerium für Bildung und Forschung (BMBF);"[{""zu_id"": ""bmbfsj"", ""typ"": ""UNTERSTELLT"", ""richtung"": ""eingehend"", ""seit"": null, ""quelle"": null}]";"[""https://www.service.bund.de""]";"{""vollstaendigkeit_prozent"": 66.7, ""zuletzt_verifiziert"": ""2026-06-06"", ""verifikation_noetig"": false}";2026-06-06;2.0
deuelesyn_376;376;1.0;Deutsches Elektronen-Synchrotron;;Bundesanstalt;Bundesbehörde;Bund;Berlin;Berlin;"{""lat"": null, ""lon"": null}";;false;;Forschung;http://www.desy.de/;;40.55;2025;3000;2024;bmbfsj;Bundesministerium für Bildung und Forschung (BMBF);Forschung;Finanzierung über das Ressort Bundesministerium für Bildung und Forschung (BMBF);"[{""zu_id"": ""bmbfsj"", ""typ"": ""UNTERSTELLT"", ""richtung"": ""eingehend"", ""seit"": null, ""quelle"": null}]";"[""http://www.desy.de/""]";"{""vollstaendigkeit_prozent"": 75.0, ""zuletzt_verifiziert"": ""2026-06-06"", ""verifikation_noetig"": false}";2026-06-06;2.0
deuemi_15652;15652;1.0;Deutsche Emissionshandelsstelle;;Bundesoberbehörde;Bundesbehörde;Bund;Berlin;Berlin;"{""lat"": null, ""lon"": null}";;false;;Umweltschutz;https://www.service.bund.de;;40.55;2025;;;bmuv;Bundesministerium für Umwelt, Naturschutz, nukleare Sicherheit und Verbraucherschutz (BMUV);Umweltschutz;Finanzierung über das Ressort Bundesministerium für Umwelt, Naturschutz, nukleare Sicherheit und Verbraucherschutz (BMUV);"[{""zu_id"": ""bmuv"", ""typ"": ""UNTERSTELLT"", ""richtung"": ""eingehend"", ""seit"": null, ""quelle"": null}]";"[""https://www.service.bund.de""]";"{""vollstaendigkeit_prozent"": 66.7, ""zuletzt_verifiziert"": ""2026-06-06"", ""verifikation_noetig"": false}";2026-06-06;2.0
deueth_354;354;1.0;Deutscher Ethikrat;;Bundesoberbehörde;Bundesbehörde;Bund;Berlin;Berlin;"{""lat"": null, ""lon"": null}";;false;;Konferenz;https://www.service.bund.de;;1166.24;2025;;;bmi;Bundesministerium des Innern und für Heimat (BMI);Konferenz;Finanzierung über das Ressort Bundesministerium des Innern und für Heimat (BMI);"[{""zu_id"": ""bmi"", ""typ"": ""UNTERSTELLT"", ""richtung"": ""eingehend"", ""seit"": null, ""quelle"": null}]";"[""https://www.service.bund.de""]";"{""vollstaendigkeit_prozent"": 66.7, ""zuletzt_verifiziert"": ""2026-06-06"", ""verifikation_noetig"": false}";2026-06-06;2.0
deufor_338;338;1.0;Deutsche Forschungsgemeinschaft;;Bundesanstalt;Bundesbehörde;Bund;Berlin;Berlin;"{""lat"": null, ""lon"": null}";;false;;Forschung;https://www.dfg.de/;;40.55;2025;;;bmbfsj;Bundesministerium für Bildung und Forschung (BMBF);Forschung;Finanzierung über das Ressort Bundesministerium für Bildung und Forschung (BMBF);"[{""zu_id"": ""bmbfsj"", ""typ"": ""UNTERSTELLT"", ""richtung"": ""eingehend"", ""seit"": null, ""quelle"": null}]";"[""https://www.dfg.de/""]";"{""vollstaendigkeit_prozent"": 66.7, ""zuletzt_verifiziert"": ""2026-06-06"", ""verifikation_noetig"": false}";2026-06-06;2.0
deuforfürleb_337;337;1.0;Deutsche Forschungsanstalt für Lebensmittelchemie;;Bundesoberbehörde;Bundesbehörde;Bund;Berlin;Berlin;"{""lat"": null, ""lon"": null}";;false;;;https://www.leibniz-lsb.de/;;40.55;2025;80;2024;bmbfsj;Bundesministerium für Bildung und Forschung (BMBF);;Finanzierung über das Ressort Bundesministerium für Bildung und Forschung (BMBF);"[{""zu_id"": ""bmbfsj"", ""typ"": ""UNTERSTELLT"", ""richtung"": ""eingehend"", ""seit"": null, ""quelle"": null}]";"[""https://www.leibniz-lsb.de/""]";"{""vollstaendigkeit_prozent"": 66.7, ""zuletzt_verifiziert"": ""2026-06-06"", ""verifikation_noetig"": false}";2026-06-06;2.0
deufra_355;355;1.0;Deutscher Frauenrat;;Bundesoberbehörde;Bundesbehörde;Bund;Berlin;Berlin;"{""lat"": null, ""lon"": null}";;false;;Frauen;https://www.frauenrat.de/;;836.3;2025;25;2024;bmbfsj;Bundesministerium für Familie, Senioren, Frauen und Jugend (BMFSFJ);Frauen;Finanzierung über das Ressort Bundesministerium für Familie, Senioren, Frauen und Jugend (BMFSFJ);"[{""zu_id"": ""bmbfsj"", ""typ"": ""UNTERSTELLT"", ""richtung"": ""eingehend"", ""seit"": null, ""quelle"": null}]";"[""https://www.frauenrat.de/""]";"{""vollstaendigkeit_prozent"": 75.0, ""zuletzt_verifiziert"": ""2026-06-06"", ""verifikation_noetig"": false}";2026-06-06;2.0
deuför_51965;51965;1.0;Deutsche Fördermittelakademie;;Bundesoberbehörde;Bundesbehörde;Bund;Berlin;Berlin;"{""lat"": null, ""lon"": null}";;false;;;https://www.service.bund.de;;40.55;2025;;;bmbfsj;Bundesministerium für Bildung und Forschung (BMBF);;Finanzierung über das Ressort Bundesministerium für Bildung und Forschung (BMBF);"[{""zu_id"": ""bmbfsj"", ""typ"": ""UNTERSTELLT"", ""richtung"": ""eingehend"", ""seit"": null, ""quelle"": null}]";"[""https://www.service.bund.de""]";"{""vollstaendigkeit_prozent"": 58.3, ""zuletzt_verifiziert"": ""2026-06-06"", ""verifikation_noetig"": false}";2026-06-06;2.0
deugesunf_341;341;1.0;Deutsche Gesetzliche Unfallversicherung e.V.;;KdöR;Bundesbehörde;Bund;Berlin;Berlin;"{""lat"": null, ""lon"": null}";;false;;Unfallkasse;https://www.service.bund.de;;40.55;2025;;;bmas;Bundesministerium für Arbeit und Soziales (BMAS);Unfallkasse;Finanzierung über das Ressort Bundesministerium für Arbeit und Soziales (BMAS);"[{""zu_id"": ""bmas"", ""typ"": ""UNTERSTELLT"", ""richtung"": ""eingehend"", ""seit"": null, ""quelle"": null}]";"[""https://www.service.bund.de""]";"{""vollstaendigkeit_prozent"": 66.7, ""zuletzt_verifiziert"": ""2026-06-06"", ""verifikation_noetig"": false}";2026-06-06;2.0
deuhaufürdhssuc_15849;15849;1.0;Deutsche Hauptstelle für DHS e. V. Suchtfragen e. V.;;Bundesoberbehörde;Bundesbehörde;Bund;Berlin;Berlin;"{""lat"": null, ""lon"": null}";;false;;Gesundheit;https://www.service.bund.de;;40.55;2025;;;bmg;Bundesministerium für Gesundheit (BMG);Gesundheit;Finanzierung über das Ressort Bundesministerium für Gesundheit (BMG);"[{""zu_id"": ""bmg"", ""typ"": ""UNTERSTELLT"", ""richtung"": ""eingehend"", ""seit"": null, ""quelle"": null}]";"[""https://www.service.bund.de""]";"{""vollstaendigkeit_prozent"": 66.7, ""zuletzt_verifiziert"": ""2026-06-06"", ""verifikation_noetig"": false}";2026-06-06;2.0
deuinsfürent_380;380;1.0;Deutsches Institut für Entwicklungspolitik;;Bundesoberbehörde;Bundesbehörde;Bund;Berlin;Berlin;"{""lat"": null, ""lon"": null}";;false;;;https://www.idos-research.de;;2.01;2025;180;2024;bmz;Bundesministerium für wirtschaftliche Zusammenarbeit und Entwicklung (BMZ);;Finanzierung über das Ressort Bundesministerium für wirtschaftliche Zusammenarbeit und Entwicklung (BMZ);"[{""zu_id"": ""bmz"", ""typ"": ""UNTERSTELLT"", ""richtung"": ""eingehend"", ""seit"": null, ""quelle"": null}]";"[""https://www.idos-research.de""]";"{""vollstaendigkeit_prozent"": 66.7, ""zuletzt_verifiziert"": ""2026-06-06"", ""verifikation_noetig"": false}";2026-06-06;2.0
deuinsfürern_381;381;1.0;Deutsches Institut für Ernährungsforschung;;Bundesoberbehörde;Bundesbehörde;Bund;Berlin;Berlin;"{""lat"": null, ""lon"": null}";;false;;;https://www.dife.de/;;2.01;2025;270;2024;bmbfsj;Bundesministerium für Bildung und Forschung (BMBF);;Finanzierung über das Ressort Bundesministerium für Bildung und Forschung (BMBF);"[{""zu_id"": ""bmbfsj"", ""typ"": ""UNTERSTELLT"", ""richtung"": ""eingehend"", ""seit"": null, ""quelle"": null}]";"[""https://www.dife.de/""]";"{""vollstaendigkeit_prozent"": 66.7, ""zuletzt_verifiziert"": ""2026-06-06"", ""verifikation_noetig"": false}";2026-06-06;2.0
deuinsfürerw_382;382;1.0;Deutsches Institut für Erwachsenenbildung;;Bundesoberbehörde;Bundesbehörde;Bund;Berlin;Berlin;"{""lat"": null, ""lon"": null}";;false;;;https://www.die-bonn.de/;;9.099;2025;119;2024;bmbfsj;Bundesministerium für Bildung und Forschung (BMBF);;Finanzierung über das Ressort Bundesministerium für Bildung und Forschung (BMBF);"[{""zu_id"": ""bmbfsj"", ""typ"": ""UNTERSTELLT"", ""richtung"": ""eingehend"", ""seit"": null, ""quelle"": null}]";"[""https://www.die-bonn.de/""]";"{""vollstaendigkeit_prozent"": 66.7, ""zuletzt_verifiziert"": ""2026-06-06"", ""verifikation_noetig"": false}";2026-06-06;2.0
deuinsfürintpäd_383;383;1.0;Deutsches Institut für Internationale Pädagogische Forschung;;Bundesoberbehörde;Bundesbehörde;Bund;Berlin;Berlin;"{""lat"": null, ""lon"": null}";;false;;;https://www.dipf.de/;;183.68;2025;380;2024;bmbfsj;Bundesministerium für Bildung und Forschung (BMBF);;Finanzierung über das Ressort Bundesministerium für Bildung und Forschung (BMBF);"[{""zu_id"": ""bmbfsj"", ""typ"": ""UNTERSTELLT"", ""richtung"": ""eingehend"", ""seit"": null, ""quelle"": null}]";"[""https://www.dipf.de/""]";"{""vollstaendigkeit_prozent"": 66.7, ""zuletzt_verifiziert"": ""2026-06-06"", ""verifikation_noetig"": false}";2026-06-06;2.0
deuinsfürnor_51230;51230;1.0;Deutsches Institut für Normung;;Bundesoberbehörde;Bundesbehörde;Bund;Berlin;Berlin;"{""lat"": null, ""lon"": null}";;false;;Verein;https://www.service.bund.de;;2.01;2025;;;bmi;Bundesministerium des Innern und für Heimat (BMI);Verein;Finanzierung über das Ressort Bundesministerium des Innern und für Heimat (BMI);"[{""zu_id"": ""bmi"", ""typ"": ""UNTERSTELLT"", ""richtung"": ""eingehend"", ""seit"": null, ""quelle"": null}]";"[""https://www.service.bund.de""]";"{""vollstaendigkeit_prozent"": 66.7, ""zuletzt_verifiziert"": ""2026-06-06"", ""verifikation_noetig"": false}";2026-06-06;2.0
deuinsfürurb_385;385;1.0;Deutsches Institut für Urbanistik;;Bundesoberbehörde;Bundesbehörde;Bund;Berlin;Berlin;"{""lat"": null, ""lon"": null}";;false;;;https://difu.de/;;2.01;2025;200;2024;bmi;Bundesministerium des Innern und für Heimat (BMI);;Finanzierung über das Ressort Bundesministerium des Innern und für Heimat (BMI);"[{""zu_id"": ""bmi"", ""typ"": ""UNTERSTELLT"", ""richtung"": ""eingehend"", ""seit"": null, ""quelle"": null}]";"[""https://difu.de/""]";"{""vollstaendigkeit_prozent"": 66.7, ""zuletzt_verifiziert"": ""2026-06-06"", ""verifikation_noetig"": false}";2026-06-06;2.0
deuinsfürwir_386;386;1.0;Deutsches Institut für Wirtschaftsforschung;;Bundesoberbehörde;Bundesbehörde;Bund;Berlin;Berlin;"{""lat"": null, ""lon"": null}";;false;;;https://www.diw.de/;;2.01;2025;334;2024;bmbfsj;Bundesministerium für Bildung und Forschung (BMBF);;Finanzierung über das Ressort Bundesministerium für Bildung und Forschung (BMBF);"[{""zu_id"": ""bmbfsj"", ""typ"": ""UNTERSTELLT"", ""richtung"": ""eingehend"", ""seit"": null, ""quelle"": null}]";"[""https://www.diw.de/""]";"{""vollstaendigkeit_prozent"": 66.7, ""zuletzt_verifiziert"": ""2026-06-06"", ""verifikation_noetig"": false}";2026-06-06;2.0
deuinvent_342;342;1.0;Deutsche Investitions- und Entwicklungsgesellschaft;;Bundesoberbehörde;Bundesbehörde;Bund;Berlin;Berlin;"{""lat"": null, ""lon"": null}";;false;;Wirtschaftsförderung;https://www.deginvest.de/;;40.55;2025;770;2024;bmwi;Bundesministerium für Wirtschaft und Klimaschutz (BMWK);Wirtschaftsförderung;Finanzierung über das Ressort Bundesministerium für Wirtschaft und Klimaschutz (BMWK);"[{""zu_id"": ""bmwi"", ""typ"": ""UNTERSTELLT"", ""richtung"": ""eingehend"", ""seit"": null, ""quelle"": null}]";"[""https://www.deginvest.de/""]";"{""vollstaendigkeit_prozent"": 75.0, ""zuletzt_verifiziert"": ""2026-06-06"", ""verifikation_noetig"": false}";2026-06-06;2.0
deujug_387;387;1.0;Deutsches Jugendinstitut e.V.;;Bundesoberbehörde;Bundesbehörde;Bund;Berlin;Berlin;"{""lat"": null, ""lon"": null}";;false;;Jugend;https://www.service.bund.de;;40.55;2025;;;bmbfsj;Bundesministerium für Familie, Senioren, Frauen und Jugend (BMFSFJ);Jugend;Finanzierung über das Ressort Bundesministerium für Familie, Senioren, Frauen und Jugend (BMFSFJ);"[{""zu_id"": ""bmbfsj"", ""typ"": ""UNTERSTELLT"", ""richtung"": ""eingehend"", ""seit"": null, ""quelle"": null}]";"[""https://www.service.bund.de""]";"{""vollstaendigkeit_prozent"": 66.7, ""zuletzt_verifiziert"": ""2026-06-06"", ""verifikation_noetig"": false}";2026-06-06;2.0
deukinmusfürfil_343;343;1.0;Deutsche Kinemathek - Museum für Film und Fernsehen;;Bundesanstalt;Bundesbehörde;Bund;Berlin;Berlin;"{""lat"": null, ""lon"": null}";;false;;Museum und Ausstellungen;http://www.deutsche-kinemathek.de/;;40.55;2025;60;2024;bkamt;Beauftragte der Bundesregierung für Kultur und Medien (BKM);Museum und Ausstellungen;Finanzierung über das Ressort Beauftragte der Bundesregierung für Kultur und Medien (BKM);"[{""zu_id"": ""bkamt"", ""typ"": ""UNTERSTELLT"", ""richtung"": ""eingehend"", ""seit"": null, ""quelle"": null}]";"[""http://www.deutsche-kinemathek.de/""]";"{""vollstaendigkeit_prozent"": 75.0, ""zuletzt_verifiziert"": ""2026-06-06"", ""verifikation_noetig"": false}";2026-06-06;2.0
deukoo_356;356;1.0;Deutscher Koordinierungsrat e.V.;;Bundesoberbehörde;Bundesbehörde;Bund;Berlin;Berlin;"{""lat"": null, ""lon"": null}";;false;;Konferenz;https://www.service.bund.de;;1166.24;2025;;;bmi;Bundesministerium des Innern und für Heimat (BMI);Konferenz;Finanzierung über das Ressort Bundesministerium des Innern und für Heimat (BMI);"[{""zu_id"": ""bmi"", ""typ"": ""UNTERSTELLT"", ""richtung"": ""eingehend"", ""seit"": null, ""quelle"": null}]";"[""https://www.service.bund.de""]";"{""vollstaendigkeit_prozent"": 66.7, ""zuletzt_verifiziert"": ""2026-06-06"", ""verifikation_noetig"": false}";2026-06-06;2.0
deukulösteur_389;389;1.0;Deutsches Kulturforum östliches Europa e.V.;;Bundesoberbehörde;Bundesbehörde;Bund;Berlin;Berlin;"{""lat"": null, ""lon"": null}";;false;;Internationale Beziehungen;https://www.service.bund.de;;2.01;2025;;;bkamt;Beauftragte der Bundesregierung für Kultur und Medien (BKM);Internationale Beziehungen;Finanzierung über das Ressort Beauftragte der Bundesregierung für Kultur und Medien (BKM);"[{""zu_id"": ""bkamt"", ""typ"": ""UNTERSTELLT"", ""richtung"": ""eingehend"", ""seit"": null, ""quelle"": null}]";"[""https://www.service.bund.de""]";"{""vollstaendigkeit_prozent"": 66.7, ""zuletzt_verifiziert"": ""2026-06-06"", ""verifikation_noetig"": false}";2026-06-06;2.0
deunat_344;344;1.0;Deutsche Nationalbibliothek;;Bundesanstalt;Bundesbehörde;Bund;Berlin;Berlin;"{""lat"": null, ""lon"": null}";;false;;Bibliothek;https://www.dnb.de/;;40.55;2025;;;bkamt;Beauftragte der Bundesregierung für Kultur und Medien (BKM);Bibliothek;Finanzierung über das Ressort Beauftragte der Bundesregierung für Kultur und Medien (BKM);"[{""zu_id"": ""bkamt"", ""typ"": ""UNTERSTELLT"", ""richtung"": ""eingehend"", ""seit"": null, ""quelle"": null}]";"[""https://www.dnb.de/""]";"{""vollstaendigkeit_prozent"": 66.7, ""zuletzt_verifiziert"": ""2026-06-06"", ""verifikation_noetig"": false}";2026-06-06;2.0
deuolyspo_361;361;1.0;Deutscher Olympischer Sportbund;;Bundesoberbehörde;Bundesbehörde;Bund;Berlin;Berlin;"{""lat"": null, ""lon"": null}";;false;;Sport und Freizeit;https://www.dosb.de/;;1166.24;2025;;;bmi;Bundesministerium des Innern und für Heimat (BMI);Sport und Freizeit;Finanzierung über das Ressort Bundesministerium des Innern und für Heimat (BMI);"[{""zu_id"": ""bmi"", ""typ"": ""UNTERSTELLT"", ""richtung"": ""eingehend"", ""seit"": null, ""quelle"": null}]";"[""https://www.dosb.de/""]";"{""vollstaendigkeit_prozent"": 66.7, ""zuletzt_verifiziert"": ""2026-06-06"", ""verifikation_noetig"": false}";2026-06-06;2.0
deupatmar_391;391;1.0;Deutsches Patent- und Markenamt;;Bundesoberbehörde;Bundesbehörde;Bund;Berlin;Berlin;"{""lat"": null, ""lon"": null}";;false;;Patente;https://www.service.bund.de;;266.1;2025;2800;2024;bmjv;Bundesministerium der Justiz (BMJ);Patente;Finanzierung über das Ressort Bundesministerium der Justiz (BMJ);"[{""zu_id"": ""bmjv"", ""typ"": ""UNTERSTELLT"", ""richtung"": ""eingehend"", ""seit"": null, ""quelle"": null}]";"[""https://www.service.bund.de""]";"{""vollstaendigkeit_prozent"": 75.0, ""zuletzt_verifiziert"": ""2026-06-06"", ""verifikation_noetig"": false}";2026-06-06;2.0
deurenbun_352;352;1.0;Deutsche Rentenversicherung Bund;;KdöR;Körperschaft des öffentlichen Rechts;Bund;Berlin;Berlin;"{""lat"": null, ""lon"": null}";;false;;Rentenversicherung;https://www.deutsche-rentenversicherung.de;;180000.0;2025;41000;2024;bmas;Bundesministerium für Arbeit und Soziales (BMAS);Rentenversicherung;Träger der gesetzlichen Rentenversicherung;"[{""zu_id"": ""bmas"", ""typ"": ""UNTERSTELLT"", ""richtung"": ""eingehend"", ""seit"": null, ""quelle"": null}]";"[""https://www.deutsche-rentenversicherung.de""]";"{""vollstaendigkeit_prozent"": 75.0, ""zuletzt_verifiziert"": ""2026-06-06"", ""verifikation_noetig"": false}";2026-06-06;2.0
deurenknabahsee_353;353;1.0;Deutsche Rentenversicherung Knappschaft-Bahn-See;;KdöR;Bundesbehörde;Bund;Berlin;Berlin;"{""lat"": null, ""lon"": null}";;false;;Sozialversicherung;https://www.kbs.de/;;65600.0;2025;23680;2024;bmas;Bundesministerium für Arbeit und Soziales (BMAS);Sozialversicherung;Finanzierung über das Ressort Bundesministerium für Arbeit und Soziales (BMAS);"[{""zu_id"": ""bmas"", ""typ"": ""UNTERSTELLT"", ""richtung"": ""eingehend"", ""seit"": null, ""quelle"": null}]";"[""https://www.kbs.de/""]";"{""vollstaendigkeit_prozent"": 75.0, ""zuletzt_verifiziert"": ""2026-06-06"", ""verifikation_noetig"": false}";2026-06-06;2.0
deurheforber_394;394;1.0;Deutsches Rheuma-Forschungszentrum Berlin;;Bundesoberbehörde;Bundesbehörde;Bund;Berlin;Berlin;"{""lat"": null, ""lon"": null}";;false;;;https://www.service.bund.de;;40.55;2025;;;bmbfsj;Bundesministerium für Bildung und Forschung (BMBF);;Finanzierung über das Ressort Bundesministerium für Bildung und Forschung (BMBF);"[{""zu_id"": ""bmbfsj"", ""typ"": ""UNTERSTELLT"", ""richtung"": ""eingehend"", ""seit"": null, ""quelle"": null}]";"[""https://www.service.bund.de""]";"{""vollstaendigkeit_prozent"": 58.3, ""zuletzt_verifiziert"": ""2026-06-06"", ""verifikation_noetig"": false}";2026-06-06;2.0
deurotkre_395;395;1.0;Deutsches Rotes Kreuz e. V.;;Bundesoberbehörde;Bundesbehörde;Bund;Berlin;Berlin;"{""lat"": null, ""lon"": null}";;false;;Katastrophenschutz;https://www.drk.de/;;210.731;2025;688;2024;bmi;Bundesministerium des Innern und für Heimat (BMI);Katastrophenschutz;Finanzierung über das Ressort Bundesministerium des Innern und für Heimat (BMI);"[{""zu_id"": ""bmi"", ""typ"": ""UNTERSTELLT"", ""richtung"": ""eingehend"", ""seit"": null, ""quelle"": null}]";"[""https://www.drk.de/""]";"{""vollstaendigkeit_prozent"": 75.0, ""zuletzt_verifiziert"": ""2026-06-06"", ""verifikation_noetig"": false}";2026-06-06;2.0
deurun_50391;50391;1.0;Deutsches Rundfunkarchiv;;Bundesanstalt;Bundesbehörde;Bund;Berlin;Berlin;"{""lat"": null, ""lon"": null}";;false;;Archiv;https://www.dra.de/;;40.55;2025;;;bkamt;Beauftragte der Bundesregierung für Kultur und Medien (BKM);Archiv;Finanzierung über das Ressort Beauftragte der Bundesregierung für Kultur und Medien (BKM);"[{""zu_id"": ""bkamt"", ""typ"": ""UNTERSTELLT"", ""richtung"": ""eingehend"", ""seit"": null, ""quelle"": null}]";"[""https://www.dra.de/""]";"{""vollstaendigkeit_prozent"": 66.7, ""zuletzt_verifiziert"": ""2026-06-06"", ""verifikation_noetig"": false}";2026-06-06;2.0
deusch_374;374;1.0;Deutsche Schillergesellschaft;;Bundesoberbehörde;Bundesbehörde;Bund;Berlin;Berlin;"{""lat"": null, ""lon"": null}";;false;;Medien;https://www.dla-marbach.de/ueber-uns/traegerverein-dsg/;;40.55;2025;124;2024;bmvg;Bundesministerium der Verteidigung (BMVg);Medien;Finanzierung über das Ressort Bundesministerium der Verteidigung (BMVg);"[{""zu_id"": ""bmvg"", ""typ"": ""UNTERSTELLT"", ""richtung"": ""eingehend"", ""seit"": null, ""quelle"": null}]";"[""https://www.dla-marbach.de/ueber-uns/traegerverein-dsg/""]";"{""vollstaendigkeit_prozent"": 75.0, ""zuletzt_verifiziert"": ""2026-06-06"", ""verifikation_noetig"": false}";2026-06-06;2.0
deusch_396;396;1.0;Deutsches Schiffahrtsmuseum;;Bundesanstalt;Dienststelle der WSV;Bund;Berlin;Berlin;"{""lat"": null, ""lon"": null}";;false;;Museum und Ausstellungen;https://www.wsv.de;;40.55;2025;;;bmv;Bundesministerium für Digitales und Verkehr (BMDV);Museum und Ausstellungen;Aggregiert unter Generaldirektion Wasserstraßen und Schifffahrt (GDWS);"[{""zu_id"": ""bmv"", ""typ"": ""UNTERSTELLT"", ""richtung"": ""eingehend"", ""seit"": null, ""quelle"": null}]";"[""https://www.wsv.de""]";"{""vollstaendigkeit_prozent"": 66.7, ""zuletzt_verifiziert"": ""2026-06-06"", ""verifikation_noetig"": false}";2026-06-06;2.0
deuspagir_362;362;1.0;Deutscher Sparkassen- und Giroverband;;AdöR;Bundesbehörde;Bund;Berlin;Berlin;"{""lat"": null, ""lon"": null}";;false;;Bank;https://www.dsgv.de/;;1166.24;2025;;;bmf;Bundesministerium der Finanzen (BMF);Bank;Finanzierung über das Ressort Bundesministerium der Finanzen (BMF);"[{""zu_id"": ""bmf"", ""typ"": ""UNTERSTELLT"", ""richtung"": ""eingehend"", ""seit"": null, ""quelle"": null}]";"[""https://www.dsgv.de/""]";"{""vollstaendigkeit_prozent"": 66.7, ""zuletzt_verifiziert"": ""2026-06-06"", ""verifikation_noetig"": false}";2026-06-06;2.0
deustu_18269;18269;1.0;Deutsches Studierendenwerk e.V.;;Bundesoberbehörde;Bundesbehörde;Bund;Berlin;Berlin;"{""lat"": null, ""lon"": null}";;false;;Studierendenwerk;https://www.service.bund.de;;40.55;2025;;;bmi;Bundesministerium des Innern und für Heimat (BMI);Studierendenwerk;Finanzierung über das Ressort Bundesministerium des Innern und für Heimat (BMI);"[{""zu_id"": ""bmi"", ""typ"": ""UNTERSTELLT"", ""richtung"": ""eingehend"", ""seit"": null, ""quelle"": null}]";"[""https://www.service.bund.de""]";"{""vollstaendigkeit_prozent"": 66.7, ""zuletzt_verifiziert"": ""2026-06-06"", ""verifikation_noetig"": false}";2026-06-06;2.0
deustä_14446;14446;1.0;Deutscher Städtetag;;Bundesoberbehörde;Bundesbehörde;Bund;Berlin;Berlin;"{""lat"": null, ""lon"": null}";;false;;Städtetag;https://www.staedtetag.de/;;1166.24;2025;;;bmi;Bundesministerium des Innern und für Heimat (BMI);Städtetag;Finanzierung über das Ressort Bundesministerium des Innern und für Heimat (BMI);"[{""zu_id"": ""bmi"", ""typ"": ""UNTERSTELLT"", ""richtung"": ""eingehend"", ""seit"": null, ""quelle"": null}]";"[""https://www.staedtetag.de/""]";"{""vollstaendigkeit_prozent"": 66.7, ""zuletzt_verifiziert"": ""2026-06-06"", ""verifikation_noetig"": false}";2026-06-06;2.0
deustägem_52097;52097;1.0;Deutscher Städte- und Gemeindebund e. V.;;Bundesoberbehörde;Bundesbehörde;Bund;Berlin;Berlin;"{""lat"": null, ""lon"": null}";;false;;;https://www.service.bund.de;;1166.24;2025;;;bmi;Bundesministerium des Innern und für Heimat (BMI);;Finanzierung über das Ressort Bundesministerium des Innern und für Heimat (BMI);"[{""zu_id"": ""bmi"", ""typ"": ""UNTERSTELLT"", ""richtung"": ""eingehend"", ""seit"": null, ""quelle"": null}]";"[""https://www.service.bund.de""]";"{""vollstaendigkeit_prozent"": 58.3, ""zuletzt_verifiziert"": ""2026-06-06"", ""verifikation_noetig"": false}";2026-06-06;2.0
deuver_367;367;1.0;Deutscher Verkehrssicherheitsrat;;Bundesoberbehörde;Bundesbehörde;Bund;Berlin;Berlin;"{""lat"": null, ""lon"": null}";;false;;Verein;https://www.dvr.de/;;1166.24;2025;50;2024;bmv;Bundesministerium für Digitales und Verkehr (BMDV);Verein;Finanzierung über das Ressort Bundesministerium für Digitales und Verkehr (BMDV);"[{""zu_id"": ""bmv"", ""typ"": ""UNTERSTELLT"", ""richtung"": ""eingehend"", ""seit"": null, ""quelle"": null}]";"[""https://www.dvr.de/""]";"{""vollstaendigkeit_prozent"": 75.0, ""zuletzt_verifiziert"": ""2026-06-06"", ""verifikation_noetig"": false}";2026-06-06;2.0
deuverfüröffpri_366;366;1.0;Deutscher Verein für öffentliche und private Fürsorge e.V.;;Bundesoberbehörde;Bundesbehörde;Bund;Berlin;Berlin;"{""lat"": null, ""lon"": null}";;false;;Verein;https://www.deutscher-verein.de/;;1166.24;2025;;;bmi;Bundesministerium des Innern und für Heimat (BMI);Verein;Finanzierung über das Ressort Bundesministerium des Innern und für Heimat (BMI);"[{""zu_id"": ""bmi"", ""typ"": ""UNTERSTELLT"", ""richtung"": ""eingehend"", ""seit"": null, ""quelle"": null}]";"[""https://www.deutscher-verein.de/""]";"{""vollstaendigkeit_prozent"": 66.7, ""zuletzt_verifiziert"": ""2026-06-06"", ""verifikation_noetig"": false}";2026-06-06;2.0
deuverkraaus_405;405;1.0;Deutsche Verbindungsstelle Krankenversicherung - Ausland;;KdöR;Bundesbehörde;Bund;Berlin;Berlin;"{""lat"": null, ""lon"": null}";;false;;Krankenkasse;https://www.service.bund.de;;40.55;2025;;;bmas;Bundesministerium für Arbeit und Soziales (BMAS);Krankenkasse;Finanzierung über das Ressort Bundesministerium für Arbeit und Soziales (BMAS);"[{""zu_id"": ""bmas"", ""typ"": ""UNTERSTELLT"", ""richtung"": ""eingehend"", ""seit"": null, ""quelle"": null}]";"[""https://www.service.bund.de""]";"{""vollstaendigkeit_prozent"": 66.7, ""zuletzt_verifiziert"": ""2026-06-06"", ""verifikation_noetig"": false}";2026-06-06;2.0
deuverrüsusakan_404;404;1.0;Deutsche Verbindungsstelle des Rüstungsbereichs USA/Kanada;;Bundesoberbehörde;Bundesbehörde;Bund;Berlin;Berlin;"{""lat"": null, ""lon"": null}";;false;;Bundeswehr;https://www.service.bund.de;;40.55;2025;;;bmvg;Bundesministerium der Verteidigung (BMVg);Bundeswehr;Finanzierung über das Ressort Bundesministerium der Verteidigung (BMVg);"[{""zu_id"": ""bmvg"", ""typ"": ""UNTERSTELLT"", ""richtung"": ""eingehend"", ""seit"": null, ""quelle"": null}]";"[""https://www.service.bund.de""]";"{""vollstaendigkeit_prozent"": 66.7, ""zuletzt_verifiziert"": ""2026-06-06"", ""verifikation_noetig"": false}";2026-06-06;2.0
deuwei_368;368;1.0;Deutscher Weinfonds;;Bundesoberbehörde;Bundesbehörde;Bund;Berlin;Berlin;"{""lat"": null, ""lon"": null}";;false;;Wirtschaftsförderung;https://www.service.bund.de;;1166.24;2025;;;bmwi;Bundesministerium für Wirtschaft und Klimaschutz (BMWK);Wirtschaftsförderung;Finanzierung über das Ressort Bundesministerium für Wirtschaft und Klimaschutz (BMWK);"[{""zu_id"": ""bmwi"", ""typ"": ""UNTERSTELLT"", ""richtung"": ""eingehend"", ""seit"": null, ""quelle"": null}]";"[""https://www.service.bund.de""]";"{""vollstaendigkeit_prozent"": 66.7, ""zuletzt_verifiziert"": ""2026-06-06"", ""verifikation_noetig"": false}";2026-06-06;2.0
deuwel_406;406;1.0;Deutsche Welle;;Bundesoberbehörde;Rundfunkanstalt des Bundes;Bund;Bonn;Nordrhein-Westfalen;"{""lat"": null, ""lon"": null}";;false;;Rundfunkanstalt;https://www.dw.com;;400.0;2025;3000;2024;bkamt;Beauftragte der Bundesregierung für Kultur und Medien (BKM);Rundfunkanstalt;Auslandsrundfunk der Bundesrepublik;"[{""zu_id"": ""bkamt"", ""typ"": ""UNTERSTELLT"", ""richtung"": ""eingehend"", ""seit"": null, ""quelle"": null}]";"[""https://www.dw.com""]";"{""vollstaendigkeit_prozent"": 75.0, ""zuletzt_verifiziert"": ""2026-06-06"", ""verifikation_noetig"": false}";2026-06-06;2.0
deuwet_369;369;1.0;Deutscher Wetterdienst;;AdöR;Anstalt des öffentlichen Rechts;Bund;Offenbach am Main;;"{""lat"": null, ""lon"": null}";;false;;Meteorologie;https://www.dwd.de;;390.0;2025;2300;2024;bmv;Bundesministerium für Digitales und Verkehr (BMDV);Meteorologie;Meteorologische Dienstleistungen;"[{""zu_id"": ""bmv"", ""typ"": ""UNTERSTELLT"", ""richtung"": ""eingehend"", ""seit"": null, ""quelle"": null}]";"[""https://www.dwd.de""]";"{""vollstaendigkeit_prozent"": 66.7, ""zuletzt_verifiziert"": ""2026-06-06"", ""verifikation_noetig"": false}";2026-06-06;2.0
deuzenfürlufrau_401;401;1.0;Deutsches Zentrum für Luft- und Raumfahrt e.V.;;Bundesoberbehörde;Bundesbehörde;Bund;Berlin;Berlin;"{""lat"": null, ""lon"": null}";;false;;;https://www.dlr.de/;;539.48;2025;11786;2024;bmi;Bundesministerium des Innern und für Heimat (BMI);;Finanzierung über das Ressort Bundesministerium des Innern und für Heimat (BMI);"[{""zu_id"": ""bmi"", ""typ"": ""UNTERSTELLT"", ""richtung"": ""eingehend"", ""seit"": null, ""quelle"": null}]";"[""https://www.dlr.de/""]";"{""vollstaendigkeit_prozent"": 66.7, ""zuletzt_verifiziert"": ""2026-06-06"", ""verifikation_noetig"": false}";2026-06-06;2.0
deuzenfürmed_407;407;1.0;Deutsche Zentralbibliothek für Medizin;;Bundesanstalt;Bundesbehörde;Bund;Berlin;Berlin;"{""lat"": null, ""lon"": null}";;false;;Bibliothek;https://www.zbmed.de/;;96.46;2025;;;bkamt;Beauftragte der Bundesregierung für Kultur und Medien (BKM);Bibliothek;Finanzierung über das Ressort Beauftragte der Bundesregierung für Kultur und Medien (BKM);"[{""zu_id"": ""bkamt"", ""typ"": ""UNTERSTELLT"", ""richtung"": ""eingehend"", ""seit"": null, ""quelle"": null}]";"[""https://www.zbmed.de/""]";"{""vollstaendigkeit_prozent"": 66.7, ""zuletzt_verifiziert"": ""2026-06-06"", ""verifikation_noetig"": false}";2026-06-06;2.0
deuzenfürneuerk_402;402;1.0;Deutsches Zentrum für Neurodegenerative Erkrankungen e.V.;;Bundesoberbehörde;Bundesbehörde;Bund;Berlin;Berlin;"{""lat"": null, ""lon"": null}";;false;;Medizinisches Zentrum;https://www.dzne.de/;;40.55;2025;1100;2024;bmbfsj;Bundesministerium für Bildung und Forschung (BMBF);Medizinisches Zentrum;Finanzierung über das Ressort Bundesministerium für Bildung und Forschung (BMBF);"[{""zu_id"": ""bmbfsj"", ""typ"": ""UNTERSTELLT"", ""richtung"": ""eingehend"", ""seit"": null, ""quelle"": null}]";"[""https://www.dzne.de/""]";"{""vollstaendigkeit_prozent"": 75.0, ""zuletzt_verifiziert"": ""2026-06-06"", ""verifikation_noetig"": false}";2026-06-06;2.0
deuzenfürtou_321;321;1.0;Deutsche Zentrale für Tourismus e. V.;;Bundesoberbehörde;Bundesbehörde;Bund;Berlin;Berlin;"{""lat"": null, ""lon"": null}";;false;;Tourismus;https://www.service.bund.de;;40.55;2025;;;bmi;Bundesministerium des Innern und für Heimat (BMI);Tourismus;Finanzierung über das Ressort Bundesministerium des Innern und für Heimat (BMI);"[{""zu_id"": ""bmi"", ""typ"": ""UNTERSTELLT"", ""richtung"": ""eingehend"", ""seit"": null, ""quelle"": null}]";"[""https://www.service.bund.de""]";"{""vollstaendigkeit_prozent"": 66.7, ""zuletzt_verifiziert"": ""2026-06-06"", ""verifikation_noetig"": false}";2026-06-06;2.0
dihdeuindhan_50896;50896;1.0;DIHK | Deutsche Industrie- und Handelskammer;;Bundesoberbehörde;Bundesbehörde;Bund;Berlin;Berlin;"{""lat"": null, ""lon"": null}";;false;;Industrie- und Handelskammer;https://www.service.bund.de;;40.55;2025;;;bmi;Bundesministerium des Innern und für Heimat (BMI);Industrie- und Handelskammer;Finanzierung über das Ressort Bundesministerium des Innern und für Heimat (BMI);"[{""zu_id"": ""bmi"", ""typ"": ""UNTERSTELLT"", ""richtung"": ""eingehend"", ""seit"": null, ""quelle"": null}]";"[""https://www.service.bund.de""]";"{""vollstaendigkeit_prozent"": 66.7, ""zuletzt_verifiziert"": ""2026-06-06"", ""verifikation_noetig"": false}";2026-06-06;2.0
divlufope_324;324;1.0;Division Luftbewegliche Operationen;;Bundesoberbehörde;Bundesbehörde;Bund;Berlin;Berlin;"{""lat"": null, ""lon"": null}";;false;;Bundeswehr;https://www.service.bund.de;;;;;;bmvg;Bundesministerium der Verteidigung (BMVg);Bundeswehr;Finanzierung über das Ressort Bundesministerium der Verteidigung (BMVg);"[{""zu_id"": ""bmvg"", ""typ"": ""UNTERSTELLT"", ""richtung"": ""eingehend"", ""seit"": null, ""quelle"": null}]";"[""https://www.service.bund.de""]";"{""vollstaendigkeit_prozent"": 66.7, ""zuletzt_verifiziert"": ""2026-06-06"", ""verifikation_noetig"": false}";2026-06-06;2.0
divspeope_325;325;1.0;Division Spezielle Operationen;;Bundesoberbehörde;Bundesbehörde;Bund;Berlin;Berlin;"{""lat"": null, ""lon"": null}";;false;;Bundeswehr;https://www.bundeswehr.de/de/organisation/heer/organisation/division-schnelle-kraefte/;;;;;;bmvg;Bundesministerium der Verteidigung (BMVg);Bundeswehr;Finanzierung über das Ressort Bundesministerium der Verteidigung (BMVg);"[{""zu_id"": ""bmvg"", ""typ"": ""UNTERSTELLT"", ""richtung"": ""eingehend"", ""seit"": null, ""quelle"": null}]";"[""https://www.bundeswehr.de/de/organisation/heer/organisation/division-schnelle-kraefte/""]";"{""vollstaendigkeit_prozent"": 66.7, ""zuletzt_verifiziert"": ""2026-06-06"", ""verifikation_noetig"": false}";2026-06-06;2.0
dkg_51810;51810;1.0;Deutsche Krankenhausgesellschaft (DKG);;Bundesoberbehörde;Bundesbehörde;Bund;Berlin;Berlin;"{""lat"": null, ""lon"": null}";;false;;Verein;https://www.dkgev.de/;;40.55;2025;;;bmg;Bundesministerium für Gesundheit (BMG);Verein;Finanzierung über das Ressort Bundesministerium für Gesundheit (BMG);"[{""zu_id"": ""bmg"", ""typ"": ""UNTERSTELLT"", ""richtung"": ""eingehend"", ""seit"": null, ""quelle"": null}]";"[""https://www.dkgev.de/""]";"{""vollstaendigkeit_prozent"": 66.7, ""zuletzt_verifiziert"": ""2026-06-06"", ""verifikation_noetig"": false}";2026-06-06;2.0
drv;;1.0;Deutsche Rentenversicherung Bund;DRV Bund;KdöR;Körperschaft des öffentlichen Rechts;Bund;Berlin;Berlin;"{""lat"": null, ""lon"": null}";2005;false;;Gesetzliche Rentenversicherung, Rehabilitation, Rentenberatung, Beitragseinzug;https://www.deutsche-rentenversicherung.de;Sozialgesetzbuch VI (SGB VI);180000.0;2025;41000;2024;bmas;;;;"[{""zu_id"": ""bmas"", ""typ"": ""RECHTSAUFSICHT"", ""richtung"": ""eingehend"", ""seit"": 2005}]";"[""https://www.deutsche-rentenversicherung.de"", ""https://www.bundeshaushalt.de""]";"{""vollstaendigkeit_prozent"": 100.0, ""zuletzt_verifiziert"": ""2026-06-06"", ""verifikation_noetig"": false}";2026-06-06;2.0
dvvint_327;327;1.0;dvv international;;Bundesoberbehörde;Bundesbehörde;Bund;Berlin;Berlin;"{""lat"": null, ""lon"": null}";;false;;Aus- und Weiterbildung;https://www.volkshochschule.de;;183.68;2025;140;2024;bmbfsj;Bundesministerium für Bildung und Forschung (BMBF);Aus- und Weiterbildung;Finanzierung über das Ressort Bundesministerium für Bildung und Forschung (BMBF);"[{""zu_id"": ""bmbfsj"", ""typ"": ""UNTERSTELLT"", ""richtung"": ""eingehend"", ""seit"": null, ""quelle"": null}]";"[""https://www.volkshochschule.de""]";"{""vollstaendigkeit_prozent"": 75.0, ""zuletzt_verifiziert"": ""2026-06-06"", ""verifikation_noetig"": false}";2026-06-06;2.0
eba;;1.0;Eisenbahn-Bundesamt;EBA;Bundesoberbehörde;Bundesoberbehörde;Bund;Bonn;Nordrhein-Westfalen;"{""lat"": null, ""lon"": null}";1994;false;;Eisenbahnaufsicht, Planfeststellung, Sicherheit im Eisenbahnverkehr;https://www.eba.bund.de;Gesetz über die Eisenbahnverkehrsverwaltung des Bundes (BEVVG);168.7;2025;1200;2024;bmv;;;;"[{""zu_id"": ""bmv"", ""typ"": ""UNTERSTELLT"", ""richtung"": ""eingehend"", ""seit"": 1994}]";"[""https://www.eba.bund.de"", ""https://www.bundeshaushalt.de""]";"{""vollstaendigkeit_prozent"": 100.0, ""zuletzt_verifiziert"": ""2026-06-06"", ""verifikation_noetig"": false}";2026-06-06;2.0
einbun_410;410;1.0;Einsatzführungskommando der Bundeswehr;;Bundesoberbehörde;Dienststelle der Bundeswehrverwaltung;Bund;Berlin;Berlin;"{""lat"": null, ""lon"": null}";;false;;Bundeswehr;https://www.bundeswehr.de;;8862.05;2025;;;bmvg;Bundesministerium der Verteidigung (BMVg);Bundeswehr;Aggregiert unter Bundesministerium der Verteidigung (BMVg);"[{""zu_id"": ""bmvg"", ""typ"": ""UNTERSTELLT"", ""richtung"": ""eingehend"", ""seit"": null, ""quelle"": null}]";"[""https://www.bundeswehr.de""]";"{""vollstaendigkeit_prozent"": 66.7, ""zuletzt_verifiziert"": ""2026-06-06"", ""verifikation_noetig"": false}";2026-06-06;2.0
eis_411;411;1.0;Eisenbahn-Bundesamt;;Bundesoberbehörde;Bundesoberbehörde;Bund;Bonn;Nordrhein-Westfalen;"{""lat"": null, ""lon"": null}";;false;;Bahn;https://www.eba.bund.de;;85.0;2025;1200;2024;bmv;Bundesministerium für Digitales und Verkehr (BMDV);Bahn;Aufsichtsbehörde für Schienenbahnen;"[{""zu_id"": ""bmv"", ""typ"": ""UNTERSTELLT"", ""richtung"": ""eingehend"", ""seit"": null, ""quelle"": null}]";"[""https://www.eba.bund.de""]";"{""vollstaendigkeit_prozent"": 75.0, ""zuletzt_verifiziert"": ""2026-06-06"", ""verifikation_noetig"": false}";2026-06-06;2.0
eisunfbun_1007;1007;1.0;Eisenbahn-Unfalluntersuchungsstelle des Bundes;;Bundesoberbehörde;Bundesbehörde;Bund;Berlin;Berlin;"{""lat"": null, ""lon"": null}";;false;;Bahn;https://www.service.bund.de;;1.827;2025;33;2024;bmv;Bundesministerium für Digitales und Verkehr (BMDV);Bahn;Finanzierung über das Ressort Bundesministerium für Digitales und Verkehr (BMDV);"[{""zu_id"": ""bmv"", ""typ"": ""UNTERSTELLT"", ""richtung"": ""eingehend"", ""seit"": null, ""quelle"": null}]";"[""https://www.service.bund.de""]";"{""vollstaendigkeit_prozent"": 75.0, ""zuletzt_verifiziert"": ""2026-06-06"", ""verifikation_noetig"": false}";2026-06-06;2.0
eiti_48944;48944;1.0;Sonderbeauftragte(r) der Bundesregierung für die Leitung der Umsetzung der Extractive Industries Transparency Initiative (EITI);;Bundesoberbehörde;Bundesbehörde;Bund;Berlin;Berlin;"{""lat"": null, ""lon"": null}";;false;;Beauftragte;https://www.service.bund.de;;17.24;2025;;;bmi;Bundesministerium des Innern und für Heimat (BMI);Beauftragte;Finanzierung über das Ressort Bundesministerium des Innern und für Heimat (BMI);"[{""zu_id"": ""bmi"", ""typ"": ""UNTERSTELLT"", ""richtung"": ""eingehend"", ""seit"": null, ""quelle"": null}]";"[""https://www.service.bund.de""]";"{""vollstaendigkeit_prozent"": 66.7, ""zuletzt_verifiziert"": ""2026-06-06"", ""verifikation_noetig"": false}";2026-06-06;2.0
eka_52050;52050;1.0;Evangelisches Kirchenamt für die Bundeswehr (EKA);;Bundesoberbehörde;Dienststelle der Bundeswehrverwaltung;Bund;Berlin;Berlin;"{""lat"": null, ""lon"": null}";;false;;;https://www.bundeswehr.de;;8862.05;2025;;;bmvg;Bundesministerium der Verteidigung (BMVg);;Aggregiert unter Bundesministerium der Verteidigung (BMVg);"[{""zu_id"": ""bmvg"", ""typ"": ""UNTERSTELLT"", ""richtung"": ""eingehend"", ""seit"": null, ""quelle"": null}]";"[""https://www.bundeswehr.de""]";"{""vollstaendigkeit_prozent"": 58.3, ""zuletzt_verifiziert"": ""2026-06-06"", ""verifikation_noetig"": false}";2026-06-06;2.0
enebkk_6597;6597;1.0;energie-BKK;;KdöR;Bundesbehörde;Bund;Berlin;Berlin;"{""lat"": null, ""lon"": null}";;false;;Krankenkasse;https://www.energie-bkk.de/;;;;260;2024;bmas;Bundesministerium für Arbeit und Soziales (BMAS);Krankenkasse;Finanzierung über das Ressort Bundesministerium für Arbeit und Soziales (BMAS);"[{""zu_id"": ""bmas"", ""typ"": ""UNTERSTELLT"", ""richtung"": ""eingehend"", ""seit"": null, ""quelle"": null}]";"[""https://www.energie-bkk.de/""]";"{""vollstaendigkeit_prozent"": 75.0, ""zuletzt_verifiziert"": ""2026-06-06"", ""verifikation_noetig"": false}";2026-06-06;2.0
entwer_15909;15909;1.0;Entschädigungseinrichtung der Wertpapierhandelsunternehmen;;Bundesoberbehörde;Bundesbehörde;Bund;Berlin;Berlin;"{""lat"": null, ""lon"": null}";;false;;;https://www.service.bund.de;;;;;;bmi;Bundesministerium des Innern und für Heimat (BMI);;Finanzierung über das Ressort Bundesministerium des Innern und für Heimat (BMI);"[{""zu_id"": ""bmi"", ""typ"": ""UNTERSTELLT"", ""richtung"": ""eingehend"", ""seit"": null, ""quelle"": null}]";"[""https://www.service.bund.de""]";"{""vollstaendigkeit_prozent"": 58.3, ""zuletzt_verifiziert"": ""2026-06-06"", ""verifikation_noetig"": false}";2026-06-06;2.0
erd_414;414;1.0;Erdölbevorratungsverband;;Bundesoberbehörde;Bundesbehörde;Bund;Berlin;Berlin;"{""lat"": null, ""lon"": null}";;false;;Energie;https://www.service.bund.de;;;;;;bmwi;Bundesministerium für Wirtschaft und Klimaschutz (BMWK);Energie;Finanzierung über das Ressort Bundesministerium für Wirtschaft und Klimaschutz (BMWK);"[{""zu_id"": ""bmwi"", ""typ"": ""UNTERSTELLT"", ""richtung"": ""eingehend"", ""seit"": null, ""quelle"": null}]";"[""https://www.service.bund.de""]";"{""vollstaendigkeit_prozent"": 66.7, ""zuletzt_verifiziert"": ""2026-06-06"", ""verifikation_noetig"": false}";2026-06-06;2.0
ersdeufer_4107;4107;1.0;Erstes Deutsches Fernsehen;;AdöR;Anstalt des öffentlichen Rechts;Bund;Berlin;Berlin;"{""lat"": null, ""lon"": null}";;false;;Rundfunkanstalt;https://www.service.bund.de;;40.55;2025;;;bmi;Bundesministerium des Innern und für Heimat (BMI);Rundfunkanstalt;Finanzierung über das Ressort Bundesministerium des Innern und für Heimat (BMI);"[{""zu_id"": ""bmi"", ""typ"": ""UNTERSTELLT"", ""richtung"": ""eingehend"", ""seit"": null, ""quelle"": null}]";"[""https://www.service.bund.de""]";"{""vollstaendigkeit_prozent"": 66.7, ""zuletzt_verifiziert"": ""2026-06-06"", ""verifikation_noetig"": false}";2026-06-06;2.0
eurzenfürmin_416;416;1.0;Europäisches Zentrum für Minderheitenfragen;;Bundesoberbehörde;Bundesbehörde;Bund;Berlin;Berlin;"{""lat"": null, ""lon"": null}";;false;;Integration;https://www.service.bund.de;;1609.24;2025;;;bmi;Bundesministerium des Innern und für Heimat (BMI);Integration;Finanzierung über das Ressort Bundesministerium des Innern und für Heimat (BMI);"[{""zu_id"": ""bmi"", ""typ"": ""UNTERSTELLT"", ""richtung"": ""eingehend"", ""seit"": null, ""quelle"": null}]";"[""https://www.service.bund.de""]";"{""vollstaendigkeit_prozent"": 66.7, ""zuletzt_verifiziert"": ""2026-06-06"", ""verifikation_noetig"": false}";2026-06-06;2.0
evakirfürbun_417;417;1.0;Evangelisches Kirchenamt für die Bundeswehr;;Bundesoberbehörde;Dienststelle der Bundeswehrverwaltung;Bund;Berlin;Berlin;"{""lat"": null, ""lon"": null}";;false;;Bundeswehr;https://www.bundeswehr.de;;8862.05;2025;;;bmvg;Bundesministerium der Verteidigung (BMVg);Bundeswehr;Aggregiert unter Bundesministerium der Verteidigung (BMVg);"[{""zu_id"": ""bmvg"", ""typ"": ""UNTERSTELLT"", ""richtung"": ""eingehend"", ""seit"": null, ""quelle"": null}]";"[""https://www.bundeswehr.de""]";"{""vollstaendigkeit_prozent"": 66.7, ""zuletzt_verifiziert"": ""2026-06-06"", ""verifikation_noetig"": false}";2026-06-06;2.0
evazus_16125;16125;1.0;Evangelische Zusatzversorgungskasse;;KdöR;Bundesbehörde;Bund;Berlin;Berlin;"{""lat"": null, ""lon"": null}";;false;;Rentenversicherung;https://www.service.bund.de;;;;;;bmas;Bundesministerium für Arbeit und Soziales (BMAS);Rentenversicherung;Finanzierung über das Ressort Bundesministerium für Arbeit und Soziales (BMAS);"[{""zu_id"": ""bmas"", ""typ"": ""UNTERSTELLT"", ""richtung"": ""eingehend"", ""seit"": null, ""quelle"": null}]";"[""https://www.service.bund.de""]";"{""vollstaendigkeit_prozent"": 66.7, ""zuletzt_verifiziert"": ""2026-06-06"", ""verifikation_noetig"": false}";2026-06-06;2.0
facfürintjugbun_424;424;1.0;Fachstelle für Internationale Jugendarbeit der Bundesrepublik Deutschland e.V.;;Bundesoberbehörde;Bundesbehörde;Bund;Berlin;Berlin;"{""lat"": null, ""lon"": null}";;false;;Jugend;https://www.service.bund.de;;183.68;2025;;;bmas;Bundesministerium für Arbeit und Soziales (BMAS);Jugend;Finanzierung über das Ressort Bundesministerium für Arbeit und Soziales (BMAS);"[{""zu_id"": ""bmas"", ""typ"": ""UNTERSTELLT"", ""richtung"": ""eingehend"", ""seit"": null, ""quelle"": null}]";"[""https://www.service.bund.de""]";"{""vollstaendigkeit_prozent"": 66.7, ""zuletzt_verifiziert"": ""2026-06-06"", ""verifikation_noetig"": false}";2026-06-06;2.0
facmallacmbzhbz_419;419;1.0;Fachbereich Maler und Lackierer (MBZ) im HBZ Brackwede e.V.;;Bundesoberbehörde;Bundesbehörde;Bund;Berlin;Berlin;"{""lat"": null, ""lon"": null}";;false;;Zentralverband;https://www.service.bund.de;;;;;;bmi;Bundesministerium des Innern und für Heimat (BMI);Zentralverband;Finanzierung über das Ressort Bundesministerium des Innern und für Heimat (BMI);"[{""zu_id"": ""bmi"", ""typ"": ""UNTERSTELLT"", ""richtung"": ""eingehend"", ""seit"": null, ""quelle"": null}]";"[""https://www.service.bund.de""]";"{""vollstaendigkeit_prozent"": 66.7, ""zuletzt_verifiziert"": ""2026-06-06"", ""verifikation_noetig"": false}";2026-06-06;2.0
facnacroh_418;418;1.0;Fachagentur Nachwachsende Rohstoffe e.V.;;Bundesoberbehörde;Bundesbehörde;Bund;Hagen;;"{""lat"": null, ""lon"": null}";;false;;Natur;https://www.service.bund.de;;106.33;2025;;;bmi;Bundesministerium des Innern und für Heimat (BMI);Natur;Finanzierung über das Ressort Bundesministerium des Innern und für Heimat (BMI);"[{""zu_id"": ""bmi"", ""typ"": ""UNTERSTELLT"", ""richtung"": ""eingehend"", ""seit"": null, ""quelle"": null}]";"[""https://www.service.bund.de""]";"{""vollstaendigkeit_prozent"": 58.3, ""zuletzt_verifiziert"": ""2026-06-06"", ""verifikation_noetig"": false}";2026-06-06;2.0
fambadwürost_14030;14030;1.0;Familienkasse Baden-Württemberg-Ost;;Bundesanstalt;Bundesbehörde;Bund;Berlin;Berlin;"{""lat"": null, ""lon"": null}";;false;;Familienkasse;https://www.service.bund.de;;;;;;bmas;Bundesministerium für Arbeit und Soziales (BMAS);Familienkasse;Finanzierung über das Ressort Bundesministerium für Arbeit und Soziales (BMAS);"[{""zu_id"": ""bmas"", ""typ"": ""UNTERSTELLT"", ""richtung"": ""eingehend"", ""seit"": null, ""quelle"": null}]";"[""https://www.service.bund.de""]";"{""vollstaendigkeit_prozent"": 66.7, ""zuletzt_verifiziert"": ""2026-06-06"", ""verifikation_noetig"": false}";2026-06-06;2.0
fambadwürwes_14031;14031;1.0;Familienkasse Baden-Württemberg-West;;Bundesanstalt;Bundesbehörde;Bund;Berlin;Berlin;"{""lat"": null, ""lon"": null}";;false;;Familienkasse;https://www.service.bund.de;;;;;;bmas;Bundesministerium für Arbeit und Soziales (BMAS);Familienkasse;Finanzierung über das Ressort Bundesministerium für Arbeit und Soziales (BMAS);"[{""zu_id"": ""bmas"", ""typ"": ""UNTERSTELLT"", ""richtung"": ""eingehend"", ""seit"": null, ""quelle"": null}]";"[""https://www.service.bund.de""]";"{""vollstaendigkeit_prozent"": 66.7, ""zuletzt_verifiziert"": ""2026-06-06"", ""verifikation_noetig"": false}";2026-06-06;2.0
fambaynor_14032;14032;1.0;Familienkasse Bayern Nord;;Bundesanstalt;Bundesbehörde;Bund;Berlin;Berlin;"{""lat"": null, ""lon"": null}";;false;;Familienkasse;https://www.service.bund.de;;;;;;bmas;Bundesministerium für Arbeit und Soziales (BMAS);Familienkasse;Finanzierung über das Ressort Bundesministerium für Arbeit und Soziales (BMAS);"[{""zu_id"": ""bmas"", ""typ"": ""UNTERSTELLT"", ""richtung"": ""eingehend"", ""seit"": null, ""quelle"": null}]";"[""https://www.service.bund.de""]";"{""vollstaendigkeit_prozent"": 66.7, ""zuletzt_verifiziert"": ""2026-06-06"", ""verifikation_noetig"": false}";2026-06-06;2.0
famberbra_14033;14033;1.0;Familienkasse Berlin-Brandenburg;;Bundesanstalt;Bundesbehörde;Bund;Berlin;Berlin;"{""lat"": null, ""lon"": null}";;false;;Familienkasse;https://www.service.bund.de;;;;;;bmas;Bundesministerium für Arbeit und Soziales (BMAS);Familienkasse;Finanzierung über das Ressort Bundesministerium für Arbeit und Soziales (BMAS);"[{""zu_id"": ""bmas"", ""typ"": ""UNTERSTELLT"", ""richtung"": ""eingehend"", ""seit"": null, ""quelle"": null}]";"[""https://www.service.bund.de""]";"{""vollstaendigkeit_prozent"": 66.7, ""zuletzt_verifiziert"": ""2026-06-06"", ""verifikation_noetig"": false}";2026-06-06;2.0
famniebre_14034;14034;1.0;Familienkasse Niedersachsen-Bremen;;Bundesanstalt;Bundesbehörde;Bund;Bremen;Bremen;"{""lat"": null, ""lon"": null}";;false;;Familienkasse;https://www.service.bund.de;;;;;;bmas;Bundesministerium für Arbeit und Soziales (BMAS);Familienkasse;Finanzierung über das Ressort Bundesministerium für Arbeit und Soziales (BMAS);"[{""zu_id"": ""bmas"", ""typ"": ""UNTERSTELLT"", ""richtung"": ""eingehend"", ""seit"": null, ""quelle"": null}]";"[""https://www.service.bund.de""]";"{""vollstaendigkeit_prozent"": 66.7, ""zuletzt_verifiziert"": ""2026-06-06"", ""verifikation_noetig"": false}";2026-06-06;2.0
famnor_14035;14035;1.0;Familienkasse Nord;;Bundesanstalt;Bundesbehörde;Bund;Berlin;Berlin;"{""lat"": null, ""lon"": null}";;false;;Familienkasse;https://www.service.bund.de;;;;;;bmas;Bundesministerium für Arbeit und Soziales (BMAS);Familienkasse;Finanzierung über das Ressort Bundesministerium für Arbeit und Soziales (BMAS);"[{""zu_id"": ""bmas"", ""typ"": ""UNTERSTELLT"", ""richtung"": ""eingehend"", ""seit"": null, ""quelle"": null}]";"[""https://www.service.bund.de""]";"{""vollstaendigkeit_prozent"": 66.7, ""zuletzt_verifiziert"": ""2026-06-06"", ""verifikation_noetig"": false}";2026-06-06;2.0
famnorwesnor_14036;14036;1.0;Familienkasse Nordrhein-Westfalen Nord;;Bundesanstalt;Bundesbehörde;Bund;Berlin;Berlin;"{""lat"": null, ""lon"": null}";;false;;Familienkasse;https://www.service.bund.de;;;;;;bmas;Bundesministerium für Arbeit und Soziales (BMAS);Familienkasse;Finanzierung über das Ressort Bundesministerium für Arbeit und Soziales (BMAS);"[{""zu_id"": ""bmas"", ""typ"": ""UNTERSTELLT"", ""richtung"": ""eingehend"", ""seit"": null, ""quelle"": null}]";"[""https://www.service.bund.de""]";"{""vollstaendigkeit_prozent"": 66.7, ""zuletzt_verifiziert"": ""2026-06-06"", ""verifikation_noetig"": false}";2026-06-06;2.0
famnorwesost_14037;14037;1.0;Familienkasse Nordrhein-Westfalen Ost;;Bundesanstalt;Bundesbehörde;Bund;Berlin;Berlin;"{""lat"": null, ""lon"": null}";;false;;Familienkasse;https://www.service.bund.de;;;;;;bmas;Bundesministerium für Arbeit und Soziales (BMAS);Familienkasse;Finanzierung über das Ressort Bundesministerium für Arbeit und Soziales (BMAS);"[{""zu_id"": ""bmas"", ""typ"": ""UNTERSTELLT"", ""richtung"": ""eingehend"", ""seit"": null, ""quelle"": null}]";"[""https://www.service.bund.de""]";"{""vollstaendigkeit_prozent"": 66.7, ""zuletzt_verifiziert"": ""2026-06-06"", ""verifikation_noetig"": false}";2026-06-06;2.0
famnorweswes_14038;14038;1.0;Familienkasse Nordrhein-Westfalen West;;Bundesanstalt;Bundesbehörde;Bund;Berlin;Berlin;"{""lat"": null, ""lon"": null}";;false;;Familienkasse;https://www.service.bund.de;;;;;;bmas;Bundesministerium für Arbeit und Soziales (BMAS);Familienkasse;Finanzierung über das Ressort Bundesministerium für Arbeit und Soziales (BMAS);"[{""zu_id"": ""bmas"", ""typ"": ""UNTERSTELLT"", ""richtung"": ""eingehend"", ""seit"": null, ""quelle"": null}]";"[""https://www.service.bund.de""]";"{""vollstaendigkeit_prozent"": 66.7, ""zuletzt_verifiziert"": ""2026-06-06"", ""verifikation_noetig"": false}";2026-06-06;2.0
famrhepfasaa_14039;14039;1.0;Familienkasse Rheinland-Pfalz-Saarland;;Bundesanstalt;Bundesbehörde;Bund;Berlin;Berlin;"{""lat"": null, ""lon"": null}";;false;;Familienkasse;https://www.service.bund.de;;;;;;bmas;Bundesministerium für Arbeit und Soziales (BMAS);Familienkasse;Finanzierung über das Ressort Bundesministerium für Arbeit und Soziales (BMAS);"[{""zu_id"": ""bmas"", ""typ"": ""UNTERSTELLT"", ""richtung"": ""eingehend"", ""seit"": null, ""quelle"": null}]";"[""https://www.service.bund.de""]";"{""vollstaendigkeit_prozent"": 66.7, ""zuletzt_verifiziert"": ""2026-06-06"", ""verifikation_noetig"": false}";2026-06-06;2.0
famsac_14040;14040;1.0;Familienkasse Sachsen;;Bundesanstalt;Bundesbehörde;Bund;Berlin;Berlin;"{""lat"": null, ""lon"": null}";;false;;Familienkasse;https://www.service.bund.de;;;;;;bmas;Bundesministerium für Arbeit und Soziales (BMAS);Familienkasse;Finanzierung über das Ressort Bundesministerium für Arbeit und Soziales (BMAS);"[{""zu_id"": ""bmas"", ""typ"": ""UNTERSTELLT"", ""richtung"": ""eingehend"", ""seit"": null, ""quelle"": null}]";"[""https://www.service.bund.de""]";"{""vollstaendigkeit_prozent"": 66.7, ""zuletzt_verifiziert"": ""2026-06-06"", ""verifikation_noetig"": false}";2026-06-06;2.0
famsacanhthü_14041;14041;1.0;Familienkasse Sachsen-Anhalt-Thüringen;;Bundesanstalt;Bundesbehörde;Bund;Berlin;Berlin;"{""lat"": null, ""lon"": null}";;false;;Familienkasse;https://www.service.bund.de;;;;;;bmas;Bundesministerium für Arbeit und Soziales (BMAS);Familienkasse;Finanzierung über das Ressort Bundesministerium für Arbeit und Soziales (BMAS);"[{""zu_id"": ""bmas"", ""typ"": ""UNTERSTELLT"", ""richtung"": ""eingehend"", ""seit"": null, ""quelle"": null}]";"[""https://www.service.bund.de""]";"{""vollstaendigkeit_prozent"": 66.7, ""zuletzt_verifiziert"": ""2026-06-06"", ""verifikation_noetig"": false}";2026-06-06;2.0
fer_48876;48876;1.0;Fernstraßen-Bundesamt;;Bundesoberbehörde;Bundesbehörde;Bund;Berlin;Berlin;"{""lat"": null, ""lon"": null}";;false;;Verkehr;https://www.service.bund.de;;68.1;2025;409;2024;bmv;Bundesministerium für Digitales und Verkehr (BMDV);Verkehr;Finanzierung über das Ressort Bundesministerium für Digitales und Verkehr (BMDV);"[{""zu_id"": ""bmv"", ""typ"": ""UNTERSTELLT"", ""richtung"": ""eingehend"", ""seit"": null, ""quelle"": null}]";"[""https://www.service.bund.de""]";"{""vollstaendigkeit_prozent"": 75.0, ""zuletzt_verifiziert"": ""2026-06-06"", ""verifikation_noetig"": false}";2026-06-06;2.0
ferbrainsfürhöc_434;434;1.0;Ferdinand-Braun-Institut für Höchstfrequenztechnik;;Bundesoberbehörde;Bundesbehörde;Bund;Berlin;Berlin;"{""lat"": null, ""lon"": null}";;false;;;https://www.fbh-berlin.de/;;;;383;2024;bmi;Bundesministerium des Innern und für Heimat (BMI);;Finanzierung über das Ressort Bundesministerium des Innern und für Heimat (BMI);"[{""zu_id"": ""bmi"", ""typ"": ""UNTERSTELLT"", ""richtung"": ""eingehend"", ""seit"": null, ""quelle"": null}]";"[""https://www.fbh-berlin.de/""]";"{""vollstaendigkeit_prozent"": 66.7, ""zuletzt_verifiziert"": ""2026-06-06"", ""verifikation_noetig"": false}";2026-06-06;2.0
fil_435;435;1.0;Filmförderungsanstalt;;Bundesanstalt;Bundesbehörde;Bund;Berlin;Berlin;"{""lat"": null, ""lon"": null}";;false;;Film;https://www.service.bund.de;;;;90;2024;bmi;Bundesministerium des Innern und für Heimat (BMI);Film;Finanzierung über das Ressort Bundesministerium des Innern und für Heimat (BMI);"[{""zu_id"": ""bmi"", ""typ"": ""UNTERSTELLT"", ""richtung"": ""eingehend"", ""seit"": null, ""quelle"": null}]";"[""https://www.service.bund.de""]";"{""vollstaendigkeit_prozent"": 75.0, ""zuletzt_verifiziert"": ""2026-06-06"", ""verifikation_noetig"": false}";2026-06-06;2.0
fin_84;84;1.0;Bundesministerium der Finanzen;;Ministerium;Oberste Bundesbehörde;Bund;Berlin;Berlin;"{""lat"": null, ""lon"": null}";;false;;Ministerium;https://www.bundesfinanzministerium.de;;9100.0;2025;2200;2024;bmf;Bundesministerium der Finanzen (BMF);Ministerium;Ressortbudget operational;"[{""zu_id"": ""bmf"", ""typ"": ""UNTERSTELLT"", ""richtung"": ""eingehend"", ""seit"": null, ""quelle"": null}]";"[""https://www.bundesfinanzministerium.de""]";"{""vollstaendigkeit_prozent"": 75.0, ""zuletzt_verifiziert"": ""2026-06-06"", ""verifikation_noetig"": false}";2026-06-06;2.0
finbunfürste_50954;50954;1.0;Finanzamt Bundeszentralamt für Steuern;;Bundesoberbehörde;Bundesbehörde;Bund;Berlin;Berlin;"{""lat"": null, ""lon"": null}";;false;;Finanzamt;https://www.service.bund.de;;1013.99;2025;;;bmf;Bundesministerium der Finanzen (BMF);Finanzamt;Finanzierung über das Ressort Bundesministerium der Finanzen (BMF);"[{""zu_id"": ""bmf"", ""typ"": ""UNTERSTELLT"", ""richtung"": ""eingehend"", ""seit"": null, ""quelle"": null}]";"[""https://www.service.bund.de""]";"{""vollstaendigkeit_prozent"": 66.7, ""zuletzt_verifiziert"": ""2026-06-06"", ""verifikation_noetig"": false}";2026-06-06;2.0
fiu_49006;49006;1.0;Financial Intelligence Unit Germany (FIU);;Bundesoberbehörde;Bundesbehörde;Bund;Berlin;Berlin;"{""lat"": null, ""lon"": null}";;false;;Zoll;https://www.service.bund.de;;;;;;bmf;Bundesministerium der Finanzen (BMF);Zoll;Finanzierung über das Ressort Bundesministerium der Finanzen (BMF);"[{""zu_id"": ""bmf"", ""typ"": ""UNTERSTELLT"", ""richtung"": ""eingehend"", ""seit"": null, ""quelle"": null}]";"[""https://www.service.bund.de""]";"{""vollstaendigkeit_prozent"": 66.7, ""zuletzt_verifiziert"": ""2026-06-06"", ""verifikation_noetig"": false}";2026-06-06;2.0
fizkar_437;437;1.0;FIZ Karlsruhe;;Bundesoberbehörde;Bundesbehörde;Bund;Karlsruhe;Baden-Württemberg;"{""lat"": null, ""lon"": null}";;false;;;https://www.fiz-karlsruhe.de;;;;289;2024;bmi;Bundesministerium des Innern und für Heimat (BMI);;Finanzierung über das Ressort Bundesministerium des Innern und für Heimat (BMI);"[{""zu_id"": ""bmi"", ""typ"": ""UNTERSTELLT"", ""richtung"": ""eingehend"", ""seit"": null, ""quelle"": null}]";"[""https://www.fiz-karlsruhe.de""]";"{""vollstaendigkeit_prozent"": 66.7, ""zuletzt_verifiziert"": ""2026-06-06"", ""verifikation_noetig"": false}";2026-06-06;2.0
fluinfbun_48923;48923;1.0;Flugbetriebs- und Informationszentrale der Bundeswehr;;Bundesoberbehörde;Dienststelle der Bundeswehrverwaltung;Bund;Berlin;Berlin;"{""lat"": null, ""lon"": null}";;false;;Bundeswehr;https://www.bundeswehr.de;;8862.05;2025;;;bmvg;Bundesministerium der Verteidigung (BMVg);Bundeswehr;Aggregiert unter Bundesministerium der Verteidigung (BMVg);"[{""zu_id"": ""bmvg"", ""typ"": ""UNTERSTELLT"", ""richtung"": ""eingehend"", ""seit"": null, ""quelle"": null}]";"[""https://www.bundeswehr.de""]";"{""vollstaendigkeit_prozent"": 66.7, ""zuletzt_verifiziert"": ""2026-06-06"", ""verifikation_noetig"": false}";2026-06-06;2.0
fluinsluf_440;440;1.0;Flugmedizinisches Institut der Luftwaffe;;Bundesoberbehörde;Bundesbehörde;Bund;Berlin;Berlin;"{""lat"": null, ""lon"": null}";;false;;Bundeswehr;https://www.service.bund.de;;2.01;2025;;;bmvg;Bundesministerium der Verteidigung (BMVg);Bundeswehr;Finanzierung über das Ressort Bundesministerium der Verteidigung (BMVg);"[{""zu_id"": ""bmvg"", ""typ"": ""UNTERSTELLT"", ""richtung"": ""eingehend"", ""seit"": null, ""quelle"": null}]";"[""https://www.service.bund.de""]";"{""vollstaendigkeit_prozent"": 66.7, ""zuletzt_verifiziert"": ""2026-06-06"", ""verifikation_noetig"": false}";2026-06-06;2.0
forber_443;443;1.0;Forschungsverbund Berlin e.V.;;Bundesanstalt;Bundesbehörde;Bund;Berlin;Berlin;"{""lat"": null, ""lon"": null}";;false;;Forschung;https://www.service.bund.de;;183.78;2025;;;bmbfsj;Bundesministerium für Bildung und Forschung (BMBF);Forschung;Finanzierung über das Ressort Bundesministerium für Bildung und Forschung (BMBF);"[{""zu_id"": ""bmbfsj"", ""typ"": ""UNTERSTELLT"", ""richtung"": ""eingehend"", ""seit"": null, ""quelle"": null}]";"[""https://www.service.bund.de""]";"{""vollstaendigkeit_prozent"": 66.7, ""zuletzt_verifiziert"": ""2026-06-06"", ""verifikation_noetig"": false}";2026-06-06;2.0
forborleizenfür_712;712;1.0;Forschungszentrum Borstel - Leibniz-Zentrum für Medizin und Biowissenschaften;;Bundesanstalt;Bundesbehörde;Bund;Berlin;Berlin;"{""lat"": null, ""lon"": null}";;false;;Leibniz-Institut;http://www.fz-borstel.de/;;96.46;2025;380;2024;bmbfsj;Bundesministerium für Bildung und Forschung (BMBF);Leibniz-Institut;Finanzierung über das Ressort Bundesministerium für Bildung und Forschung (BMBF);"[{""zu_id"": ""bmbfsj"", ""typ"": ""UNTERSTELLT"", ""richtung"": ""eingehend"", ""seit"": null, ""quelle"": null}]";"[""http://www.fz-borstel.de/""]";"{""vollstaendigkeit_prozent"": 75.0, ""zuletzt_verifiziert"": ""2026-06-06"", ""verifikation_noetig"": false}";2026-06-06;2.0
forbunfürwasgeo_441;441;1.0;Forschungsanstalt der Bundeswehr für Wasserschall und Geophysik;;Bundesoberbehörde;Dienststelle der Bundeswehrverwaltung;Bund;Berlin;Berlin;"{""lat"": null, ""lon"": null}";;false;;Bundeswehr;https://www.bundeswehr.de;;8862.05;2025;;;bmvg;Bundesministerium der Verteidigung (BMVg);Bundeswehr;Aggregiert unter Bundesministerium der Verteidigung (BMVg);"[{""zu_id"": ""bmvg"", ""typ"": ""UNTERSTELLT"", ""richtung"": ""eingehend"", ""seit"": null, ""quelle"": null}]";"[""https://www.bundeswehr.de""]";"{""vollstaendigkeit_prozent"": 66.7, ""zuletzt_verifiziert"": ""2026-06-06"", ""verifikation_noetig"": false}";2026-06-06;2.0
fordreros_444;444;1.0;Forschungszentrum Dresden-Rossendorf e.V.;;Bundesanstalt;Bundesbehörde;Bund;Dresden;Sachsen;"{""lat"": null, ""lon"": null}";;false;;Forschung;https://www.service.bund.de;;;;;;bmbfsj;Bundesministerium für Bildung und Forschung (BMBF);Forschung;Finanzierung über das Ressort Bundesministerium für Bildung und Forschung (BMBF);"[{""zu_id"": ""bmbfsj"", ""typ"": ""UNTERSTELLT"", ""richtung"": ""eingehend"", ""seit"": null, ""quelle"": null}]";"[""https://www.service.bund.de""]";"{""vollstaendigkeit_prozent"": 66.7, ""zuletzt_verifiziert"": ""2026-06-06"", ""verifikation_noetig"": false}";2026-06-06;2.0
forfürbiolannut_442;442;1.0;Forschungsinstitut für die Biologie landwirtschaftlicher Nutztiere;;Bundesoberbehörde;Bundesbehörde;Bund;Berlin;Berlin;"{""lat"": null, ""lon"": null}";;false;;;https://www.service.bund.de;;74.77;2025;;;bmbfsj;Bundesministerium für Bildung und Forschung (BMBF);;Finanzierung über das Ressort Bundesministerium für Bildung und Forschung (BMBF);"[{""zu_id"": ""bmbfsj"", ""typ"": ""UNTERSTELLT"", ""richtung"": ""eingehend"", ""seit"": null, ""quelle"": null}]";"[""https://www.service.bund.de""]";"{""vollstaendigkeit_prozent"": 58.3, ""zuletzt_verifiziert"": ""2026-06-06"", ""verifikation_noetig"": false}";2026-06-06;2.0
forjül_445;445;1.0;Forschungszentrum Jülich;;Bundesanstalt;Bundesbehörde;Bund;Berlin;Berlin;"{""lat"": null, ""lon"": null}";;false;;Forschung;https://www.fz-juelich.de/;;;;7250;2024;bmbfsj;Bundesministerium für Bildung und Forschung (BMBF);Forschung;Finanzierung über das Ressort Bundesministerium für Bildung und Forschung (BMBF);"[{""zu_id"": ""bmbfsj"", ""typ"": ""UNTERSTELLT"", ""richtung"": ""eingehend"", ""seit"": null, ""quelle"": null}]";"[""https://www.fz-juelich.de/""]";"{""vollstaendigkeit_prozent"": 75.0, ""zuletzt_verifiziert"": ""2026-06-06"", ""verifikation_noetig"": false}";2026-06-06;2.0
fraeinfürelenan_447;447;1.0;Fraunhofer-Einrichtung für Elektronische Nanosysteme;;Bundesanstalt;Bundesbehörde;Bund;Berlin;Berlin;"{""lat"": null, ""lon"": null}";;false;;Forschung;https://www.service.bund.de;;;;;;bmbfsj;Bundesministerium für Bildung und Forschung (BMBF);Forschung;Finanzierung über das Ressort Bundesministerium für Bildung und Forschung (BMBF);"[{""zu_id"": ""bmbfsj"", ""typ"": ""UNTERSTELLT"", ""richtung"": ""eingehend"", ""seit"": null, ""quelle"": null}]";"[""https://www.service.bund.de""]";"{""vollstaendigkeit_prozent"": 66.7, ""zuletzt_verifiziert"": ""2026-06-06"", ""verifikation_noetig"": false}";2026-06-06;2.0
fragesförangfor_448;448;1.0;Fraunhofer-Gesellschaft zur Förderung der angewandten Forschung e. V.;;Bundesanstalt;Bundesbehörde;Bund;Berlin;Berlin;"{""lat"": null, ""lon"": null}";;false;;Forschung;https://www.fraunhofer.de/;;3600.0;2025;31877;2024;bmbfsj;Bundesministerium für Bildung und Forschung (BMBF);Forschung;Finanzierung über das Ressort Bundesministerium für Bildung und Forschung (BMBF);"[{""zu_id"": ""bmbfsj"", ""typ"": ""UNTERSTELLT"", ""richtung"": ""eingehend"", ""seit"": null, ""quelle"": null}]";"[""https://www.fraunhofer.de/""]";"{""vollstaendigkeit_prozent"": 75.0, ""zuletzt_verifiziert"": ""2026-06-06"", ""verifikation_noetig"": false}";2026-06-06;2.0
frainsfüralgwis_449;449;1.0;Fraunhofer-Institut für Algorithmen und Wissenschaftliches Rechnen;;Bundesanstalt;Bundesbehörde;Bund;Berlin;Berlin;"{""lat"": null, ""lon"": null}";;false;;Forschung;https://www.scai.fraunhofer.de/;;;;140;2024;bmbfsj;Bundesministerium für Bildung und Forschung (BMBF);Forschung;Finanzierung über das Ressort Bundesministerium für Bildung und Forschung (BMBF);"[{""zu_id"": ""bmbfsj"", ""typ"": ""UNTERSTELLT"", ""richtung"": ""eingehend"", ""seit"": null, ""quelle"": null}]";"[""https://www.scai.fraunhofer.de/""]";"{""vollstaendigkeit_prozent"": 75.0, ""zuletzt_verifiziert"": ""2026-06-06"", ""verifikation_noetig"": false}";2026-06-06;2.0
frainsfürangfes_450;450;1.0;Fraunhofer-Institut für Angewandte Festkörperphysik;;Bundesanstalt;Bundesbehörde;Bund;Berlin;Berlin;"{""lat"": null, ""lon"": null}";;false;;Forschung;https://www.iaf.fraunhofer.de/;;;;285;2024;bmbfsj;Bundesministerium für Bildung und Forschung (BMBF);Forschung;Finanzierung über das Ressort Bundesministerium für Bildung und Forschung (BMBF);"[{""zu_id"": ""bmbfsj"", ""typ"": ""UNTERSTELLT"", ""richtung"": ""eingehend"", ""seit"": null, ""quelle"": null}]";"[""https://www.iaf.fraunhofer.de/""]";"{""vollstaendigkeit_prozent"": 75.0, ""zuletzt_verifiziert"": ""2026-06-06"", ""verifikation_noetig"": false}";2026-06-06;2.0
frainsfüranginf_451;451;1.0;Fraunhofer-Institut für Angewandte Informationstechnik;;Bundesanstalt;Bundesbehörde;Bund;Berlin;Berlin;"{""lat"": null, ""lon"": null}";;false;;Forschung;https://www.fit.fraunhofer.de/;;1609.24;2025;400;2024;bmbfsj;Bundesministerium für Bildung und Forschung (BMBF);Forschung;Finanzierung über das Ressort Bundesministerium für Bildung und Forschung (BMBF);"[{""zu_id"": ""bmbfsj"", ""typ"": ""UNTERSTELLT"", ""richtung"": ""eingehend"", ""seit"": null, ""quelle"": null}]";"[""https://www.fit.fraunhofer.de/""]";"{""vollstaendigkeit_prozent"": 75.0, ""zuletzt_verifiziert"": ""2026-06-06"", ""verifikation_noetig"": false}";2026-06-06;2.0
frainsfürangint_14738;14738;1.0;Fraunhofer-Institut für Angewandte und Integrierte Sicherheit;;Bundesanstalt;Bundesbehörde;Bund;Berlin;Berlin;"{""lat"": null, ""lon"": null}";;false;;Forschung;https://www.aisec.fraunhofer.de/;;63.36;2025;;;bmbfsj;Bundesministerium für Bildung und Forschung (BMBF);Forschung;Finanzierung über das Ressort Bundesministerium für Bildung und Forschung (BMBF);"[{""zu_id"": ""bmbfsj"", ""typ"": ""UNTERSTELLT"", ""richtung"": ""eingehend"", ""seit"": null, ""quelle"": null}]";"[""https://www.aisec.fraunhofer.de/""]";"{""vollstaendigkeit_prozent"": 66.7, ""zuletzt_verifiziert"": ""2026-06-06"", ""verifikation_noetig"": false}";2026-06-06;2.0
frainsfürangopt_452;452;1.0;Fraunhofer-Institut für Angewandte Optik und Feinmechanik;;Bundesanstalt;Bundesbehörde;Bund;Berlin;Berlin;"{""lat"": null, ""lon"": null}";;false;;Forschung;https://www.iof.fraunhofer.de/;;;;300;2024;bmbfsj;Bundesministerium für Bildung und Forschung (BMBF);Forschung;Finanzierung über das Ressort Bundesministerium für Bildung und Forschung (BMBF);"[{""zu_id"": ""bmbfsj"", ""typ"": ""UNTERSTELLT"", ""richtung"": ""eingehend"", ""seit"": null, ""quelle"": null}]";"[""https://www.iof.fraunhofer.de/""]";"{""vollstaendigkeit_prozent"": 75.0, ""zuletzt_verifiziert"": ""2026-06-06"", ""verifikation_noetig"": false}";2026-06-06;2.0
frainsfürangpol_453;453;1.0;Fraunhofer-Institut für Angewandte Polymerforschung;;Bundesanstalt;Bundesbehörde;Bund;Berlin;Berlin;"{""lat"": null, ""lon"": null}";;false;;Forschung;http://www.iap.fraunhofer.de/;;;;279;2024;bmbfsj;Bundesministerium für Bildung und Forschung (BMBF);Forschung;Finanzierung über das Ressort Bundesministerium für Bildung und Forschung (BMBF);"[{""zu_id"": ""bmbfsj"", ""typ"": ""UNTERSTELLT"", ""richtung"": ""eingehend"", ""seit"": null, ""quelle"": null}]";"[""http://www.iap.fraunhofer.de/""]";"{""vollstaendigkeit_prozent"": 75.0, ""zuletzt_verifiziert"": ""2026-06-06"", ""verifikation_noetig"": false}";2026-06-06;2.0
frainsfürarborg_454;454;1.0;Fraunhofer-Institut für Arbeitswirtschaft und Organisation;;Bundesanstalt;Bundesbehörde;Bund;Berlin;Berlin;"{""lat"": null, ""lon"": null}";;false;;Forschung;https://www.iao.fraunhofer.de/;;;;700;2024;bmas;Bundesministerium für Arbeit und Soziales (BMAS);Forschung;Finanzierung über das Ressort Bundesministerium für Arbeit und Soziales (BMAS);"[{""zu_id"": ""bmas"", ""typ"": ""UNTERSTELLT"", ""richtung"": ""eingehend"", ""seit"": null, ""quelle"": null}]";"[""https://www.iao.fraunhofer.de/""]";"{""vollstaendigkeit_prozent"": 75.0, ""zuletzt_verifiziert"": ""2026-06-06"", ""verifikation_noetig"": false}";2026-06-06;2.0
frainsfürbau_455;455;1.0;Fraunhofer-Institut für Bauphysik;;Bundesanstalt;Bundesbehörde;Bund;Berlin;Berlin;"{""lat"": null, ""lon"": null}";;false;;Forschung;https://www.ibp.fraunhofer.de/;;;;270;2024;bmbfsj;Bundesministerium für Bildung und Forschung (BMBF);Forschung;Finanzierung über das Ressort Bundesministerium für Bildung und Forschung (BMBF);"[{""zu_id"": ""bmbfsj"", ""typ"": ""UNTERSTELLT"", ""richtung"": ""eingehend"", ""seit"": null, ""quelle"": null}]";"[""https://www.ibp.fraunhofer.de/""]";"{""vollstaendigkeit_prozent"": 75.0, ""zuletzt_verifiziert"": ""2026-06-06"", ""verifikation_noetig"": false}";2026-06-06;2.0
frainsfürbetsys_456;456;1.0;Fraunhofer-Institut für Betriebsfestigkeit und Systemzuverlässigkeit;;Bundesanstalt;Bundesbehörde;Bund;Berlin;Berlin;"{""lat"": null, ""lon"": null}";;false;;Forschung;https://www.lbf.fraunhofer.de/;;;;500;2024;bmbfsj;Bundesministerium für Bildung und Forschung (BMBF);Forschung;Finanzierung über das Ressort Bundesministerium für Bildung und Forschung (BMBF);"[{""zu_id"": ""bmbfsj"", ""typ"": ""UNTERSTELLT"", ""richtung"": ""eingehend"", ""seit"": null, ""quelle"": null}]";"[""https://www.lbf.fraunhofer.de/""]";"{""vollstaendigkeit_prozent"": 75.0, ""zuletzt_verifiziert"": ""2026-06-06"", ""verifikation_noetig"": false}";2026-06-06;2.0
frainsfürbiotec_457;457;1.0;Fraunhofer-Institut für Biomedizinische Technik;;Bundesanstalt;Bundesbehörde;Bund;Berlin;Berlin;"{""lat"": null, ""lon"": null}";;false;;Forschung;https://www.ibmt.fraunhofer.de/;;1609.24;2025;160;2024;bmbfsj;Bundesministerium für Bildung und Forschung (BMBF);Forschung;Finanzierung über das Ressort Bundesministerium für Bildung und Forschung (BMBF);"[{""zu_id"": ""bmbfsj"", ""typ"": ""UNTERSTELLT"", ""richtung"": ""eingehend"", ""seit"": null, ""quelle"": null}]";"[""https://www.ibmt.fraunhofer.de/""]";"{""vollstaendigkeit_prozent"": 75.0, ""zuletzt_verifiziert"": ""2026-06-06"", ""verifikation_noetig"": false}";2026-06-06;2.0
frainsfürchetec_458;458;1.0;Fraunhofer Institut für Chemische Technologie;;Bundesanstalt;Bundesbehörde;Bund;Berlin;Berlin;"{""lat"": null, ""lon"": null}";;false;;Forschung;https://www.ict.fraunhofer.de/;;2.01;2025;520;2024;bmbfsj;Bundesministerium für Bildung und Forschung (BMBF);Forschung;Finanzierung über das Ressort Bundesministerium für Bildung und Forschung (BMBF);"[{""zu_id"": ""bmbfsj"", ""typ"": ""UNTERSTELLT"", ""richtung"": ""eingehend"", ""seit"": null, ""quelle"": null}]";"[""https://www.ict.fraunhofer.de/""]";"{""vollstaendigkeit_prozent"": 75.0, ""zuletzt_verifiziert"": ""2026-06-06"", ""verifikation_noetig"": false}";2026-06-06;2.0
frainsfürdigmed_459;459;1.0;Fraunhofer-Institut für Digitale Medientechnologie;;Bundesanstalt;Bundesbehörde;Bund;Berlin;Berlin;"{""lat"": null, ""lon"": null}";;false;;Forschung;https://www.idmt.fraunhofer.de/;;212.95;2025;150;2024;bmbfsj;Bundesministerium für Bildung und Forschung (BMBF);Forschung;Finanzierung über das Ressort Bundesministerium für Bildung und Forschung (BMBF);"[{""zu_id"": ""bmbfsj"", ""typ"": ""UNTERSTELLT"", ""richtung"": ""eingehend"", ""seit"": null, ""quelle"": null}]";"[""https://www.idmt.fraunhofer.de/""]";"{""vollstaendigkeit_prozent"": 75.0, ""zuletzt_verifiziert"": ""2026-06-06"", ""verifikation_noetig"": false}";2026-06-06;2.0
frainsfürexpsof_461;461;1.0;Fraunhofer-Institut für Experimentelles Software Engineering;;Bundesanstalt;Bundesbehörde;Bund;Berlin;Berlin;"{""lat"": null, ""lon"": null}";;false;;Forschung;https://www.iese.fraunhofer.de/;;;;250;2024;bmbfsj;Bundesministerium für Bildung und Forschung (BMBF);Forschung;Finanzierung über das Ressort Bundesministerium für Bildung und Forschung (BMBF);"[{""zu_id"": ""bmbfsj"", ""typ"": ""UNTERSTELLT"", ""richtung"": ""eingehend"", ""seit"": null, ""quelle"": null}]";"[""https://www.iese.fraunhofer.de/""]";"{""vollstaendigkeit_prozent"": 75.0, ""zuletzt_verifiziert"": ""2026-06-06"", ""verifikation_noetig"": false}";2026-06-06;2.0
frainsfürfabaut_462;462;1.0;Fraunhofer-Institut für Fabrikbetrieb und -automatisierung;;Bundesanstalt;Bundesbehörde;Bund;Berlin;Berlin;"{""lat"": null, ""lon"": null}";;false;;Forschung;https://www.iff.fraunhofer.de/;;;;185;2024;bmbfsj;Bundesministerium für Bildung und Forschung (BMBF);Forschung;Finanzierung über das Ressort Bundesministerium für Bildung und Forschung (BMBF);"[{""zu_id"": ""bmbfsj"", ""typ"": ""UNTERSTELLT"", ""richtung"": ""eingehend"", ""seit"": null, ""quelle"": null}]";"[""https://www.iff.fraunhofer.de/""]";"{""vollstaendigkeit_prozent"": 75.0, ""zuletzt_verifiziert"": ""2026-06-06"", ""verifikation_noetig"": false}";2026-06-06;2.0
frainsfürferang_463;463;1.0;Fraunhofer-Institut für Fertigungstechnik und Angewandte Materialforschung;;Bundesanstalt;Bundesbehörde;Bund;Berlin;Berlin;"{""lat"": null, ""lon"": null}";;false;;Forschung;https://www.ifam.fraunhofer.de/;;178.99;2025;730;2024;bmbfsj;Bundesministerium für Bildung und Forschung (BMBF);Forschung;Finanzierung über das Ressort Bundesministerium für Bildung und Forschung (BMBF);"[{""zu_id"": ""bmbfsj"", ""typ"": ""UNTERSTELLT"", ""richtung"": ""eingehend"", ""seit"": null, ""quelle"": null}]";"[""https://www.ifam.fraunhofer.de/""]";"{""vollstaendigkeit_prozent"": 75.0, ""zuletzt_verifiziert"": ""2026-06-06"", ""verifikation_noetig"": false}";2026-06-06;2.0
frainsfürgradat_464;464;1.0;Fraunhofer-Institut für Graphische Datenverarbeitung - Institutsteil Rostock;;Bundesanstalt;Bundesbehörde;Bund;Rostock;Mecklenburg-Vorpommern;"{""lat"": null, ""lon"": null}";;false;;Forschung;https://www.igd.fraunhofer.de/;;;;185;2024;bmas;Bundesministerium für Arbeit und Soziales (BMAS);Forschung;Finanzierung über das Ressort Bundesministerium für Arbeit und Soziales (BMAS);"[{""zu_id"": ""bmas"", ""typ"": ""UNTERSTELLT"", ""richtung"": ""eingehend"", ""seit"": null, ""quelle"": null}]";"[""https://www.igd.fraunhofer.de/""]";"{""vollstaendigkeit_prozent"": 75.0, ""zuletzt_verifiziert"": ""2026-06-06"", ""verifikation_noetig"": false}";2026-06-06;2.0
frainsfürgrebio_465;465;1.0;Fraunhofer-Institut für Grenzflächen- und Bioverfahrenstechnik;;Bundesanstalt;Bundesbehörde;Bund;Berlin;Berlin;"{""lat"": null, ""lon"": null}";;false;;Forschung;https://www.igb.fraunhofer.de/;;;;340;2024;bmbfsj;Bundesministerium für Bildung und Forschung (BMBF);Forschung;Finanzierung über das Ressort Bundesministerium für Bildung und Forschung (BMBF);"[{""zu_id"": ""bmbfsj"", ""typ"": ""UNTERSTELLT"", ""richtung"": ""eingehend"", ""seit"": null, ""quelle"": null}]";"[""https://www.igb.fraunhofer.de/""]";"{""vollstaendigkeit_prozent"": 75.0, ""zuletzt_verifiziert"": ""2026-06-06"", ""verifikation_noetig"": false}";2026-06-06;2.0
frainsfürholwil_466;466;1.0;Fraunhofer-Institut für Holzforschung, Wilhelm-Klauditz-Institut;;Bundesanstalt;Bundesbehörde;Bund;Berlin;Berlin;"{""lat"": null, ""lon"": null}";;false;;Forschung;https://www.service.bund.de;;;;;;bmbfsj;Bundesministerium für Bildung und Forschung (BMBF);Forschung;Finanzierung über das Ressort Bundesministerium für Bildung und Forschung (BMBF);"[{""zu_id"": ""bmbfsj"", ""typ"": ""UNTERSTELLT"", ""richtung"": ""eingehend"", ""seit"": null, ""quelle"": null}]";"[""https://www.service.bund.de""]";"{""vollstaendigkeit_prozent"": 66.7, ""zuletzt_verifiziert"": ""2026-06-06"", ""verifikation_noetig"": false}";2026-06-06;2.0
frainsfürinfrau_468;468;1.0;Fraunhofer-Institut für Informationszentrum RAUM und BAU;;Bundesanstalt;Bundesbehörde;Bund;Berlin;Berlin;"{""lat"": null, ""lon"": null}";;false;;Forschung;https://www.service.bund.de;;;;;;bmbfsj;Bundesministerium für Bildung und Forschung (BMBF);Forschung;Finanzierung über das Ressort Bundesministerium für Bildung und Forschung (BMBF);"[{""zu_id"": ""bmbfsj"", ""typ"": ""UNTERSTELLT"", ""richtung"": ""eingehend"", ""seit"": null, ""quelle"": null}]";"[""https://www.service.bund.de""]";"{""vollstaendigkeit_prozent"": 66.7, ""zuletzt_verifiziert"": ""2026-06-06"", ""verifikation_noetig"": false}";2026-06-06;2.0
frainsfürintana_471;471;1.0;Fraunhofer-Institut für Intelligente Analyse- und Informationssysteme;;Bundesanstalt;Bundesbehörde;Bund;Berlin;Berlin;"{""lat"": null, ""lon"": null}";;false;;Forschung;https://www.iais.fraunhofer.de/;;;;300;2024;bmbfsj;Bundesministerium für Bildung und Forschung (BMBF);Forschung;Finanzierung über das Ressort Bundesministerium für Bildung und Forschung (BMBF);"[{""zu_id"": ""bmbfsj"", ""typ"": ""UNTERSTELLT"", ""richtung"": ""eingehend"", ""seit"": null, ""quelle"": null}]";"[""https://www.iais.fraunhofer.de/""]";"{""vollstaendigkeit_prozent"": 75.0, ""zuletzt_verifiziert"": ""2026-06-06"", ""verifikation_noetig"": false}";2026-06-06;2.0
frainsfürintsch_469;469;1.0;Fraunhofer-Institut für Integrierte Schaltungen;;Bundesanstalt;Bundesbehörde;Bund;Berlin;Berlin;"{""lat"": null, ""lon"": null}";;false;;Forschung;https://www.iis.fraunhofer.de/;;;;1285;2024;bmbfsj;Bundesministerium für Bildung und Forschung (BMBF);Forschung;Finanzierung über das Ressort Bundesministerium für Bildung und Forschung (BMBF);"[{""zu_id"": ""bmbfsj"", ""typ"": ""UNTERSTELLT"", ""richtung"": ""eingehend"", ""seit"": null, ""quelle"": null}]";"[""https://www.iis.fraunhofer.de/""]";"{""vollstaendigkeit_prozent"": 75.0, ""zuletzt_verifiziert"": ""2026-06-06"", ""verifikation_noetig"": false}";2026-06-06;2.0
frainsfürintsys_470;470;1.0;Fraunhofer-Institut für Integrierte Systeme und Bauelementetechnologie;;Bundesanstalt;Bundesbehörde;Bund;Berlin;Berlin;"{""lat"": null, ""lon"": null}";;false;;Forschung;https://www.iisb.fraunhofer.de/de/;;;;250;2024;bmbfsj;Bundesministerium für Bildung und Forschung (BMBF);Forschung;Finanzierung über das Ressort Bundesministerium für Bildung und Forschung (BMBF);"[{""zu_id"": ""bmbfsj"", ""typ"": ""UNTERSTELLT"", ""richtung"": ""eingehend"", ""seit"": null, ""quelle"": null}]";"[""https://www.iisb.fraunhofer.de/de/""]";"{""vollstaendigkeit_prozent"": 75.0, ""zuletzt_verifiziert"": ""2026-06-06"", ""verifikation_noetig"": false}";2026-06-06;2.0
frainsfürkertec_472;472;1.0;Fraunhofer-Institut für Keramische Technologien und Systeme;;Bundesanstalt;Bundesbehörde;Bund;Berlin;Berlin;"{""lat"": null, ""lon"": null}";;false;;Forschung;https://www.ikts.fraunhofer.de/;;;;560;2024;bmbfsj;Bundesministerium für Bildung und Forschung (BMBF);Forschung;Finanzierung über das Ressort Bundesministerium für Bildung und Forschung (BMBF);"[{""zu_id"": ""bmbfsj"", ""typ"": ""UNTERSTELLT"", ""richtung"": ""eingehend"", ""seit"": null, ""quelle"": null}]";"[""https://www.ikts.fraunhofer.de/""]";"{""vollstaendigkeit_prozent"": 75.0, ""zuletzt_verifiziert"": ""2026-06-06"", ""verifikation_noetig"": false}";2026-06-06;2.0
frainsfürkom_473;473;1.0;Fraunhofer-Institut für Kommunikationstechnik;;Bundesanstalt;Bundesbehörde;Bund;Berlin;Berlin;"{""lat"": null, ""lon"": null}";;false;;Forschung;https://www.service.bund.de;;;;;;bmbfsj;Bundesministerium für Bildung und Forschung (BMBF);Forschung;Finanzierung über das Ressort Bundesministerium für Bildung und Forschung (BMBF);"[{""zu_id"": ""bmbfsj"", ""typ"": ""UNTERSTELLT"", ""richtung"": ""eingehend"", ""seit"": null, ""quelle"": null}]";"[""https://www.service.bund.de""]";"{""vollstaendigkeit_prozent"": 66.7, ""zuletzt_verifiziert"": ""2026-06-06"", ""verifikation_noetig"": false}";2026-06-06;2.0
frainsfürkurern_474;474;1.0;Fraunhofer-Institut für Kurzzeitdynamik, Ernst-Mach-Institut;;Bundesanstalt;Bundesbehörde;Bund;Berlin;Berlin;"{""lat"": null, ""lon"": null}";;false;;Forschung;https://www.service.bund.de;;;;;;bmbfsj;Bundesministerium für Bildung und Forschung (BMBF);Forschung;Finanzierung über das Ressort Bundesministerium für Bildung und Forschung (BMBF);"[{""zu_id"": ""bmbfsj"", ""typ"": ""UNTERSTELLT"", ""richtung"": ""eingehend"", ""seit"": null, ""quelle"": null}]";"[""https://www.service.bund.de""]";"{""vollstaendigkeit_prozent"": 66.7, ""zuletzt_verifiziert"": ""2026-06-06"", ""verifikation_noetig"": false}";2026-06-06;2.0
frainsfürlasmar_475;475;1.0;Fraunhofer-Institut für Lasertechnik Marketing und Kommunikation;;Bundesanstalt;Bundesbehörde;Bund;Berlin;Berlin;"{""lat"": null, ""lon"": null}";;false;;Forschung;https://www.service.bund.de;;303.46;2025;;;bmbfsj;Bundesministerium für Bildung und Forschung (BMBF);Forschung;Finanzierung über das Ressort Bundesministerium für Bildung und Forschung (BMBF);"[{""zu_id"": ""bmbfsj"", ""typ"": ""UNTERSTELLT"", ""richtung"": ""eingehend"", ""seit"": null, ""quelle"": null}]";"[""https://www.service.bund.de""]";"{""vollstaendigkeit_prozent"": 66.7, ""zuletzt_verifiziert"": ""2026-06-06"", ""verifikation_noetig"": false}";2026-06-06;2.0
frainsfürmatlog_476;476;1.0;Fraunhofer-Institut für Materialfluss und Logistik;;Bundesanstalt;Bundesbehörde;Bund;Berlin;Berlin;"{""lat"": null, ""lon"": null}";;false;;Forschung;https://www.iml.fraunhofer.de/;;92.42;2025;470;2024;bmbfsj;Bundesministerium für Bildung und Forschung (BMBF);Forschung;Finanzierung über das Ressort Bundesministerium für Bildung und Forschung (BMBF);"[{""zu_id"": ""bmbfsj"", ""typ"": ""UNTERSTELLT"", ""richtung"": ""eingehend"", ""seit"": null, ""quelle"": null}]";"[""https://www.iml.fraunhofer.de/""]";"{""vollstaendigkeit_prozent"": 75.0, ""zuletzt_verifiziert"": ""2026-06-06"", ""verifikation_noetig"": false}";2026-06-06;2.0
frainsfürmiksch_477;477;1.0;Fraunhofer-Institut für Mikroelektronische Schaltungen und Systeme;;Bundesanstalt;Bundesbehörde;Bund;Berlin;Berlin;"{""lat"": null, ""lon"": null}";;false;;Forschung;https://www.ims.fraunhofer.de/;;;;250;2024;bmbfsj;Bundesministerium für Bildung und Forschung (BMBF);Forschung;Finanzierung über das Ressort Bundesministerium für Bildung und Forschung (BMBF);"[{""zu_id"": ""bmbfsj"", ""typ"": ""UNTERSTELLT"", ""richtung"": ""eingehend"", ""seit"": null, ""quelle"": null}]";"[""https://www.ims.fraunhofer.de/""]";"{""vollstaendigkeit_prozent"": 75.0, ""zuletzt_verifiziert"": ""2026-06-06"", ""verifikation_noetig"": false}";2026-06-06;2.0
frainsfürmitost_478;478;1.0;Fraunhofer-Institut für Mittel- und Osteuropa, Städtisches Kaufhaus;;Bundesanstalt;Bundesbehörde;Bund;Berlin;Berlin;"{""lat"": null, ""lon"": null}";;false;;Forschung;https://www.service.bund.de;;;;;;bmbfsj;Bundesministerium für Bildung und Forschung (BMBF);Forschung;Finanzierung über das Ressort Bundesministerium für Bildung und Forschung (BMBF);"[{""zu_id"": ""bmbfsj"", ""typ"": ""UNTERSTELLT"", ""richtung"": ""eingehend"", ""seit"": null, ""quelle"": null}]";"[""https://www.service.bund.de""]";"{""vollstaendigkeit_prozent"": 66.7, ""zuletzt_verifiziert"": ""2026-06-06"", ""verifikation_noetig"": false}";2026-06-06;2.0
frainsfürnachei_480;480;1.0;Fraunhofer-Institut für Nachrichtentechnik Heinrich-Hertz-Institut;;Bundesanstalt;Bundesbehörde;Bund;Berlin;Berlin;"{""lat"": null, ""lon"": null}";;false;;Forschung;https://www.service.bund.de;;;;;;bmbfsj;Bundesministerium für Bildung und Forschung (BMBF);Forschung;Finanzierung über das Ressort Bundesministerium für Bildung und Forschung (BMBF);"[{""zu_id"": ""bmbfsj"", ""typ"": ""UNTERSTELLT"", ""richtung"": ""eingehend"", ""seit"": null, ""quelle"": null}]";"[""https://www.service.bund.de""]";"{""vollstaendigkeit_prozent"": 66.7, ""zuletzt_verifiziert"": ""2026-06-06"", ""verifikation_noetig"": false}";2026-06-06;2.0
frainsfürnantec_481;481;1.0;Fraunhofer-Institut für Nanoelektronische Technologien;;Bundesanstalt;Bundesbehörde;Bund;Berlin;Berlin;"{""lat"": null, ""lon"": null}";;false;;Forschung;https://www.service.bund.de;;;;;;bmbfsj;Bundesministerium für Bildung und Forschung (BMBF);Forschung;Finanzierung über das Ressort Bundesministerium für Bildung und Forschung (BMBF);"[{""zu_id"": ""bmbfsj"", ""typ"": ""UNTERSTELLT"", ""richtung"": ""eingehend"", ""seit"": null, ""quelle"": null}]";"[""https://www.service.bund.de""]";"{""vollstaendigkeit_prozent"": 66.7, ""zuletzt_verifiziert"": ""2026-06-06"", ""verifikation_noetig"": false}";2026-06-06;2.0
frainsfürnattec_482;482;1.0;Fraunhofer-Institut für Naturwissenschaftlich-Technische Trendanalysen;;Bundesanstalt;Bundesbehörde;Bund;Berlin;Berlin;"{""lat"": null, ""lon"": null}";;false;;Forschung;https://www.service.bund.de;;;;120;2024;bmbfsj;Bundesministerium für Bildung und Forschung (BMBF);Forschung;Finanzierung über das Ressort Bundesministerium für Bildung und Forschung (BMBF);"[{""zu_id"": ""bmbfsj"", ""typ"": ""UNTERSTELLT"", ""richtung"": ""eingehend"", ""seit"": null, ""quelle"": null}]";"[""https://www.service.bund.de""]";"{""vollstaendigkeit_prozent"": 75.0, ""zuletzt_verifiziert"": ""2026-06-06"", ""verifikation_noetig"": false}";2026-06-06;2.0
frainsfüroffkom_483;483;1.0;Fraunhofer-Institut für Offene Kommunikationssysteme;;Bundesanstalt;Bundesbehörde;Bund;Berlin;Berlin;"{""lat"": null, ""lon"": null}";;false;;Forschung;https://www.fokus.fraunhofer.de/;;25.96;2025;450;2024;bmbfsj;Bundesministerium für Bildung und Forschung (BMBF);Forschung;Finanzierung über das Ressort Bundesministerium für Bildung und Forschung (BMBF);"[{""zu_id"": ""bmbfsj"", ""typ"": ""UNTERSTELLT"", ""richtung"": ""eingehend"", ""seit"": null, ""quelle"": null}]";"[""https://www.fokus.fraunhofer.de/""]";"{""vollstaendigkeit_prozent"": 75.0, ""zuletzt_verifiziert"": ""2026-06-06"", ""verifikation_noetig"": false}";2026-06-06;2.0
frainsfürphomik_484;484;1.0;Fraunhofer-Institut für Photonische Mikrosysteme;;Bundesanstalt;Bundesbehörde;Bund;Berlin;Berlin;"{""lat"": null, ""lon"": null}";;false;;Forschung;http://www.ipms.fraunhofer.de/;;;;500;2024;bmbfsj;Bundesministerium für Bildung und Forschung (BMBF);Forschung;Finanzierung über das Ressort Bundesministerium für Bildung und Forschung (BMBF);"[{""zu_id"": ""bmbfsj"", ""typ"": ""UNTERSTELLT"", ""richtung"": ""eingehend"", ""seit"": null, ""quelle"": null}]";"[""http://www.ipms.fraunhofer.de/""]";"{""vollstaendigkeit_prozent"": 75.0, ""zuletzt_verifiziert"": ""2026-06-06"", ""verifikation_noetig"": false}";2026-06-06;2.0
frainsfürpro_489;489;1.0;Fraunhofer-Institut für Produktionstechnologie;;Bundesanstalt;Bundesbehörde;Bund;Berlin;Berlin;"{""lat"": null, ""lon"": null}";;false;;Forschung;https://www.ipt.fraunhofer.de/;;;;540;2024;bmbfsj;Bundesministerium für Bildung und Forschung (BMBF);Forschung;Finanzierung über das Ressort Bundesministerium für Bildung und Forschung (BMBF);"[{""zu_id"": ""bmbfsj"", ""typ"": ""UNTERSTELLT"", ""richtung"": ""eingehend"", ""seit"": null, ""quelle"": null}]";"[""https://www.ipt.fraunhofer.de/""]";"{""vollstaendigkeit_prozent"": 75.0, ""zuletzt_verifiziert"": ""2026-06-06"", ""verifikation_noetig"": false}";2026-06-06;2.0
frainsfürproaut_488;488;1.0;Fraunhofer-Institut für Produktionstechnik und Automatisierung;;Bundesanstalt;Bundesbehörde;Bund;Berlin;Berlin;"{""lat"": null, ""lon"": null}";;false;;Forschung;https://www.ipa.fraunhofer.de/;;;;732;2024;bmbfsj;Bundesministerium für Bildung und Forschung (BMBF);Forschung;Finanzierung über das Ressort Bundesministerium für Bildung und Forschung (BMBF);"[{""zu_id"": ""bmbfsj"", ""typ"": ""UNTERSTELLT"", ""richtung"": ""eingehend"", ""seit"": null, ""quelle"": null}]";"[""https://www.ipa.fraunhofer.de/""]";"{""vollstaendigkeit_prozent"": 75.0, ""zuletzt_verifiziert"": ""2026-06-06"", ""verifikation_noetig"": false}";2026-06-06;2.0
frainsfürprokon_487;487;1.0;Fraunhofer-Institut für Produktionsanlagen und Konstruktionstechnik;;Bundesanstalt;Bundesbehörde;Bund;Berlin;Berlin;"{""lat"": null, ""lon"": null}";;false;;Forschung;https://www.ipk.fraunhofer.de/;;;;410;2024;bmbfsj;Bundesministerium für Bildung und Forschung (BMBF);Forschung;Finanzierung über das Ressort Bundesministerium für Bildung und Forschung (BMBF);"[{""zu_id"": ""bmbfsj"", ""typ"": ""UNTERSTELLT"", ""richtung"": ""eingehend"", ""seit"": null, ""quelle"": null}]";"[""https://www.ipk.fraunhofer.de/""]";"{""vollstaendigkeit_prozent"": 75.0, ""zuletzt_verifiziert"": ""2026-06-06"", ""verifikation_noetig"": false}";2026-06-06;2.0
frainsfürrecsof_490;490;1.0;Fraunhofer-Institut für Rechnerarchitektur und Softwaretechnik;;Bundesanstalt;Bundesbehörde;Bund;Berlin;Berlin;"{""lat"": null, ""lon"": null}";;false;;Forschung;http://www.first.fraunhofer.de/;;;;120;2024;bmbfsj;Bundesministerium für Bildung und Forschung (BMBF);Forschung;Finanzierung über das Ressort Bundesministerium für Bildung und Forschung (BMBF);"[{""zu_id"": ""bmbfsj"", ""typ"": ""UNTERSTELLT"", ""richtung"": ""eingehend"", ""seit"": null, ""quelle"": null}]";"[""http://www.first.fraunhofer.de/""]";"{""vollstaendigkeit_prozent"": 75.0, ""zuletzt_verifiziert"": ""2026-06-06"", ""verifikation_noetig"": false}";2026-06-06;2.0
frainsfürschobe_491;491;1.0;Fraunhofer-Institut für Schicht- und Oberflächentechnik;;Bundesanstalt;Bundesbehörde;Bund;Berlin;Berlin;"{""lat"": null, ""lon"": null}";;false;;Forschung;https://www.ist.fraunhofer.de/;;;;280;2024;bmbfsj;Bundesministerium für Bildung und Forschung (BMBF);Forschung;Finanzierung über das Ressort Bundesministerium für Bildung und Forschung (BMBF);"[{""zu_id"": ""bmbfsj"", ""typ"": ""UNTERSTELLT"", ""richtung"": ""eingehend"", ""seit"": null, ""quelle"": null}]";"[""https://www.ist.fraunhofer.de/""]";"{""vollstaendigkeit_prozent"": 75.0, ""zuletzt_verifiziert"": ""2026-06-06"", ""verifikation_noetig"": false}";2026-06-06;2.0
frainsfürsicinf_492;492;1.0;Fraunhofer-Institut für Sichere Informationstechnologie;;Bundesanstalt;Bundesbehörde;Bund;Berlin;Berlin;"{""lat"": null, ""lon"": null}";;false;;Forschung;https://www.sit.fraunhofer.de/;;;;215;2024;bmbfsj;Bundesministerium für Bildung und Forschung (BMBF);Forschung;Finanzierung über das Ressort Bundesministerium für Bildung und Forschung (BMBF);"[{""zu_id"": ""bmbfsj"", ""typ"": ""UNTERSTELLT"", ""richtung"": ""eingehend"", ""seit"": null, ""quelle"": null}]";"[""https://www.sit.fraunhofer.de/""]";"{""vollstaendigkeit_prozent"": 75.0, ""zuletzt_verifiziert"": ""2026-06-06"", ""verifikation_noetig"": false}";2026-06-06;2.0
frainsfürsil_493;493;1.0;Fraunhofer-Institut für Silicatforschung;;Bundesanstalt;Bundesbehörde;Bund;Berlin;Berlin;"{""lat"": null, ""lon"": null}";;false;;Forschung;https://www.isc.fraunhofer.de/;;;;340;2024;bmbfsj;Bundesministerium für Bildung und Forschung (BMBF);Forschung;Finanzierung über das Ressort Bundesministerium für Bildung und Forschung (BMBF);"[{""zu_id"": ""bmbfsj"", ""typ"": ""UNTERSTELLT"", ""richtung"": ""eingehend"", ""seit"": null, ""quelle"": null}]";"[""https://www.isc.fraunhofer.de/""]";"{""vollstaendigkeit_prozent"": 75.0, ""zuletzt_verifiziert"": ""2026-06-06"", ""verifikation_noetig"": false}";2026-06-06;2.0
frainsfürsil_494;494;1.0;Fraunhofer-Institut für Siliziumtechnologie;;Bundesanstalt;Bundesbehörde;Bund;Berlin;Berlin;"{""lat"": null, ""lon"": null}";;false;;Forschung;https://www.isit.fraunhofer.de/;;;;200;2024;bmbfsj;Bundesministerium für Bildung und Forschung (BMBF);Forschung;Finanzierung über das Ressort Bundesministerium für Bildung und Forschung (BMBF);"[{""zu_id"": ""bmbfsj"", ""typ"": ""UNTERSTELLT"", ""richtung"": ""eingehend"", ""seit"": null, ""quelle"": null}]";"[""https://www.isit.fraunhofer.de/""]";"{""vollstaendigkeit_prozent"": 75.0, ""zuletzt_verifiziert"": ""2026-06-06"", ""verifikation_noetig"": false}";2026-06-06;2.0
frainsfürsofsys_495;495;1.0;Fraunhofer-Institut für Software- und Systemtechnik;;Bundesanstalt;Bundesbehörde;Bund;Berlin;Berlin;"{""lat"": null, ""lon"": null}";;false;;Forschung;https://www.isst.fraunhofer.de/;;;;140;2024;bmbfsj;Bundesministerium für Bildung und Forschung (BMBF);Forschung;Finanzierung über das Ressort Bundesministerium für Bildung und Forschung (BMBF);"[{""zu_id"": ""bmbfsj"", ""typ"": ""UNTERSTELLT"", ""richtung"": ""eingehend"", ""seit"": null, ""quelle"": null}]";"[""https://www.isst.fraunhofer.de/""]";"{""vollstaendigkeit_prozent"": 75.0, ""zuletzt_verifiziert"": ""2026-06-06"", ""verifikation_noetig"": false}";2026-06-06;2.0
frainsfürsolene_496;496;1.0;Fraunhofer Institut für Solare Energiesysteme;;Bundesanstalt;Bundesbehörde;Bund;Berlin;Berlin;"{""lat"": null, ""lon"": null}";;false;;Forschung;https://www.ise.fraunhofer.de/;;2.01;2025;1400;2024;bmbfsj;Bundesministerium für Bildung und Forschung (BMBF);Forschung;Finanzierung über das Ressort Bundesministerium für Bildung und Forschung (BMBF);"[{""zu_id"": ""bmbfsj"", ""typ"": ""UNTERSTELLT"", ""richtung"": ""eingehend"", ""seit"": null, ""quelle"": null}]";"[""https://www.ise.fraunhofer.de/""]";"{""vollstaendigkeit_prozent"": 75.0, ""zuletzt_verifiziert"": ""2026-06-06"", ""verifikation_noetig"": false}";2026-06-06;2.0
frainsfürsysinn_497;497;1.0;Fraunhofer-Institut für System-und Innovationsforschung;;Bundesanstalt;Bundesbehörde;Bund;Berlin;Berlin;"{""lat"": null, ""lon"": null}";;false;;Forschung;https://www.isi.fraunhofer.de/;;;;400;2024;bmbfsj;Bundesministerium für Bildung und Forschung (BMBF);Forschung;Finanzierung über das Ressort Bundesministerium für Bildung und Forschung (BMBF);"[{""zu_id"": ""bmbfsj"", ""typ"": ""UNTERSTELLT"", ""richtung"": ""eingehend"", ""seit"": null, ""quelle"": null}]";"[""https://www.isi.fraunhofer.de/""]";"{""vollstaendigkeit_prozent"": 75.0, ""zuletzt_verifiziert"": ""2026-06-06"", ""verifikation_noetig"": false}";2026-06-06;2.0
frainsfürtoxexp_500;500;1.0;Fraunhofer-Institut für Toxikologie und Experimentelle Medizin;;Bundesanstalt;Bundesbehörde;Bund;Berlin;Berlin;"{""lat"": null, ""lon"": null}";;false;;Forschung;https://www.item.fraunhofer.de/;;96.46;2025;350;2024;bmbfsj;Bundesministerium für Bildung und Forschung (BMBF);Forschung;Finanzierung über das Ressort Bundesministerium für Bildung und Forschung (BMBF);"[{""zu_id"": ""bmbfsj"", ""typ"": ""UNTERSTELLT"", ""richtung"": ""eingehend"", ""seit"": null, ""quelle"": null}]";"[""https://www.item.fraunhofer.de/""]";"{""vollstaendigkeit_prozent"": 75.0, ""zuletzt_verifiziert"": ""2026-06-06"", ""verifikation_noetig"": false}";2026-06-06;2.0
frainsfürumwsic_501;501;1.0;Fraunhofer-Institut für Umwelt-, Sicherheits- und Energietechnik;;Bundesanstalt;Bundesbehörde;Bund;Berlin;Berlin;"{""lat"": null, ""lon"": null}";;false;;Forschung;https://www.umsicht.fraunhofer.de/;;416.0;2025;603;2024;bmbfsj;Bundesministerium für Bildung und Forschung (BMBF);Forschung;Finanzierung über das Ressort Bundesministerium für Bildung und Forschung (BMBF);"[{""zu_id"": ""bmbfsj"", ""typ"": ""UNTERSTELLT"", ""richtung"": ""eingehend"", ""seit"": null, ""quelle"": null}]";"[""https://www.umsicht.fraunhofer.de/""]";"{""vollstaendigkeit_prozent"": 75.0, ""zuletzt_verifiziert"": ""2026-06-06"", ""verifikation_noetig"": false}";2026-06-06;2.0
frainsfürverinf_503;503;1.0;Fraunhofer-Institut für Verkehrs- und Infrastruktursysteme;;Bundesanstalt;Bundesbehörde;Bund;Berlin;Berlin;"{""lat"": null, ""lon"": null}";;false;;Forschung;http://www.ivi.fraunhofer.de/;;;;160;2024;bmv;Bundesministerium für Digitales und Verkehr (BMDV);Forschung;Finanzierung über das Ressort Bundesministerium für Digitales und Verkehr (BMDV);"[{""zu_id"": ""bmv"", ""typ"": ""UNTERSTELLT"", ""richtung"": ""eingehend"", ""seit"": null, ""quelle"": null}]";"[""http://www.ivi.fraunhofer.de/""]";"{""vollstaendigkeit_prozent"": 75.0, ""zuletzt_verifiziert"": ""2026-06-06"", ""verifikation_noetig"": false}";2026-06-06;2.0
frainsfürverver_502;502;1.0;Fraunhofer-Institut für Verfahrenstechnik und Verpackung;;Bundesanstalt;Bundesbehörde;Bund;Berlin;Berlin;"{""lat"": null, ""lon"": null}";;false;;Forschung;https://www.ivv.fraunhofer.de/;;;;298;2024;bmbfsj;Bundesministerium für Bildung und Forschung (BMBF);Forschung;Finanzierung über das Ressort Bundesministerium für Bildung und Forschung (BMBF);"[{""zu_id"": ""bmbfsj"", ""typ"": ""UNTERSTELLT"", ""richtung"": ""eingehend"", ""seit"": null, ""quelle"": null}]";"[""https://www.ivv.fraunhofer.de/""]";"{""vollstaendigkeit_prozent"": 75.0, ""zuletzt_verifiziert"": ""2026-06-06"", ""verifikation_noetig"": false}";2026-06-06;2.0
frainsfürwer_504;504;1.0;Fraunhofer-Institut für Werkstoffmechanik;;Bundesanstalt;Bundesbehörde;Bund;Berlin;Berlin;"{""lat"": null, ""lon"": null}";;false;;Forschung;https://www.iwm.fraunhofer.de/;;;;324;2024;bmbfsj;Bundesministerium für Bildung und Forschung (BMBF);Forschung;Finanzierung über das Ressort Bundesministerium für Bildung und Forschung (BMBF);"[{""zu_id"": ""bmbfsj"", ""typ"": ""UNTERSTELLT"", ""richtung"": ""eingehend"", ""seit"": null, ""quelle"": null}]";"[""https://www.iwm.fraunhofer.de/""]";"{""vollstaendigkeit_prozent"": 75.0, ""zuletzt_verifiziert"": ""2026-06-06"", ""verifikation_noetig"": false}";2026-06-06;2.0
frainsfürwerstr_505;505;1.0;Fraunhofer-Institut für Werkstoff- und Strahltechnik;;Bundesanstalt;Bundesbehörde;Bund;Berlin;Berlin;"{""lat"": null, ""lon"": null}";;false;;Forschung;https://www.iws.fraunhofer.de/;;;;468;2024;bmbfsj;Bundesministerium für Bildung und Forschung (BMBF);Forschung;Finanzierung über das Ressort Bundesministerium für Bildung und Forschung (BMBF);"[{""zu_id"": ""bmbfsj"", ""typ"": ""UNTERSTELLT"", ""richtung"": ""eingehend"", ""seit"": null, ""quelle"": null}]";"[""https://www.iws.fraunhofer.de/""]";"{""vollstaendigkeit_prozent"": 75.0, ""zuletzt_verifiziert"": ""2026-06-06"", ""verifikation_noetig"": false}";2026-06-06;2.0
frainsfürwerumf_506;506;1.0;Fraunhofer-Institut für Werkzeugmaschinen und Umformtechnik;;Bundesanstalt;Bundesbehörde;Bund;Berlin;Berlin;"{""lat"": null, ""lon"": null}";;false;;Forschung;https://www.iwu.fraunhofer.de/;;;;670;2024;bmbfsj;Bundesministerium für Bildung und Forschung (BMBF);Forschung;Finanzierung über das Ressort Bundesministerium für Bildung und Forschung (BMBF);"[{""zu_id"": ""bmbfsj"", ""typ"": ""UNTERSTELLT"", ""richtung"": ""eingehend"", ""seit"": null, ""quelle"": null}]";"[""https://www.iwu.fraunhofer.de/""]";"{""vollstaendigkeit_prozent"": 75.0, ""zuletzt_verifiziert"": ""2026-06-06"", ""verifikation_noetig"": false}";2026-06-06;2.0
frainsfürzelimm_507;507;1.0;Fraunhofer-Institut für Zelltherapie und Immunologie;;Bundesanstalt;Bundesbehörde;Bund;Berlin;Berlin;"{""lat"": null, ""lon"": null}";;false;;Forschung;http://www.izi.fraunhofer.de/;;;;646;2024;bmbfsj;Bundesministerium für Bildung und Forschung (BMBF);Forschung;Finanzierung über das Ressort Bundesministerium für Bildung und Forschung (BMBF);"[{""zu_id"": ""bmbfsj"", ""typ"": ""UNTERSTELLT"", ""richtung"": ""eingehend"", ""seit"": null, ""quelle"": null}]";"[""http://www.izi.fraunhofer.de/""]";"{""vollstaendigkeit_prozent"": 75.0, ""zuletzt_verifiziert"": ""2026-06-06"", ""verifikation_noetig"": false}";2026-06-06;2.0
frainsfürzerprü_508;508;1.0;Fraunhofer-Institut für Zerstörungsfreie Prüfverfahren;;Bundesanstalt;Bundesbehörde;Bund;Berlin;Berlin;"{""lat"": null, ""lon"": null}";;false;;Forschung;https://www.izfp.fraunhofer.de/;;;;116;2024;bmbfsj;Bundesministerium für Bildung und Forschung (BMBF);Forschung;Finanzierung über das Ressort Bundesministerium für Bildung und Forschung (BMBF);"[{""zu_id"": ""bmbfsj"", ""typ"": ""UNTERSTELLT"", ""richtung"": ""eingehend"", ""seit"": null, ""quelle"": null}]";"[""https://www.izfp.fraunhofer.de/""]";"{""vollstaendigkeit_prozent"": 75.0, ""zuletzt_verifiziert"": ""2026-06-06"", ""verifikation_noetig"": false}";2026-06-06;2.0
frainsfürzuvmik_509;509;1.0;Fraunhofer-Institut für Zuverlässigkeit und Mikrointegration;;Bundesanstalt;Bundesbehörde;Bund;Berlin;Berlin;"{""lat"": null, ""lon"": null}";;false;;Forschung;https://www.izm.fraunhofer.de/;;;;430;2024;bmbfsj;Bundesministerium für Bildung und Forschung (BMBF);Forschung;Finanzierung über das Ressort Bundesministerium für Bildung und Forschung (BMBF);"[{""zu_id"": ""bmbfsj"", ""typ"": ""UNTERSTELLT"", ""richtung"": ""eingehend"", ""seit"": null, ""quelle"": null}]";"[""https://www.izm.fraunhofer.de/""]";"{""vollstaendigkeit_prozent"": 75.0, ""zuletzt_verifiziert"": ""2026-06-06"", ""verifikation_noetig"": false}";2026-06-06;2.0
friloeinsbunfür_511;511;1.0;Friedrich-Loeffler-Institut, Bundesforschungsinstitut für Tiergesundheit;;Bundesanstalt;Bundesbehörde;Bund;Berlin;Berlin;"{""lat"": null, ""lon"": null}";;false;;Forschung;https://www.service.bund.de;;159.06;2025;;;bmelh;Bundesministerium für Ernährung und Landwirtschaft (BMEL);Forschung;Finanzierung über das Ressort Bundesministerium für Ernährung und Landwirtschaft (BMEL);"[{""zu_id"": ""bmelh"", ""typ"": ""UNTERSTELLT"", ""richtung"": ""eingehend"", ""seit"": null, ""quelle"": null}]";"[""https://www.service.bund.de""]";"{""vollstaendigkeit_prozent"": 66.7, ""zuletzt_verifiziert"": ""2026-06-06"", ""verifikation_noetig"": false}";2026-06-06;2.0
fühbun_429;429;1.0;Führungsakademie der Bundeswehr;;Bundesoberbehörde;Dienststelle der Bundeswehrverwaltung;Bund;Berlin;Berlin;"{""lat"": null, ""lon"": null}";;false;;Militärische Ausbildungsstätte;https://www.bundeswehr.de;;8862.05;2025;;;bmvg;Bundesministerium der Verteidigung (BMVg);Militärische Ausbildungsstätte;Aggregiert unter Bundesministerium der Verteidigung (BMVg);"[{""zu_id"": ""bmvg"", ""typ"": ""UNTERSTELLT"", ""richtung"": ""eingehend"", ""seit"": null, ""quelle"": null}]";"[""https://www.bundeswehr.de""]";"{""vollstaendigkeit_prozent"": 66.7, ""zuletzt_verifiziert"": ""2026-06-06"", ""verifikation_noetig"": false}";2026-06-06;2.0
fühbun_430;430;1.0;Führungsunterstützungsschule der Bundeswehr;;Bundesoberbehörde;Dienststelle der Bundeswehrverwaltung;Bund;Berlin;Berlin;"{""lat"": null, ""lon"": null}";;false;;Militärische Ausbildungsstätte;https://www.bundeswehr.de;;8862.05;2025;;;bmvg;Bundesministerium der Verteidigung (BMVg);Militärische Ausbildungsstätte;Aggregiert unter Bundesministerium der Verteidigung (BMVg);"[{""zu_id"": ""bmvg"", ""typ"": ""UNTERSTELLT"", ""richtung"": ""eingehend"", ""seit"": null, ""quelle"": null}]";"[""https://www.bundeswehr.de""]";"{""vollstaendigkeit_prozent"": 66.7, ""zuletzt_verifiziert"": ""2026-06-06"", ""verifikation_noetig"": false}";2026-06-06;2.0
fürarbaacdür_14254;14254;1.0;Agentur für Arbeit Aachen – Düren;;Bundesanstalt;Dienststelle der BA;Bund;Aachen;Nordrhein-Westfalen;"{""lat"": null, ""lon"": null}";;false;;Agentur für Arbeit;https://www.arbeitsagentur.de;;96.46;2025;;;bmas;Bundesministerium für Arbeit und Soziales (BMAS);Agentur für Arbeit;Aggregiert unter Bundesagentur für Arbeit (BA);"[{""zu_id"": ""bmas"", ""typ"": ""UNTERSTELLT"", ""richtung"": ""eingehend"", ""seit"": null, ""quelle"": null}]";"[""https://www.arbeitsagentur.de""]";"{""vollstaendigkeit_prozent"": 66.7, ""zuletzt_verifiziert"": ""2026-06-06"", ""verifikation_noetig"": false}";2026-06-06;2.0
fürarbaal_14255;14255;1.0;Agentur für Arbeit Aalen;;Bundesanstalt;Dienststelle der BA;Bund;Aalen;;"{""lat"": null, ""lon"": null}";;false;;Agentur für Arbeit;https://www.arbeitsagentur.de;;96.46;2025;;;bmas;Bundesministerium für Arbeit und Soziales (BMAS);Agentur für Arbeit;Aggregiert unter Bundesagentur für Arbeit (BA);"[{""zu_id"": ""bmas"", ""typ"": ""UNTERSTELLT"", ""richtung"": ""eingehend"", ""seit"": null, ""quelle"": null}]";"[""https://www.arbeitsagentur.de""]";"{""vollstaendigkeit_prozent"": 58.3, ""zuletzt_verifiziert"": ""2026-06-06"", ""verifikation_noetig"": false}";2026-06-06;2.0
fürarbahlmün_14256;14256;1.0;Agentur für Arbeit Ahlen – Münster;;Bundesanstalt;Dienststelle der BA;Bund;Münster;Nordrhein-Westfalen;"{""lat"": null, ""lon"": null}";;false;;Agentur für Arbeit;https://www.arbeitsagentur.de;;96.46;2025;;;bmas;Bundesministerium für Arbeit und Soziales (BMAS);Agentur für Arbeit;Aggregiert unter Bundesagentur für Arbeit (BA);"[{""zu_id"": ""bmas"", ""typ"": ""UNTERSTELLT"", ""richtung"": ""eingehend"", ""seit"": null, ""quelle"": null}]";"[""https://www.arbeitsagentur.de""]";"{""vollstaendigkeit_prozent"": 66.7, ""zuletzt_verifiziert"": ""2026-06-06"", ""verifikation_noetig"": false}";2026-06-06;2.0
fürarbaltger_14257;14257;1.0;Agentur für Arbeit Altenburg – Gera;;Bundesanstalt;Dienststelle der BA;Bund;Gera;Thüringen;"{""lat"": null, ""lon"": null}";;false;;Agentur für Arbeit;https://www.arbeitsagentur.de;;96.46;2025;;;bmas;Bundesministerium für Arbeit und Soziales (BMAS);Agentur für Arbeit;Aggregiert unter Bundesagentur für Arbeit (BA);"[{""zu_id"": ""bmas"", ""typ"": ""UNTERSTELLT"", ""richtung"": ""eingehend"", ""seit"": null, ""quelle"": null}]";"[""https://www.arbeitsagentur.de""]";"{""vollstaendigkeit_prozent"": 66.7, ""zuletzt_verifiziert"": ""2026-06-06"", ""verifikation_noetig"": false}";2026-06-06;2.0
fürarbannbuc_14258;14258;1.0;Agentur für Arbeit Annaberg-Buchholz;;Bundesanstalt;Dienststelle der BA;Bund;Annaberg-Buchholz;;"{""lat"": null, ""lon"": null}";;false;;Agentur für Arbeit;https://www.arbeitsagentur.de;;96.46;2025;;;bmas;Bundesministerium für Arbeit und Soziales (BMAS);Agentur für Arbeit;Aggregiert unter Bundesagentur für Arbeit (BA);"[{""zu_id"": ""bmas"", ""typ"": ""UNTERSTELLT"", ""richtung"": ""eingehend"", ""seit"": null, ""quelle"": null}]";"[""https://www.arbeitsagentur.de""]";"{""vollstaendigkeit_prozent"": 58.3, ""zuletzt_verifiziert"": ""2026-06-06"", ""verifikation_noetig"": false}";2026-06-06;2.0
fürarbanswei_14259;14259;1.0;Agentur für Arbeit Ansbach – Weißenburg;;Bundesanstalt;Dienststelle der BA;Bund;Ansbach – Weißenburg;;"{""lat"": null, ""lon"": null}";;false;;Agentur für Arbeit;https://www.arbeitsagentur.de;;96.46;2025;;;bmas;Bundesministerium für Arbeit und Soziales (BMAS);Agentur für Arbeit;Aggregiert unter Bundesagentur für Arbeit (BA);"[{""zu_id"": ""bmas"", ""typ"": ""UNTERSTELLT"", ""richtung"": ""eingehend"", ""seit"": null, ""quelle"": null}]";"[""https://www.arbeitsagentur.de""]";"{""vollstaendigkeit_prozent"": 58.3, ""zuletzt_verifiziert"": ""2026-06-06"", ""verifikation_noetig"": false}";2026-06-06;2.0
fürarbarb_283;283;1.0;Bundesanstalt für Arbeitsschutz und Arbeitsmedizin;;Bundesoberbehörde;Bundesbehörde;Bund;Berlin;Berlin;"{""lat"": null, ""lon"": null}";;false;;Arbeitsschutz;https://www.service.bund.de;;89.6;2025;650;2024;bmas;Bundesministerium für Arbeit und Soziales (BMAS);Arbeitsschutz;Finanzierung über das Ressort Bundesministerium für Arbeit und Soziales (BMAS);"[{""zu_id"": ""bmas"", ""typ"": ""UNTERSTELLT"", ""richtung"": ""eingehend"", ""seit"": null, ""quelle"": null}]";"[""https://www.service.bund.de""]";"{""vollstaendigkeit_prozent"": 75.0, ""zuletzt_verifiziert"": ""2026-06-06"", ""verifikation_noetig"": false}";2026-06-06;2.0
fürarbasc_11074;11074;1.0;Agentur für Arbeit Aschaffenburg;;Bundesanstalt;Dienststelle der BA;Bund;Aschaffenburg;;"{""lat"": null, ""lon"": null}";;false;;Agentur für Arbeit;https://www.arbeitsagentur.de;;96.46;2025;;;bmas;Bundesministerium für Arbeit und Soziales (BMAS);Agentur für Arbeit;Aggregiert unter Bundesagentur für Arbeit (BA);"[{""zu_id"": ""bmas"", ""typ"": ""UNTERSTELLT"", ""richtung"": ""eingehend"", ""seit"": null, ""quelle"": null}]";"[""https://www.arbeitsagentur.de""]";"{""vollstaendigkeit_prozent"": 58.3, ""zuletzt_verifiziert"": ""2026-06-06"", ""verifikation_noetig"": false}";2026-06-06;2.0
fürarbaug_11075;11075;1.0;Agentur für Arbeit Augsburg;;Bundesanstalt;Dienststelle der BA;Bund;Augsburg;Bayern;"{""lat"": null, ""lon"": null}";;false;;Agentur für Arbeit;https://www.arbeitsagentur.de;;96.46;2025;;;bmas;Bundesministerium für Arbeit und Soziales (BMAS);Agentur für Arbeit;Aggregiert unter Bundesagentur für Arbeit (BA);"[{""zu_id"": ""bmas"", ""typ"": ""UNTERSTELLT"", ""richtung"": ""eingehend"", ""seit"": null, ""quelle"": null}]";"[""https://www.arbeitsagentur.de""]";"{""vollstaendigkeit_prozent"": 66.7, ""zuletzt_verifiziert"": ""2026-06-06"", ""verifikation_noetig"": false}";2026-06-06;2.0
fürarbbadherful_14260;14260;1.0;Agentur für Arbeit Bad Hersfeld – Fulda;;Bundesanstalt;Dienststelle der BA;Bund;Bad Hersfeld – Fulda;;"{""lat"": null, ""lon"": null}";;false;;Agentur für Arbeit;https://www.arbeitsagentur.de;;96.46;2025;;;bmas;Bundesministerium für Arbeit und Soziales (BMAS);Agentur für Arbeit;Aggregiert unter Bundesagentur für Arbeit (BA);"[{""zu_id"": ""bmas"", ""typ"": ""UNTERSTELLT"", ""richtung"": ""eingehend"", ""seit"": null, ""quelle"": null}]";"[""https://www.arbeitsagentur.de""]";"{""vollstaendigkeit_prozent"": 58.3, ""zuletzt_verifiziert"": ""2026-06-06"", ""verifikation_noetig"": false}";2026-06-06;2.0
fürarbbadhom_14261;14261;1.0;Agentur für Arbeit Bad Homburg;;Bundesanstalt;Dienststelle der BA;Bund;Bad Homburg;;"{""lat"": null, ""lon"": null}";;false;;Agentur für Arbeit;https://www.arbeitsagentur.de;;96.46;2025;;;bmas;Bundesministerium für Arbeit und Soziales (BMAS);Agentur für Arbeit;Aggregiert unter Bundesagentur für Arbeit (BA);"[{""zu_id"": ""bmas"", ""typ"": ""UNTERSTELLT"", ""richtung"": ""eingehend"", ""seit"": null, ""quelle"": null}]";"[""https://www.arbeitsagentur.de""]";"{""vollstaendigkeit_prozent"": 58.3, ""zuletzt_verifiziert"": ""2026-06-06"", ""verifikation_noetig"": false}";2026-06-06;2.0
fürarbbadkre_14262;14262;1.0;Agentur für Arbeit Bad Kreuznach;;Bundesanstalt;Dienststelle der BA;Bund;Bad Kreuznach;;"{""lat"": null, ""lon"": null}";;false;;Agentur für Arbeit;https://www.arbeitsagentur.de;;96.46;2025;;;bmas;Bundesministerium für Arbeit und Soziales (BMAS);Agentur für Arbeit;Aggregiert unter Bundesagentur für Arbeit (BA);"[{""zu_id"": ""bmas"", ""typ"": ""UNTERSTELLT"", ""richtung"": ""eingehend"", ""seit"": null, ""quelle"": null}]";"[""https://www.arbeitsagentur.de""]";"{""vollstaendigkeit_prozent"": 58.3, ""zuletzt_verifiziert"": ""2026-06-06"", ""verifikation_noetig"": false}";2026-06-06;2.0
fürarbbadold_14263;14263;1.0;Agentur für Arbeit Bad Oldesloe;;Bundesanstalt;Dienststelle der BA;Bund;Bad Oldesloe;;"{""lat"": null, ""lon"": null}";;false;;Agentur für Arbeit;https://www.arbeitsagentur.de;;96.46;2025;;;bmas;Bundesministerium für Arbeit und Soziales (BMAS);Agentur für Arbeit;Aggregiert unter Bundesagentur für Arbeit (BA);"[{""zu_id"": ""bmas"", ""typ"": ""UNTERSTELLT"", ""richtung"": ""eingehend"", ""seit"": null, ""quelle"": null}]";"[""https://www.arbeitsagentur.de""]";"{""vollstaendigkeit_prozent"": 58.3, ""zuletzt_verifiziert"": ""2026-06-06"", ""verifikation_noetig"": false}";2026-06-06;2.0
fürarbbal_14264;14264;1.0;Agentur für Arbeit Balingen;;Bundesanstalt;Dienststelle der BA;Bund;Balingen;;"{""lat"": null, ""lon"": null}";;false;;Agentur für Arbeit;https://www.arbeitsagentur.de;;96.46;2025;;;bmas;Bundesministerium für Arbeit und Soziales (BMAS);Agentur für Arbeit;Aggregiert unter Bundesagentur für Arbeit (BA);"[{""zu_id"": ""bmas"", ""typ"": ""UNTERSTELLT"", ""richtung"": ""eingehend"", ""seit"": null, ""quelle"": null}]";"[""https://www.arbeitsagentur.de""]";"{""vollstaendigkeit_prozent"": 58.3, ""zuletzt_verifiziert"": ""2026-06-06"", ""verifikation_noetig"": false}";2026-06-06;2.0
fürarbbamcob_11076;11076;1.0;Agentur für Arbeit Bamberg-Coburg;;Bundesanstalt;Dienststelle der BA;Bund;Bamberg;Bayern;"{""lat"": null, ""lon"": null}";;false;;Agentur für Arbeit;https://www.arbeitsagentur.de;;96.46;2025;;;bmas;Bundesministerium für Arbeit und Soziales (BMAS);Agentur für Arbeit;Aggregiert unter Bundesagentur für Arbeit (BA);"[{""zu_id"": ""bmas"", ""typ"": ""UNTERSTELLT"", ""richtung"": ""eingehend"", ""seit"": null, ""quelle"": null}]";"[""https://www.arbeitsagentur.de""]";"{""vollstaendigkeit_prozent"": 66.7, ""zuletzt_verifiziert"": ""2026-06-06"", ""verifikation_noetig"": false}";2026-06-06;2.0
fürarbbau_14265;14265;1.0;Agentur für Arbeit Bautzen;;Bundesanstalt;Dienststelle der BA;Bund;Bautzen;;"{""lat"": null, ""lon"": null}";;false;;Agentur für Arbeit;https://www.arbeitsagentur.de;;96.46;2025;;;bmas;Bundesministerium für Arbeit und Soziales (BMAS);Agentur für Arbeit;Aggregiert unter Bundesagentur für Arbeit (BA);"[{""zu_id"": ""bmas"", ""typ"": ""UNTERSTELLT"", ""richtung"": ""eingehend"", ""seit"": null, ""quelle"": null}]";"[""https://www.arbeitsagentur.de""]";"{""vollstaendigkeit_prozent"": 58.3, ""zuletzt_verifiziert"": ""2026-06-06"", ""verifikation_noetig"": false}";2026-06-06;2.0
fürarbbayhof_11077;11077;1.0;Agentur für Arbeit Bayreuth-Hof;;Bundesanstalt;Dienststelle der BA;Bund;Bayreuth;Bayern;"{""lat"": null, ""lon"": null}";;false;;Agentur für Arbeit;https://www.arbeitsagentur.de;;96.46;2025;;;bmas;Bundesministerium für Arbeit und Soziales (BMAS);Agentur für Arbeit;Aggregiert unter Bundesagentur für Arbeit (BA);"[{""zu_id"": ""bmas"", ""typ"": ""UNTERSTELLT"", ""richtung"": ""eingehend"", ""seit"": null, ""quelle"": null}]";"[""https://www.arbeitsagentur.de""]";"{""vollstaendigkeit_prozent"": 66.7, ""zuletzt_verifiziert"": ""2026-06-06"", ""verifikation_noetig"": false}";2026-06-06;2.0
fürarbber_14268;14268;1.0;Agentur für Arbeit Bernburg;;Bundesanstalt;Dienststelle der BA;Bund;Bernburg;;"{""lat"": null, ""lon"": null}";;false;;Agentur für Arbeit;https://www.arbeitsagentur.de;;96.46;2025;;;bmas;Bundesministerium für Arbeit und Soziales (BMAS);Agentur für Arbeit;Aggregiert unter Bundesagentur für Arbeit (BA);"[{""zu_id"": ""bmas"", ""typ"": ""UNTERSTELLT"", ""richtung"": ""eingehend"", ""seit"": null, ""quelle"": null}]";"[""https://www.arbeitsagentur.de""]";"{""vollstaendigkeit_prozent"": 58.3, ""zuletzt_verifiziert"": ""2026-06-06"", ""verifikation_noetig"": false}";2026-06-06;2.0
fürarbbergla_14266;14266;1.0;Agentur für Arbeit Bergisch Gladbach;;Bundesanstalt;Dienststelle der BA;Bund;Bergisch Gladbach;;"{""lat"": null, ""lon"": null}";;false;;Agentur für Arbeit;https://www.arbeitsagentur.de;;96.46;2025;;;bmas;Bundesministerium für Arbeit und Soziales (BMAS);Agentur für Arbeit;Aggregiert unter Bundesagentur für Arbeit (BA);"[{""zu_id"": ""bmas"", ""typ"": ""UNTERSTELLT"", ""richtung"": ""eingehend"", ""seit"": null, ""quelle"": null}]";"[""https://www.arbeitsagentur.de""]";"{""vollstaendigkeit_prozent"": 58.3, ""zuletzt_verifiziert"": ""2026-06-06"", ""verifikation_noetig"": false}";2026-06-06;2.0
fürarbbermit_14252;14252;1.0;Agentur für Arbeit Berlin Mitte;;Bundesanstalt;Dienststelle der BA;Bund;Berlin;Berlin;"{""lat"": null, ""lon"": null}";;false;;Agentur für Arbeit;https://www.arbeitsagentur.de;;96.46;2025;;;bmas;Bundesministerium für Arbeit und Soziales (BMAS);Agentur für Arbeit;Aggregiert unter Bundesagentur für Arbeit (BA);"[{""zu_id"": ""bmas"", ""typ"": ""UNTERSTELLT"", ""richtung"": ""eingehend"", ""seit"": null, ""quelle"": null}]";"[""https://www.arbeitsagentur.de""]";"{""vollstaendigkeit_prozent"": 66.7, ""zuletzt_verifiziert"": ""2026-06-06"", ""verifikation_noetig"": false}";2026-06-06;2.0
fürarbbernor_14267;14267;1.0;Agentur für Arbeit Berlin Nord;;Bundesanstalt;Dienststelle der BA;Bund;Berlin;Berlin;"{""lat"": null, ""lon"": null}";;false;;Agentur für Arbeit;https://www.arbeitsagentur.de;;96.46;2025;;;bmas;Bundesministerium für Arbeit und Soziales (BMAS);Agentur für Arbeit;Aggregiert unter Bundesagentur für Arbeit (BA);"[{""zu_id"": ""bmas"", ""typ"": ""UNTERSTELLT"", ""richtung"": ""eingehend"", ""seit"": null, ""quelle"": null}]";"[""https://www.arbeitsagentur.de""]";"{""vollstaendigkeit_prozent"": 66.7, ""zuletzt_verifiziert"": ""2026-06-06"", ""verifikation_noetig"": false}";2026-06-06;2.0
fürarbbersüd_14253;14253;1.0;Agentur für Arbeit Berlin Süd;;Bundesanstalt;Dienststelle der BA;Bund;Berlin;Berlin;"{""lat"": null, ""lon"": null}";;false;;Agentur für Arbeit;https://www.arbeitsagentur.de;;96.46;2025;;;bmas;Bundesministerium für Arbeit und Soziales (BMAS);Agentur für Arbeit;Aggregiert unter Bundesagentur für Arbeit (BA);"[{""zu_id"": ""bmas"", ""typ"": ""UNTERSTELLT"", ""richtung"": ""eingehend"", ""seit"": null, ""quelle"": null}]";"[""https://www.arbeitsagentur.de""]";"{""vollstaendigkeit_prozent"": 66.7, ""zuletzt_verifiziert"": ""2026-06-06"", ""verifikation_noetig"": false}";2026-06-06;2.0
fürarbbie_14269;14269;1.0;Agentur für Arbeit Bielefeld;;Bundesanstalt;Dienststelle der BA;Bund;Bielefeld;Nordrhein-Westfalen;"{""lat"": null, ""lon"": null}";;false;;Agentur für Arbeit;https://www.arbeitsagentur.de;;96.46;2025;;;bmas;Bundesministerium für Arbeit und Soziales (BMAS);Agentur für Arbeit;Aggregiert unter Bundesagentur für Arbeit (BA);"[{""zu_id"": ""bmas"", ""typ"": ""UNTERSTELLT"", ""richtung"": ""eingehend"", ""seit"": null, ""quelle"": null}]";"[""https://www.arbeitsagentur.de""]";"{""vollstaendigkeit_prozent"": 66.7, ""zuletzt_verifiziert"": ""2026-06-06"", ""verifikation_noetig"": false}";2026-06-06;2.0
fürarbbli_5768;5768;1.0;Agentur für Arbeit Blieskastel;;Bundesanstalt;Dienststelle der BA;Bund;Blieskastel;;"{""lat"": null, ""lon"": null}";;false;;Agentur für Arbeit;https://www.arbeitsagentur.de;;96.46;2025;;;bmas;Bundesministerium für Arbeit und Soziales (BMAS);Agentur für Arbeit;Aggregiert unter Bundesagentur für Arbeit (BA);"[{""zu_id"": ""bmas"", ""typ"": ""UNTERSTELLT"", ""richtung"": ""eingehend"", ""seit"": null, ""quelle"": null}]";"[""https://www.arbeitsagentur.de""]";"{""vollstaendigkeit_prozent"": 58.3, ""zuletzt_verifiziert"": ""2026-06-06"", ""verifikation_noetig"": false}";2026-06-06;2.0
fürarbboc_14270;14270;1.0;Agentur für Arbeit Bochum;;Bundesanstalt;Dienststelle der BA;Bund;Bochum;Nordrhein-Westfalen;"{""lat"": null, ""lon"": null}";;false;;Agentur für Arbeit;https://www.arbeitsagentur.de;;96.46;2025;;;bmas;Bundesministerium für Arbeit und Soziales (BMAS);Agentur für Arbeit;Aggregiert unter Bundesagentur für Arbeit (BA);"[{""zu_id"": ""bmas"", ""typ"": ""UNTERSTELLT"", ""richtung"": ""eingehend"", ""seit"": null, ""quelle"": null}]";"[""https://www.arbeitsagentur.de""]";"{""vollstaendigkeit_prozent"": 66.7, ""zuletzt_verifiziert"": ""2026-06-06"", ""verifikation_noetig"": false}";2026-06-06;2.0
fürarbbon_14271;14271;1.0;Agentur für Arbeit Bonn;;Bundesanstalt;Dienststelle der BA;Bund;Bonn;Nordrhein-Westfalen;"{""lat"": null, ""lon"": null}";;false;;Agentur für Arbeit;https://www.arbeitsagentur.de;;96.46;2025;;;bmas;Bundesministerium für Arbeit und Soziales (BMAS);Agentur für Arbeit;Aggregiert unter Bundesagentur für Arbeit (BA);"[{""zu_id"": ""bmas"", ""typ"": ""UNTERSTELLT"", ""richtung"": ""eingehend"", ""seit"": null, ""quelle"": null}]";"[""https://www.arbeitsagentur.de""]";"{""vollstaendigkeit_prozent"": 66.7, ""zuletzt_verifiziert"": ""2026-06-06"", ""verifikation_noetig"": false}";2026-06-06;2.0
fürarbbragos_14272;14272;1.0;Agentur für Arbeit Braunschweig – Goslar;;Bundesanstalt;Dienststelle der BA;Bund;Braunschweig – Goslar;;"{""lat"": null, ""lon"": null}";;false;;Agentur für Arbeit;https://www.arbeitsagentur.de;;96.46;2025;;;bmas;Bundesministerium für Arbeit und Soziales (BMAS);Agentur für Arbeit;Aggregiert unter Bundesagentur für Arbeit (BA);"[{""zu_id"": ""bmas"", ""typ"": ""UNTERSTELLT"", ""richtung"": ""eingehend"", ""seit"": null, ""quelle"": null}]";"[""https://www.arbeitsagentur.de""]";"{""vollstaendigkeit_prozent"": 58.3, ""zuletzt_verifiziert"": ""2026-06-06"", ""verifikation_noetig"": false}";2026-06-06;2.0
fürarbbrebre_6618;6618;1.0;Agentur für Arbeit Bremen-Bremerhaven;;Bundesanstalt;Dienststelle der BA;Bund;Bremen;Bremen;"{""lat"": null, ""lon"": null}";;false;;Agentur für Arbeit;https://www.arbeitsagentur.de;;96.46;2025;;;bmas;Bundesministerium für Arbeit und Soziales (BMAS);Agentur für Arbeit;Aggregiert unter Bundesagentur für Arbeit (BA);"[{""zu_id"": ""bmas"", ""typ"": ""UNTERSTELLT"", ""richtung"": ""eingehend"", ""seit"": null, ""quelle"": null}]";"[""https://www.arbeitsagentur.de""]";"{""vollstaendigkeit_prozent"": 66.7, ""zuletzt_verifiziert"": ""2026-06-06"", ""verifikation_noetig"": false}";2026-06-06;2.0
fürarbbrü_14273;14273;1.0;Agentur für Arbeit Brühl;;Bundesanstalt;Dienststelle der BA;Bund;Brühl;;"{""lat"": null, ""lon"": null}";;false;;Agentur für Arbeit;https://www.arbeitsagentur.de;;96.46;2025;;;bmas;Bundesministerium für Arbeit und Soziales (BMAS);Agentur für Arbeit;Aggregiert unter Bundesagentur für Arbeit (BA);"[{""zu_id"": ""bmas"", ""typ"": ""UNTERSTELLT"", ""richtung"": ""eingehend"", ""seit"": null, ""quelle"": null}]";"[""https://www.arbeitsagentur.de""]";"{""vollstaendigkeit_prozent"": 58.3, ""zuletzt_verifiziert"": ""2026-06-06"", ""verifikation_noetig"": false}";2026-06-06;2.0
fürarbcel_14274;14274;1.0;Agentur für Arbeit Celle;;Bundesanstalt;Dienststelle der BA;Bund;Celle;;"{""lat"": null, ""lon"": null}";;false;;Agentur für Arbeit;https://www.arbeitsagentur.de;;96.46;2025;;;bmas;Bundesministerium für Arbeit und Soziales (BMAS);Agentur für Arbeit;Aggregiert unter Bundesagentur für Arbeit (BA);"[{""zu_id"": ""bmas"", ""typ"": ""UNTERSTELLT"", ""richtung"": ""eingehend"", ""seit"": null, ""quelle"": null}]";"[""https://www.arbeitsagentur.de""]";"{""vollstaendigkeit_prozent"": 58.3, ""zuletzt_verifiziert"": ""2026-06-06"", ""verifikation_noetig"": false}";2026-06-06;2.0
fürarbche_14275;14275;1.0;Agentur für Arbeit Chemnitz;;Bundesanstalt;Dienststelle der BA;Bund;Chemnitz;;"{""lat"": null, ""lon"": null}";;false;;Agentur für Arbeit;https://www.arbeitsagentur.de;;96.46;2025;;;bmas;Bundesministerium für Arbeit und Soziales (BMAS);Agentur für Arbeit;Aggregiert unter Bundesagentur für Arbeit (BA);"[{""zu_id"": ""bmas"", ""typ"": ""UNTERSTELLT"", ""richtung"": ""eingehend"", ""seit"": null, ""quelle"": null}]";"[""https://www.arbeitsagentur.de""]";"{""vollstaendigkeit_prozent"": 58.3, ""zuletzt_verifiziert"": ""2026-06-06"", ""verifikation_noetig"": false}";2026-06-06;2.0
fürarbcoe_14276;14276;1.0;Agentur für Arbeit Coesfeld;;Bundesanstalt;Dienststelle der BA;Bund;Coesfeld;;"{""lat"": null, ""lon"": null}";;false;;Agentur für Arbeit;https://www.arbeitsagentur.de;;96.46;2025;;;bmas;Bundesministerium für Arbeit und Soziales (BMAS);Agentur für Arbeit;Aggregiert unter Bundesagentur für Arbeit (BA);"[{""zu_id"": ""bmas"", ""typ"": ""UNTERSTELLT"", ""richtung"": ""eingehend"", ""seit"": null, ""quelle"": null}]";"[""https://www.arbeitsagentur.de""]";"{""vollstaendigkeit_prozent"": 58.3, ""zuletzt_verifiziert"": ""2026-06-06"", ""verifikation_noetig"": false}";2026-06-06;2.0
fürarbcot_14277;14277;1.0;Agentur für Arbeit Cottbus;;Bundesanstalt;Dienststelle der BA;Bund;Cottbus;Brandenburg;"{""lat"": null, ""lon"": null}";;false;;Agentur für Arbeit;https://www.arbeitsagentur.de;;96.46;2025;;;bmas;Bundesministerium für Arbeit und Soziales (BMAS);Agentur für Arbeit;Aggregiert unter Bundesagentur für Arbeit (BA);"[{""zu_id"": ""bmas"", ""typ"": ""UNTERSTELLT"", ""richtung"": ""eingehend"", ""seit"": null, ""quelle"": null}]";"[""https://www.arbeitsagentur.de""]";"{""vollstaendigkeit_prozent"": 66.7, ""zuletzt_verifiziert"": ""2026-06-06"", ""verifikation_noetig"": false}";2026-06-06;2.0
fürarbdar_14278;14278;1.0;Agentur für Arbeit Darmstadt;;Bundesanstalt;Dienststelle der BA;Bund;Darmstadt;Hessen;"{""lat"": null, ""lon"": null}";;false;;Agentur für Arbeit;https://www.arbeitsagentur.de;;96.46;2025;;;bmas;Bundesministerium für Arbeit und Soziales (BMAS);Agentur für Arbeit;Aggregiert unter Bundesagentur für Arbeit (BA);"[{""zu_id"": ""bmas"", ""typ"": ""UNTERSTELLT"", ""richtung"": ""eingehend"", ""seit"": null, ""quelle"": null}]";"[""https://www.arbeitsagentur.de""]";"{""vollstaendigkeit_prozent"": 66.7, ""zuletzt_verifiziert"": ""2026-06-06"", ""verifikation_noetig"": false}";2026-06-06;2.0
fürarbdeg_11078;11078;1.0;Agentur für Arbeit Deggendorf;;Bundesanstalt;Dienststelle der BA;Bund;Deggendorf;;"{""lat"": null, ""lon"": null}";;false;;Agentur für Arbeit;https://www.arbeitsagentur.de;;96.46;2025;;;bmas;Bundesministerium für Arbeit und Soziales (BMAS);Agentur für Arbeit;Aggregiert unter Bundesagentur für Arbeit (BA);"[{""zu_id"": ""bmas"", ""typ"": ""UNTERSTELLT"", ""richtung"": ""eingehend"", ""seit"": null, ""quelle"": null}]";"[""https://www.arbeitsagentur.de""]";"{""vollstaendigkeit_prozent"": 58.3, ""zuletzt_verifiziert"": ""2026-06-06"", ""verifikation_noetig"": false}";2026-06-06;2.0
fürarbdesroßwit_14279;14279;1.0;Agentur für Arbeit Dessau – Roßlau – Wittenberg;;Bundesanstalt;Dienststelle der BA;Bund;Dessau – Roßlau – Wittenberg;Sachsen-Anhalt;"{""lat"": null, ""lon"": null}";;false;;Agentur für Arbeit;https://www.arbeitsagentur.de;;96.46;2025;;;bmas;Bundesministerium für Arbeit und Soziales (BMAS);Agentur für Arbeit;Aggregiert unter Bundesagentur für Arbeit (BA);"[{""zu_id"": ""bmas"", ""typ"": ""UNTERSTELLT"", ""richtung"": ""eingehend"", ""seit"": null, ""quelle"": null}]";"[""https://www.arbeitsagentur.de""]";"{""vollstaendigkeit_prozent"": 66.7, ""zuletzt_verifiziert"": ""2026-06-06"", ""verifikation_noetig"": false}";2026-06-06;2.0
fürarbdet_14280;14280;1.0;Agentur für Arbeit Detmold;;Bundesanstalt;Dienststelle der BA;Bund;Detmold;;"{""lat"": null, ""lon"": null}";;false;;Agentur für Arbeit;https://www.arbeitsagentur.de;;96.46;2025;;;bmas;Bundesministerium für Arbeit und Soziales (BMAS);Agentur für Arbeit;Aggregiert unter Bundesagentur für Arbeit (BA);"[{""zu_id"": ""bmas"", ""typ"": ""UNTERSTELLT"", ""richtung"": ""eingehend"", ""seit"": null, ""quelle"": null}]";"[""https://www.arbeitsagentur.de""]";"{""vollstaendigkeit_prozent"": 58.3, ""zuletzt_verifiziert"": ""2026-06-06"", ""verifikation_noetig"": false}";2026-06-06;2.0
fürarbdon_11079;11079;1.0;Agentur für Arbeit Donauwörth;;Bundesanstalt;Dienststelle der BA;Bund;Donauwörth;;"{""lat"": null, ""lon"": null}";;false;;Agentur für Arbeit;https://www.arbeitsagentur.de;;96.46;2025;;;bmas;Bundesministerium für Arbeit und Soziales (BMAS);Agentur für Arbeit;Aggregiert unter Bundesagentur für Arbeit (BA);"[{""zu_id"": ""bmas"", ""typ"": ""UNTERSTELLT"", ""richtung"": ""eingehend"", ""seit"": null, ""quelle"": null}]";"[""https://www.arbeitsagentur.de""]";"{""vollstaendigkeit_prozent"": 58.3, ""zuletzt_verifiziert"": ""2026-06-06"", ""verifikation_noetig"": false}";2026-06-06;2.0
fürarbdor_14281;14281;1.0;Agentur für Arbeit Dortmund;;Bundesanstalt;Dienststelle der BA;Bund;Dortmund;Nordrhein-Westfalen;"{""lat"": null, ""lon"": null}";;false;;Agentur für Arbeit;https://www.arbeitsagentur.de;;96.46;2025;;;bmas;Bundesministerium für Arbeit und Soziales (BMAS);Agentur für Arbeit;Aggregiert unter Bundesagentur für Arbeit (BA);"[{""zu_id"": ""bmas"", ""typ"": ""UNTERSTELLT"", ""richtung"": ""eingehend"", ""seit"": null, ""quelle"": null}]";"[""https://www.arbeitsagentur.de""]";"{""vollstaendigkeit_prozent"": 66.7, ""zuletzt_verifiziert"": ""2026-06-06"", ""verifikation_noetig"": false}";2026-06-06;2.0
fürarbdre_14282;14282;1.0;Agentur für Arbeit Dresden;;Bundesanstalt;Dienststelle der BA;Bund;Dresden;Sachsen;"{""lat"": null, ""lon"": null}";;false;;Agentur für Arbeit;https://www.arbeitsagentur.de;;96.46;2025;;;bmas;Bundesministerium für Arbeit und Soziales (BMAS);Agentur für Arbeit;Aggregiert unter Bundesagentur für Arbeit (BA);"[{""zu_id"": ""bmas"", ""typ"": ""UNTERSTELLT"", ""richtung"": ""eingehend"", ""seit"": null, ""quelle"": null}]";"[""https://www.arbeitsagentur.de""]";"{""vollstaendigkeit_prozent"": 66.7, ""zuletzt_verifiziert"": ""2026-06-06"", ""verifikation_noetig"": false}";2026-06-06;2.0
fürarbdui_14283;14283;1.0;Agentur für Arbeit Duisburg;;Bundesanstalt;Dienststelle der BA;Bund;Duisburg;Nordrhein-Westfalen;"{""lat"": null, ""lon"": null}";;false;;Agentur für Arbeit;https://www.arbeitsagentur.de;;96.46;2025;;;bmas;Bundesministerium für Arbeit und Soziales (BMAS);Agentur für Arbeit;Aggregiert unter Bundesagentur für Arbeit (BA);"[{""zu_id"": ""bmas"", ""typ"": ""UNTERSTELLT"", ""richtung"": ""eingehend"", ""seit"": null, ""quelle"": null}]";"[""https://www.arbeitsagentur.de""]";"{""vollstaendigkeit_prozent"": 66.7, ""zuletzt_verifiziert"": ""2026-06-06"", ""verifikation_noetig"": false}";2026-06-06;2.0
fürarbdüs_14284;14284;1.0;Agentur für Arbeit Düsseldorf;;Bundesanstalt;Dienststelle der BA;Bund;Düsseldorf;Nordrhein-Westfalen;"{""lat"": null, ""lon"": null}";;false;;Agentur für Arbeit;https://www.arbeitsagentur.de;;96.46;2025;;;bmas;Bundesministerium für Arbeit und Soziales (BMAS);Agentur für Arbeit;Aggregiert unter Bundesagentur für Arbeit (BA);"[{""zu_id"": ""bmas"", ""typ"": ""UNTERSTELLT"", ""richtung"": ""eingehend"", ""seit"": null, ""quelle"": null}]";"[""https://www.arbeitsagentur.de""]";"{""vollstaendigkeit_prozent"": 66.7, ""zuletzt_verifiziert"": ""2026-06-06"", ""verifikation_noetig"": false}";2026-06-06;2.0
fürarbebe_14285;14285;1.0;Agentur für Arbeit Eberswalde;;Bundesanstalt;Dienststelle der BA;Bund;Eberswalde;;"{""lat"": null, ""lon"": null}";;false;;Agentur für Arbeit;https://www.arbeitsagentur.de;;96.46;2025;;;bmas;Bundesministerium für Arbeit und Soziales (BMAS);Agentur für Arbeit;Aggregiert unter Bundesagentur für Arbeit (BA);"[{""zu_id"": ""bmas"", ""typ"": ""UNTERSTELLT"", ""richtung"": ""eingehend"", ""seit"": null, ""quelle"": null}]";"[""https://www.arbeitsagentur.de""]";"{""vollstaendigkeit_prozent"": 58.3, ""zuletzt_verifiziert"": ""2026-06-06"", ""verifikation_noetig"": false}";2026-06-06;2.0
fürarbelm_14286;14286;1.0;Agentur für Arbeit Elmshorn;;Bundesanstalt;Dienststelle der BA;Bund;Elmshorn;;"{""lat"": null, ""lon"": null}";;false;;Agentur für Arbeit;https://www.arbeitsagentur.de;;96.46;2025;;;bmas;Bundesministerium für Arbeit und Soziales (BMAS);Agentur für Arbeit;Aggregiert unter Bundesagentur für Arbeit (BA);"[{""zu_id"": ""bmas"", ""typ"": ""UNTERSTELLT"", ""richtung"": ""eingehend"", ""seit"": null, ""quelle"": null}]";"[""https://www.arbeitsagentur.de""]";"{""vollstaendigkeit_prozent"": 58.3, ""zuletzt_verifiziert"": ""2026-06-06"", ""verifikation_noetig"": false}";2026-06-06;2.0
fürarbemdlee_14287;14287;1.0;Agentur für Arbeit Emden – Leer;;Bundesanstalt;Dienststelle der BA;Bund;Emden – Leer;;"{""lat"": null, ""lon"": null}";;false;;Agentur für Arbeit;https://www.arbeitsagentur.de;;96.46;2025;;;bmas;Bundesministerium für Arbeit und Soziales (BMAS);Agentur für Arbeit;Aggregiert unter Bundesagentur für Arbeit (BA);"[{""zu_id"": ""bmas"", ""typ"": ""UNTERSTELLT"", ""richtung"": ""eingehend"", ""seit"": null, ""quelle"": null}]";"[""https://www.arbeitsagentur.de""]";"{""vollstaendigkeit_prozent"": 58.3, ""zuletzt_verifiziert"": ""2026-06-06"", ""verifikation_noetig"": false}";2026-06-06;2.0
fürarberf_14288;14288;1.0;Agentur für Arbeit Erfurt;;Bundesanstalt;Dienststelle der BA;Bund;Erfurt;Thüringen;"{""lat"": null, ""lon"": null}";;false;;Agentur für Arbeit;https://www.arbeitsagentur.de;;96.46;2025;;;bmas;Bundesministerium für Arbeit und Soziales (BMAS);Agentur für Arbeit;Aggregiert unter Bundesagentur für Arbeit (BA);"[{""zu_id"": ""bmas"", ""typ"": ""UNTERSTELLT"", ""richtung"": ""eingehend"", ""seit"": null, ""quelle"": null}]";"[""https://www.arbeitsagentur.de""]";"{""vollstaendigkeit_prozent"": 66.7, ""zuletzt_verifiziert"": ""2026-06-06"", ""verifikation_noetig"": false}";2026-06-06;2.0
fürarbess_14289;14289;1.0;Agentur für Arbeit Essen;;Bundesanstalt;Dienststelle der BA;Bund;Essen;Nordrhein-Westfalen;"{""lat"": null, ""lon"": null}";;false;;Agentur für Arbeit;https://www.arbeitsagentur.de;;96.46;2025;;;bmas;Bundesministerium für Arbeit und Soziales (BMAS);Agentur für Arbeit;Aggregiert unter Bundesagentur für Arbeit (BA);"[{""zu_id"": ""bmas"", ""typ"": ""UNTERSTELLT"", ""richtung"": ""eingehend"", ""seit"": null, ""quelle"": null}]";"[""https://www.arbeitsagentur.de""]";"{""vollstaendigkeit_prozent"": 66.7, ""zuletzt_verifiziert"": ""2026-06-06"", ""verifikation_noetig"": false}";2026-06-06;2.0
fürarbfle_14290;14290;1.0;Agentur für Arbeit Flensburg;;Bundesanstalt;Dienststelle der BA;Bund;Flensburg;Schleswig-Holstein;"{""lat"": null, ""lon"": null}";;false;;Agentur für Arbeit;https://www.arbeitsagentur.de;;96.46;2025;;;bmas;Bundesministerium für Arbeit und Soziales (BMAS);Agentur für Arbeit;Aggregiert unter Bundesagentur für Arbeit (BA);"[{""zu_id"": ""bmas"", ""typ"": ""UNTERSTELLT"", ""richtung"": ""eingehend"", ""seit"": null, ""quelle"": null}]";"[""https://www.arbeitsagentur.de""]";"{""vollstaendigkeit_prozent"": 66.7, ""zuletzt_verifiziert"": ""2026-06-06"", ""verifikation_noetig"": false}";2026-06-06;2.0
fürarbfra_14292;14292;1.0;Agentur für Arbeit Frankfurt a. M.;;Bundesanstalt;Dienststelle der BA;Bund;Frankfurt;Hessen;"{""lat"": null, ""lon"": null}";;false;;Agentur für Arbeit;https://www.arbeitsagentur.de;;96.46;2025;;;bmas;Bundesministerium für Arbeit und Soziales (BMAS);Agentur für Arbeit;Aggregiert unter Bundesagentur für Arbeit (BA);"[{""zu_id"": ""bmas"", ""typ"": ""UNTERSTELLT"", ""richtung"": ""eingehend"", ""seit"": null, ""quelle"": null}]";"[""https://www.arbeitsagentur.de""]";"{""vollstaendigkeit_prozent"": 66.7, ""zuletzt_verifiziert"": ""2026-06-06"", ""verifikation_noetig"": false}";2026-06-06;2.0
fürarbfre_14293;14293;1.0;Agentur für Arbeit Freiberg;;Bundesanstalt;Dienststelle der BA;Bund;Freiberg;;"{""lat"": null, ""lon"": null}";;false;;Agentur für Arbeit;https://www.arbeitsagentur.de;;96.46;2025;;;bmas;Bundesministerium für Arbeit und Soziales (BMAS);Agentur für Arbeit;Aggregiert unter Bundesagentur für Arbeit (BA);"[{""zu_id"": ""bmas"", ""typ"": ""UNTERSTELLT"", ""richtung"": ""eingehend"", ""seit"": null, ""quelle"": null}]";"[""https://www.arbeitsagentur.de""]";"{""vollstaendigkeit_prozent"": 58.3, ""zuletzt_verifiziert"": ""2026-06-06"", ""verifikation_noetig"": false}";2026-06-06;2.0
fürarbfre_14294;14294;1.0;Agentur für Arbeit Freiburg;;Bundesanstalt;Dienststelle der BA;Bund;Freiburg;Baden-Württemberg;"{""lat"": null, ""lon"": null}";;false;;Agentur für Arbeit;https://www.arbeitsagentur.de;;96.46;2025;;;bmas;Bundesministerium für Arbeit und Soziales (BMAS);Agentur für Arbeit;Aggregiert unter Bundesagentur für Arbeit (BA);"[{""zu_id"": ""bmas"", ""typ"": ""UNTERSTELLT"", ""richtung"": ""eingehend"", ""seit"": null, ""quelle"": null}]";"[""https://www.arbeitsagentur.de""]";"{""vollstaendigkeit_prozent"": 66.7, ""zuletzt_verifiziert"": ""2026-06-06"", ""verifikation_noetig"": false}";2026-06-06;2.0
fürarbfre_14295;14295;1.0;Agentur für Arbeit Freising;;Bundesanstalt;Dienststelle der BA;Bund;Freising;;"{""lat"": null, ""lon"": null}";;false;;Agentur für Arbeit;https://www.arbeitsagentur.de;;96.46;2025;;;bmas;Bundesministerium für Arbeit und Soziales (BMAS);Agentur für Arbeit;Aggregiert unter Bundesagentur für Arbeit (BA);"[{""zu_id"": ""bmas"", ""typ"": ""UNTERSTELLT"", ""richtung"": ""eingehend"", ""seit"": null, ""quelle"": null}]";"[""https://www.arbeitsagentur.de""]";"{""vollstaendigkeit_prozent"": 58.3, ""zuletzt_verifiziert"": ""2026-06-06"", ""verifikation_noetig"": false}";2026-06-06;2.0
fürarbfür_11080;11080;1.0;Agentur für Arbeit Fürth;;Bundesanstalt;Dienststelle der BA;Bund;Fürth;;"{""lat"": null, ""lon"": null}";;false;;Agentur für Arbeit;https://www.arbeitsagentur.de;;96.46;2025;;;bmas;Bundesministerium für Arbeit und Soziales (BMAS);Agentur für Arbeit;Aggregiert unter Bundesagentur für Arbeit (BA);"[{""zu_id"": ""bmas"", ""typ"": ""UNTERSTELLT"", ""richtung"": ""eingehend"", ""seit"": null, ""quelle"": null}]";"[""https://www.arbeitsagentur.de""]";"{""vollstaendigkeit_prozent"": 58.3, ""zuletzt_verifiziert"": ""2026-06-06"", ""verifikation_noetig"": false}";2026-06-06;2.0
fürarbgel_14296;14296;1.0;Agentur für Arbeit Gelsenkirchen;;Bundesanstalt;Dienststelle der BA;Bund;Gelsenkirchen;Nordrhein-Westfalen;"{""lat"": null, ""lon"": null}";;false;;Agentur für Arbeit;https://www.arbeitsagentur.de;;96.46;2025;;;bmas;Bundesministerium für Arbeit und Soziales (BMAS);Agentur für Arbeit;Aggregiert unter Bundesagentur für Arbeit (BA);"[{""zu_id"": ""bmas"", ""typ"": ""UNTERSTELLT"", ""richtung"": ""eingehend"", ""seit"": null, ""quelle"": null}]";"[""https://www.arbeitsagentur.de""]";"{""vollstaendigkeit_prozent"": 66.7, ""zuletzt_verifiziert"": ""2026-06-06"", ""verifikation_noetig"": false}";2026-06-06;2.0
fürarbgie_14297;14297;1.0;Agentur für Arbeit Gießen;;Bundesanstalt;Dienststelle der BA;Bund;Gießen;;"{""lat"": null, ""lon"": null}";;false;;Agentur für Arbeit;https://www.arbeitsagentur.de;;96.46;2025;;;bmas;Bundesministerium für Arbeit und Soziales (BMAS);Agentur für Arbeit;Aggregiert unter Bundesagentur für Arbeit (BA);"[{""zu_id"": ""bmas"", ""typ"": ""UNTERSTELLT"", ""richtung"": ""eingehend"", ""seit"": null, ""quelle"": null}]";"[""https://www.arbeitsagentur.de""]";"{""vollstaendigkeit_prozent"": 58.3, ""zuletzt_verifiziert"": ""2026-06-06"", ""verifikation_noetig"": false}";2026-06-06;2.0
fürarbgot_14299;14299;1.0;Agentur für Arbeit Gotha;;Bundesanstalt;Dienststelle der BA;Bund;Gotha;;"{""lat"": null, ""lon"": null}";;false;;Agentur für Arbeit;https://www.arbeitsagentur.de;;96.46;2025;;;bmas;Bundesministerium für Arbeit und Soziales (BMAS);Agentur für Arbeit;Aggregiert unter Bundesagentur für Arbeit (BA);"[{""zu_id"": ""bmas"", ""typ"": ""UNTERSTELLT"", ""richtung"": ""eingehend"", ""seit"": null, ""quelle"": null}]";"[""https://www.arbeitsagentur.de""]";"{""vollstaendigkeit_prozent"": 58.3, ""zuletzt_verifiziert"": ""2026-06-06"", ""verifikation_noetig"": false}";2026-06-06;2.0
fürarbgre_14301;14301;1.0;Agentur für Arbeit Greifswald;;Bundesanstalt;Dienststelle der BA;Bund;Greifswald;Mecklenburg-Vorpommern;"{""lat"": null, ""lon"": null}";;false;;Agentur für Arbeit;https://www.arbeitsagentur.de;;96.46;2025;;;bmas;Bundesministerium für Arbeit und Soziales (BMAS);Agentur für Arbeit;Aggregiert unter Bundesagentur für Arbeit (BA);"[{""zu_id"": ""bmas"", ""typ"": ""UNTERSTELLT"", ""richtung"": ""eingehend"", ""seit"": null, ""quelle"": null}]";"[""https://www.arbeitsagentur.de""]";"{""vollstaendigkeit_prozent"": 66.7, ""zuletzt_verifiziert"": ""2026-06-06"", ""verifikation_noetig"": false}";2026-06-06;2.0
fürarbgöp_14298;14298;1.0;Agentur für Arbeit Göppingen;;Bundesanstalt;Dienststelle der BA;Bund;Göppingen;;"{""lat"": null, ""lon"": null}";;false;;Agentur für Arbeit;https://www.arbeitsagentur.de;;96.46;2025;;;bmas;Bundesministerium für Arbeit und Soziales (BMAS);Agentur für Arbeit;Aggregiert unter Bundesagentur für Arbeit (BA);"[{""zu_id"": ""bmas"", ""typ"": ""UNTERSTELLT"", ""richtung"": ""eingehend"", ""seit"": null, ""quelle"": null}]";"[""https://www.arbeitsagentur.de""]";"{""vollstaendigkeit_prozent"": 58.3, ""zuletzt_verifiziert"": ""2026-06-06"", ""verifikation_noetig"": false}";2026-06-06;2.0
fürarbgöt_14300;14300;1.0;Agentur für Arbeit Göttingen;;Bundesanstalt;Dienststelle der BA;Bund;Göttingen;Niedersachsen;"{""lat"": null, ""lon"": null}";;false;;Agentur für Arbeit;https://www.arbeitsagentur.de;;96.46;2025;;;bmas;Bundesministerium für Arbeit und Soziales (BMAS);Agentur für Arbeit;Aggregiert unter Bundesagentur für Arbeit (BA);"[{""zu_id"": ""bmas"", ""typ"": ""UNTERSTELLT"", ""richtung"": ""eingehend"", ""seit"": null, ""quelle"": null}]";"[""https://www.arbeitsagentur.de""]";"{""vollstaendigkeit_prozent"": 66.7, ""zuletzt_verifiziert"": ""2026-06-06"", ""verifikation_noetig"": false}";2026-06-06;2.0
fürarbhag_14302;14302;1.0;Agentur für Arbeit Hagen;;Bundesanstalt;Dienststelle der BA;Bund;Hagen;;"{""lat"": null, ""lon"": null}";;false;;Agentur für Arbeit;https://www.arbeitsagentur.de;;96.46;2025;;;bmas;Bundesministerium für Arbeit und Soziales (BMAS);Agentur für Arbeit;Aggregiert unter Bundesagentur für Arbeit (BA);"[{""zu_id"": ""bmas"", ""typ"": ""UNTERSTELLT"", ""richtung"": ""eingehend"", ""seit"": null, ""quelle"": null}]";"[""https://www.arbeitsagentur.de""]";"{""vollstaendigkeit_prozent"": 58.3, ""zuletzt_verifiziert"": ""2026-06-06"", ""verifikation_noetig"": false}";2026-06-06;2.0
fürarbhal_14303;14303;1.0;Agentur für Arbeit Halberstadt;;Bundesanstalt;Dienststelle der BA;Bund;Halberstadt;;"{""lat"": null, ""lon"": null}";;false;;Agentur für Arbeit;https://www.arbeitsagentur.de;;96.46;2025;;;bmas;Bundesministerium für Arbeit und Soziales (BMAS);Agentur für Arbeit;Aggregiert unter Bundesagentur für Arbeit (BA);"[{""zu_id"": ""bmas"", ""typ"": ""UNTERSTELLT"", ""richtung"": ""eingehend"", ""seit"": null, ""quelle"": null}]";"[""https://www.arbeitsagentur.de""]";"{""vollstaendigkeit_prozent"": 58.3, ""zuletzt_verifiziert"": ""2026-06-06"", ""verifikation_noetig"": false}";2026-06-06;2.0
fürarbhal_14304;14304;1.0;Agentur für Arbeit Halle;;Bundesanstalt;Dienststelle der BA;Bund;Halle;Sachsen-Anhalt;"{""lat"": null, ""lon"": null}";;false;;Agentur für Arbeit;https://www.arbeitsagentur.de;;96.46;2025;;;bmas;Bundesministerium für Arbeit und Soziales (BMAS);Agentur für Arbeit;Aggregiert unter Bundesagentur für Arbeit (BA);"[{""zu_id"": ""bmas"", ""typ"": ""UNTERSTELLT"", ""richtung"": ""eingehend"", ""seit"": null, ""quelle"": null}]";"[""https://www.arbeitsagentur.de""]";"{""vollstaendigkeit_prozent"": 66.7, ""zuletzt_verifiziert"": ""2026-06-06"", ""verifikation_noetig"": false}";2026-06-06;2.0
fürarbham_13631;13631;1.0;Agentur für Arbeit Hamburg;;Bundesanstalt;Dienststelle der BA;Bund;Hamburg;Hamburg;"{""lat"": null, ""lon"": null}";;false;;Agentur für Arbeit;https://www.arbeitsagentur.de;;96.46;2025;;;bmas;Bundesministerium für Arbeit und Soziales (BMAS);Agentur für Arbeit;Aggregiert unter Bundesagentur für Arbeit (BA);"[{""zu_id"": ""bmas"", ""typ"": ""UNTERSTELLT"", ""richtung"": ""eingehend"", ""seit"": null, ""quelle"": null}]";"[""https://www.arbeitsagentur.de""]";"{""vollstaendigkeit_prozent"": 66.7, ""zuletzt_verifiziert"": ""2026-06-06"", ""verifikation_noetig"": false}";2026-06-06;2.0
fürarbham_14306;14306;1.0;Agentur für Arbeit Hamm;;Bundesanstalt;Dienststelle der BA;Bund;Hamm;;"{""lat"": null, ""lon"": null}";;false;;Agentur für Arbeit;https://www.arbeitsagentur.de;;96.46;2025;;;bmas;Bundesministerium für Arbeit und Soziales (BMAS);Agentur für Arbeit;Aggregiert unter Bundesagentur für Arbeit (BA);"[{""zu_id"": ""bmas"", ""typ"": ""UNTERSTELLT"", ""richtung"": ""eingehend"", ""seit"": null, ""quelle"": null}]";"[""https://www.arbeitsagentur.de""]";"{""vollstaendigkeit_prozent"": 58.3, ""zuletzt_verifiziert"": ""2026-06-06"", ""verifikation_noetig"": false}";2026-06-06;2.0
fürarbhan_14307;14307;1.0;Agentur für Arbeit Hanau;;Bundesanstalt;Dienststelle der BA;Bund;Hanau;;"{""lat"": null, ""lon"": null}";;false;;Agentur für Arbeit;https://www.arbeitsagentur.de;;96.46;2025;;;bmas;Bundesministerium für Arbeit und Soziales (BMAS);Agentur für Arbeit;Aggregiert unter Bundesagentur für Arbeit (BA);"[{""zu_id"": ""bmas"", ""typ"": ""UNTERSTELLT"", ""richtung"": ""eingehend"", ""seit"": null, ""quelle"": null}]";"[""https://www.arbeitsagentur.de""]";"{""vollstaendigkeit_prozent"": 58.3, ""zuletzt_verifiziert"": ""2026-06-06"", ""verifikation_noetig"": false}";2026-06-06;2.0
fürarbhan_14308;14308;1.0;Agentur für Arbeit Hannover;;Bundesanstalt;Dienststelle der BA;Bund;Hannover;Niedersachsen;"{""lat"": null, ""lon"": null}";;false;;Agentur für Arbeit;https://www.arbeitsagentur.de;;96.46;2025;;;bmas;Bundesministerium für Arbeit und Soziales (BMAS);Agentur für Arbeit;Aggregiert unter Bundesagentur für Arbeit (BA);"[{""zu_id"": ""bmas"", ""typ"": ""UNTERSTELLT"", ""richtung"": ""eingehend"", ""seit"": null, ""quelle"": null}]";"[""https://www.arbeitsagentur.de""]";"{""vollstaendigkeit_prozent"": 66.7, ""zuletzt_verifiziert"": ""2026-06-06"", ""verifikation_noetig"": false}";2026-06-06;2.0
fürarbhei_14309;14309;1.0;Agentur für Arbeit Heide;;Bundesanstalt;Dienststelle der BA;Bund;Heide;;"{""lat"": null, ""lon"": null}";;false;;Agentur für Arbeit;https://www.arbeitsagentur.de;;96.46;2025;;;bmas;Bundesministerium für Arbeit und Soziales (BMAS);Agentur für Arbeit;Aggregiert unter Bundesagentur für Arbeit (BA);"[{""zu_id"": ""bmas"", ""typ"": ""UNTERSTELLT"", ""richtung"": ""eingehend"", ""seit"": null, ""quelle"": null}]";"[""https://www.arbeitsagentur.de""]";"{""vollstaendigkeit_prozent"": 58.3, ""zuletzt_verifiziert"": ""2026-06-06"", ""verifikation_noetig"": false}";2026-06-06;2.0
fürarbhei_14310;14310;1.0;Agentur für Arbeit Heidelberg;;Bundesanstalt;Dienststelle der BA;Bund;Heidelberg;Baden-Württemberg;"{""lat"": null, ""lon"": null}";;false;;Agentur für Arbeit;https://www.arbeitsagentur.de;;96.46;2025;;;bmas;Bundesministerium für Arbeit und Soziales (BMAS);Agentur für Arbeit;Aggregiert unter Bundesagentur für Arbeit (BA);"[{""zu_id"": ""bmas"", ""typ"": ""UNTERSTELLT"", ""richtung"": ""eingehend"", ""seit"": null, ""quelle"": null}]";"[""https://www.arbeitsagentur.de""]";"{""vollstaendigkeit_prozent"": 66.7, ""zuletzt_verifiziert"": ""2026-06-06"", ""verifikation_noetig"": false}";2026-06-06;2.0
fürarbhei_14311;14311;1.0;Agentur für Arbeit Heilbronn;;Bundesanstalt;Dienststelle der BA;Bund;Heilbronn;Baden-Württemberg;"{""lat"": null, ""lon"": null}";;false;;Agentur für Arbeit;https://www.arbeitsagentur.de;;96.46;2025;;;bmas;Bundesministerium für Arbeit und Soziales (BMAS);Agentur für Arbeit;Aggregiert unter Bundesagentur für Arbeit (BA);"[{""zu_id"": ""bmas"", ""typ"": ""UNTERSTELLT"", ""richtung"": ""eingehend"", ""seit"": null, ""quelle"": null}]";"[""https://www.arbeitsagentur.de""]";"{""vollstaendigkeit_prozent"": 66.7, ""zuletzt_verifiziert"": ""2026-06-06"", ""verifikation_noetig"": false}";2026-06-06;2.0
fürarbhel_14312;14312;1.0;Agentur für Arbeit Helmstedt;;Bundesanstalt;Dienststelle der BA;Bund;Helmstedt;;"{""lat"": null, ""lon"": null}";;false;;Agentur für Arbeit;https://www.arbeitsagentur.de;;96.46;2025;;;bmas;Bundesministerium für Arbeit und Soziales (BMAS);Agentur für Arbeit;Aggregiert unter Bundesagentur für Arbeit (BA);"[{""zu_id"": ""bmas"", ""typ"": ""UNTERSTELLT"", ""richtung"": ""eingehend"", ""seit"": null, ""quelle"": null}]";"[""https://www.arbeitsagentur.de""]";"{""vollstaendigkeit_prozent"": 58.3, ""zuletzt_verifiziert"": ""2026-06-06"", ""verifikation_noetig"": false}";2026-06-06;2.0
fürarbher_14313;14313;1.0;Agentur für Arbeit Herford;;Bundesanstalt;Dienststelle der BA;Bund;Herford;;"{""lat"": null, ""lon"": null}";;false;;Agentur für Arbeit;https://www.arbeitsagentur.de;;96.46;2025;;;bmas;Bundesministerium für Arbeit und Soziales (BMAS);Agentur für Arbeit;Aggregiert unter Bundesagentur für Arbeit (BA);"[{""zu_id"": ""bmas"", ""typ"": ""UNTERSTELLT"", ""richtung"": ""eingehend"", ""seit"": null, ""quelle"": null}]";"[""https://www.arbeitsagentur.de""]";"{""vollstaendigkeit_prozent"": 58.3, ""zuletzt_verifiziert"": ""2026-06-06"", ""verifikation_noetig"": false}";2026-06-06;2.0
fürarbheu_5769;5769;1.0;Agentur für Arbeit Heusweiler;;Bundesanstalt;Dienststelle der BA;Bund;Heusweiler;;"{""lat"": null, ""lon"": null}";;false;;Agentur für Arbeit;https://www.arbeitsagentur.de;;96.46;2025;;;bmas;Bundesministerium für Arbeit und Soziales (BMAS);Agentur für Arbeit;Aggregiert unter Bundesagentur für Arbeit (BA);"[{""zu_id"": ""bmas"", ""typ"": ""UNTERSTELLT"", ""richtung"": ""eingehend"", ""seit"": null, ""quelle"": null}]";"[""https://www.arbeitsagentur.de""]";"{""vollstaendigkeit_prozent"": 58.3, ""zuletzt_verifiziert"": ""2026-06-06"", ""verifikation_noetig"": false}";2026-06-06;2.0
fürarbhil_14314;14314;1.0;Agentur für Arbeit Hildesheim;;Bundesanstalt;Dienststelle der BA;Bund;Hildesheim;;"{""lat"": null, ""lon"": null}";;false;;Agentur für Arbeit;https://www.arbeitsagentur.de;;96.46;2025;;;bmas;Bundesministerium für Arbeit und Soziales (BMAS);Agentur für Arbeit;Aggregiert unter Bundesagentur für Arbeit (BA);"[{""zu_id"": ""bmas"", ""typ"": ""UNTERSTELLT"", ""richtung"": ""eingehend"", ""seit"": null, ""quelle"": null}]";"[""https://www.arbeitsagentur.de""]";"{""vollstaendigkeit_prozent"": 58.3, ""zuletzt_verifiziert"": ""2026-06-06"", ""verifikation_noetig"": false}";2026-06-06;2.0
fürarbhofgesmün_11081;11081;1.0;Agentur für Arbeit Hof, Geschäftsstelle Münchberg;;Bundesanstalt;Dienststelle der BA;Bund;Hof;;"{""lat"": null, ""lon"": null}";;false;;Agentur für Arbeit;https://www.arbeitsagentur.de;;96.46;2025;;;bmas;Bundesministerium für Arbeit und Soziales (BMAS);Agentur für Arbeit;Aggregiert unter Bundesagentur für Arbeit (BA);"[{""zu_id"": ""bmas"", ""typ"": ""UNTERSTELLT"", ""richtung"": ""eingehend"", ""seit"": null, ""quelle"": null}]";"[""https://www.arbeitsagentur.de""]";"{""vollstaendigkeit_prozent"": 58.3, ""zuletzt_verifiziert"": ""2026-06-06"", ""verifikation_noetig"": false}";2026-06-06;2.0
fürarbhom_5770;5770;1.0;Agentur für Arbeit Homburg;;Bundesanstalt;Dienststelle der BA;Bund;Homburg;;"{""lat"": null, ""lon"": null}";;false;;Agentur für Arbeit;https://www.arbeitsagentur.de;;96.46;2025;;;bmas;Bundesministerium für Arbeit und Soziales (BMAS);Agentur für Arbeit;Aggregiert unter Bundesagentur für Arbeit (BA);"[{""zu_id"": ""bmas"", ""typ"": ""UNTERSTELLT"", ""richtung"": ""eingehend"", ""seit"": null, ""quelle"": null}]";"[""https://www.arbeitsagentur.de""]";"{""vollstaendigkeit_prozent"": 58.3, ""zuletzt_verifiziert"": ""2026-06-06"", ""verifikation_noetig"": false}";2026-06-06;2.0
fürarbing_11082;11082;1.0;Agentur für Arbeit Ingolstadt;;Bundesanstalt;Dienststelle der BA;Bund;Ingolstadt;Bayern;"{""lat"": null, ""lon"": null}";;false;;Agentur für Arbeit;https://www.arbeitsagentur.de;;96.46;2025;;;bmas;Bundesministerium für Arbeit und Soziales (BMAS);Agentur für Arbeit;Aggregiert unter Bundesagentur für Arbeit (BA);"[{""zu_id"": ""bmas"", ""typ"": ""UNTERSTELLT"", ""richtung"": ""eingehend"", ""seit"": null, ""quelle"": null}]";"[""https://www.arbeitsagentur.de""]";"{""vollstaendigkeit_prozent"": 66.7, ""zuletzt_verifiziert"": ""2026-06-06"", ""verifikation_noetig"": false}";2026-06-06;2.0
fürarbing_5776;5776;1.0;Agentur für Arbeit St. Ingbert;;Bundesanstalt;Dienststelle der BA;Bund;St. Ingbert;;"{""lat"": null, ""lon"": null}";;false;;Agentur für Arbeit;https://www.arbeitsagentur.de;;96.46;2025;;;bmas;Bundesministerium für Arbeit und Soziales (BMAS);Agentur für Arbeit;Aggregiert unter Bundesagentur für Arbeit (BA);"[{""zu_id"": ""bmas"", ""typ"": ""UNTERSTELLT"", ""richtung"": ""eingehend"", ""seit"": null, ""quelle"": null}]";"[""https://www.arbeitsagentur.de""]";"{""vollstaendigkeit_prozent"": 58.3, ""zuletzt_verifiziert"": ""2026-06-06"", ""verifikation_noetig"": false}";2026-06-06;2.0
fürarbise_14315;14315;1.0;Agentur für Arbeit Iserlohn;;Bundesanstalt;Dienststelle der BA;Bund;Iserlohn;;"{""lat"": null, ""lon"": null}";;false;;Agentur für Arbeit;https://www.arbeitsagentur.de;;96.46;2025;;;bmas;Bundesministerium für Arbeit und Soziales (BMAS);Agentur für Arbeit;Aggregiert unter Bundesagentur für Arbeit (BA);"[{""zu_id"": ""bmas"", ""typ"": ""UNTERSTELLT"", ""richtung"": ""eingehend"", ""seit"": null, ""quelle"": null}]";"[""https://www.arbeitsagentur.de""]";"{""vollstaendigkeit_prozent"": 58.3, ""zuletzt_verifiziert"": ""2026-06-06"", ""verifikation_noetig"": false}";2026-06-06;2.0
fürarbjen_14316;14316;1.0;Agentur für Arbeit Jena;;Bundesanstalt;Dienststelle der BA;Bund;Jena;Thüringen;"{""lat"": null, ""lon"": null}";;false;;Agentur für Arbeit;https://www.arbeitsagentur.de;;96.46;2025;;;bmas;Bundesministerium für Arbeit und Soziales (BMAS);Agentur für Arbeit;Aggregiert unter Bundesagentur für Arbeit (BA);"[{""zu_id"": ""bmas"", ""typ"": ""UNTERSTELLT"", ""richtung"": ""eingehend"", ""seit"": null, ""quelle"": null}]";"[""https://www.arbeitsagentur.de""]";"{""vollstaendigkeit_prozent"": 66.7, ""zuletzt_verifiziert"": ""2026-06-06"", ""verifikation_noetig"": false}";2026-06-06;2.0
fürarbkaipir_14317;14317;1.0;Agentur für Arbeit Kaiserslautern – Pirmasens;;Bundesanstalt;Dienststelle der BA;Bund;Kaiserslautern;;"{""lat"": null, ""lon"": null}";;false;;Agentur für Arbeit;https://www.arbeitsagentur.de;;96.46;2025;;;bmas;Bundesministerium für Arbeit und Soziales (BMAS);Agentur für Arbeit;Aggregiert unter Bundesagentur für Arbeit (BA);"[{""zu_id"": ""bmas"", ""typ"": ""UNTERSTELLT"", ""richtung"": ""eingehend"", ""seit"": null, ""quelle"": null}]";"[""https://www.arbeitsagentur.de""]";"{""vollstaendigkeit_prozent"": 58.3, ""zuletzt_verifiziert"": ""2026-06-06"", ""verifikation_noetig"": false}";2026-06-06;2.0
fürarbkarras_4360;4360;1.0;Agentur für Arbeit Karlsruhe-Rastatt;;Bundesanstalt;Dienststelle der BA;Bund;Karlsruhe;Baden-Württemberg;"{""lat"": null, ""lon"": null}";;false;;Agentur für Arbeit;https://www.arbeitsagentur.de;;96.46;2025;;;bmas;Bundesministerium für Arbeit und Soziales (BMAS);Agentur für Arbeit;Aggregiert unter Bundesagentur für Arbeit (BA);"[{""zu_id"": ""bmas"", ""typ"": ""UNTERSTELLT"", ""richtung"": ""eingehend"", ""seit"": null, ""quelle"": null}]";"[""https://www.arbeitsagentur.de""]";"{""vollstaendigkeit_prozent"": 66.7, ""zuletzt_verifiziert"": ""2026-06-06"", ""verifikation_noetig"": false}";2026-06-06;2.0
fürarbkas_14318;14318;1.0;Agentur für Arbeit Kassel;;Bundesanstalt;Dienststelle der BA;Bund;Kassel;Hessen;"{""lat"": null, ""lon"": null}";;false;;Agentur für Arbeit;https://www.arbeitsagentur.de;;96.46;2025;;;bmas;Bundesministerium für Arbeit und Soziales (BMAS);Agentur für Arbeit;Aggregiert unter Bundesagentur für Arbeit (BA);"[{""zu_id"": ""bmas"", ""typ"": ""UNTERSTELLT"", ""richtung"": ""eingehend"", ""seit"": null, ""quelle"": null}]";"[""https://www.arbeitsagentur.de""]";"{""vollstaendigkeit_prozent"": 66.7, ""zuletzt_verifiziert"": ""2026-06-06"", ""verifikation_noetig"": false}";2026-06-06;2.0
fürarbkemmem_11083;11083;1.0;Agentur für Arbeit Kempten-Memmingen;;Bundesanstalt;Dienststelle der BA;Bund;Kempten;Bayern;"{""lat"": null, ""lon"": null}";;false;;Agentur für Arbeit;https://www.arbeitsagentur.de;;96.46;2025;;;bmas;Bundesministerium für Arbeit und Soziales (BMAS);Agentur für Arbeit;Aggregiert unter Bundesagentur für Arbeit (BA);"[{""zu_id"": ""bmas"", ""typ"": ""UNTERSTELLT"", ""richtung"": ""eingehend"", ""seit"": null, ""quelle"": null}]";"[""https://www.arbeitsagentur.de""]";"{""vollstaendigkeit_prozent"": 66.7, ""zuletzt_verifiziert"": ""2026-06-06"", ""verifikation_noetig"": false}";2026-06-06;2.0
fürarbkie_14319;14319;1.0;Agentur für Arbeit Kiel;;Bundesanstalt;Dienststelle der BA;Bund;Kiel;Schleswig-Holstein;"{""lat"": null, ""lon"": null}";;false;;Agentur für Arbeit;https://www.arbeitsagentur.de;;96.46;2025;;;bmas;Bundesministerium für Arbeit und Soziales (BMAS);Agentur für Arbeit;Aggregiert unter Bundesagentur für Arbeit (BA);"[{""zu_id"": ""bmas"", ""typ"": ""UNTERSTELLT"", ""richtung"": ""eingehend"", ""seit"": null, ""quelle"": null}]";"[""https://www.arbeitsagentur.de""]";"{""vollstaendigkeit_prozent"": 66.7, ""zuletzt_verifiziert"": ""2026-06-06"", ""verifikation_noetig"": false}";2026-06-06;2.0
fürarbkobmay_14320;14320;1.0;Agentur für Arbeit Koblenz – Mayen;;Bundesanstalt;Dienststelle der BA;Bund;Koblenz;Rheinland-Pfalz;"{""lat"": null, ""lon"": null}";;false;;Agentur für Arbeit;https://www.arbeitsagentur.de;;96.46;2025;;;bmas;Bundesministerium für Arbeit und Soziales (BMAS);Agentur für Arbeit;Aggregiert unter Bundesagentur für Arbeit (BA);"[{""zu_id"": ""bmas"", ""typ"": ""UNTERSTELLT"", ""richtung"": ""eingehend"", ""seit"": null, ""quelle"": null}]";"[""https://www.arbeitsagentur.de""]";"{""vollstaendigkeit_prozent"": 66.7, ""zuletzt_verifiziert"": ""2026-06-06"", ""verifikation_noetig"": false}";2026-06-06;2.0
fürarbkonrav_14322;14322;1.0;Agentur für Arbeit Konstanz – Ravensburg;;Bundesanstalt;Dienststelle der BA;Bund;Konstanz;;"{""lat"": null, ""lon"": null}";;false;;Agentur für Arbeit;https://www.arbeitsagentur.de;;96.46;2025;;;bmas;Bundesministerium für Arbeit und Soziales (BMAS);Agentur für Arbeit;Aggregiert unter Bundesagentur für Arbeit (BA);"[{""zu_id"": ""bmas"", ""typ"": ""UNTERSTELLT"", ""richtung"": ""eingehend"", ""seit"": null, ""quelle"": null}]";"[""https://www.arbeitsagentur.de""]";"{""vollstaendigkeit_prozent"": 58.3, ""zuletzt_verifiziert"": ""2026-06-06"", ""verifikation_noetig"": false}";2026-06-06;2.0
fürarbkor_14323;14323;1.0;Agentur für Arbeit Korbach;;Bundesanstalt;Dienststelle der BA;Bund;Korbach;;"{""lat"": null, ""lon"": null}";;false;;Agentur für Arbeit;https://www.arbeitsagentur.de;;96.46;2025;;;bmas;Bundesministerium für Arbeit und Soziales (BMAS);Agentur für Arbeit;Aggregiert unter Bundesagentur für Arbeit (BA);"[{""zu_id"": ""bmas"", ""typ"": ""UNTERSTELLT"", ""richtung"": ""eingehend"", ""seit"": null, ""quelle"": null}]";"[""https://www.arbeitsagentur.de""]";"{""vollstaendigkeit_prozent"": 58.3, ""zuletzt_verifiziert"": ""2026-06-06"", ""verifikation_noetig"": false}";2026-06-06;2.0
fürarbkre_14324;14324;1.0;Agentur für Arbeit Krefeld;;Bundesanstalt;Dienststelle der BA;Bund;Krefeld;Nordrhein-Westfalen;"{""lat"": null, ""lon"": null}";;false;;Agentur für Arbeit;https://www.arbeitsagentur.de;;96.46;2025;;;bmas;Bundesministerium für Arbeit und Soziales (BMAS);Agentur für Arbeit;Aggregiert unter Bundesagentur für Arbeit (BA);"[{""zu_id"": ""bmas"", ""typ"": ""UNTERSTELLT"", ""richtung"": ""eingehend"", ""seit"": null, ""quelle"": null}]";"[""https://www.arbeitsagentur.de""]";"{""vollstaendigkeit_prozent"": 66.7, ""zuletzt_verifiziert"": ""2026-06-06"", ""verifikation_noetig"": false}";2026-06-06;2.0
fürarbköl_14321;14321;1.0;Agentur für Arbeit Köln;;Bundesanstalt;Dienststelle der BA;Bund;Köln;Nordrhein-Westfalen;"{""lat"": null, ""lon"": null}";;false;;Agentur für Arbeit;https://www.arbeitsagentur.de;;96.46;2025;;;bmas;Bundesministerium für Arbeit und Soziales (BMAS);Agentur für Arbeit;Aggregiert unter Bundesagentur für Arbeit (BA);"[{""zu_id"": ""bmas"", ""typ"": ""UNTERSTELLT"", ""richtung"": ""eingehend"", ""seit"": null, ""quelle"": null}]";"[""https://www.arbeitsagentur.de""]";"{""vollstaendigkeit_prozent"": 66.7, ""zuletzt_verifiziert"": ""2026-06-06"", ""verifikation_noetig"": false}";2026-06-06;2.0
fürarblan_14325;14325;1.0;Agentur für Arbeit Landau;;Bundesanstalt;Dienststelle der BA;Bund;Landau;;"{""lat"": null, ""lon"": null}";;false;;Agentur für Arbeit;https://www.arbeitsagentur.de;;96.46;2025;;;bmas;Bundesministerium für Arbeit und Soziales (BMAS);Agentur für Arbeit;Aggregiert unter Bundesagentur für Arbeit (BA);"[{""zu_id"": ""bmas"", ""typ"": ""UNTERSTELLT"", ""richtung"": ""eingehend"", ""seit"": null, ""quelle"": null}]";"[""https://www.arbeitsagentur.de""]";"{""vollstaendigkeit_prozent"": 58.3, ""zuletzt_verifiziert"": ""2026-06-06"", ""verifikation_noetig"": false}";2026-06-06;2.0
fürarblanpfa_11084;11084;1.0;Agentur für Arbeit Landshut-Pfarrkirchen;;Bundesanstalt;Dienststelle der BA;Bund;Landshut;Bayern;"{""lat"": null, ""lon"": null}";;false;;Agentur für Arbeit;https://www.arbeitsagentur.de;;96.46;2025;;;bmas;Bundesministerium für Arbeit und Soziales (BMAS);Agentur für Arbeit;Aggregiert unter Bundesagentur für Arbeit (BA);"[{""zu_id"": ""bmas"", ""typ"": ""UNTERSTELLT"", ""richtung"": ""eingehend"", ""seit"": null, ""quelle"": null}]";"[""https://www.arbeitsagentur.de""]";"{""vollstaendigkeit_prozent"": 66.7, ""zuletzt_verifiziert"": ""2026-06-06"", ""verifikation_noetig"": false}";2026-06-06;2.0
fürarbleb_5771;5771;1.0;Agentur für Arbeit Lebach;;Bundesanstalt;Dienststelle der BA;Bund;Lebach;;"{""lat"": null, ""lon"": null}";;false;;Agentur für Arbeit;https://www.arbeitsagentur.de;;96.46;2025;;;bmas;Bundesministerium für Arbeit und Soziales (BMAS);Agentur für Arbeit;Aggregiert unter Bundesagentur für Arbeit (BA);"[{""zu_id"": ""bmas"", ""typ"": ""UNTERSTELLT"", ""richtung"": ""eingehend"", ""seit"": null, ""quelle"": null}]";"[""https://www.arbeitsagentur.de""]";"{""vollstaendigkeit_prozent"": 58.3, ""zuletzt_verifiziert"": ""2026-06-06"", ""verifikation_noetig"": false}";2026-06-06;2.0
fürarblei_14326;14326;1.0;Agentur für Arbeit Leipzig;;Bundesanstalt;Dienststelle der BA;Bund;Leipzig;Sachsen;"{""lat"": null, ""lon"": null}";;false;;Agentur für Arbeit;https://www.arbeitsagentur.de;;96.46;2025;;;bmas;Bundesministerium für Arbeit und Soziales (BMAS);Agentur für Arbeit;Aggregiert unter Bundesagentur für Arbeit (BA);"[{""zu_id"": ""bmas"", ""typ"": ""UNTERSTELLT"", ""richtung"": ""eingehend"", ""seit"": null, ""quelle"": null}]";"[""https://www.arbeitsagentur.de""]";"{""vollstaendigkeit_prozent"": 66.7, ""zuletzt_verifiziert"": ""2026-06-06"", ""verifikation_noetig"": false}";2026-06-06;2.0
fürarblimwet_14327;14327;1.0;Agentur für Arbeit Limburg – Wetzlar;;Bundesanstalt;Dienststelle der BA;Bund;Limburg – Wetzlar;;"{""lat"": null, ""lon"": null}";;false;;Agentur für Arbeit;https://www.arbeitsagentur.de;;96.46;2025;;;bmas;Bundesministerium für Arbeit und Soziales (BMAS);Agentur für Arbeit;Aggregiert unter Bundesagentur für Arbeit (BA);"[{""zu_id"": ""bmas"", ""typ"": ""UNTERSTELLT"", ""richtung"": ""eingehend"", ""seit"": null, ""quelle"": null}]";"[""https://www.arbeitsagentur.de""]";"{""vollstaendigkeit_prozent"": 58.3, ""zuletzt_verifiziert"": ""2026-06-06"", ""verifikation_noetig"": false}";2026-06-06;2.0
fürarblud_14330;14330;1.0;Agentur für Arbeit Ludwigsburg;;Bundesanstalt;Dienststelle der BA;Bund;Ludwigsburg;;"{""lat"": null, ""lon"": null}";;false;;Agentur für Arbeit;https://www.arbeitsagentur.de;;96.46;2025;;;bmas;Bundesministerium für Arbeit und Soziales (BMAS);Agentur für Arbeit;Aggregiert unter Bundesagentur für Arbeit (BA);"[{""zu_id"": ""bmas"", ""typ"": ""UNTERSTELLT"", ""richtung"": ""eingehend"", ""seit"": null, ""quelle"": null}]";"[""https://www.arbeitsagentur.de""]";"{""vollstaendigkeit_prozent"": 58.3, ""zuletzt_verifiziert"": ""2026-06-06"", ""verifikation_noetig"": false}";2026-06-06;2.0
fürarblud_14331;14331;1.0;Agentur für Arbeit Ludwigshafen;;Bundesanstalt;Dienststelle der BA;Bund;Ludwigshafen;;"{""lat"": null, ""lon"": null}";;false;;Agentur für Arbeit;https://www.arbeitsagentur.de;;96.46;2025;;;bmas;Bundesministerium für Arbeit und Soziales (BMAS);Agentur für Arbeit;Aggregiert unter Bundesagentur für Arbeit (BA);"[{""zu_id"": ""bmas"", ""typ"": ""UNTERSTELLT"", ""richtung"": ""eingehend"", ""seit"": null, ""quelle"": null}]";"[""https://www.arbeitsagentur.de""]";"{""vollstaendigkeit_prozent"": 58.3, ""zuletzt_verifiziert"": ""2026-06-06"", ""verifikation_noetig"": false}";2026-06-06;2.0
fürarblör_14328;14328;1.0;Agentur für Arbeit Lörrach;;Bundesanstalt;Dienststelle der BA;Bund;Lörrach;;"{""lat"": null, ""lon"": null}";;false;;Agentur für Arbeit;https://www.arbeitsagentur.de;;96.46;2025;;;bmas;Bundesministerium für Arbeit und Soziales (BMAS);Agentur für Arbeit;Aggregiert unter Bundesagentur für Arbeit (BA);"[{""zu_id"": ""bmas"", ""typ"": ""UNTERSTELLT"", ""richtung"": ""eingehend"", ""seit"": null, ""quelle"": null}]";"[""https://www.arbeitsagentur.de""]";"{""vollstaendigkeit_prozent"": 58.3, ""zuletzt_verifiziert"": ""2026-06-06"", ""verifikation_noetig"": false}";2026-06-06;2.0
fürarblüb_14329;14329;1.0;Agentur für Arbeit Lübeck;;Bundesanstalt;Dienststelle der BA;Bund;Lübeck;Schleswig-Holstein;"{""lat"": null, ""lon"": null}";;false;;Agentur für Arbeit;https://www.arbeitsagentur.de;;96.46;2025;;;bmas;Bundesministerium für Arbeit und Soziales (BMAS);Agentur für Arbeit;Aggregiert unter Bundesagentur für Arbeit (BA);"[{""zu_id"": ""bmas"", ""typ"": ""UNTERSTELLT"", ""richtung"": ""eingehend"", ""seit"": null, ""quelle"": null}]";"[""https://www.arbeitsagentur.de""]";"{""vollstaendigkeit_prozent"": 66.7, ""zuletzt_verifiziert"": ""2026-06-06"", ""verifikation_noetig"": false}";2026-06-06;2.0
fürarblünuel_14332;14332;1.0;Agentur für Arbeit Lüneburg – Uelzen;;Bundesanstalt;Dienststelle der BA;Bund;Lüneburg – Uelzen;;"{""lat"": null, ""lon"": null}";;false;;Agentur für Arbeit;https://www.arbeitsagentur.de;;96.46;2025;;;bmas;Bundesministerium für Arbeit und Soziales (BMAS);Agentur für Arbeit;Aggregiert unter Bundesagentur für Arbeit (BA);"[{""zu_id"": ""bmas"", ""typ"": ""UNTERSTELLT"", ""richtung"": ""eingehend"", ""seit"": null, ""quelle"": null}]";"[""https://www.arbeitsagentur.de""]";"{""vollstaendigkeit_prozent"": 58.3, ""zuletzt_verifiziert"": ""2026-06-06"", ""verifikation_noetig"": false}";2026-06-06;2.0
fürarbmag_14333;14333;1.0;Agentur für Arbeit Magdeburg;;Bundesanstalt;Dienststelle der BA;Bund;Magdeburg;Sachsen-Anhalt;"{""lat"": null, ""lon"": null}";;false;;Agentur für Arbeit;https://www.arbeitsagentur.de;;96.46;2025;;;bmas;Bundesministerium für Arbeit und Soziales (BMAS);Agentur für Arbeit;Aggregiert unter Bundesagentur für Arbeit (BA);"[{""zu_id"": ""bmas"", ""typ"": ""UNTERSTELLT"", ""richtung"": ""eingehend"", ""seit"": null, ""quelle"": null}]";"[""https://www.arbeitsagentur.de""]";"{""vollstaendigkeit_prozent"": 66.7, ""zuletzt_verifiziert"": ""2026-06-06"", ""verifikation_noetig"": false}";2026-06-06;2.0
fürarbmai_14334;14334;1.0;Agentur für Arbeit Mainz;;Bundesanstalt;Dienststelle der BA;Bund;Mainz;Rheinland-Pfalz;"{""lat"": null, ""lon"": null}";;false;;Agentur für Arbeit;https://www.arbeitsagentur.de;;96.46;2025;;;bmas;Bundesministerium für Arbeit und Soziales (BMAS);Agentur für Arbeit;Aggregiert unter Bundesagentur für Arbeit (BA);"[{""zu_id"": ""bmas"", ""typ"": ""UNTERSTELLT"", ""richtung"": ""eingehend"", ""seit"": null, ""quelle"": null}]";"[""https://www.arbeitsagentur.de""]";"{""vollstaendigkeit_prozent"": 66.7, ""zuletzt_verifiziert"": ""2026-06-06"", ""verifikation_noetig"": false}";2026-06-06;2.0
fürarbman_14335;14335;1.0;Agentur für Arbeit Mannheim;;Bundesanstalt;Dienststelle der BA;Bund;Mannheim;Baden-Württemberg;"{""lat"": null, ""lon"": null}";;false;;Agentur für Arbeit;https://www.arbeitsagentur.de;;96.46;2025;;;bmas;Bundesministerium für Arbeit und Soziales (BMAS);Agentur für Arbeit;Aggregiert unter Bundesagentur für Arbeit (BA);"[{""zu_id"": ""bmas"", ""typ"": ""UNTERSTELLT"", ""richtung"": ""eingehend"", ""seit"": null, ""quelle"": null}]";"[""https://www.arbeitsagentur.de""]";"{""vollstaendigkeit_prozent"": 66.7, ""zuletzt_verifiziert"": ""2026-06-06"", ""verifikation_noetig"": false}";2026-06-06;2.0
fürarbmar_14336;14336;1.0;Agentur für Arbeit Marburg;;Bundesanstalt;Dienststelle der BA;Bund;Marburg;Hessen;"{""lat"": null, ""lon"": null}";;false;;Agentur für Arbeit;https://www.arbeitsagentur.de;;96.46;2025;;;bmas;Bundesministerium für Arbeit und Soziales (BMAS);Agentur für Arbeit;Aggregiert unter Bundesagentur für Arbeit (BA);"[{""zu_id"": ""bmas"", ""typ"": ""UNTERSTELLT"", ""richtung"": ""eingehend"", ""seit"": null, ""quelle"": null}]";"[""https://www.arbeitsagentur.de""]";"{""vollstaendigkeit_prozent"": 66.7, ""zuletzt_verifiziert"": ""2026-06-06"", ""verifikation_noetig"": false}";2026-06-06;2.0
fürarbmer_5772;5772;1.0;Agentur für Arbeit Merzig;;Bundesanstalt;Dienststelle der BA;Bund;Merzig;;"{""lat"": null, ""lon"": null}";;false;;Agentur für Arbeit;https://www.arbeitsagentur.de;;96.46;2025;;;bmas;Bundesministerium für Arbeit und Soziales (BMAS);Agentur für Arbeit;Aggregiert unter Bundesagentur für Arbeit (BA);"[{""zu_id"": ""bmas"", ""typ"": ""UNTERSTELLT"", ""richtung"": ""eingehend"", ""seit"": null, ""quelle"": null}]";"[""https://www.arbeitsagentur.de""]";"{""vollstaendigkeit_prozent"": 58.3, ""zuletzt_verifiziert"": ""2026-06-06"", ""verifikation_noetig"": false}";2026-06-06;2.0
fürarbmessoe_14337;14337;1.0;Agentur für Arbeit Meschede – Soest;;Bundesanstalt;Dienststelle der BA;Bund;Meschede – Soest;;"{""lat"": null, ""lon"": null}";;false;;Agentur für Arbeit;https://www.arbeitsagentur.de;;96.46;2025;;;bmas;Bundesministerium für Arbeit und Soziales (BMAS);Agentur für Arbeit;Aggregiert unter Bundesagentur für Arbeit (BA);"[{""zu_id"": ""bmas"", ""typ"": ""UNTERSTELLT"", ""richtung"": ""eingehend"", ""seit"": null, ""quelle"": null}]";"[""https://www.arbeitsagentur.de""]";"{""vollstaendigkeit_prozent"": 58.3, ""zuletzt_verifiziert"": ""2026-06-06"", ""verifikation_noetig"": false}";2026-06-06;2.0
fürarbmet_14338;14338;1.0;Agentur für Arbeit Mettmann;;Bundesanstalt;Dienststelle der BA;Bund;Mettmann;;"{""lat"": null, ""lon"": null}";;false;;Agentur für Arbeit;https://www.arbeitsagentur.de;;96.46;2025;;;bmas;Bundesministerium für Arbeit und Soziales (BMAS);Agentur für Arbeit;Aggregiert unter Bundesagentur für Arbeit (BA);"[{""zu_id"": ""bmas"", ""typ"": ""UNTERSTELLT"", ""richtung"": ""eingehend"", ""seit"": null, ""quelle"": null}]";"[""https://www.arbeitsagentur.de""]";"{""vollstaendigkeit_prozent"": 58.3, ""zuletzt_verifiziert"": ""2026-06-06"", ""verifikation_noetig"": false}";2026-06-06;2.0
fürarbmon_14340;14340;1.0;Agentur für Arbeit Montabaur;;Bundesanstalt;Dienststelle der BA;Bund;Montabaur;;"{""lat"": null, ""lon"": null}";;false;;Agentur für Arbeit;https://www.arbeitsagentur.de;;96.46;2025;;;bmas;Bundesministerium für Arbeit und Soziales (BMAS);Agentur für Arbeit;Aggregiert unter Bundesagentur für Arbeit (BA);"[{""zu_id"": ""bmas"", ""typ"": ""UNTERSTELLT"", ""richtung"": ""eingehend"", ""seit"": null, ""quelle"": null}]";"[""https://www.arbeitsagentur.de""]";"{""vollstaendigkeit_prozent"": 58.3, ""zuletzt_verifiziert"": ""2026-06-06"", ""verifikation_noetig"": false}";2026-06-06;2.0
fürarbmön_14339;14339;1.0;Agentur für Arbeit Mönchengladbach;;Bundesanstalt;Dienststelle der BA;Bund;Mönchengladbach;Nordrhein-Westfalen;"{""lat"": null, ""lon"": null}";;false;;Agentur für Arbeit;https://www.arbeitsagentur.de;;96.46;2025;;;bmas;Bundesministerium für Arbeit und Soziales (BMAS);Agentur für Arbeit;Aggregiert unter Bundesagentur für Arbeit (BA);"[{""zu_id"": ""bmas"", ""typ"": ""UNTERSTELLT"", ""richtung"": ""eingehend"", ""seit"": null, ""quelle"": null}]";"[""https://www.arbeitsagentur.de""]";"{""vollstaendigkeit_prozent"": 66.7, ""zuletzt_verifiziert"": ""2026-06-06"", ""verifikation_noetig"": false}";2026-06-06;2.0
fürarbmün_11085;11085;1.0;Agentur für Arbeit München;;Bundesanstalt;Dienststelle der BA;Bund;München;Bayern;"{""lat"": null, ""lon"": null}";;false;;Agentur für Arbeit;https://www.arbeitsagentur.de;;96.46;2025;;;bmas;Bundesministerium für Arbeit und Soziales (BMAS);Agentur für Arbeit;Aggregiert unter Bundesagentur für Arbeit (BA);"[{""zu_id"": ""bmas"", ""typ"": ""UNTERSTELLT"", ""richtung"": ""eingehend"", ""seit"": null, ""quelle"": null}]";"[""https://www.arbeitsagentur.de""]";"{""vollstaendigkeit_prozent"": 66.7, ""zuletzt_verifiziert"": ""2026-06-06"", ""verifikation_noetig"": false}";2026-06-06;2.0
fürarbnagpfo_14341;14341;1.0;Agentur für Arbeit Nagold – Pforzheim;;Bundesanstalt;Dienststelle der BA;Bund;Pforzheim;Baden-Württemberg;"{""lat"": null, ""lon"": null}";;false;;Agentur für Arbeit;https://www.arbeitsagentur.de;;96.46;2025;;;bmas;Bundesministerium für Arbeit und Soziales (BMAS);Agentur für Arbeit;Aggregiert unter Bundesagentur für Arbeit (BA);"[{""zu_id"": ""bmas"", ""typ"": ""UNTERSTELLT"", ""richtung"": ""eingehend"", ""seit"": null, ""quelle"": null}]";"[""https://www.arbeitsagentur.de""]";"{""vollstaendigkeit_prozent"": 66.7, ""zuletzt_verifiziert"": ""2026-06-06"", ""verifikation_noetig"": false}";2026-06-06;2.0
fürarbneu_14342;14342;1.0;Agentur für Arbeit Neubrandenburg;;Bundesanstalt;Dienststelle der BA;Bund;Neubrandenburg;;"{""lat"": null, ""lon"": null}";;false;;Agentur für Arbeit;https://www.arbeitsagentur.de;;96.46;2025;;;bmas;Bundesministerium für Arbeit und Soziales (BMAS);Agentur für Arbeit;Aggregiert unter Bundesagentur für Arbeit (BA);"[{""zu_id"": ""bmas"", ""typ"": ""UNTERSTELLT"", ""richtung"": ""eingehend"", ""seit"": null, ""quelle"": null}]";"[""https://www.arbeitsagentur.de""]";"{""vollstaendigkeit_prozent"": 58.3, ""zuletzt_verifiziert"": ""2026-06-06"", ""verifikation_noetig"": false}";2026-06-06;2.0
fürarbneu_14343;14343;1.0;Agentur für Arbeit Neumünster;;Bundesanstalt;Dienststelle der BA;Bund;Münster;Nordrhein-Westfalen;"{""lat"": null, ""lon"": null}";;false;;Agentur für Arbeit;https://www.arbeitsagentur.de;;96.46;2025;;;bmas;Bundesministerium für Arbeit und Soziales (BMAS);Agentur für Arbeit;Aggregiert unter Bundesagentur für Arbeit (BA);"[{""zu_id"": ""bmas"", ""typ"": ""UNTERSTELLT"", ""richtung"": ""eingehend"", ""seit"": null, ""quelle"": null}]";"[""https://www.arbeitsagentur.de""]";"{""vollstaendigkeit_prozent"": 66.7, ""zuletzt_verifiziert"": ""2026-06-06"", ""verifikation_noetig"": false}";2026-06-06;2.0
fürarbneu_14344;14344;1.0;Agentur für Arbeit Neuruppin;;Bundesanstalt;Dienststelle der BA;Bund;Neuruppin;;"{""lat"": null, ""lon"": null}";;false;;Agentur für Arbeit;https://www.arbeitsagentur.de;;96.46;2025;;;bmas;Bundesministerium für Arbeit und Soziales (BMAS);Agentur für Arbeit;Aggregiert unter Bundesagentur für Arbeit (BA);"[{""zu_id"": ""bmas"", ""typ"": ""UNTERSTELLT"", ""richtung"": ""eingehend"", ""seit"": null, ""quelle"": null}]";"[""https://www.arbeitsagentur.de""]";"{""vollstaendigkeit_prozent"": 58.3, ""zuletzt_verifiziert"": ""2026-06-06"", ""verifikation_noetig"": false}";2026-06-06;2.0
fürarbneu_14345;14345;1.0;Agentur für Arbeit Neuwied;;Bundesanstalt;Dienststelle der BA;Bund;Neuwied;;"{""lat"": null, ""lon"": null}";;false;;Agentur für Arbeit;https://www.arbeitsagentur.de;;96.46;2025;;;bmas;Bundesministerium für Arbeit und Soziales (BMAS);Agentur für Arbeit;Aggregiert unter Bundesagentur für Arbeit (BA);"[{""zu_id"": ""bmas"", ""typ"": ""UNTERSTELLT"", ""richtung"": ""eingehend"", ""seit"": null, ""quelle"": null}]";"[""https://www.arbeitsagentur.de""]";"{""vollstaendigkeit_prozent"": 58.3, ""zuletzt_verifiziert"": ""2026-06-06"", ""verifikation_noetig"": false}";2026-06-06;2.0
fürarbneu_5773;5773;1.0;Agentur für Arbeit Neunkirchen;;Bundesanstalt;Dienststelle der BA;Bund;Neunkirchen;;"{""lat"": null, ""lon"": null}";;false;;Agentur für Arbeit;https://www.arbeitsagentur.de;;96.46;2025;;;bmas;Bundesministerium für Arbeit und Soziales (BMAS);Agentur für Arbeit;Aggregiert unter Bundesagentur für Arbeit (BA);"[{""zu_id"": ""bmas"", ""typ"": ""UNTERSTELLT"", ""richtung"": ""eingehend"", ""seit"": null, ""quelle"": null}]";"[""https://www.arbeitsagentur.de""]";"{""vollstaendigkeit_prozent"": 58.3, ""zuletzt_verifiziert"": ""2026-06-06"", ""verifikation_noetig"": false}";2026-06-06;2.0
fürarbniever_14346;14346;1.0;Agentur für Arbeit Nienburg – Verden;;Bundesanstalt;Dienststelle der BA;Bund;Nienburg – Verden;Niedersachsen;"{""lat"": null, ""lon"": null}";;false;;Agentur für Arbeit;https://www.arbeitsagentur.de;;96.46;2025;;;bmas;Bundesministerium für Arbeit und Soziales (BMAS);Agentur für Arbeit;Aggregiert unter Bundesagentur für Arbeit (BA);"[{""zu_id"": ""bmas"", ""typ"": ""UNTERSTELLT"", ""richtung"": ""eingehend"", ""seit"": null, ""quelle"": null}]";"[""https://www.arbeitsagentur.de""]";"{""vollstaendigkeit_prozent"": 66.7, ""zuletzt_verifiziert"": ""2026-06-06"", ""verifikation_noetig"": false}";2026-06-06;2.0
fürarbnor_14347;14347;1.0;Agentur für Arbeit Nordhausen;;Bundesanstalt;Dienststelle der BA;Bund;Nordhausen;;"{""lat"": null, ""lon"": null}";;false;;Agentur für Arbeit;https://www.arbeitsagentur.de;;96.46;2025;;;bmas;Bundesministerium für Arbeit und Soziales (BMAS);Agentur für Arbeit;Aggregiert unter Bundesagentur für Arbeit (BA);"[{""zu_id"": ""bmas"", ""typ"": ""UNTERSTELLT"", ""richtung"": ""eingehend"", ""seit"": null, ""quelle"": null}]";"[""https://www.arbeitsagentur.de""]";"{""vollstaendigkeit_prozent"": 58.3, ""zuletzt_verifiziert"": ""2026-06-06"", ""verifikation_noetig"": false}";2026-06-06;2.0
fürarbnor_14348;14348;1.0;Agentur für Arbeit Nordhorn;;Bundesanstalt;Dienststelle der BA;Bund;Nordhorn;;"{""lat"": null, ""lon"": null}";;false;;Agentur für Arbeit;https://www.arbeitsagentur.de;;96.46;2025;;;bmas;Bundesministerium für Arbeit und Soziales (BMAS);Agentur für Arbeit;Aggregiert unter Bundesagentur für Arbeit (BA);"[{""zu_id"": ""bmas"", ""typ"": ""UNTERSTELLT"", ""richtung"": ""eingehend"", ""seit"": null, ""quelle"": null}]";"[""https://www.arbeitsagentur.de""]";"{""vollstaendigkeit_prozent"": 58.3, ""zuletzt_verifiziert"": ""2026-06-06"", ""verifikation_noetig"": false}";2026-06-06;2.0
fürarbnür_11086;11086;1.0;Agentur für Arbeit Nürnberg;;Bundesanstalt;Dienststelle der BA;Bund;Nürnberg;Bayern;"{""lat"": null, ""lon"": null}";;false;;Agentur für Arbeit;https://www.arbeitsagentur.de;;96.46;2025;;;bmas;Bundesministerium für Arbeit und Soziales (BMAS);Agentur für Arbeit;Aggregiert unter Bundesagentur für Arbeit (BA);"[{""zu_id"": ""bmas"", ""typ"": ""UNTERSTELLT"", ""richtung"": ""eingehend"", ""seit"": null, ""quelle"": null}]";"[""https://www.arbeitsagentur.de""]";"{""vollstaendigkeit_prozent"": 66.7, ""zuletzt_verifiziert"": ""2026-06-06"", ""verifikation_noetig"": false}";2026-06-06;2.0
fürarbobe_14349;14349;1.0;Agentur für Arbeit Oberhausen;;Bundesanstalt;Dienststelle der BA;Bund;Oberhausen;Nordrhein-Westfalen;"{""lat"": null, ""lon"": null}";;false;;Agentur für Arbeit;https://www.arbeitsagentur.de;;96.46;2025;;;bmas;Bundesministerium für Arbeit und Soziales (BMAS);Agentur für Arbeit;Aggregiert unter Bundesagentur für Arbeit (BA);"[{""zu_id"": ""bmas"", ""typ"": ""UNTERSTELLT"", ""richtung"": ""eingehend"", ""seit"": null, ""quelle"": null}]";"[""https://www.arbeitsagentur.de""]";"{""vollstaendigkeit_prozent"": 66.7, ""zuletzt_verifiziert"": ""2026-06-06"", ""verifikation_noetig"": false}";2026-06-06;2.0
fürarboff_14350;14350;1.0;Agentur für Arbeit Offenbach;;Bundesanstalt;Dienststelle der BA;Bund;Offenbach;;"{""lat"": null, ""lon"": null}";;false;;Agentur für Arbeit;https://www.arbeitsagentur.de;;96.46;2025;;;bmas;Bundesministerium für Arbeit und Soziales (BMAS);Agentur für Arbeit;Aggregiert unter Bundesagentur für Arbeit (BA);"[{""zu_id"": ""bmas"", ""typ"": ""UNTERSTELLT"", ""richtung"": ""eingehend"", ""seit"": null, ""quelle"": null}]";"[""https://www.arbeitsagentur.de""]";"{""vollstaendigkeit_prozent"": 58.3, ""zuletzt_verifiziert"": ""2026-06-06"", ""verifikation_noetig"": false}";2026-06-06;2.0
fürarboff_14351;14351;1.0;Agentur für Arbeit Offenburg;;Bundesanstalt;Dienststelle der BA;Bund;Offenburg;;"{""lat"": null, ""lon"": null}";;false;;Agentur für Arbeit;https://www.arbeitsagentur.de;;96.46;2025;;;bmas;Bundesministerium für Arbeit und Soziales (BMAS);Agentur für Arbeit;Aggregiert unter Bundesagentur für Arbeit (BA);"[{""zu_id"": ""bmas"", ""typ"": ""UNTERSTELLT"", ""richtung"": ""eingehend"", ""seit"": null, ""quelle"": null}]";"[""https://www.arbeitsagentur.de""]";"{""vollstaendigkeit_prozent"": 58.3, ""zuletzt_verifiziert"": ""2026-06-06"", ""verifikation_noetig"": false}";2026-06-06;2.0
fürarboldwil_14352;14352;1.0;Agentur für Arbeit Oldenburg – Wilhelmshaven;;Bundesanstalt;Dienststelle der BA;Bund;Oldenburg – Wilhelmshaven;;"{""lat"": null, ""lon"": null}";;false;;Agentur für Arbeit;https://www.arbeitsagentur.de;;96.46;2025;;;bmas;Bundesministerium für Arbeit und Soziales (BMAS);Agentur für Arbeit;Aggregiert unter Bundesagentur für Arbeit (BA);"[{""zu_id"": ""bmas"", ""typ"": ""UNTERSTELLT"", ""richtung"": ""eingehend"", ""seit"": null, ""quelle"": null}]";"[""https://www.arbeitsagentur.de""]";"{""vollstaendigkeit_prozent"": 58.3, ""zuletzt_verifiziert"": ""2026-06-06"", ""verifikation_noetig"": false}";2026-06-06;2.0
fürarbosc_14353;14353;1.0;Agentur für Arbeit Oschatz;;Bundesanstalt;Dienststelle der BA;Bund;Oschatz;;"{""lat"": null, ""lon"": null}";;false;;Agentur für Arbeit;https://www.arbeitsagentur.de;;96.46;2025;;;bmas;Bundesministerium für Arbeit und Soziales (BMAS);Agentur für Arbeit;Aggregiert unter Bundesagentur für Arbeit (BA);"[{""zu_id"": ""bmas"", ""typ"": ""UNTERSTELLT"", ""richtung"": ""eingehend"", ""seit"": null, ""quelle"": null}]";"[""https://www.arbeitsagentur.de""]";"{""vollstaendigkeit_prozent"": 58.3, ""zuletzt_verifiziert"": ""2026-06-06"", ""verifikation_noetig"": false}";2026-06-06;2.0
fürarbosn_14354;14354;1.0;Agentur für Arbeit Osnabrück;;Bundesanstalt;Dienststelle der BA;Bund;Osnabrück;Niedersachsen;"{""lat"": null, ""lon"": null}";;false;;Agentur für Arbeit;https://www.arbeitsagentur.de;;96.46;2025;;;bmas;Bundesministerium für Arbeit und Soziales (BMAS);Agentur für Arbeit;Aggregiert unter Bundesagentur für Arbeit (BA);"[{""zu_id"": ""bmas"", ""typ"": ""UNTERSTELLT"", ""richtung"": ""eingehend"", ""seit"": null, ""quelle"": null}]";"[""https://www.arbeitsagentur.de""]";"{""vollstaendigkeit_prozent"": 66.7, ""zuletzt_verifiziert"": ""2026-06-06"", ""verifikation_noetig"": false}";2026-06-06;2.0
fürarbpad_14355;14355;1.0;Agentur für Arbeit Paderborn;;Bundesanstalt;Dienststelle der BA;Bund;Paderborn;Nordrhein-Westfalen;"{""lat"": null, ""lon"": null}";;false;;Agentur für Arbeit;https://www.arbeitsagentur.de;;96.46;2025;;;bmas;Bundesministerium für Arbeit und Soziales (BMAS);Agentur für Arbeit;Aggregiert unter Bundesagentur für Arbeit (BA);"[{""zu_id"": ""bmas"", ""typ"": ""UNTERSTELLT"", ""richtung"": ""eingehend"", ""seit"": null, ""quelle"": null}]";"[""https://www.arbeitsagentur.de""]";"{""vollstaendigkeit_prozent"": 66.7, ""zuletzt_verifiziert"": ""2026-06-06"", ""verifikation_noetig"": false}";2026-06-06;2.0
fürarbpas_11087;11087;1.0;Agentur für Arbeit Passau;;Bundesanstalt;Dienststelle der BA;Bund;Passau;Bayern;"{""lat"": null, ""lon"": null}";;false;;Agentur für Arbeit;https://www.arbeitsagentur.de;;96.46;2025;;;bmas;Bundesministerium für Arbeit und Soziales (BMAS);Agentur für Arbeit;Aggregiert unter Bundesagentur für Arbeit (BA);"[{""zu_id"": ""bmas"", ""typ"": ""UNTERSTELLT"", ""richtung"": ""eingehend"", ""seit"": null, ""quelle"": null}]";"[""https://www.arbeitsagentur.de""]";"{""vollstaendigkeit_prozent"": 66.7, ""zuletzt_verifiziert"": ""2026-06-06"", ""verifikation_noetig"": false}";2026-06-06;2.0
fürarbpfa_14356;14356;1.0;Agentur für Arbeit Pfarrkirchen;;Bundesanstalt;Dienststelle der BA;Bund;Pfarrkirchen;;"{""lat"": null, ""lon"": null}";;false;;Agentur für Arbeit;https://www.arbeitsagentur.de;;96.46;2025;;;bmas;Bundesministerium für Arbeit und Soziales (BMAS);Agentur für Arbeit;Aggregiert unter Bundesagentur für Arbeit (BA);"[{""zu_id"": ""bmas"", ""typ"": ""UNTERSTELLT"", ""richtung"": ""eingehend"", ""seit"": null, ""quelle"": null}]";"[""https://www.arbeitsagentur.de""]";"{""vollstaendigkeit_prozent"": 58.3, ""zuletzt_verifiziert"": ""2026-06-06"", ""verifikation_noetig"": false}";2026-06-06;2.0
fürarbpir_14357;14357;1.0;Agentur für Arbeit Pirna;;Bundesanstalt;Dienststelle der BA;Bund;Pirna;;"{""lat"": null, ""lon"": null}";;false;;Agentur für Arbeit;https://www.arbeitsagentur.de;;96.46;2025;;;bmas;Bundesministerium für Arbeit und Soziales (BMAS);Agentur für Arbeit;Aggregiert unter Bundesagentur für Arbeit (BA);"[{""zu_id"": ""bmas"", ""typ"": ""UNTERSTELLT"", ""richtung"": ""eingehend"", ""seit"": null, ""quelle"": null}]";"[""https://www.arbeitsagentur.de""]";"{""vollstaendigkeit_prozent"": 58.3, ""zuletzt_verifiziert"": ""2026-06-06"", ""verifikation_noetig"": false}";2026-06-06;2.0
fürarbpla_14358;14358;1.0;Agentur für Arbeit Plauen;;Bundesanstalt;Dienststelle der BA;Bund;Plauen;;"{""lat"": null, ""lon"": null}";;false;;Agentur für Arbeit;https://www.arbeitsagentur.de;;96.46;2025;;;bmas;Bundesministerium für Arbeit und Soziales (BMAS);Agentur für Arbeit;Aggregiert unter Bundesagentur für Arbeit (BA);"[{""zu_id"": ""bmas"", ""typ"": ""UNTERSTELLT"", ""richtung"": ""eingehend"", ""seit"": null, ""quelle"": null}]";"[""https://www.arbeitsagentur.de""]";"{""vollstaendigkeit_prozent"": 58.3, ""zuletzt_verifiziert"": ""2026-06-06"", ""verifikation_noetig"": false}";2026-06-06;2.0
fürarbpot_14359;14359;1.0;Agentur für Arbeit Potsdam;;Bundesanstalt;Dienststelle der BA;Bund;Potsdam;Brandenburg;"{""lat"": null, ""lon"": null}";;false;;Agentur für Arbeit;https://www.arbeitsagentur.de;;96.46;2025;;;bmas;Bundesministerium für Arbeit und Soziales (BMAS);Agentur für Arbeit;Aggregiert unter Bundesagentur für Arbeit (BA);"[{""zu_id"": ""bmas"", ""typ"": ""UNTERSTELLT"", ""richtung"": ""eingehend"", ""seit"": null, ""quelle"": null}]";"[""https://www.arbeitsagentur.de""]";"{""vollstaendigkeit_prozent"": 66.7, ""zuletzt_verifiziert"": ""2026-06-06"", ""verifikation_noetig"": false}";2026-06-06;2.0
fürarbrec_14360;14360;1.0;Agentur für Arbeit Recklinghausen;;Bundesanstalt;Dienststelle der BA;Bund;Recklinghausen;;"{""lat"": null, ""lon"": null}";;false;;Agentur für Arbeit;https://www.arbeitsagentur.de;;96.46;2025;;;bmas;Bundesministerium für Arbeit und Soziales (BMAS);Agentur für Arbeit;Aggregiert unter Bundesagentur für Arbeit (BA);"[{""zu_id"": ""bmas"", ""typ"": ""UNTERSTELLT"", ""richtung"": ""eingehend"", ""seit"": null, ""quelle"": null}]";"[""https://www.arbeitsagentur.de""]";"{""vollstaendigkeit_prozent"": 58.3, ""zuletzt_verifiziert"": ""2026-06-06"", ""verifikation_noetig"": false}";2026-06-06;2.0
fürarbreg_11088;11088;1.0;Agentur für Arbeit Regensburg;;Bundesanstalt;Dienststelle der BA;Bund;Regensburg;Bayern;"{""lat"": null, ""lon"": null}";;false;;Agentur für Arbeit;https://www.arbeitsagentur.de;;96.46;2025;;;bmas;Bundesministerium für Arbeit und Soziales (BMAS);Agentur für Arbeit;Aggregiert unter Bundesagentur für Arbeit (BA);"[{""zu_id"": ""bmas"", ""typ"": ""UNTERSTELLT"", ""richtung"": ""eingehend"", ""seit"": null, ""quelle"": null}]";"[""https://www.arbeitsagentur.de""]";"{""vollstaendigkeit_prozent"": 66.7, ""zuletzt_verifiziert"": ""2026-06-06"", ""verifikation_noetig"": false}";2026-06-06;2.0
fürarbreu_14361;14361;1.0;Agentur für Arbeit Reutlingen;;Bundesanstalt;Dienststelle der BA;Bund;Reutlingen;;"{""lat"": null, ""lon"": null}";;false;;Agentur für Arbeit;https://www.arbeitsagentur.de;;96.46;2025;;;bmas;Bundesministerium für Arbeit und Soziales (BMAS);Agentur für Arbeit;Aggregiert unter Bundesagentur für Arbeit (BA);"[{""zu_id"": ""bmas"", ""typ"": ""UNTERSTELLT"", ""richtung"": ""eingehend"", ""seit"": null, ""quelle"": null}]";"[""https://www.arbeitsagentur.de""]";"{""vollstaendigkeit_prozent"": 58.3, ""zuletzt_verifiziert"": ""2026-06-06"", ""verifikation_noetig"": false}";2026-06-06;2.0
fürarbrhe_14362;14362;1.0;Agentur für Arbeit Rheine;;Bundesanstalt;Dienststelle der BA;Bund;Rheine;;"{""lat"": null, ""lon"": null}";;false;;Agentur für Arbeit;https://www.arbeitsagentur.de;;96.46;2025;;;bmas;Bundesministerium für Arbeit und Soziales (BMAS);Agentur für Arbeit;Aggregiert unter Bundesagentur für Arbeit (BA);"[{""zu_id"": ""bmas"", ""typ"": ""UNTERSTELLT"", ""richtung"": ""eingehend"", ""seit"": null, ""quelle"": null}]";"[""https://www.arbeitsagentur.de""]";"{""vollstaendigkeit_prozent"": 58.3, ""zuletzt_verifiziert"": ""2026-06-06"", ""verifikation_noetig"": false}";2026-06-06;2.0
fürarbrie_14363;14363;1.0;Agentur für Arbeit Riesa;;Bundesanstalt;Dienststelle der BA;Bund;Riesa;;"{""lat"": null, ""lon"": null}";;false;;Agentur für Arbeit;https://www.arbeitsagentur.de;;96.46;2025;;;bmas;Bundesministerium für Arbeit und Soziales (BMAS);Agentur für Arbeit;Aggregiert unter Bundesagentur für Arbeit (BA);"[{""zu_id"": ""bmas"", ""typ"": ""UNTERSTELLT"", ""richtung"": ""eingehend"", ""seit"": null, ""quelle"": null}]";"[""https://www.arbeitsagentur.de""]";"{""vollstaendigkeit_prozent"": 58.3, ""zuletzt_verifiziert"": ""2026-06-06"", ""verifikation_noetig"": false}";2026-06-06;2.0
fürarbros_11089;11089;1.0;Agentur für Arbeit Rosenheim;;Bundesanstalt;Dienststelle der BA;Bund;Rosenheim;;"{""lat"": null, ""lon"": null}";;false;;Agentur für Arbeit;https://www.arbeitsagentur.de;;96.46;2025;;;bmas;Bundesministerium für Arbeit und Soziales (BMAS);Agentur für Arbeit;Aggregiert unter Bundesagentur für Arbeit (BA);"[{""zu_id"": ""bmas"", ""typ"": ""UNTERSTELLT"", ""richtung"": ""eingehend"", ""seit"": null, ""quelle"": null}]";"[""https://www.arbeitsagentur.de""]";"{""vollstaendigkeit_prozent"": 58.3, ""zuletzt_verifiziert"": ""2026-06-06"", ""verifikation_noetig"": false}";2026-06-06;2.0
fürarbros_14364;14364;1.0;Agentur für Arbeit Rostock;;Bundesanstalt;Dienststelle der BA;Bund;Rostock;Mecklenburg-Vorpommern;"{""lat"": null, ""lon"": null}";;false;;Agentur für Arbeit;https://www.arbeitsagentur.de;;96.46;2025;;;bmas;Bundesministerium für Arbeit und Soziales (BMAS);Agentur für Arbeit;Aggregiert unter Bundesagentur für Arbeit (BA);"[{""zu_id"": ""bmas"", ""typ"": ""UNTERSTELLT"", ""richtung"": ""eingehend"", ""seit"": null, ""quelle"": null}]";"[""https://www.arbeitsagentur.de""]";"{""vollstaendigkeit_prozent"": 66.7, ""zuletzt_verifiziert"": ""2026-06-06"", ""verifikation_noetig"": false}";2026-06-06;2.0
fürarbrotvilsch_14365;14365;1.0;Agentur für Arbeit Rottweil – Villingen-Schwennigen;;Bundesanstalt;Dienststelle der BA;Bund;Rottweil – Villingen-Schwennigen;Baden-Württemberg;"{""lat"": null, ""lon"": null}";;false;;Agentur für Arbeit;https://www.arbeitsagentur.de;;96.46;2025;;;bmas;Bundesministerium für Arbeit und Soziales (BMAS);Agentur für Arbeit;Aggregiert unter Bundesagentur für Arbeit (BA);"[{""zu_id"": ""bmas"", ""typ"": ""UNTERSTELLT"", ""richtung"": ""eingehend"", ""seit"": null, ""quelle"": null}]";"[""https://www.arbeitsagentur.de""]";"{""vollstaendigkeit_prozent"": 66.7, ""zuletzt_verifiziert"": ""2026-06-06"", ""verifikation_noetig"": false}";2026-06-06;2.0
fürarbsaa_14366;14366;1.0;Agentur für Arbeit Saarland;;Bundesanstalt;Dienststelle der BA;Bund;Saarland;;"{""lat"": null, ""lon"": null}";;false;;Agentur für Arbeit;https://www.arbeitsagentur.de;;96.46;2025;;;bmas;Bundesministerium für Arbeit und Soziales (BMAS);Agentur für Arbeit;Aggregiert unter Bundesagentur für Arbeit (BA);"[{""zu_id"": ""bmas"", ""typ"": ""UNTERSTELLT"", ""richtung"": ""eingehend"", ""seit"": null, ""quelle"": null}]";"[""https://www.arbeitsagentur.de""]";"{""vollstaendigkeit_prozent"": 58.3, ""zuletzt_verifiziert"": ""2026-06-06"", ""verifikation_noetig"": false}";2026-06-06;2.0
fürarbsaa_5774;5774;1.0;Agentur für Arbeit Saarbrücken;;Bundesanstalt;Dienststelle der BA;Bund;Saarbrücken;Saarland;"{""lat"": null, ""lon"": null}";;false;;Agentur für Arbeit;https://www.arbeitsagentur.de;;96.46;2025;;;bmas;Bundesministerium für Arbeit und Soziales (BMAS);Agentur für Arbeit;Aggregiert unter Bundesagentur für Arbeit (BA);"[{""zu_id"": ""bmas"", ""typ"": ""UNTERSTELLT"", ""richtung"": ""eingehend"", ""seit"": null, ""quelle"": null}]";"[""https://www.arbeitsagentur.de""]";"{""vollstaendigkeit_prozent"": 66.7, ""zuletzt_verifiziert"": ""2026-06-06"", ""verifikation_noetig"": false}";2026-06-06;2.0
fürarbsaa_5775;5775;1.0;Agentur für Arbeit Saarlouis;;Bundesanstalt;Dienststelle der BA;Bund;Saarlouis;;"{""lat"": null, ""lon"": null}";;false;;Agentur für Arbeit;https://www.arbeitsagentur.de;;96.46;2025;;;bmas;Bundesministerium für Arbeit und Soziales (BMAS);Agentur für Arbeit;Aggregiert unter Bundesagentur für Arbeit (BA);"[{""zu_id"": ""bmas"", ""typ"": ""UNTERSTELLT"", ""richtung"": ""eingehend"", ""seit"": null, ""quelle"": null}]";"[""https://www.arbeitsagentur.de""]";"{""vollstaendigkeit_prozent"": 58.3, ""zuletzt_verifiziert"": ""2026-06-06"", ""verifikation_noetig"": false}";2026-06-06;2.0
fürarbsan_14367;14367;1.0;Agentur für Arbeit Sangerhausen;;Bundesanstalt;Dienststelle der BA;Bund;Sangerhausen;;"{""lat"": null, ""lon"": null}";;false;;Agentur für Arbeit;https://www.arbeitsagentur.de;;96.46;2025;;;bmas;Bundesministerium für Arbeit und Soziales (BMAS);Agentur für Arbeit;Aggregiert unter Bundesagentur für Arbeit (BA);"[{""zu_id"": ""bmas"", ""typ"": ""UNTERSTELLT"", ""richtung"": ""eingehend"", ""seit"": null, ""quelle"": null}]";"[""https://www.arbeitsagentur.de""]";"{""vollstaendigkeit_prozent"": 58.3, ""zuletzt_verifiziert"": ""2026-06-06"", ""verifikation_noetig"": false}";2026-06-06;2.0
fürarbsch_11090;11090;1.0;Agentur für Arbeit Schwandorf;;Bundesanstalt;Dienststelle der BA;Bund;Schwandorf;;"{""lat"": null, ""lon"": null}";;false;;Agentur für Arbeit;https://www.arbeitsagentur.de;;96.46;2025;;;bmas;Bundesministerium für Arbeit und Soziales (BMAS);Agentur für Arbeit;Aggregiert unter Bundesagentur für Arbeit (BA);"[{""zu_id"": ""bmas"", ""typ"": ""UNTERSTELLT"", ""richtung"": ""eingehend"", ""seit"": null, ""quelle"": null}]";"[""https://www.arbeitsagentur.de""]";"{""vollstaendigkeit_prozent"": 58.3, ""zuletzt_verifiziert"": ""2026-06-06"", ""verifikation_noetig"": false}";2026-06-06;2.0
fürarbsch_11091;11091;1.0;Agentur für Arbeit Schweinfurt;;Bundesanstalt;Dienststelle der BA;Bund;Schweinfurt;;"{""lat"": null, ""lon"": null}";;false;;Agentur für Arbeit;https://www.arbeitsagentur.de;;96.46;2025;;;bmas;Bundesministerium für Arbeit und Soziales (BMAS);Agentur für Arbeit;Aggregiert unter Bundesagentur für Arbeit (BA);"[{""zu_id"": ""bmas"", ""typ"": ""UNTERSTELLT"", ""richtung"": ""eingehend"", ""seit"": null, ""quelle"": null}]";"[""https://www.arbeitsagentur.de""]";"{""vollstaendigkeit_prozent"": 58.3, ""zuletzt_verifiziert"": ""2026-06-06"", ""verifikation_noetig"": false}";2026-06-06;2.0
fürarbsch_14369;14369;1.0;Agentur für Arbeit Schwerin;;Bundesanstalt;Dienststelle der BA;Bund;Schwerin;Mecklenburg-Vorpommern;"{""lat"": null, ""lon"": null}";;false;;Agentur für Arbeit;https://www.arbeitsagentur.de;;96.46;2025;;;bmas;Bundesministerium für Arbeit und Soziales (BMAS);Agentur für Arbeit;Aggregiert unter Bundesagentur für Arbeit (BA);"[{""zu_id"": ""bmas"", ""typ"": ""UNTERSTELLT"", ""richtung"": ""eingehend"", ""seit"": null, ""quelle"": null}]";"[""https://www.arbeitsagentur.de""]";"{""vollstaendigkeit_prozent"": 66.7, ""zuletzt_verifiziert"": ""2026-06-06"", ""verifikation_noetig"": false}";2026-06-06;2.0
fürarbschhaltau_14368;14368;1.0;Agentur für Arbeit Schwäbisch Hall – Tauberbischofsheim;;Bundesanstalt;Dienststelle der BA;Bund;Schwäbisch Hall – Tauberbischofsheim;Baden-Württemberg;"{""lat"": null, ""lon"": null}";;false;;Agentur für Arbeit;https://www.arbeitsagentur.de;;96.46;2025;;;bmas;Bundesministerium für Arbeit und Soziales (BMAS);Agentur für Arbeit;Aggregiert unter Bundesagentur für Arbeit (BA);"[{""zu_id"": ""bmas"", ""typ"": ""UNTERSTELLT"", ""richtung"": ""eingehend"", ""seit"": null, ""quelle"": null}]";"[""https://www.arbeitsagentur.de""]";"{""vollstaendigkeit_prozent"": 66.7, ""zuletzt_verifiziert"": ""2026-06-06"", ""verifikation_noetig"": false}";2026-06-06;2.0
fürarbsie_14370;14370;1.0;Agentur für Arbeit Siegen;;Bundesanstalt;Dienststelle der BA;Bund;Siegen;Nordrhein-Westfalen;"{""lat"": null, ""lon"": null}";;false;;Agentur für Arbeit;https://www.arbeitsagentur.de;;96.46;2025;;;bmas;Bundesministerium für Arbeit und Soziales (BMAS);Agentur für Arbeit;Aggregiert unter Bundesagentur für Arbeit (BA);"[{""zu_id"": ""bmas"", ""typ"": ""UNTERSTELLT"", ""richtung"": ""eingehend"", ""seit"": null, ""quelle"": null}]";"[""https://www.arbeitsagentur.de""]";"{""vollstaendigkeit_prozent"": 66.7, ""zuletzt_verifiziert"": ""2026-06-06"", ""verifikation_noetig"": false}";2026-06-06;2.0
fürarbsolwup_14371;14371;1.0;Agentur für Arbeit Solingen-Wuppertal;;Bundesanstalt;Dienststelle der BA;Bund;Solingen;;"{""lat"": null, ""lon"": null}";;false;;Agentur für Arbeit;https://www.arbeitsagentur.de;;96.46;2025;;;bmas;Bundesministerium für Arbeit und Soziales (BMAS);Agentur für Arbeit;Aggregiert unter Bundesagentur für Arbeit (BA);"[{""zu_id"": ""bmas"", ""typ"": ""UNTERSTELLT"", ""richtung"": ""eingehend"", ""seit"": null, ""quelle"": null}]";"[""https://www.arbeitsagentur.de""]";"{""vollstaendigkeit_prozent"": 58.3, ""zuletzt_verifiziert"": ""2026-06-06"", ""verifikation_noetig"": false}";2026-06-06;2.0
fürarbsoz_88;88;1.0;Bundesministerium für Arbeit und Soziales;;Ministerium;Oberste Bundesbehörde;Bund;Berlin;Berlin;"{""lat"": null, ""lon"": null}";;false;;Ministerium;https://www.bmas.de;;171200.0;2025;1300;2024;bmas;Bundesministerium für Arbeit und Soziales (BMAS);Ministerium;Höchstes Budget im Bundeshaushalt (Soziales);"[{""zu_id"": ""bmas"", ""typ"": ""UNTERSTELLT"", ""richtung"": ""eingehend"", ""seit"": null, ""quelle"": null}]";"[""https://www.bmas.de""]";"{""vollstaendigkeit_prozent"": 75.0, ""zuletzt_verifiziert"": ""2026-06-06"", ""verifikation_noetig"": false}";2026-06-06;2.0
fürarbsta_14372;14372;1.0;Agentur für Arbeit Stade;;Bundesanstalt;Dienststelle der BA;Bund;Stade;;"{""lat"": null, ""lon"": null}";;false;;Agentur für Arbeit;https://www.arbeitsagentur.de;;96.46;2025;;;bmas;Bundesministerium für Arbeit und Soziales (BMAS);Agentur für Arbeit;Aggregiert unter Bundesagentur für Arbeit (BA);"[{""zu_id"": ""bmas"", ""typ"": ""UNTERSTELLT"", ""richtung"": ""eingehend"", ""seit"": null, ""quelle"": null}]";"[""https://www.arbeitsagentur.de""]";"{""vollstaendigkeit_prozent"": 58.3, ""zuletzt_verifiziert"": ""2026-06-06"", ""verifikation_noetig"": false}";2026-06-06;2.0
fürarbsta_7264;7264;1.0;Agentur für Arbeit Staßfurt;;Bundesanstalt;Dienststelle der BA;Bund;Staßfurt;;"{""lat"": null, ""lon"": null}";;false;;Agentur für Arbeit;https://www.arbeitsagentur.de;;96.46;2025;;;bmas;Bundesministerium für Arbeit und Soziales (BMAS);Agentur für Arbeit;Aggregiert unter Bundesagentur für Arbeit (BA);"[{""zu_id"": ""bmas"", ""typ"": ""UNTERSTELLT"", ""richtung"": ""eingehend"", ""seit"": null, ""quelle"": null}]";"[""https://www.arbeitsagentur.de""]";"{""vollstaendigkeit_prozent"": 58.3, ""zuletzt_verifiziert"": ""2026-06-06"", ""verifikation_noetig"": false}";2026-06-06;2.0
fürarbste_7265;7265;1.0;Agentur für Arbeit Stendal;;Bundesanstalt;Dienststelle der BA;Bund;Stendal;;"{""lat"": null, ""lon"": null}";;false;;Agentur für Arbeit;https://www.arbeitsagentur.de;;96.46;2025;;;bmas;Bundesministerium für Arbeit und Soziales (BMAS);Agentur für Arbeit;Aggregiert unter Bundesagentur für Arbeit (BA);"[{""zu_id"": ""bmas"", ""typ"": ""UNTERSTELLT"", ""richtung"": ""eingehend"", ""seit"": null, ""quelle"": null}]";"[""https://www.arbeitsagentur.de""]";"{""vollstaendigkeit_prozent"": 58.3, ""zuletzt_verifiziert"": ""2026-06-06"", ""verifikation_noetig"": false}";2026-06-06;2.0
fürarbstr_14373;14373;1.0;Agentur für Arbeit Stralsund;;Bundesanstalt;Dienststelle der BA;Bund;Stralsund;Mecklenburg-Vorpommern;"{""lat"": null, ""lon"": null}";;false;;Agentur für Arbeit;https://www.arbeitsagentur.de;;96.46;2025;;;bmas;Bundesministerium für Arbeit und Soziales (BMAS);Agentur für Arbeit;Aggregiert unter Bundesagentur für Arbeit (BA);"[{""zu_id"": ""bmas"", ""typ"": ""UNTERSTELLT"", ""richtung"": ""eingehend"", ""seit"": null, ""quelle"": null}]";"[""https://www.arbeitsagentur.de""]";"{""vollstaendigkeit_prozent"": 66.7, ""zuletzt_verifiziert"": ""2026-06-06"", ""verifikation_noetig"": false}";2026-06-06;2.0
fürarbstu_14374;14374;1.0;Agentur für Arbeit Stuttgart;;Bundesanstalt;Dienststelle der BA;Bund;Stuttgart;Baden-Württemberg;"{""lat"": null, ""lon"": null}";;false;;Agentur für Arbeit;https://www.arbeitsagentur.de;;96.46;2025;;;bmas;Bundesministerium für Arbeit und Soziales (BMAS);Agentur für Arbeit;Aggregiert unter Bundesagentur für Arbeit (BA);"[{""zu_id"": ""bmas"", ""typ"": ""UNTERSTELLT"", ""richtung"": ""eingehend"", ""seit"": null, ""quelle"": null}]";"[""https://www.arbeitsagentur.de""]";"{""vollstaendigkeit_prozent"": 66.7, ""zuletzt_verifiziert"": ""2026-06-06"", ""verifikation_noetig"": false}";2026-06-06;2.0
fürarbsuh_14375;14375;1.0;Agentur für Arbeit Suhl;;Bundesanstalt;Dienststelle der BA;Bund;Suhl;;"{""lat"": null, ""lon"": null}";;false;;Agentur für Arbeit;https://www.arbeitsagentur.de;;96.46;2025;;;bmas;Bundesministerium für Arbeit und Soziales (BMAS);Agentur für Arbeit;Aggregiert unter Bundesagentur für Arbeit (BA);"[{""zu_id"": ""bmas"", ""typ"": ""UNTERSTELLT"", ""richtung"": ""eingehend"", ""seit"": null, ""quelle"": null}]";"[""https://www.arbeitsagentur.de""]";"{""vollstaendigkeit_prozent"": 58.3, ""zuletzt_verifiziert"": ""2026-06-06"", ""verifikation_noetig"": false}";2026-06-06;2.0
fürarbsul_5778;5778;1.0;Agentur für Arbeit Sulzbach;;Bundesanstalt;Dienststelle der BA;Bund;Sulzbach;;"{""lat"": null, ""lon"": null}";;false;;Agentur für Arbeit;https://www.arbeitsagentur.de;;96.46;2025;;;bmas;Bundesministerium für Arbeit und Soziales (BMAS);Agentur für Arbeit;Aggregiert unter Bundesagentur für Arbeit (BA);"[{""zu_id"": ""bmas"", ""typ"": ""UNTERSTELLT"", ""richtung"": ""eingehend"", ""seit"": null, ""quelle"": null}]";"[""https://www.arbeitsagentur.de""]";"{""vollstaendigkeit_prozent"": 58.3, ""zuletzt_verifiziert"": ""2026-06-06"", ""verifikation_noetig"": false}";2026-06-06;2.0
fürarbtra_11092;11092;1.0;Agentur für Arbeit Traunstein;;Bundesanstalt;Dienststelle der BA;Bund;Traunstein;;"{""lat"": null, ""lon"": null}";;false;;Agentur für Arbeit;https://www.arbeitsagentur.de;;96.46;2025;;;bmas;Bundesministerium für Arbeit und Soziales (BMAS);Agentur für Arbeit;Aggregiert unter Bundesagentur für Arbeit (BA);"[{""zu_id"": ""bmas"", ""typ"": ""UNTERSTELLT"", ""richtung"": ""eingehend"", ""seit"": null, ""quelle"": null}]";"[""https://www.arbeitsagentur.de""]";"{""vollstaendigkeit_prozent"": 58.3, ""zuletzt_verifiziert"": ""2026-06-06"", ""verifikation_noetig"": false}";2026-06-06;2.0
fürarbtri_14376;14376;1.0;Agentur für Arbeit Trier;;Bundesanstalt;Dienststelle der BA;Bund;Trier;Rheinland-Pfalz;"{""lat"": null, ""lon"": null}";;false;;Agentur für Arbeit;https://www.arbeitsagentur.de;;96.46;2025;;;bmas;Bundesministerium für Arbeit und Soziales (BMAS);Agentur für Arbeit;Aggregiert unter Bundesagentur für Arbeit (BA);"[{""zu_id"": ""bmas"", ""typ"": ""UNTERSTELLT"", ""richtung"": ""eingehend"", ""seit"": null, ""quelle"": null}]";"[""https://www.arbeitsagentur.de""]";"{""vollstaendigkeit_prozent"": 66.7, ""zuletzt_verifiziert"": ""2026-06-06"", ""verifikation_noetig"": false}";2026-06-06;2.0
fürarbulm_14377;14377;1.0;Agentur für Arbeit Ulm;;Bundesanstalt;Dienststelle der BA;Bund;Ulm;Baden-Württemberg;"{""lat"": null, ""lon"": null}";;false;;Agentur für Arbeit;https://www.arbeitsagentur.de;;96.46;2025;;;bmas;Bundesministerium für Arbeit und Soziales (BMAS);Agentur für Arbeit;Aggregiert unter Bundesagentur für Arbeit (BA);"[{""zu_id"": ""bmas"", ""typ"": ""UNTERSTELLT"", ""richtung"": ""eingehend"", ""seit"": null, ""quelle"": null}]";"[""https://www.arbeitsagentur.de""]";"{""vollstaendigkeit_prozent"": 66.7, ""zuletzt_verifiziert"": ""2026-06-06"", ""verifikation_noetig"": false}";2026-06-06;2.0
fürarbvec_14378;14378;1.0;Agentur für Arbeit Vechta;;Bundesanstalt;Dienststelle der BA;Bund;Vechta;;"{""lat"": null, ""lon"": null}";;false;;Agentur für Arbeit;https://www.arbeitsagentur.de;;96.46;2025;;;bmas;Bundesministerium für Arbeit und Soziales (BMAS);Agentur für Arbeit;Aggregiert unter Bundesagentur für Arbeit (BA);"[{""zu_id"": ""bmas"", ""typ"": ""UNTERSTELLT"", ""richtung"": ""eingehend"", ""seit"": null, ""quelle"": null}]";"[""https://www.arbeitsagentur.de""]";"{""vollstaendigkeit_prozent"": 58.3, ""zuletzt_verifiziert"": ""2026-06-06"", ""verifikation_noetig"": false}";2026-06-06;2.0
fürarbvöl_5779;5779;1.0;Agentur für Arbeit Völklingen;;Bundesanstalt;Dienststelle der BA;Bund;Völklingen;;"{""lat"": null, ""lon"": null}";;false;;Agentur für Arbeit;https://www.arbeitsagentur.de;;96.46;2025;;;bmas;Bundesministerium für Arbeit und Soziales (BMAS);Agentur für Arbeit;Aggregiert unter Bundesagentur für Arbeit (BA);"[{""zu_id"": ""bmas"", ""typ"": ""UNTERSTELLT"", ""richtung"": ""eingehend"", ""seit"": null, ""quelle"": null}]";"[""https://www.arbeitsagentur.de""]";"{""vollstaendigkeit_prozent"": 58.3, ""zuletzt_verifiziert"": ""2026-06-06"", ""verifikation_noetig"": false}";2026-06-06;2.0
fürarbwad_5780;5780;1.0;Agentur für Arbeit Wadern;;Bundesanstalt;Dienststelle der BA;Bund;Wadern;;"{""lat"": null, ""lon"": null}";;false;;Agentur für Arbeit;https://www.arbeitsagentur.de;;96.46;2025;;;bmas;Bundesministerium für Arbeit und Soziales (BMAS);Agentur für Arbeit;Aggregiert unter Bundesagentur für Arbeit (BA);"[{""zu_id"": ""bmas"", ""typ"": ""UNTERSTELLT"", ""richtung"": ""eingehend"", ""seit"": null, ""quelle"": null}]";"[""https://www.arbeitsagentur.de""]";"{""vollstaendigkeit_prozent"": 58.3, ""zuletzt_verifiziert"": ""2026-06-06"", ""verifikation_noetig"": false}";2026-06-06;2.0
fürarbwai_14379;14379;1.0;Agentur für Arbeit Waiblingen;;Bundesanstalt;Dienststelle der BA;Bund;Waiblingen;;"{""lat"": null, ""lon"": null}";;false;;Agentur für Arbeit;https://www.arbeitsagentur.de;;96.46;2025;;;bmas;Bundesministerium für Arbeit und Soziales (BMAS);Agentur für Arbeit;Aggregiert unter Bundesagentur für Arbeit (BA);"[{""zu_id"": ""bmas"", ""typ"": ""UNTERSTELLT"", ""richtung"": ""eingehend"", ""seit"": null, ""quelle"": null}]";"[""https://www.arbeitsagentur.de""]";"{""vollstaendigkeit_prozent"": 58.3, ""zuletzt_verifiziert"": ""2026-06-06"", ""verifikation_noetig"": false}";2026-06-06;2.0
fürarbwei_11093;11093;1.0;Agentur für Arbeit Weiden;;Bundesanstalt;Dienststelle der BA;Bund;Weiden;;"{""lat"": null, ""lon"": null}";;false;;Agentur für Arbeit;https://www.arbeitsagentur.de;;96.46;2025;;;bmas;Bundesministerium für Arbeit und Soziales (BMAS);Agentur für Arbeit;Aggregiert unter Bundesagentur für Arbeit (BA);"[{""zu_id"": ""bmas"", ""typ"": ""UNTERSTELLT"", ""richtung"": ""eingehend"", ""seit"": null, ""quelle"": null}]";"[""https://www.arbeitsagentur.de""]";"{""vollstaendigkeit_prozent"": 58.3, ""zuletzt_verifiziert"": ""2026-06-06"", ""verifikation_noetig"": false}";2026-06-06;2.0
fürarbwei_11094;11094;1.0;Agentur für Arbeit Weilheim;;Bundesanstalt;Dienststelle der BA;Bund;Weilheim;;"{""lat"": null, ""lon"": null}";;false;;Agentur für Arbeit;https://www.arbeitsagentur.de;;96.46;2025;;;bmas;Bundesministerium für Arbeit und Soziales (BMAS);Agentur für Arbeit;Aggregiert unter Bundesagentur für Arbeit (BA);"[{""zu_id"": ""bmas"", ""typ"": ""UNTERSTELLT"", ""richtung"": ""eingehend"", ""seit"": null, ""quelle"": null}]";"[""https://www.arbeitsagentur.de""]";"{""vollstaendigkeit_prozent"": 58.3, ""zuletzt_verifiziert"": ""2026-06-06"", ""verifikation_noetig"": false}";2026-06-06;2.0
fürarbwei_14380;14380;1.0;Agentur für Arbeit Weißenfels;;Bundesanstalt;Dienststelle der BA;Bund;Weißenfels;;"{""lat"": null, ""lon"": null}";;false;;Agentur für Arbeit;https://www.arbeitsagentur.de;;96.46;2025;;;bmas;Bundesministerium für Arbeit und Soziales (BMAS);Agentur für Arbeit;Aggregiert unter Bundesagentur für Arbeit (BA);"[{""zu_id"": ""bmas"", ""typ"": ""UNTERSTELLT"", ""richtung"": ""eingehend"", ""seit"": null, ""quelle"": null}]";"[""https://www.arbeitsagentur.de""]";"{""vollstaendigkeit_prozent"": 58.3, ""zuletzt_verifiziert"": ""2026-06-06"", ""verifikation_noetig"": false}";2026-06-06;2.0
fürarbwen_5777;5777;1.0;Agentur für Arbeit St. Wendel;;Bundesanstalt;Dienststelle der BA;Bund;St. Wendel;;"{""lat"": null, ""lon"": null}";;false;;Agentur für Arbeit;https://www.arbeitsagentur.de;;96.46;2025;;;bmas;Bundesministerium für Arbeit und Soziales (BMAS);Agentur für Arbeit;Aggregiert unter Bundesagentur für Arbeit (BA);"[{""zu_id"": ""bmas"", ""typ"": ""UNTERSTELLT"", ""richtung"": ""eingehend"", ""seit"": null, ""quelle"": null}]";"[""https://www.arbeitsagentur.de""]";"{""vollstaendigkeit_prozent"": 58.3, ""zuletzt_verifiziert"": ""2026-06-06"", ""verifikation_noetig"": false}";2026-06-06;2.0
fürarbwes_14381;14381;1.0;Agentur für Arbeit Wesel;;Bundesanstalt;Dienststelle der BA;Bund;Wesel;;"{""lat"": null, ""lon"": null}";;false;;Agentur für Arbeit;https://www.arbeitsagentur.de;;96.46;2025;;;bmas;Bundesministerium für Arbeit und Soziales (BMAS);Agentur für Arbeit;Aggregiert unter Bundesagentur für Arbeit (BA);"[{""zu_id"": ""bmas"", ""typ"": ""UNTERSTELLT"", ""richtung"": ""eingehend"", ""seit"": null, ""quelle"": null}]";"[""https://www.arbeitsagentur.de""]";"{""vollstaendigkeit_prozent"": 58.3, ""zuletzt_verifiziert"": ""2026-06-06"", ""verifikation_noetig"": false}";2026-06-06;2.0
fürarbwie_14382;14382;1.0;Agentur für Arbeit Wiesbaden;;Bundesanstalt;Dienststelle der BA;Bund;Wiesbaden;Hessen;"{""lat"": null, ""lon"": null}";;false;;Agentur für Arbeit;https://www.arbeitsagentur.de;;96.46;2025;;;bmas;Bundesministerium für Arbeit und Soziales (BMAS);Agentur für Arbeit;Aggregiert unter Bundesagentur für Arbeit (BA);"[{""zu_id"": ""bmas"", ""typ"": ""UNTERSTELLT"", ""richtung"": ""eingehend"", ""seit"": null, ""quelle"": null}]";"[""https://www.arbeitsagentur.de""]";"{""vollstaendigkeit_prozent"": 66.7, ""zuletzt_verifiziert"": ""2026-06-06"", ""verifikation_noetig"": false}";2026-06-06;2.0
fürarbwür_14383;14383;1.0;Agentur für Arbeit Würzburg;;Bundesanstalt;Dienststelle der BA;Bund;Würzburg;Bayern;"{""lat"": null, ""lon"": null}";;false;;Agentur für Arbeit;https://www.arbeitsagentur.de;;96.46;2025;;;bmas;Bundesministerium für Arbeit und Soziales (BMAS);Agentur für Arbeit;Aggregiert unter Bundesagentur für Arbeit (BA);"[{""zu_id"": ""bmas"", ""typ"": ""UNTERSTELLT"", ""richtung"": ""eingehend"", ""seit"": null, ""quelle"": null}]";"[""https://www.arbeitsagentur.de""]";"{""vollstaendigkeit_prozent"": 66.7, ""zuletzt_verifiziert"": ""2026-06-06"", ""verifikation_noetig"": false}";2026-06-06;2.0
fürarbzwi_14384;14384;1.0;Agentur für Arbeit Zwickau;;Bundesanstalt;Dienststelle der BA;Bund;Zwickau;;"{""lat"": null, ""lon"": null}";;false;;Agentur für Arbeit;https://www.arbeitsagentur.de;;96.46;2025;;;bmas;Bundesministerium für Arbeit und Soziales (BMAS);Agentur für Arbeit;Aggregiert unter Bundesagentur für Arbeit (BA);"[{""zu_id"": ""bmas"", ""typ"": ""UNTERSTELLT"", ""richtung"": ""eingehend"", ""seit"": null, ""quelle"": null}]";"[""https://www.arbeitsagentur.de""]";"{""vollstaendigkeit_prozent"": 58.3, ""zuletzt_verifiziert"": ""2026-06-06"", ""verifikation_noetig"": false}";2026-06-06;2.0
fürarzmed_65;65;1.0;Bundesinstitut für Arzneimittel und Medizinprodukte;;Bundesoberbehörde;Bundesbehörde;Bund;Berlin;Berlin;"{""lat"": null, ""lon"": null}";;false;;Arzneimittel und Medizin;https://www.service.bund.de;;129.7;2025;1350;2024;bmg;Bundesministerium für Gesundheit (BMG);Arzneimittel und Medizin;Finanzierung über das Ressort Bundesministerium für Gesundheit (BMG);"[{""zu_id"": ""bmg"", ""typ"": ""UNTERSTELLT"", ""richtung"": ""eingehend"", ""seit"": null, ""quelle"": null}]";"[""https://www.service.bund.de""]";"{""vollstaendigkeit_prozent"": 75.0, ""zuletzt_verifiziert"": ""2026-06-06"", ""verifikation_noetig"": false}";2026-06-06;2.0
fürausang_49154;49154;1.0;Bundesamt für Auswärtige Angelegenheiten;;Bundesoberbehörde;Bundesbehörde;Bund;Berlin;Berlin;"{""lat"": null, ""lon"": null}";;false;;;https://www.service.bund.de;;54.2;2025;739;2024;aa;Auswärtiges Amt (AA);;Finanzierung über das Ressort Auswärtiges Amt (AA);"[{""zu_id"": ""aa"", ""typ"": ""UNTERSTELLT"", ""richtung"": ""eingehend"", ""seit"": null, ""quelle"": null}]";"[""https://www.service.bund.de""]";"{""vollstaendigkeit_prozent"": 66.7, ""zuletzt_verifiziert"": ""2026-06-06"", ""verifikation_noetig"": false}";2026-06-06;2.0
fürausinfnutbun_4355;4355;1.0;Bundesamt für Ausrüstung, Informationstechnik und Nutzung der Bundeswehr;;Bundesoberbehörde;Dienststelle der Bundeswehrverwaltung;Bund;Berlin;Berlin;"{""lat"": null, ""lon"": null}";;false;;Bundeswehr;https://www.bundeswehr.de;;8862.05;2025;;;bmvg;Bundesministerium der Verteidigung (BMVg);Bundeswehr;Aggregiert unter Bundesministerium der Verteidigung (BMVg);"[{""zu_id"": ""bmvg"", ""typ"": ""UNTERSTELLT"", ""richtung"": ""eingehend"", ""seit"": null, ""quelle"": null}]";"[""https://www.bundeswehr.de""]";"{""vollstaendigkeit_prozent"": 66.7, ""zuletzt_verifiziert"": ""2026-06-06"", ""verifikation_noetig"": false}";2026-06-06;2.0
fürbaurau_265;265;1.0;Bundesamt für Bauwesen und Raumordnung;;Bundesoberbehörde;Bundesoberbehörde;Bund;Bonn;Nordrhein-Westfalen;"{""lat"": null, ""lon"": null}";;false;;Bau;https://www.bbr.bund.de;;65.0;2025;1500;2024;bmv;Bundesministerium für Digitales und Verkehr (BMDV);Bau;Bundesamt für Bauwesen und Raumordnung;"[{""zu_id"": ""bmv"", ""typ"": ""UNTERSTELLT"", ""richtung"": ""eingehend"", ""seit"": null, ""quelle"": null}]";"[""https://www.bbr.bund.de""]";"{""vollstaendigkeit_prozent"": 75.0, ""zuletzt_verifiziert"": ""2026-06-06"", ""verifikation_noetig"": false}";2026-06-06;2.0
fürber_66;66;1.0;Bundesinstitut für Berufsbildung;;Bundesoberbehörde;Bundesbehörde;Bund;Berlin;Berlin;"{""lat"": null, ""lon"": null}";;false;;Berufsbildung;https://www.service.bund.de;;2.01;2025;;;bmbfsj;Bundesministerium für Bildung und Forschung (BMBF);Berufsbildung;Finanzierung über das Ressort Bundesministerium für Bildung und Forschung (BMBF);"[{""zu_id"": ""bmbfsj"", ""typ"": ""UNTERSTELLT"", ""richtung"": ""eingehend"", ""seit"": null, ""quelle"": null}]";"[""https://www.service.bund.de""]";"{""vollstaendigkeit_prozent"": 66.7, ""zuletzt_verifiziert"": ""2026-06-06"", ""verifikation_noetig"": false}";2026-06-06;2.0
fürbev_67;67;1.0;Bundesinstitut für Bevölkerungsforschung;;Bundesanstalt;Oberste Bundesbehörde;Bund;Bonn;Nordrhein-Westfalen;"{""lat"": null, ""lon"": null}";;false;;Forschung;https://www.bmbf.de;;21500.0;2025;1100;2024;bmi;Bundesministerium des Innern und für Heimat (BMI);Forschung;Bundesministerium für Bildung und Forschung;"[{""zu_id"": ""bmi"", ""typ"": ""UNTERSTELLT"", ""richtung"": ""eingehend"", ""seit"": null, ""quelle"": null}]";"[""https://www.bmbf.de""]";"{""vollstaendigkeit_prozent"": 75.0, ""zuletzt_verifiziert"": ""2026-06-06"", ""verifikation_noetig"": false}";2026-06-06;2.0
fürbevkat_266;266;1.0;Bundesamt für Bevölkerungsschutz und Katastrophenhilfe;;Bundesoberbehörde;Bundesbehörde;Bund;Berlin;Berlin;"{""lat"": null, ""lon"": null}";;false;;Katastrophenschutz;https://www.service.bund.de;;320.3;2025;502;2024;bmi;Bundesministerium des Innern und für Heimat (BMI);Katastrophenschutz;Finanzierung über das Ressort Bundesministerium des Innern und für Heimat (BMI);"[{""zu_id"": ""bmi"", ""typ"": ""UNTERSTELLT"", ""richtung"": ""eingehend"", ""seit"": null, ""quelle"": null}]";"[""https://www.service.bund.de""]";"{""vollstaendigkeit_prozent"": 75.0, ""zuletzt_verifiziert"": ""2026-06-06"", ""verifikation_noetig"": false}";2026-06-06;2.0
fürbilfamsenfra_91;91;1.0;Bundesministerium für Bildung, Familie, Senioren, Frauen und Jugend;;Ministerium;Oberste Bundesbehörde;Bund;Berlin;Berlin;"{""lat"": null, ""lon"": null}";;false;;Ministerium;https://www.bmfsfj.de;;14300.0;2025;950;2024;bmbfsj;Bundesministerium für Familie, Senioren, Frauen und Jugend (BMFSFJ);Ministerium;Familie, Senioren, Frauen, Jugend;"[{""zu_id"": ""bmbfsj"", ""typ"": ""UNTERSTELLT"", ""richtung"": ""eingehend"", ""seit"": null, ""quelle"": null}]";"[""https://www.bmfsfj.de""]";"{""vollstaendigkeit_prozent"": 75.0, ""zuletzt_verifiziert"": ""2026-06-06"", ""verifikation_noetig"": false}";2026-06-06;2.0
fürdigbehorgmit_284;284;1.0;Bundesanstalt für den Digitalfunk der Behörden und Organisationen mit Sicherheitsaufgaben;;Bundesoberbehörde;Bundesbehörde;Bund;Berlin;Berlin;"{""lat"": null, ""lon"": null}";;false;;Telekommunikation;https://www.service.bund.de;;643.308;2025;1054;2024;bmi;Bundesministerium des Innern und für Heimat (BMI);Telekommunikation;Finanzierung über das Ressort Bundesministerium des Innern und für Heimat (BMI);"[{""zu_id"": ""bmi"", ""typ"": ""UNTERSTELLT"", ""richtung"": ""eingehend"", ""seit"": null, ""quelle"": null}]";"[""https://www.service.bund.de""]";"{""vollstaendigkeit_prozent"": 75.0, ""zuletzt_verifiziert"": ""2026-06-06"", ""verifikation_noetig"": false}";2026-06-06;2.0
fürdigsta_51919;51919;1.0;Bundesministerium für Digitales und Staatsmodernisierung;;Ministerium;Oberste Bundesbehörde;Bund;Berlin;Berlin;"{""lat"": null, ""lon"": null}";;false;;Ministerium;https://www.bmdv.bund.de;;38700.0;2025;1600;2024;bmv;Bundesministerium für Digitales und Verkehr (BMDV);Ministerium;Digitales und Verkehr;"[{""zu_id"": ""bmv"", ""typ"": ""UNTERSTELLT"", ""richtung"": ""eingehend"", ""seit"": null, ""quelle"": null}]";"[""https://www.bmdv.bund.de""]";"{""vollstaendigkeit_prozent"": 75.0, ""zuletzt_verifiziert"": ""2026-06-06"", ""verifikation_noetig"": false}";2026-06-06;2.0
fürfamzivauf_5058;5058;1.0;Bundesamt für Familie und zivilgesellschaftliche Aufgaben;;Bundesoberbehörde;Bundesbehörde;Bund;Berlin;Berlin;"{""lat"": null, ""lon"": null}";;false;;Familie;https://www.service.bund.de;;134.9;2025;1500;2024;bmbfsj;Bundesministerium für Familie, Senioren, Frauen und Jugend (BMFSFJ);Familie;Finanzierung über das Ressort Bundesministerium für Familie, Senioren, Frauen und Jugend (BMFSFJ);"[{""zu_id"": ""bmbfsj"", ""typ"": ""UNTERSTELLT"", ""richtung"": ""eingehend"", ""seit"": null, ""quelle"": null}]";"[""https://www.service.bund.de""]";"{""vollstaendigkeit_prozent"": 75.0, ""zuletzt_verifiziert"": ""2026-06-06"", ""verifikation_noetig"": false}";2026-06-06;2.0
fürfin_285;285;1.0;Bundesanstalt für Finanzdienstleistungsaufsicht;;Bundesanstalt;Anstalt des öffentlichen Rechts;Bund;Bonn;Nordrhein-Westfalen;"{""lat"": null, ""lon"": null}";;false;;Bundesanstalt;https://www.bafin.de;;450.0;2025;3100;2024;bmf;Bundesministerium der Finanzen (BMF);Bundesanstalt;Finanzdienstleistungsaufsicht;"[{""zu_id"": ""bmf"", ""typ"": ""UNTERSTELLT"", ""richtung"": ""eingehend"", ""seit"": null, ""quelle"": null}]";"[""https://www.bafin.de""]";"{""vollstaendigkeit_prozent"": 75.0, ""zuletzt_verifiziert"": ""2026-06-06"", ""verifikation_noetig"": false}";2026-06-06;2.0
fürfin_286;286;1.0;Bundesanstalt für Finanzmarktstabilisierung;;Bundesanstalt;Anstalt des öffentlichen Rechts;Bund;Berlin;Berlin;"{""lat"": null, ""lon"": null}";;false;;Bundesanstalt;https://www.service.bund.de;;201.05;2025;;;bmf;Bundesministerium der Finanzen (BMF);Bundesanstalt;Finanzierung über das Ressort Bundesministerium der Finanzen (BMF);"[{""zu_id"": ""bmf"", ""typ"": ""UNTERSTELLT"", ""richtung"": ""eingehend"", ""seit"": null, ""quelle"": null}]";"[""https://www.service.bund.de""]";"{""vollstaendigkeit_prozent"": 66.7, ""zuletzt_verifiziert"": ""2026-06-06"", ""verifikation_noetig"": false}";2026-06-06;2.0
fürfortecrau_89;89;1.0;Bundesministerium für Forschung, Technologie und Raumfahrt;;Ministerium;Bundesbehörde;Bund;Berlin;Berlin;"{""lat"": null, ""lon"": null}";;false;;Ministerium;https://www.service.bund.de;;21820.0;2025;1500;2024;bmbfsj;Bundesministerium für Bildung und Forschung (BMBF);Ministerium;Finanzierung über das Ressort Bundesministerium für Bildung und Forschung (BMBF);"[{""zu_id"": ""bmbfsj"", ""typ"": ""UNTERSTELLT"", ""richtung"": ""eingehend"", ""seit"": null, ""quelle"": null}]";"[""https://www.service.bund.de""]";"{""vollstaendigkeit_prozent"": 75.0, ""zuletzt_verifiziert"": ""2026-06-06"", ""verifikation_noetig"": false}";2026-06-06;2.0
fürgeoroh_287;287;1.0;Bundesanstalt für Geowissenschaften und Rohstoffe;;Bundesoberbehörde;Bundesbehörde;Bund;Berlin;Berlin;"{""lat"": null, ""lon"": null}";;false;;Bergbau und Geologie;https://www.service.bund.de;;118.9;2025;750;2024;bmwi;Bundesministerium für Wirtschaft und Klimaschutz (BMWK);Bergbau und Geologie;Finanzierung über das Ressort Bundesministerium für Wirtschaft und Klimaschutz (BMWK);"[{""zu_id"": ""bmwi"", ""typ"": ""UNTERSTELLT"", ""richtung"": ""eingehend"", ""seit"": null, ""quelle"": null}]";"[""https://www.service.bund.de""]";"{""vollstaendigkeit_prozent"": 75.0, ""zuletzt_verifiziert"": ""2026-06-06"", ""verifikation_noetig"": false}";2026-06-06;2.0
fürges_92;92;1.0;Bundesministerium für Gesundheit;;Ministerium;Oberste Bundesbehörde;Bund;Bonn;Nordrhein-Westfalen;"{""lat"": null, ""lon"": null}";;false;;Ministerium;https://www.bundesgesundheitsministerium.de;;16200.0;2025;1000;2024;bmg;Bundesministerium für Gesundheit (BMG);Ministerium;Gesundheit und Pflege;"[{""zu_id"": ""bmg"", ""typ"": ""UNTERSTELLT"", ""richtung"": ""eingehend"", ""seit"": null, ""quelle"": null}]";"[""https://www.bundesgesundheitsministerium.de""]";"{""vollstaendigkeit_prozent"": 75.0, ""zuletzt_verifiziert"": ""2026-06-06"", ""verifikation_noetig"": false}";2026-06-06;2.0
fürgew_288;288;1.0;Bundesanstalt für Gewässerkunde;;Bundesoberbehörde;Bundesbehörde;Bund;Berlin;Berlin;"{""lat"": null, ""lon"": null}";;false;;Wasser und Schifffahrt;https://www.service.bund.de;;48.6;2025;450;2024;bmv;Bundesministerium für Digitales und Verkehr (BMDV);Wasser und Schifffahrt;Finanzierung über das Ressort Bundesministerium für Digitales und Verkehr (BMDV);"[{""zu_id"": ""bmv"", ""typ"": ""UNTERSTELLT"", ""richtung"": ""eingehend"", ""seit"": null, ""quelle"": null}]";"[""https://www.service.bund.de""]";"{""vollstaendigkeit_prozent"": 75.0, ""zuletzt_verifiziert"": ""2026-06-06"", ""verifikation_noetig"": false}";2026-06-06;2.0
fürimm_289;289;1.0;Bundesanstalt für Immobilienaufgaben;;AdöR;Anstalt des öffentlichen Rechts;Bund;Bonn;Nordrhein-Westfalen;"{""lat"": null, ""lon"": null}";;false;;Liegenschaften;https://www.bundesimmobilien.de;;3500.0;2025;7200;2024;bmf;Bundesministerium der Finanzen (BMF);Liegenschaften;Verwaltung des Bundesimmobilieneigentums;"[{""zu_id"": ""bmf"", ""typ"": ""UNTERSTELLT"", ""richtung"": ""eingehend"", ""seit"": null, ""quelle"": null}]";"[""https://www.bundesimmobilien.de""]";"{""vollstaendigkeit_prozent"": 75.0, ""zuletzt_verifiziert"": ""2026-06-06"", ""verifikation_noetig"": false}";2026-06-06;2.0
fürinfumwdiebun_5121;5121;1.0;Bundesamt für Infrastruktur, Umweltschutz und Dienstleistungen der Bundeswehr;;Bundesoberbehörde;Dienststelle der Bundeswehrverwaltung;Bund;Berlin;Berlin;"{""lat"": null, ""lon"": null}";;false;;Bundeswehr;https://www.bundeswehr.de;;261.4;2025;;;bmvg;Bundesministerium der Verteidigung (BMVg);Bundeswehr;Aggregiert unter Bundesministerium der Verteidigung (BMVg);"[{""zu_id"": ""bmvg"", ""typ"": ""UNTERSTELLT"", ""richtung"": ""eingehend"", ""seit"": null, ""quelle"": null}]";"[""https://www.bundeswehr.de""]";"{""vollstaendigkeit_prozent"": 66.7, ""zuletzt_verifiziert"": ""2026-06-06"", ""verifikation_noetig"": false}";2026-06-06;2.0
fürjus_270;270;1.0;Bundesamt für Justiz;;Bundesoberbehörde;Bundesbehörde;Bund;Berlin;Berlin;"{""lat"": null, ""lon"": null}";;false;;Justiz;https://www.service.bund.de;;139.27;2025;;;bmjv;Bundesministerium der Justiz (BMJ);Justiz;Finanzierung über das Ressort Bundesministerium der Justiz (BMJ);"[{""zu_id"": ""bmjv"", ""typ"": ""UNTERSTELLT"", ""richtung"": ""eingehend"", ""seit"": null, ""quelle"": null}]";"[""https://www.service.bund.de""]";"{""vollstaendigkeit_prozent"": 66.7, ""zuletzt_verifiziert"": ""2026-06-06"", ""verifikation_noetig"": false}";2026-06-06;2.0
fürkargeo_271;271;1.0;Bundesamt für Kartographie und Geodäsie;;Bundesoberbehörde;Bundesbehörde;Bund;Berlin;Berlin;"{""lat"": null, ""lon"": null}";;false;;Geoinformationen;https://www.service.bund.de;;72.7;2025;;;bmi;Bundesministerium des Innern und für Heimat (BMI);Geoinformationen;Finanzierung über das Ressort Bundesministerium des Innern und für Heimat (BMI);"[{""zu_id"": ""bmi"", ""typ"": ""UNTERSTELLT"", ""richtung"": ""eingehend"", ""seit"": null, ""quelle"": null}]";"[""https://www.service.bund.de""]";"{""vollstaendigkeit_prozent"": 66.7, ""zuletzt_verifiziert"": ""2026-06-06"", ""verifikation_noetig"": false}";2026-06-06;2.0
fürkulgesdeuöst_68;68;1.0;Bundesinstitut für Kultur und Geschichte der Deutschen im östlichen Europa;;Bundesoberbehörde;Bundesbehörde;Bund;Berlin;Berlin;"{""lat"": null, ""lon"": null}";;false;;Kultur;https://www.bkge.de/;;2.01;2025;23;2024;bkamt;Beauftragte der Bundesregierung für Kultur und Medien (BKM);Kultur;Finanzierung über das Ressort Beauftragte der Bundesregierung für Kultur und Medien (BKM);"[{""zu_id"": ""bkamt"", ""typ"": ""UNTERSTELLT"", ""richtung"": ""eingehend"", ""seit"": null, ""quelle"": null}]";"[""https://www.bkge.de/""]";"{""vollstaendigkeit_prozent"": 75.0, ""zuletzt_verifiziert"": ""2026-06-06"", ""verifikation_noetig"": false}";2026-06-06;2.0
fürlanern_290;290;1.0;Bundesanstalt für Landwirtschaft und Ernährung;;Bundesoberbehörde;Bundesbehörde;Bund;Berlin;Berlin;"{""lat"": null, ""lon"": null}";;false;;Landwirtschaft;https://www.service.bund.de;;145.877;2025;1800;2024;bmelh;Bundesministerium für Ernährung und Landwirtschaft (BMEL);Landwirtschaft;Finanzierung über das Ressort Bundesministerium für Ernährung und Landwirtschaft (BMEL);"[{""zu_id"": ""bmelh"", ""typ"": ""UNTERSTELLT"", ""richtung"": ""eingehend"", ""seit"": null, ""quelle"": null}]";"[""https://www.service.bund.de""]";"{""vollstaendigkeit_prozent"": 75.0, ""zuletzt_verifiziert"": ""2026-06-06"", ""verifikation_noetig"": false}";2026-06-06;2.0
fürlanernhei_90;90;1.0;Bundesministerium für Landwirtschaft, Ernährung und Heimat;;Ministerium;Oberste Bundesbehörde;Bund;Bonn;Nordrhein-Westfalen;"{""lat"": null, ""lon"": null}";;false;;Ministerium;https://www.bmel.de;;7100.0;2025;1000;2024;bmelh;Bundesministerium für Ernährung und Landwirtschaft (BMEL);Ministerium;Ernährung und Landwirtschaft;"[{""zu_id"": ""bmelh"", ""typ"": ""UNTERSTELLT"", ""richtung"": ""eingehend"", ""seit"": null, ""quelle"": null}]";"[""https://www.bmel.de""]";"{""vollstaendigkeit_prozent"": 75.0, ""zuletzt_verifiziert"": ""2026-06-06"", ""verifikation_noetig"": false}";2026-06-06;2.0
fürlogmob_268;268;1.0;Bundesamt für Logistik und Mobilität;;Bundesoberbehörde;Bundesbehörde;Bund;Berlin;Berlin;"{""lat"": null, ""lon"": null}";;false;;Bahn;https://www.service.bund.de;;100.7;2025;2200;2024;bmv;Bundesministerium für Digitales und Verkehr (BMDV);Bahn;Finanzierung über das Ressort Bundesministerium für Digitales und Verkehr (BMDV);"[{""zu_id"": ""bmv"", ""typ"": ""UNTERSTELLT"", ""richtung"": ""eingehend"", ""seit"": null, ""quelle"": null}]";"[""https://www.service.bund.de""]";"{""vollstaendigkeit_prozent"": 75.0, ""zuletzt_verifiziert"": ""2026-06-06"", ""verifikation_noetig"": false}";2026-06-06;2.0
fürmatprü_291;291;1.0;Bundesanstalt für Materialforschung und -prüfung;;Bundesoberbehörde;Bundesbehörde;Bund;Berlin;Berlin;"{""lat"": null, ""lon"": null}";;false;;Prüfungsamt;https://www.service.bund.de;;176.0;2025;1550;2024;bmwi;Bundesministerium für Wirtschaft und Klimaschutz (BMWK);Prüfungsamt;Finanzierung über das Ressort Bundesministerium für Wirtschaft und Klimaschutz (BMWK);"[{""zu_id"": ""bmwi"", ""typ"": ""UNTERSTELLT"", ""richtung"": ""eingehend"", ""seit"": null, ""quelle"": null}]";"[""https://www.service.bund.de""]";"{""vollstaendigkeit_prozent"": 75.0, ""zuletzt_verifiziert"": ""2026-06-06"", ""verifikation_noetig"": false}";2026-06-06;2.0
fürmigflü_272;272;1.0;Bundesamt für Migration und Flüchtlinge;;Bundesoberbehörde;Bundesoberbehörde;Bund;Nürnberg;Bayern;"{""lat"": null, ""lon"": null}";;false;;Integration;https://www.bamf.de;;1100.0;2025;8000;2024;bmi;Bundesministerium des Innern und für Heimat (BMI);Integration;Asyl, Migration und Integration;"[{""zu_id"": ""bmi"", ""typ"": ""UNTERSTELLT"", ""richtung"": ""eingehend"", ""seit"": null, ""quelle"": null}]";"[""https://www.bamf.de""]";"{""vollstaendigkeit_prozent"": 75.0, ""zuletzt_verifiziert"": ""2026-06-06"", ""verifikation_noetig"": false}";2026-06-06;2.0
fürnat_273;273;1.0;Bundesamt für Naturschutz;;Bundesoberbehörde;Bundesbehörde;Bund;Berlin;Berlin;"{""lat"": null, ""lon"": null}";;false;;Umweltschutz;https://www.service.bund.de;;65.0;2025;430;2024;bmuv;Bundesministerium für Umwelt, Naturschutz, nukleare Sicherheit und Verbraucherschutz (BMUV);Umweltschutz;Finanzierung über das Ressort Bundesministerium für Umwelt, Naturschutz, nukleare Sicherheit und Verbraucherschutz (BMUV);"[{""zu_id"": ""bmuv"", ""typ"": ""UNTERSTELLT"", ""richtung"": ""eingehend"", ""seit"": null, ""quelle"": null}]";"[""https://www.service.bund.de""]";"{""vollstaendigkeit_prozent"": 75.0, ""zuletzt_verifiziert"": ""2026-06-06"", ""verifikation_noetig"": false}";2026-06-06;2.0
fürperbun_4139;4139;1.0;Bundesamt für das Personalmanagement der Bundeswehr;;Bundesoberbehörde;Dienststelle der Bundeswehrverwaltung;Bund;Berlin;Berlin;"{""lat"": null, ""lon"": null}";;false;;Bundeswehr;https://www.bundeswehr.de;;8862.05;2025;;;bmvg;Bundesministerium der Verteidigung (BMVg);Bundeswehr;Aggregiert unter Bundesministerium der Verteidigung (BMVg);"[{""zu_id"": ""bmvg"", ""typ"": ""UNTERSTELLT"", ""richtung"": ""eingehend"", ""seit"": null, ""quelle"": null}]";"[""https://www.bundeswehr.de""]";"{""vollstaendigkeit_prozent"": 66.7, ""zuletzt_verifiziert"": ""2026-06-06"", ""verifikation_noetig"": false}";2026-06-06;2.0
fürpostel_292;292;1.0;Bundesanstalt für Post und Telekommunikation;;Bundesoberbehörde;Bundesbehörde;Bund;Berlin;Berlin;"{""lat"": null, ""lon"": null}";;false;;Telekommunikation;https://www.service.bund.de;;201.05;2025;1100;2024;bmf;Bundesministerium der Finanzen (BMF);Telekommunikation;Finanzierung über das Ressort Bundesministerium der Finanzen (BMF);"[{""zu_id"": ""bmf"", ""typ"": ""UNTERSTELLT"", ""richtung"": ""eingehend"", ""seit"": null, ""quelle"": null}]";"[""https://www.service.bund.de""]";"{""vollstaendigkeit_prozent"": 75.0, ""zuletzt_verifiziert"": ""2026-06-06"", ""verifikation_noetig"": false}";2026-06-06;2.0
fürris_69;69;1.0;Bundesinstitut für Risikobewertung;;Bundesoberbehörde;Bundesbehörde;Bund;Berlin;Berlin;"{""lat"": null, ""lon"": null}";;false;;Bundesinstitut;https://www.service.bund.de;;148.0;2025;1237;2024;bmas;Bundesministerium für Arbeit und Soziales (BMAS);Bundesinstitut;Finanzierung über das Ressort Bundesministerium für Arbeit und Soziales (BMAS);"[{""zu_id"": ""bmas"", ""typ"": ""UNTERSTELLT"", ""richtung"": ""eingehend"", ""seit"": null, ""quelle"": null}]";"[""https://www.service.bund.de""]";"{""vollstaendigkeit_prozent"": 75.0, ""zuletzt_verifiziert"": ""2026-06-06"", ""verifikation_noetig"": false}";2026-06-06;2.0
fürseehyd_274;274;1.0;Bundesamt für Seeschifffahrt und Hydrographie;;Bundesoberbehörde;Dienststelle der WSV;Bund;Berlin;Berlin;"{""lat"": null, ""lon"": null}";;false;;Wasser und Schifffahrt;https://www.wsv.de;;132.5;2025;;;bmv;Bundesministerium für Digitales und Verkehr (BMDV);Wasser und Schifffahrt;Aggregiert unter Generaldirektion Wasserstraßen und Schifffahrt (GDWS);"[{""zu_id"": ""bmv"", ""typ"": ""UNTERSTELLT"", ""richtung"": ""eingehend"", ""seit"": null, ""quelle"": null}]";"[""https://www.wsv.de""]";"{""vollstaendigkeit_prozent"": 66.7, ""zuletzt_verifiziert"": ""2026-06-06"", ""verifikation_noetig"": false}";2026-06-06;2.0
fürsicinf_275;275;1.0;Bundesamt für Sicherheit in der Informationstechnik;;Bundesoberbehörde;Bundesoberbehörde;Bund;Bonn;Nordrhein-Westfalen;"{""lat"": null, ""lon"": null}";;false;;Technologie;https://www.bsi.bund.de;;220.0;2025;1400;2024;bmi;Bundesministerium des Innern und für Heimat (BMI);Technologie;Nationale Sicherheitsbehörde für IT;"[{""zu_id"": ""bmi"", ""typ"": ""UNTERSTELLT"", ""richtung"": ""eingehend"", ""seit"": null, ""quelle"": null}]";"[""https://www.bsi.bund.de""]";"{""vollstaendigkeit_prozent"": 75.0, ""zuletzt_verifiziert"": ""2026-06-06"", ""verifikation_noetig"": false}";2026-06-06;2.0
fürsicnukent_13659;13659;1.0;Bundesamt für die Sicherheit der nuklearen Entsorgung;;Bundesoberbehörde;Bundesbehörde;Bund;Berlin;Berlin;"{""lat"": null, ""lon"": null}";;false;;Atomkraft;https://www.service.bund.de;;52.0;2025;450;2024;bmuv;Bundesministerium für Umwelt, Naturschutz, nukleare Sicherheit und Verbraucherschutz (BMUV);Atomkraft;Finanzierung über das Ressort Bundesministerium für Umwelt, Naturschutz, nukleare Sicherheit und Verbraucherschutz (BMUV);"[{""zu_id"": ""bmuv"", ""typ"": ""UNTERSTELLT"", ""richtung"": ""eingehend"", ""seit"": null, ""quelle"": null}]";"[""https://www.service.bund.de""]";"{""vollstaendigkeit_prozent"": 75.0, ""zuletzt_verifiziert"": ""2026-06-06"", ""verifikation_noetig"": false}";2026-06-06;2.0
fürsozsic_135;135;1.0;Bundesamt für Soziale Sicherung;;Bundesoberbehörde;Bundesbehörde;Bund;Berlin;Berlin;"{""lat"": null, ""lon"": null}";;false;;Soziales;https://www.service.bund.de;;69.0;2025;750;2024;bmas;Bundesministerium für Arbeit und Soziales (BMAS);Soziales;Finanzierung über das Ressort Bundesministerium für Arbeit und Soziales (BMAS);"[{""zu_id"": ""bmas"", ""typ"": ""UNTERSTELLT"", ""richtung"": ""eingehend"", ""seit"": null, ""quelle"": null}]";"[""https://www.service.bund.de""]";"{""vollstaendigkeit_prozent"": 75.0, ""zuletzt_verifiziert"": ""2026-06-06"", ""verifikation_noetig"": false}";2026-06-06;2.0
fürspo_70;70;1.0;Bundesinstitut für Sportwissenschaft;;Bundesoberbehörde;Bundesbehörde;Bund;Berlin;Berlin;"{""lat"": null, ""lon"": null}";;false;;Sport und Freizeit;https://www.service.bund.de;;4.4;2025;35;2024;bmi;Bundesministerium des Innern und für Heimat (BMI);Sport und Freizeit;Finanzierung über das Ressort Bundesministerium des Innern und für Heimat (BMI);"[{""zu_id"": ""bmi"", ""typ"": ""UNTERSTELLT"", ""richtung"": ""eingehend"", ""seit"": null, ""quelle"": null}]";"[""https://www.service.bund.de""]";"{""vollstaendigkeit_prozent"": 75.0, ""zuletzt_verifiziert"": ""2026-06-06"", ""verifikation_noetig"": false}";2026-06-06;2.0
fürstr_276;276;1.0;Bundesamt für Strahlenschutz;;Bundesoberbehörde;Bundesbehörde;Bund;Berlin;Berlin;"{""lat"": null, ""lon"": null}";;false;;Schutz;https://www.service.bund.de;;84.0;2025;660;2024;bmuv;Bundesministerium für Umwelt, Naturschutz, nukleare Sicherheit und Verbraucherschutz (BMUV);Schutz;Finanzierung über das Ressort Bundesministerium für Umwelt, Naturschutz, nukleare Sicherheit und Verbraucherschutz (BMUV);"[{""zu_id"": ""bmuv"", ""typ"": ""UNTERSTELLT"", ""richtung"": ""eingehend"", ""seit"": null, ""quelle"": null}]";"[""https://www.service.bund.de""]";"{""vollstaendigkeit_prozent"": 75.0, ""zuletzt_verifiziert"": ""2026-06-06"", ""verifikation_noetig"": false}";2026-06-06;2.0
fürstr_293;293;1.0;Bundesanstalt für Straßenwesen;;Bundesoberbehörde;Bundesbehörde;Bund;Berlin;Berlin;"{""lat"": null, ""lon"": null}";;false;;Straßen und Grünflächen;https://www.service.bund.de;;56.2;2025;380;2024;bmv;Bundesministerium für Digitales und Verkehr (BMDV);Straßen und Grünflächen;Finanzierung über das Ressort Bundesministerium für Digitales und Verkehr (BMDV);"[{""zu_id"": ""bmv"", ""typ"": ""UNTERSTELLT"", ""richtung"": ""eingehend"", ""seit"": null, ""quelle"": null}]";"[""https://www.service.bund.de""]";"{""vollstaendigkeit_prozent"": 75.0, ""zuletzt_verifiziert"": ""2026-06-06"", ""verifikation_noetig"": false}";2026-06-06;2.0
fürumwklinatnuk_93;93;1.0;Bundesministerium für Umwelt, Klimaschutz, Naturschutz und nukleare Sicherheit;;Ministerium;Oberste Bundesbehörde;Bund;Bonn;Nordrhein-Westfalen;"{""lat"": null, ""lon"": null}";;false;;Ministerium;https://www.bmuv.de;;2400.0;2025;1200;2024;bmuv;Bundesministerium für Umwelt, Naturschutz, nukleare Sicherheit und Verbraucherschutz (BMUV);Ministerium;Umwelt, Naturschutz, nukleare Sicherheit;"[{""zu_id"": ""bmuv"", ""typ"": ""UNTERSTELLT"", ""richtung"": ""eingehend"", ""seit"": null, ""quelle"": null}]";"[""https://www.bmuv.de""]";"{""vollstaendigkeit_prozent"": 75.0, ""zuletzt_verifiziert"": ""2026-06-06"", ""verifikation_noetig"": false}";2026-06-06;2.0
fürver_15650;15650;1.0;Bundesanstalt für Verwaltungsdienstleistungen;;Bundesanstalt;Anstalt des öffentlichen Rechts;Bund;Berlin;Berlin;"{""lat"": null, ""lon"": null}";;false;;Bundesanstalt;https://www.service.bund.de;;35.6;2025;500;2024;bmi;Bundesministerium des Innern und für Heimat (BMI);Bundesanstalt;Finanzierung über das Ressort Bundesministerium des Innern und für Heimat (BMI);"[{""zu_id"": ""bmi"", ""typ"": ""UNTERSTELLT"", ""richtung"": ""eingehend"", ""seit"": null, ""quelle"": null}]";"[""https://www.service.bund.de""]";"{""vollstaendigkeit_prozent"": 75.0, ""zuletzt_verifiziert"": ""2026-06-06"", ""verifikation_noetig"": false}";2026-06-06;2.0
fürver_278;278;1.0;Bundesamt für Verfassungsschutz;;Bundesoberbehörde;Bundesoberbehörde;Bund;Köln;Nordrhein-Westfalen;"{""lat"": null, ""lon"": null}";;false;;Verfassungsschutz;https://www.verfassungsschutz.de;;480.0;2025;4200;2024;bmi;Bundesministerium des Innern und für Heimat (BMI);Verfassungsschutz;Inlandsnachrichtendienst;"[{""zu_id"": ""bmi"", ""typ"": ""UNTERSTELLT"", ""richtung"": ""eingehend"", ""seit"": null, ""quelle"": null}]";"[""https://www.verfassungsschutz.de""]";"{""vollstaendigkeit_prozent"": 75.0, ""zuletzt_verifiziert"": ""2026-06-06"", ""verifikation_noetig"": false}";2026-06-06;2.0
fürver_94;94;1.0;Bundesministerium für Verkehr;;Ministerium;Bundesbehörde;Bund;Berlin;Berlin;"{""lat"": null, ""lon"": null}";;false;;Ministerium;https://www.service.bund.de;;27901.36;2025;;;bmv;Bundesministerium für Digitales und Verkehr (BMDV);Ministerium;Finanzierung über das Ressort Bundesministerium für Digitales und Verkehr (BMDV);"[{""zu_id"": ""bmv"", ""typ"": ""UNTERSTELLT"", ""richtung"": ""eingehend"", ""seit"": null, ""quelle"": null}]";"[""https://www.service.bund.de""]";"{""vollstaendigkeit_prozent"": 66.7, ""zuletzt_verifiziert"": ""2026-06-06"", ""verifikation_noetig"": false}";2026-06-06;2.0
fürverleb_277;277;1.0;Bundesamt für Verbraucherschutz und Lebensmittelsicherheit;;Bundesoberbehörde;Bundesbehörde;Bund;Berlin;Berlin;"{""lat"": null, ""lon"": null}";;false;;Verbraucherschutzamt;https://www.service.bund.de;;101.0;2025;950;2024;bmelh;Bundesministerium für Ernährung und Landwirtschaft (BMEL);Verbraucherschutzamt;Finanzierung über das Ressort Bundesministerium für Ernährung und Landwirtschaft (BMEL);"[{""zu_id"": ""bmelh"", ""typ"": ""UNTERSTELLT"", ""richtung"": ""eingehend"", ""seit"": null, ""quelle"": null}]";"[""https://www.service.bund.de""]";"{""vollstaendigkeit_prozent"": 75.0, ""zuletzt_verifiziert"": ""2026-06-06"", ""verifikation_noetig"": false}";2026-06-06;2.0
fürverson_294;294;1.0;Bundesanstalt für vereinigungsbedingte Sonderaufgaben;;Bundesanstalt;Anstalt des öffentlichen Rechts;Bund;Berlin;Berlin;"{""lat"": null, ""lon"": null}";;false;;Bundesanstalt;https://www.service.bund.de;;201.05;2025;;;bmf;Bundesministerium der Finanzen (BMF);Bundesanstalt;Finanzierung über das Ressort Bundesministerium der Finanzen (BMF);"[{""zu_id"": ""bmf"", ""typ"": ""UNTERSTELLT"", ""richtung"": ""eingehend"", ""seit"": null, ""quelle"": null}]";"[""https://www.service.bund.de""]";"{""vollstaendigkeit_prozent"": 66.7, ""zuletzt_verifiziert"": ""2026-06-06"", ""verifikation_noetig"": false}";2026-06-06;2.0
fürwas_295;295;1.0;Bundesanstalt für Wasserbau;;Bundesoberbehörde;Bundesbehörde;Bund;Berlin;Berlin;"{""lat"": null, ""lon"": null}";;false;;Wasser und Schifffahrt;https://www.service.bund.de;;71.0;2025;480;2024;bmv;Bundesministerium für Digitales und Verkehr (BMDV);Wasser und Schifffahrt;Finanzierung über das Ressort Bundesministerium für Digitales und Verkehr (BMDV);"[{""zu_id"": ""bmv"", ""typ"": ""UNTERSTELLT"", ""richtung"": ""eingehend"", ""seit"": null, ""quelle"": null}]";"[""https://www.service.bund.de""]";"{""vollstaendigkeit_prozent"": 75.0, ""zuletzt_verifiziert"": ""2026-06-06"", ""verifikation_noetig"": false}";2026-06-06;2.0
fürweh_280;280;1.0;Bundesamt für Wehrverwaltung;;Bundesoberbehörde;Bundesbehörde;Bund;Berlin;Berlin;"{""lat"": null, ""lon"": null}";;false;;;https://www.service.bund.de;;8862.05;2025;;;bmvg;Bundesministerium der Verteidigung (BMVg);;Finanzierung über das Ressort Bundesministerium der Verteidigung (BMVg);"[{""zu_id"": ""bmvg"", ""typ"": ""UNTERSTELLT"", ""richtung"": ""eingehend"", ""seit"": null, ""quelle"": null}]";"[""https://www.service.bund.de""]";"{""vollstaendigkeit_prozent"": 58.3, ""zuletzt_verifiziert"": ""2026-06-06"", ""verifikation_noetig"": false}";2026-06-06;2.0
fürwiraus_281;281;1.0;Bundesamt für Wirtschaft und Ausfuhrkontrolle;;Bundesoberbehörde;Bundesoberbehörde;Bund;Eschborn;;"{""lat"": null, ""lon"": null}";;false;;Regulierungsbehörde;https://www.bafa.de;;105.0;2025;1400;2024;bmwi;Bundesministerium für Wirtschaft und Klimaschutz (BMWK);Regulierungsbehörde;Wirtschafts- und Ausfuhrkontrolle;"[{""zu_id"": ""bmwi"", ""typ"": ""UNTERSTELLT"", ""richtung"": ""eingehend"", ""seit"": null, ""quelle"": null}]";"[""https://www.bafa.de""]";"{""vollstaendigkeit_prozent"": 66.7, ""zuletzt_verifiziert"": ""2026-06-06"", ""verifikation_noetig"": false}";2026-06-06;2.0
fürwirene_96;96;1.0;Bundesministerium für Wirtschaft und Energie;;Ministerium;Oberste Bundesbehörde;Bund;Berlin;Berlin;"{""lat"": null, ""lon"": null}";;false;;Ministerium;https://www.bmwk.de;;14500.0;2025;2300;2024;bmwi;Bundesministerium für Wirtschaft und Klimaschutz (BMWK);Ministerium;Wirtschaft und Klimaschutz;"[{""zu_id"": ""bmwi"", ""typ"": ""UNTERSTELLT"", ""richtung"": ""eingehend"", ""seit"": null, ""quelle"": null}]";"[""https://www.bmwk.de""]";"{""vollstaendigkeit_prozent"": 75.0, ""zuletzt_verifiziert"": ""2026-06-06"", ""verifikation_noetig"": false}";2026-06-06;2.0
fürwirzusent_95;95;1.0;Bundesministerium für wirtschaftliche Zusammenarbeit und Entwicklung;;Ministerium;Oberste Bundesbehörde;Bund;Bonn;Nordrhein-Westfalen;"{""lat"": null, ""lon"": null}";;false;;Ministerium;https://www.bmz.de;;11200.0;2025;1100;2024;bmz;Bundesministerium für wirtschaftliche Zusammenarbeit und Entwicklung (BMZ);Ministerium;Wirtschaftliche Zusammenarbeit;"[{""zu_id"": ""bmz"", ""typ"": ""UNTERSTELLT"", ""richtung"": ""eingehend"", ""seit"": null, ""quelle"": null}]";"[""https://www.bmz.de""]";"{""vollstaendigkeit_prozent"": 75.0, ""zuletzt_verifiziert"": ""2026-06-06"", ""verifikation_noetig"": false}";2026-06-06;2.0
fürwohstabau_49833;49833;1.0;Bundesministerium für Wohnen, Stadtentwicklung und Bauwesen;;Ministerium;Oberste Bundesbehörde;Bund;Bonn;Nordrhein-Westfalen;"{""lat"": null, ""lon"": null}";;false;;Ministerium;https://www.bmwsb.bund.de;;7300.0;2025;600;2024;bmwsb;Bundesministerium für Wohnen, Stadtentwicklung und Bauwesen (BMWSB);Ministerium;Wohnen, Stadtentwicklung und Bauwesen;"[{""zu_id"": ""bmwsb"", ""typ"": ""UNTERSTELLT"", ""richtung"": ""eingehend"", ""seit"": null, ""quelle"": null}]";"[""https://www.bmwsb.bund.de""]";"{""vollstaendigkeit_prozent"": 75.0, ""zuletzt_verifiziert"": ""2026-06-06"", ""verifikation_noetig"": false}";2026-06-06;2.0
fürzendieoffver_282;282;1.0;Bundesamt für zentrale Dienste und offene Vermögensfragen;;Bundesoberbehörde;Bundesbehörde;Bund;Berlin;Berlin;"{""lat"": null, ""lon"": null}";;false;;Dienstleistung;https://www.service.bund.de;;25.96;2025;300;2024;bmf;Bundesministerium der Finanzen (BMF);Dienstleistung;Finanzierung über das Ressort Bundesministerium der Finanzen (BMF);"[{""zu_id"": ""bmf"", ""typ"": ""UNTERSTELLT"", ""richtung"": ""eingehend"", ""seit"": null, ""quelle"": null}]";"[""https://www.service.bund.de""]";"{""vollstaendigkeit_prozent"": 75.0, ""zuletzt_verifiziert"": ""2026-06-06"", ""verifikation_noetig"": false}";2026-06-06;2.0
füräußres_264;264;1.0;Bundesamt für Äußere Restitutionen;;Bundesoberbehörde;Bundesbehörde;Bund;Berlin;Berlin;"{""lat"": null, ""lon"": null}";;false;;;https://www.service.bund.de;;97.54;2025;;;bmf;Bundesministerium der Finanzen (BMF);;Finanzierung über das Ressort Bundesministerium der Finanzen (BMF);"[{""zu_id"": ""bmf"", ""typ"": ""UNTERSTELLT"", ""richtung"": ""eingehend"", ""seit"": null, ""quelle"": null}]";"[""https://www.service.bund.de""]";"{""vollstaendigkeit_prozent"": 58.3, ""zuletzt_verifiziert"": ""2026-06-06"", ""verifikation_noetig"": false}";2026-06-06;2.0
füröffges_232;232;1.0;Bundesinstitut für Öffentliche Gesundheit;;Bundesoberbehörde;Bundesbehörde;Bund;Berlin;Berlin;"{""lat"": null, ""lon"": null}";;false;;Gesundheit;https://www.service.bund.de;;21.7;2025;151;2024;bmg;Bundesministerium für Gesundheit (BMG);Gesundheit;Finanzierung über das Ressort Bundesministerium für Gesundheit (BMG);"[{""zu_id"": ""bmg"", ""typ"": ""UNTERSTELLT"", ""richtung"": ""eingehend"", ""seit"": null, ""quelle"": null}]";"[""https://www.service.bund.de""]";"{""vollstaendigkeit_prozent"": 75.0, ""zuletzt_verifiziert"": ""2026-06-06"", ""verifikation_noetig"": false}";2026-06-06;2.0
gba;;1.0;Generalbundesanwalt beim Bundesgerichtshof;GBA;Bundesoberbehörde;Bundesoberbehörde;Bund;Karlsruhe;Baden-Württemberg;"{""lat"": null, ""lon"": null}";1950;false;;Strafverfolgung bei Staatsschutzsachen, Terrorismus, Völkerstrafrecht, Spionage;https://www.generalbundesanwalt.de;Gerichtsverfassungsgesetz (GVG) § 141-152;80.9;2025;300;2024;bmjv;;;;"[{""zu_id"": ""bmjv"", ""typ"": ""UNTERSTELLT"", ""richtung"": ""eingehend"", ""seit"": 1950}]";"[""https://www.generalbundesanwalt.de"", ""https://www.bundeshaushalt.de""]";"{""vollstaendigkeit_prozent"": 100.0, ""zuletzt_verifiziert"": ""2026-06-06"", ""verifikation_noetig"": false}";2026-06-06;2.0
gebwin_513;513;1.0;Gebirgs- und Winterkampfschule;;Bundesoberbehörde;Bundesbehörde;Bund;Berlin;Berlin;"{""lat"": null, ""lon"": null}";;false;;Militärische Ausbildungsstätte;https://www.bundeswehr.de/de/organisation/heer/organisation/ausbildungskommando/infanterieschule/gebirgs-und-winterkampfschule/;;;;;;bmvg;Bundesministerium der Verteidigung (BMVg);Militärische Ausbildungsstätte;Finanzierung über das Ressort Bundesministerium der Verteidigung (BMVg);"[{""zu_id"": ""bmvg"", ""typ"": ""UNTERSTELLT"", ""richtung"": ""eingehend"", ""seit"": null, ""quelle"": null}]";"[""https://www.bundeswehr.de/de/organisation/heer/organisation/ausbildungskommando/infanterieschule/gebirgs-und-winterkampfschule/""]";"{""vollstaendigkeit_prozent"": 66.7, ""zuletzt_verifiziert"": ""2026-06-06"", ""verifikation_noetig"": false}";2026-06-06;2.0
gefhee_514;514;1.0;Gefechtssimulationzentrum Heer;;Bundesoberbehörde;Bundesbehörde;Bund;Berlin;Berlin;"{""lat"": null, ""lon"": null}";;false;;Bundeswehr;https://www.bundeswehr.de/de/organisation/heer/organisation/ausbildungskommando/gefechtssimulationszentrum-heer/;;;;;;bmvg;Bundesministerium der Verteidigung (BMVg);Bundeswehr;Finanzierung über das Ressort Bundesministerium der Verteidigung (BMVg);"[{""zu_id"": ""bmvg"", ""typ"": ""UNTERSTELLT"", ""richtung"": ""eingehend"", ""seit"": null, ""quelle"": null}]";"[""https://www.bundeswehr.de/de/organisation/heer/organisation/ausbildungskommando/gefechtssimulationszentrum-heer/""]";"{""vollstaendigkeit_prozent"": 66.7, ""zuletzt_verifiziert"": ""2026-06-06"", ""verifikation_noetig"": false}";2026-06-06;2.0
gefhee_515;515;1.0;Gefechtsübungszentrum des Heeres;;Bundesoberbehörde;Bundesbehörde;Bund;Berlin;Berlin;"{""lat"": null, ""lon"": null}";;false;;Bundeswehr;https://www.bundeswehr.de/de/organisation/heer/organisation/ausbildungskommando/gefechtsuebungszentrum-heer/;;;;;;bmvg;Bundesministerium der Verteidigung (BMVg);Bundeswehr;Finanzierung über das Ressort Bundesministerium der Verteidigung (BMVg);"[{""zu_id"": ""bmvg"", ""typ"": ""UNTERSTELLT"", ""richtung"": ""eingehend"", ""seit"": null, ""quelle"": null}]";"[""https://www.bundeswehr.de/de/organisation/heer/organisation/ausbildungskommando/gefechtsuebungszentrum-heer/""]";"{""vollstaendigkeit_prozent"": 66.7, ""zuletzt_verifiziert"": ""2026-06-06"", ""verifikation_noetig"": false}";2026-06-06;2.0
gek_6571;6571;1.0;GEKA;;Bundesoberbehörde;Bundesbehörde;Bund;Berlin;Berlin;"{""lat"": null, ""lon"": null}";;false;;Bundeswehr;https://www.geka-munster.de;;15.2;2025;137;2024;bmvg;Bundesministerium der Verteidigung (BMVg);Bundeswehr;Finanzierung über das Ressort Bundesministerium der Verteidigung (BMVg);"[{""zu_id"": ""bmvg"", ""typ"": ""UNTERSTELLT"", ""richtung"": ""eingehend"", ""seit"": null, ""quelle"": null}]";"[""https://www.geka-munster.de""]";"{""vollstaendigkeit_prozent"": 75.0, ""zuletzt_verifiziert"": ""2026-06-06"", ""verifikation_noetig"": false}";2026-06-06;2.0
gembun_5135;5135;1.0;Gemeinsamer Bundesausschuss;;KdöR;Bundesbehörde;Bund;Berlin;Berlin;"{""lat"": null, ""lon"": null}";;false;;Sozialversicherung;https://www.g-ba.de/;;;;;;bmas;Bundesministerium für Arbeit und Soziales (BMAS);Sozialversicherung;Finanzierung über das Ressort Bundesministerium für Arbeit und Soziales (BMAS);"[{""zu_id"": ""bmas"", ""typ"": ""UNTERSTELLT"", ""richtung"": ""eingehend"", ""seit"": null, ""quelle"": null}]";"[""https://www.g-ba.de/""]";"{""vollstaendigkeit_prozent"": 66.7, ""zuletzt_verifiziert"": ""2026-06-06"", ""verifikation_noetig"": false}";2026-06-06;2.0
gemgesfürtelges_5279;5279;1.0;gematik Gesellschaft für Telematikanwendungen der Gesundheitskarte mbH;;Bundesoberbehörde;Bundesbehörde;Bund;Berlin;Berlin;"{""lat"": null, ""lon"": null}";;false;;;https://www.service.bund.de;;1324.89;2025;;;bmg;Bundesministerium für Gesundheit (BMG);;Finanzierung über das Ressort Bundesministerium für Gesundheit (BMG);"[{""zu_id"": ""bmg"", ""typ"": ""UNTERSTELLT"", ""richtung"": ""eingehend"", ""seit"": null, ""quelle"": null}]";"[""https://www.service.bund.de""]";"{""vollstaendigkeit_prozent"": 58.3, ""zuletzt_verifiziert"": ""2026-06-06"", ""verifikation_noetig"": false}";2026-06-06;2.0
gemwis_516;516;1.0;Gemeinsame Wissenschaftskonferenz;;Bundesoberbehörde;Bundesbehörde;Bund;Berlin;Berlin;"{""lat"": null, ""lon"": null}";;false;;Konferenz;https://www.service.bund.de;;3.18;2025;;;bkamt;Bundeskanzleramt (BKAmt);Konferenz;Finanzierung über das Ressort Bundeskanzleramt (BKAmt);"[{""zu_id"": ""bkamt"", ""typ"": ""UNTERSTELLT"", ""richtung"": ""eingehend"", ""seit"": null, ""quelle"": null}]";"[""https://www.service.bund.de""]";"{""vollstaendigkeit_prozent"": 66.7, ""zuletzt_verifiziert"": ""2026-06-06"", ""verifikation_noetig"": false}";2026-06-06;2.0
genbeibun_519;519;1.0;Generalbundesanwalt beim Bundesgerichtshof;;Bundesoberbehörde;Bundesbehörde;Bund;Berlin;Berlin;"{""lat"": null, ""lon"": null}";;false;;Generalstaatsanwaltschaft;https://www.service.bund.de;;65.383;2025;300;2024;bmjv;Bundesministerium der Justiz (BMJ);Generalstaatsanwaltschaft;Finanzierung über das Ressort Bundesministerium der Justiz (BMJ);"[{""zu_id"": ""bmjv"", ""typ"": ""UNTERSTELLT"", ""richtung"": ""eingehend"", ""seit"": null, ""quelle"": null}]";"[""https://www.service.bund.de""]";"{""vollstaendigkeit_prozent"": 75.0, ""zuletzt_verifiziert"": ""2026-06-06"", ""verifikation_noetig"": false}";2026-06-06;2.0
genbun_5130;5130;1.0;Generalzolldirektion der Bundeszollverwaltung;;Bundesoberbehörde;Bundesoberbehörde;Bund;Bonn;Nordrhein-Westfalen;"{""lat"": null, ""lon"": null}";;false;;Zoll;https://www.zoll.de;;3100.0;2025;43000;2024;bmf;Bundesministerium der Finanzen (BMF);Zoll;Leitung der gesamten Zollverwaltung;"[{""zu_id"": ""bmf"", ""typ"": ""UNTERSTELLT"", ""richtung"": ""eingehend"", ""seit"": null, ""quelle"": null}]";"[""https://www.zoll.de""]";"{""vollstaendigkeit_prozent"": 75.0, ""zuletzt_verifiziert"": ""2026-06-06"", ""verifikation_noetig"": false}";2026-06-06;2.0
genbundeubos_50262;50262;1.0;Generalkonsulat der Bundesrepublik Deutschland Boston;;Bundesoberbehörde;Bundesbehörde;Bund;Berlin;Berlin;"{""lat"": null, ""lon"": null}";;false;;;https://www.service.bund.de;;17.24;2025;;;aa;Auswärtiges Amt (AA);;Finanzierung über das Ressort Auswärtiges Amt (AA);"[{""zu_id"": ""aa"", ""typ"": ""UNTERSTELLT"", ""richtung"": ""eingehend"", ""seit"": null, ""quelle"": null}]";"[""https://www.service.bund.de""]";"{""vollstaendigkeit_prozent"": 58.3, ""zuletzt_verifiziert"": ""2026-06-06"", ""verifikation_noetig"": false}";2026-06-06;2.0
genbundeuist_51807;51807;1.0;Generalkonsulat der Bundesrepublik Deutschland Istanbul;;Bundesoberbehörde;Bundesbehörde;Bund;Berlin;Berlin;"{""lat"": null, ""lon"": null}";;false;;;https://www.service.bund.de;;17.24;2025;;;aa;Auswärtiges Amt (AA);;Finanzierung über das Ressort Auswärtiges Amt (AA);"[{""zu_id"": ""aa"", ""typ"": ""UNTERSTELLT"", ""richtung"": ""eingehend"", ""seit"": null, ""quelle"": null}]";"[""https://www.service.bund.de""]";"{""vollstaendigkeit_prozent"": 58.3, ""zuletzt_verifiziert"": ""2026-06-06"", ""verifikation_noetig"": false}";2026-06-06;2.0
genbundeunewyor_50257;50257;1.0;Generalkonsulat der Bundesrepublik Deutschland New York;;Bundesoberbehörde;Bundesbehörde;Bund;Berlin;Berlin;"{""lat"": null, ""lon"": null}";;false;;;https://www.service.bund.de;;17.24;2025;;;aa;Auswärtiges Amt (AA);;Finanzierung über das Ressort Auswärtiges Amt (AA);"[{""zu_id"": ""aa"", ""typ"": ""UNTERSTELLT"", ""richtung"": ""eingehend"", ""seit"": null, ""quelle"": null}]";"[""https://www.service.bund.de""]";"{""vollstaendigkeit_prozent"": 58.3, ""zuletzt_verifiziert"": ""2026-06-06"", ""verifikation_noetig"": false}";2026-06-06;2.0
genluf_518;518;1.0;Generalarzt der Luftwaffe;;Bundesoberbehörde;Bundesbehörde;Bund;Berlin;Berlin;"{""lat"": null, ""lon"": null}";;false;;Bundeswehr;https://www.service.bund.de;;;;;;bmvg;Bundesministerium der Verteidigung (BMVg);Bundeswehr;Finanzierung über das Ressort Bundesministerium der Verteidigung (BMVg);"[{""zu_id"": ""bmvg"", ""typ"": ""UNTERSTELLT"", ""richtung"": ""eingehend"", ""seit"": null, ""quelle"": null}]";"[""https://www.service.bund.de""]";"{""vollstaendigkeit_prozent"": 66.7, ""zuletzt_verifiziert"": ""2026-06-06"", ""verifikation_noetig"": false}";2026-06-06;2.0
genstaber_52190;52190;1.0;Generaldirektion der Staatsbibliothek zu Berlin;;Bundesanstalt;Bundesbehörde;Bund;Berlin;Berlin;"{""lat"": null, ""lon"": null}";;false;;Bibliothek;https://www.service.bund.de;;183.78;2025;;;bkamt;Beauftragte der Bundesregierung für Kultur und Medien (BKM);Bibliothek;Finanzierung über das Ressort Beauftragte der Bundesregierung für Kultur und Medien (BKM);"[{""zu_id"": ""bkamt"", ""typ"": ""UNTERSTELLT"", ""richtung"": ""eingehend"", ""seit"": null, ""quelle"": null}]";"[""https://www.service.bund.de""]";"{""vollstaendigkeit_prozent"": 66.7, ""zuletzt_verifiziert"": ""2026-06-06"", ""verifikation_noetig"": false}";2026-06-06;2.0
gerinsgloandare_520;520;1.0;"German Institute of Global and Area Studies, 

Leibniz Institut für Globale und Regionale Studien";;Bundesanstalt;Bundesbehörde;Bund;Berlin;Berlin;"{""lat"": null, ""lon"": null}";;false;;Leibniz-Institut;https://www.service.bund.de;;2.01;2025;;;bmbfsj;Bundesministerium für Bildung und Forschung (BMBF);Leibniz-Institut;Finanzierung über das Ressort Bundesministerium für Bildung und Forschung (BMBF);"[{""zu_id"": ""bmbfsj"", ""typ"": ""UNTERSTELLT"", ""richtung"": ""eingehend"", ""seit"": null, ""quelle"": null}]";"[""https://www.service.bund.de""]";"{""vollstaendigkeit_prozent"": 66.7, ""zuletzt_verifiziert"": ""2026-06-06"", ""verifikation_noetig"": false}";2026-06-06;2.0
gernat_521;521;1.0;Germanisches Nationalmuseum;;Bundesanstalt;Bundesbehörde;Bund;Berlin;Berlin;"{""lat"": null, ""lon"": null}";;false;;Museum und Ausstellungen;https://www.gnm.de/;;;;;;bkamt;Beauftragte der Bundesregierung für Kultur und Medien (BKM);Museum und Ausstellungen;Finanzierung über das Ressort Beauftragte der Bundesregierung für Kultur und Medien (BKM);"[{""zu_id"": ""bkamt"", ""typ"": ""UNTERSTELLT"", ""richtung"": ""eingehend"", ""seit"": null, ""quelle"": null}]";"[""https://www.gnm.de/""]";"{""vollstaendigkeit_prozent"": 66.7, ""zuletzt_verifiziert"": ""2026-06-06"", ""verifikation_noetig"": false}";2026-06-06;2.0
gertraandinvges_522;522;1.0;Germany Trade and Invest – Gesellschaft für Außenwirtschaft und Standortmarketing mbH;;Bundesoberbehörde;Bundesbehörde;Bund;Berlin;Berlin;"{""lat"": null, ""lon"": null}";;false;;Wirtschaftsförderung;https://www.service.bund.de;;1324.89;2025;;;bmas;Bundesministerium für Arbeit und Soziales (BMAS);Wirtschaftsförderung;Finanzierung über das Ressort Bundesministerium für Arbeit und Soziales (BMAS);"[{""zu_id"": ""bmas"", ""typ"": ""UNTERSTELLT"", ""richtung"": ""eingehend"", ""seit"": null, ""quelle"": null}]";"[""https://www.service.bund.de""]";"{""vollstaendigkeit_prozent"": 66.7, ""zuletzt_verifiziert"": ""2026-06-06"", ""verifikation_noetig"": false}";2026-06-06;2.0
gesbau_50412;50412;1.0;Geschäftsstelle der Bauministerkonferenz;;Bundesoberbehörde;Bundesbehörde;Bund;Berlin;Berlin;"{""lat"": null, ""lon"": null}";;false;;Bau;https://www.service.bund.de;;;;;;bmwsb;Bundesministerium für Wohnen, Stadtentwicklung und Bauwesen (BMWSB);Bau;Finanzierung über das Ressort Bundesministerium für Wohnen, Stadtentwicklung und Bauwesen (BMWSB);"[{""zu_id"": ""bmwsb"", ""typ"": ""UNTERSTELLT"", ""richtung"": ""eingehend"", ""seit"": null, ""quelle"": null}]";"[""https://www.service.bund.de""]";"{""vollstaendigkeit_prozent"": 66.7, ""zuletzt_verifiziert"": ""2026-06-06"", ""verifikation_noetig"": false}";2026-06-06;2.0
gesfüranlreambh_524;524;1.0;Gesellschaft für  Anlagen und Reaktorsicherheit mbH;;Bundesoberbehörde;Bundesbehörde;Bund;Berlin;Berlin;"{""lat"": null, ""lon"": null}";;false;;Atomkraft;https://www.service.bund.de;;1324.89;2025;;;bmi;Bundesministerium des Innern und für Heimat (BMI);Atomkraft;Finanzierung über das Ressort Bundesministerium des Innern und für Heimat (BMI);"[{""zu_id"": ""bmi"", ""typ"": ""UNTERSTELLT"", ""richtung"": ""eingehend"", ""seit"": null, ""quelle"": null}]";"[""https://www.service.bund.de""]";"{""vollstaendigkeit_prozent"": 66.7, ""zuletzt_verifiziert"": ""2026-06-06"", ""verifikation_noetig"": false}";2026-06-06;2.0
gesfürentbesbet_525;525;1.0;Gesellschaft für Entwicklung, Beschaffung und Betrieb mbH;;Bundesoberbehörde;Bundesbehörde;Bund;Berlin;Berlin;"{""lat"": null, ""lon"": null}";;false;;Bundeswehr;https://www.bwconsulting.de/;;22.3;2025;205;2024;bmvg;Bundesministerium der Verteidigung (BMVg);Bundeswehr;Finanzierung über das Ressort Bundesministerium der Verteidigung (BMVg);"[{""zu_id"": ""bmvg"", ""typ"": ""UNTERSTELLT"", ""richtung"": ""eingehend"", ""seit"": null, ""quelle"": null}]";"[""https://www.bwconsulting.de/""]";"{""vollstaendigkeit_prozent"": 75.0, ""zuletzt_verifiziert"": ""2026-06-06"", ""verifikation_noetig"": false}";2026-06-06;2.0
gesfürschmbh_526;526;1.0;Gesellschaft für Schwerionenforschung mbH;;Bundesanstalt;Bundesbehörde;Bund;Berlin;Berlin;"{""lat"": null, ""lon"": null}";;false;;Forschung;https://www.service.bund.de;;1324.89;2025;;;bmbfsj;Bundesministerium für Bildung und Forschung (BMBF);Forschung;Finanzierung über das Ressort Bundesministerium für Bildung und Forschung (BMBF);"[{""zu_id"": ""bmbfsj"", ""typ"": ""UNTERSTELLT"", ""richtung"": ""eingehend"", ""seit"": null, ""quelle"": null}]";"[""https://www.service.bund.de""]";"{""vollstaendigkeit_prozent"": 66.7, ""zuletzt_verifiziert"": ""2026-06-06"", ""verifikation_noetig"": false}";2026-06-06;2.0
gesfürverges_527;527;1.0;Gesellschaft für Versicherungswissenschaft und -gestaltung e.V.;;Bundesoberbehörde;Bundesbehörde;Bund;Berlin;Berlin;"{""lat"": null, ""lon"": null}";;false;;Versicherung;https://www.service.bund.de;;1324.89;2025;;;bmas;Bundesministerium für Arbeit und Soziales (BMAS);Versicherung;Finanzierung über das Ressort Bundesministerium für Arbeit und Soziales (BMAS);"[{""zu_id"": ""bmas"", ""typ"": ""UNTERSTELLT"", ""richtung"": ""eingehend"", ""seit"": null, ""quelle"": null}]";"[""https://www.service.bund.de""]";"{""vollstaendigkeit_prozent"": 66.7, ""zuletzt_verifiziert"": ""2026-06-06"", ""verifikation_noetig"": false}";2026-06-06;2.0
gesfürwehsic_528;528;1.0;Gesellschaft für Wehr- und Sicherheitspolitik e. V.;;Bundesoberbehörde;Bundesbehörde;Bund;Berlin;Berlin;"{""lat"": null, ""lon"": null}";;false;;Bundeswehr;https://www.service.bund.de;;1324.89;2025;;;bmvg;Bundesministerium der Verteidigung (BMVg);Bundeswehr;Finanzierung über das Ressort Bundesministerium der Verteidigung (BMVg);"[{""zu_id"": ""bmvg"", ""typ"": ""UNTERSTELLT"", ""richtung"": ""eingehend"", ""seit"": null, ""quelle"": null}]";"[""https://www.service.bund.de""]";"{""vollstaendigkeit_prozent"": 66.7, ""zuletzt_verifiziert"": ""2026-06-06"", ""verifikation_noetig"": false}";2026-06-06;2.0
gesfürweimedmbh_529;529;1.0;Gesellschaft für Weiterbildung und Medienkonzeption mbH;;Bundesoberbehörde;Bundesbehörde;Bund;Berlin;Berlin;"{""lat"": null, ""lon"": null}";;false;;Aus- und Weiterbildung;https://www.service.bund.de;;1324.89;2025;;;bmbfsj;Bundesministerium für Bildung und Forschung (BMBF);Aus- und Weiterbildung;Finanzierung über das Ressort Bundesministerium für Bildung und Forschung (BMBF);"[{""zu_id"": ""bmbfsj"", ""typ"": ""UNTERSTELLT"", ""richtung"": ""eingehend"", ""seit"": null, ""quelle"": null}]";"[""https://www.service.bund.de""]";"{""vollstaendigkeit_prozent"": 66.7, ""zuletzt_verifiziert"": ""2026-06-06"", ""verifikation_noetig"": false}";2026-06-06;2.0
gesleiinsfürsoz_531;531;1.0;GESIS - Leibniz-Institut für Sozialwissenschaften;;Bundesanstalt;Bundesbehörde;Bund;Berlin;Berlin;"{""lat"": null, ""lon"": null}";;false;;Leibniz-Institut;https://www.gesis.org;;;;335;2024;bmas;Bundesministerium für Arbeit und Soziales (BMAS);Leibniz-Institut;Finanzierung über das Ressort Bundesministerium für Arbeit und Soziales (BMAS);"[{""zu_id"": ""bmas"", ""typ"": ""UNTERSTELLT"", ""richtung"": ""eingehend"", ""seit"": null, ""quelle"": null}]";"[""https://www.gesis.org""]";"{""vollstaendigkeit_prozent"": 75.0, ""zuletzt_verifiziert"": ""2026-06-06"", ""verifikation_noetig"": false}";2026-06-06;2.0
gkv;;1.0;GKV-Spitzenverband;GKV-SV;KdöR;Körperschaft des öffentlichen Rechts;Bund;Berlin;Berlin;"{""lat"": null, ""lon"": null}";2008;false;;Interessenvertretung gesetzlicher Krankenkassen, Vertragsverhandlungen, Richtlinien;https://www.gkv-spitzenverband.de;Sozialgesetzbuch V (SGB V) § 217a-217f;;;530;2024;bmg;;;;"[{""zu_id"": ""bmg"", ""typ"": ""RECHTSAUFSICHT"", ""richtung"": ""eingehend"", ""seit"": 2008}]";"[""https://www.gkv-spitzenverband.de""]";"{""vollstaendigkeit_prozent"": 100.0, ""zuletzt_verifiziert"": ""2026-06-06"", ""verifikation_noetig"": false}";2026-06-06;2.0
gkvinf_532;532;1.0;gkv informatik;;Bundesoberbehörde;Bundesbehörde;Bund;Berlin;Berlin;"{""lat"": null, ""lon"": null}";;false;;;https://www.gkvi.de/;;;;600;2024;bmi;Bundesministerium des Innern und für Heimat (BMI);;Finanzierung über das Ressort Bundesministerium des Innern und für Heimat (BMI);"[{""zu_id"": ""bmi"", ""typ"": ""UNTERSTELLT"", ""richtung"": ""eingehend"", ""seit"": null, ""quelle"": null}]";"[""https://www.gkvi.de/""]";"{""vollstaendigkeit_prozent"": 66.7, ""zuletzt_verifiziert"": ""2026-06-06"", ""verifikation_noetig"": false}";2026-06-06;2.0
gkvspi_5133;5133;1.0;GKV-Spitzenverband;;KdöR;Bundesbehörde;Bund;Berlin;Berlin;"{""lat"": null, ""lon"": null}";;false;;Krankenkasse;https://www.gkv-spitzenverband.de/;;;;530;2024;bmg;Bundesministerium für Gesundheit (BMG);Krankenkasse;Finanzierung über das Ressort Bundesministerium für Gesundheit (BMG);"[{""zu_id"": ""bmg"", ""typ"": ""UNTERSTELLT"", ""richtung"": ""eingehend"", ""seit"": null, ""quelle"": null}]";"[""https://www.gkv-spitzenverband.de/""]";"{""vollstaendigkeit_prozent"": 75.0, ""zuletzt_verifiziert"": ""2026-06-06"", ""verifikation_noetig"": false}";2026-06-06;2.0
goeins_533;533;1.0;Goethe-Institut e.V.;;Bundesoberbehörde;Bundesbehörde;Bund;Berlin;Berlin;"{""lat"": null, ""lon"": null}";;false;;Internationale Beziehungen;https://www.goethe.de/ins/de/de/;;;;468;2024;aa;Auswärtiges Amt (AA);Internationale Beziehungen;Finanzierung über das Ressort Auswärtiges Amt (AA);"[{""zu_id"": ""aa"", ""typ"": ""UNTERSTELLT"", ""richtung"": ""eingehend"", ""seit"": null, ""quelle"": null}]";"[""https://www.goethe.de/ins/de/de/""]";"{""vollstaendigkeit_prozent"": 75.0, ""zuletzt_verifiziert"": ""2026-06-06"", ""verifikation_noetig"": false}";2026-06-06;2.0
gzd;;1.0;Generalzolldirektion;GZD;Bundesoberbehörde;Bundesoberbehörde;Bund;Bonn;Nordrhein-Westfalen;"{""lat"": null, ""lon"": null}";2016;false;;Zollverwaltung, Schwarzarbeitbekämpfung, Verbrauchsteuern, Außenwirtschaftsüberwachung;https://www.zoll.de;Finanzverwaltungsgesetz (FVG) § 12;3580.9;2025;43000;2024;bmf;;;;"[{""zu_id"": ""bmf"", ""typ"": ""UNTERSTELLT"", ""richtung"": ""eingehend"", ""seit"": 2016}]";"[""https://www.zoll.de"", ""https://www.bundeshaushalt.de""]";"{""vollstaendigkeit_prozent"": 100.0, ""zuletzt_verifiziert"": ""2026-06-06"", ""verifikation_noetig"": false}";2026-06-06;2.0
hanjobros_14043;14043;1.0;Hanse Jobcenter Rostock;;KdöR;Dienststelle der BA;Bund;Rostock;Mecklenburg-Vorpommern;"{""lat"": null, ""lon"": null}";;false;;Jobcenter;https://www.arbeitsagentur.de;;;;;;bmas;Bundesministerium für Arbeit und Soziales (BMAS);Jobcenter;Aggregiert unter Bundesagentur für Arbeit (BA);"[{""zu_id"": ""bmas"", ""typ"": ""UNTERSTELLT"", ""richtung"": ""eingehend"", ""seit"": null, ""quelle"": null}]";"[""https://www.arbeitsagentur.de""]";"{""vollstaendigkeit_prozent"": 66.7, ""zuletzt_verifiziert"": ""2026-06-06"", ""verifikation_noetig"": false}";2026-06-06;2.0
hauaac_536;536;1.0;Hauptzollamt Aachen;;Bundesoberbehörde;Dienststelle der Bundeszollverwaltung;Bund;Aachen;Nordrhein-Westfalen;"{""lat"": null, ""lon"": null}";;false;;Hauptzollamt;https://www.zoll.de;;;;;;bmf;Bundesministerium der Finanzen (BMF);Hauptzollamt;Aggregiert unter Generalzolldirektion (GZD);"[{""zu_id"": ""bmf"", ""typ"": ""UNTERSTELLT"", ""richtung"": ""eingehend"", ""seit"": null, ""quelle"": null}]";"[""https://www.zoll.de""]";"{""vollstaendigkeit_prozent"": 66.7, ""zuletzt_verifiziert"": ""2026-06-06"", ""verifikation_noetig"": false}";2026-06-06;2.0
hauaug_537;537;1.0;Hauptzollamt Augsburg;;Bundesoberbehörde;Dienststelle der Bundeszollverwaltung;Bund;Augsburg;Bayern;"{""lat"": null, ""lon"": null}";;false;;Hauptzollamt;https://www.zoll.de;;;;;;bmf;Bundesministerium der Finanzen (BMF);Hauptzollamt;Aggregiert unter Generalzolldirektion (GZD);"[{""zu_id"": ""bmf"", ""typ"": ""UNTERSTELLT"", ""richtung"": ""eingehend"", ""seit"": null, ""quelle"": null}]";"[""https://www.zoll.de""]";"{""vollstaendigkeit_prozent"": 66.7, ""zuletzt_verifiziert"": ""2026-06-06"", ""verifikation_noetig"": false}";2026-06-06;2.0
hauber_538;538;1.0;Hauptzollamt Berlin;;Bundesoberbehörde;Dienststelle der Bundeszollverwaltung;Bund;Berlin;Berlin;"{""lat"": null, ""lon"": null}";;false;;Hauptzollamt;https://www.zoll.de;;183.78;2025;;;bmf;Bundesministerium der Finanzen (BMF);Hauptzollamt;Aggregiert unter Generalzolldirektion (GZD);"[{""zu_id"": ""bmf"", ""typ"": ""UNTERSTELLT"", ""richtung"": ""eingehend"", ""seit"": null, ""quelle"": null}]";"[""https://www.zoll.de""]";"{""vollstaendigkeit_prozent"": 66.7, ""zuletzt_verifiziert"": ""2026-06-06"", ""verifikation_noetig"": false}";2026-06-06;2.0
haubie_539;539;1.0;Hauptzollamt Bielefeld;;Bundesoberbehörde;Dienststelle der Bundeszollverwaltung;Bund;Bielefeld;Nordrhein-Westfalen;"{""lat"": null, ""lon"": null}";;false;;Hauptzollamt;https://www.zoll.de;;;;;;bmf;Bundesministerium der Finanzen (BMF);Hauptzollamt;Aggregiert unter Generalzolldirektion (GZD);"[{""zu_id"": ""bmf"", ""typ"": ""UNTERSTELLT"", ""richtung"": ""eingehend"", ""seit"": null, ""quelle"": null}]";"[""https://www.zoll.de""]";"{""vollstaendigkeit_prozent"": 66.7, ""zuletzt_verifiziert"": ""2026-06-06"", ""verifikation_noetig"": false}";2026-06-06;2.0
haubra_540;540;1.0;Hauptzollamt Braunschweig;;Bundesoberbehörde;Dienststelle der Bundeszollverwaltung;Bund;Braunschweig;Niedersachsen;"{""lat"": null, ""lon"": null}";;false;;Hauptzollamt;https://www.zoll.de;;;;;;bmf;Bundesministerium der Finanzen (BMF);Hauptzollamt;Aggregiert unter Generalzolldirektion (GZD);"[{""zu_id"": ""bmf"", ""typ"": ""UNTERSTELLT"", ""richtung"": ""eingehend"", ""seit"": null, ""quelle"": null}]";"[""https://www.zoll.de""]";"{""vollstaendigkeit_prozent"": 66.7, ""zuletzt_verifiziert"": ""2026-06-06"", ""verifikation_noetig"": false}";2026-06-06;2.0
haubre_541;541;1.0;Hauptzollamt Bremen;;Bundesoberbehörde;Dienststelle der Bundeszollverwaltung;Bund;Bremen;Bremen;"{""lat"": null, ""lon"": null}";;false;;Hauptzollamt;https://www.zoll.de;;;;;;bmf;Bundesministerium der Finanzen (BMF);Hauptzollamt;Aggregiert unter Generalzolldirektion (GZD);"[{""zu_id"": ""bmf"", ""typ"": ""UNTERSTELLT"", ""richtung"": ""eingehend"", ""seit"": null, ""quelle"": null}]";"[""https://www.zoll.de""]";"{""vollstaendigkeit_prozent"": 66.7, ""zuletzt_verifiziert"": ""2026-06-06"", ""verifikation_noetig"": false}";2026-06-06;2.0
haudar_542;542;1.0;Hauptzollamt Darmstadt;;Bundesoberbehörde;Dienststelle der Bundeszollverwaltung;Bund;Darmstadt;Hessen;"{""lat"": null, ""lon"": null}";;false;;Hauptzollamt;https://www.zoll.de;;;;;;bmf;Bundesministerium der Finanzen (BMF);Hauptzollamt;Aggregiert unter Generalzolldirektion (GZD);"[{""zu_id"": ""bmf"", ""typ"": ""UNTERSTELLT"", ""richtung"": ""eingehend"", ""seit"": null, ""quelle"": null}]";"[""https://www.zoll.de""]";"{""vollstaendigkeit_prozent"": 66.7, ""zuletzt_verifiziert"": ""2026-06-06"", ""verifikation_noetig"": false}";2026-06-06;2.0
haudor_543;543;1.0;Hauptzollamt Dortmund;;Bundesoberbehörde;Dienststelle der Bundeszollverwaltung;Bund;Dortmund;Nordrhein-Westfalen;"{""lat"": null, ""lon"": null}";;false;;Hauptzollamt;https://www.zoll.de;;;;;;bmf;Bundesministerium der Finanzen (BMF);Hauptzollamt;Aggregiert unter Generalzolldirektion (GZD);"[{""zu_id"": ""bmf"", ""typ"": ""UNTERSTELLT"", ""richtung"": ""eingehend"", ""seit"": null, ""quelle"": null}]";"[""https://www.zoll.de""]";"{""vollstaendigkeit_prozent"": 66.7, ""zuletzt_verifiziert"": ""2026-06-06"", ""verifikation_noetig"": false}";2026-06-06;2.0
haudre_544;544;1.0;Hauptzollamt Dresden;;Bundesoberbehörde;Dienststelle der Bundeszollverwaltung;Bund;Dresden;Sachsen;"{""lat"": null, ""lon"": null}";;false;;Hauptzollamt;https://www.zoll.de;;;;;;bmf;Bundesministerium der Finanzen (BMF);Hauptzollamt;Aggregiert unter Generalzolldirektion (GZD);"[{""zu_id"": ""bmf"", ""typ"": ""UNTERSTELLT"", ""richtung"": ""eingehend"", ""seit"": null, ""quelle"": null}]";"[""https://www.zoll.de""]";"{""vollstaendigkeit_prozent"": 66.7, ""zuletzt_verifiziert"": ""2026-06-06"", ""verifikation_noetig"": false}";2026-06-06;2.0
haudui_545;545;1.0;Hauptzollamt Duisburg;;Bundesoberbehörde;Dienststelle der Bundeszollverwaltung;Bund;Duisburg;Nordrhein-Westfalen;"{""lat"": null, ""lon"": null}";;false;;Hauptzollamt;https://www.zoll.de;;;;;;bmf;Bundesministerium der Finanzen (BMF);Hauptzollamt;Aggregiert unter Generalzolldirektion (GZD);"[{""zu_id"": ""bmf"", ""typ"": ""UNTERSTELLT"", ""richtung"": ""eingehend"", ""seit"": null, ""quelle"": null}]";"[""https://www.zoll.de""]";"{""vollstaendigkeit_prozent"": 66.7, ""zuletzt_verifiziert"": ""2026-06-06"", ""verifikation_noetig"": false}";2026-06-06;2.0
haudüs_546;546;1.0;Hauptzollamt Düsseldorf;;Bundesoberbehörde;Dienststelle der Bundeszollverwaltung;Bund;Düsseldorf;Nordrhein-Westfalen;"{""lat"": null, ""lon"": null}";;false;;Hauptzollamt;https://www.zoll.de;;;;;;bmf;Bundesministerium der Finanzen (BMF);Hauptzollamt;Aggregiert unter Generalzolldirektion (GZD);"[{""zu_id"": ""bmf"", ""typ"": ""UNTERSTELLT"", ""richtung"": ""eingehend"", ""seit"": null, ""quelle"": null}]";"[""https://www.zoll.de""]";"{""vollstaendigkeit_prozent"": 66.7, ""zuletzt_verifiziert"": ""2026-06-06"", ""verifikation_noetig"": false}";2026-06-06;2.0
hauerf_547;547;1.0;Hauptzollamt Erfurt;;Bundesoberbehörde;Dienststelle der Bundeszollverwaltung;Bund;Erfurt;Thüringen;"{""lat"": null, ""lon"": null}";;false;;Hauptzollamt;https://www.zoll.de;;;;;;bmf;Bundesministerium der Finanzen (BMF);Hauptzollamt;Aggregiert unter Generalzolldirektion (GZD);"[{""zu_id"": ""bmf"", ""typ"": ""UNTERSTELLT"", ""richtung"": ""eingehend"", ""seit"": null, ""quelle"": null}]";"[""https://www.zoll.de""]";"{""vollstaendigkeit_prozent"": 66.7, ""zuletzt_verifiziert"": ""2026-06-06"", ""verifikation_noetig"": false}";2026-06-06;2.0
hauframaiflu_549;549;1.0;Hauptzollamt Frankfurt am Main - Flughafen;;Bundesoberbehörde;Dienststelle der Bundeszollverwaltung;Bund;Frankfurt;Hessen;"{""lat"": null, ""lon"": null}";;false;;Hauptzollamt;https://www.zoll.de;;;;;;bmf;Bundesministerium der Finanzen (BMF);Hauptzollamt;Aggregiert unter Generalzolldirektion (GZD);"[{""zu_id"": ""bmf"", ""typ"": ""UNTERSTELLT"", ""richtung"": ""eingehend"", ""seit"": null, ""quelle"": null}]";"[""https://www.zoll.de""]";"{""vollstaendigkeit_prozent"": 66.7, ""zuletzt_verifiziert"": ""2026-06-06"", ""verifikation_noetig"": false}";2026-06-06;2.0
haugie_550;550;1.0;Hauptzollamt Gießen;;Bundesoberbehörde;Dienststelle der Bundeszollverwaltung;Bund;Gießen;;"{""lat"": null, ""lon"": null}";;false;;Hauptzollamt;https://www.zoll.de;;;;;;bmf;Bundesministerium der Finanzen (BMF);Hauptzollamt;Aggregiert unter Generalzolldirektion (GZD);"[{""zu_id"": ""bmf"", ""typ"": ""UNTERSTELLT"", ""richtung"": ""eingehend"", ""seit"": null, ""quelle"": null}]";"[""https://www.zoll.de""]";"{""vollstaendigkeit_prozent"": 58.3, ""zuletzt_verifiziert"": ""2026-06-06"", ""verifikation_noetig"": false}";2026-06-06;2.0
hauham_553;553;1.0;Hauptzollamt Hamburg;;Bundesoberbehörde;Dienststelle der Bundeszollverwaltung;Bund;Hamburg;Hamburg;"{""lat"": null, ""lon"": null}";;false;;Hauptzollamt;https://www.zoll.de;;;;;;bmf;Bundesministerium der Finanzen (BMF);Hauptzollamt;Aggregiert unter Generalzolldirektion (GZD);"[{""zu_id"": ""bmf"", ""typ"": ""UNTERSTELLT"", ""richtung"": ""eingehend"", ""seit"": null, ""quelle"": null}]";"[""https://www.zoll.de""]";"{""vollstaendigkeit_prozent"": 66.7, ""zuletzt_verifiziert"": ""2026-06-06"", ""verifikation_noetig"": false}";2026-06-06;2.0
hauhamhaf_551;551;1.0;Hauptzollamt Hamburg-Hafen;;Bundesoberbehörde;Dienststelle der Bundeszollverwaltung;Bund;Hamburg;Hamburg;"{""lat"": null, ""lon"": null}";;false;;Hauptzollamt;https://www.zoll.de;;;;;;bmf;Bundesministerium der Finanzen (BMF);Hauptzollamt;Aggregiert unter Generalzolldirektion (GZD);"[{""zu_id"": ""bmf"", ""typ"": ""UNTERSTELLT"", ""richtung"": ""eingehend"", ""seit"": null, ""quelle"": null}]";"[""https://www.zoll.de""]";"{""vollstaendigkeit_prozent"": 66.7, ""zuletzt_verifiziert"": ""2026-06-06"", ""verifikation_noetig"": false}";2026-06-06;2.0
hauhamjon_552;552;1.0;Hauptzollamt Hamburg-Jonas;;Bundesoberbehörde;Dienststelle der Bundeszollverwaltung;Bund;Hamburg;Hamburg;"{""lat"": null, ""lon"": null}";;false;;Hauptzollamt;https://www.zoll.de;;;;;;bmf;Bundesministerium der Finanzen (BMF);Hauptzollamt;Aggregiert unter Generalzolldirektion (GZD);"[{""zu_id"": ""bmf"", ""typ"": ""UNTERSTELLT"", ""richtung"": ""eingehend"", ""seit"": null, ""quelle"": null}]";"[""https://www.zoll.de""]";"{""vollstaendigkeit_prozent"": 66.7, ""zuletzt_verifiziert"": ""2026-06-06"", ""verifikation_noetig"": false}";2026-06-06;2.0
hauhan_554;554;1.0;Hauptzollamt Hannover;;Bundesoberbehörde;Dienststelle der Bundeszollverwaltung;Bund;Hannover;Niedersachsen;"{""lat"": null, ""lon"": null}";;false;;Hauptzollamt;https://www.zoll.de;;;;;;bmf;Bundesministerium der Finanzen (BMF);Hauptzollamt;Aggregiert unter Generalzolldirektion (GZD);"[{""zu_id"": ""bmf"", ""typ"": ""UNTERSTELLT"", ""richtung"": ""eingehend"", ""seit"": null, ""quelle"": null}]";"[""https://www.zoll.de""]";"{""vollstaendigkeit_prozent"": 66.7, ""zuletzt_verifiziert"": ""2026-06-06"", ""verifikation_noetig"": false}";2026-06-06;2.0
hauhei_555;555;1.0;Hauptzollamt Heilbronn;;Bundesoberbehörde;Dienststelle der Bundeszollverwaltung;Bund;Heilbronn;Baden-Württemberg;"{""lat"": null, ""lon"": null}";;false;;Hauptzollamt;https://www.zoll.de;;;;;;bmf;Bundesministerium der Finanzen (BMF);Hauptzollamt;Aggregiert unter Generalzolldirektion (GZD);"[{""zu_id"": ""bmf"", ""typ"": ""UNTERSTELLT"", ""richtung"": ""eingehend"", ""seit"": null, ""quelle"": null}]";"[""https://www.zoll.de""]";"{""vollstaendigkeit_prozent"": 66.7, ""zuletzt_verifiziert"": ""2026-06-06"", ""verifikation_noetig"": false}";2026-06-06;2.0
hauitz_556;556;1.0;Hauptzollamt Itzehoe;;Bundesoberbehörde;Dienststelle der Bundeszollverwaltung;Bund;Itzehoe;;"{""lat"": null, ""lon"": null}";;false;;Hauptzollamt;https://www.zoll.de;;;;;;bmf;Bundesministerium der Finanzen (BMF);Hauptzollamt;Aggregiert unter Generalzolldirektion (GZD);"[{""zu_id"": ""bmf"", ""typ"": ""UNTERSTELLT"", ""richtung"": ""eingehend"", ""seit"": null, ""quelle"": null}]";"[""https://www.zoll.de""]";"{""vollstaendigkeit_prozent"": 58.3, ""zuletzt_verifiziert"": ""2026-06-06"", ""verifikation_noetig"": false}";2026-06-06;2.0
haukar_557;557;1.0;Hauptzollamt Karlsruhe;;Bundesoberbehörde;Dienststelle der Bundeszollverwaltung;Bund;Karlsruhe;Baden-Württemberg;"{""lat"": null, ""lon"": null}";;false;;Hauptzollamt;https://www.zoll.de;;;;;;bmf;Bundesministerium der Finanzen (BMF);Hauptzollamt;Aggregiert unter Generalzolldirektion (GZD);"[{""zu_id"": ""bmf"", ""typ"": ""UNTERSTELLT"", ""richtung"": ""eingehend"", ""seit"": null, ""quelle"": null}]";"[""https://www.zoll.de""]";"{""vollstaendigkeit_prozent"": 66.7, ""zuletzt_verifiziert"": ""2026-06-06"", ""verifikation_noetig"": false}";2026-06-06;2.0
haukie_558;558;1.0;Hauptzollamt Kiel;;Bundesoberbehörde;Dienststelle der Bundeszollverwaltung;Bund;Kiel;Schleswig-Holstein;"{""lat"": null, ""lon"": null}";;false;;Hauptzollamt;https://www.zoll.de;;;;;;bmf;Bundesministerium der Finanzen (BMF);Hauptzollamt;Aggregiert unter Generalzolldirektion (GZD);"[{""zu_id"": ""bmf"", ""typ"": ""UNTERSTELLT"", ""richtung"": ""eingehend"", ""seit"": null, ""quelle"": null}]";"[""https://www.zoll.de""]";"{""vollstaendigkeit_prozent"": 66.7, ""zuletzt_verifiziert"": ""2026-06-06"", ""verifikation_noetig"": false}";2026-06-06;2.0
haukob_559;559;1.0;Hauptzollamt Koblenz;;Bundesoberbehörde;Dienststelle der Bundeszollverwaltung;Bund;Koblenz;Rheinland-Pfalz;"{""lat"": null, ""lon"": null}";;false;;Hauptzollamt;https://www.zoll.de;;;;;;bmf;Bundesministerium der Finanzen (BMF);Hauptzollamt;Aggregiert unter Generalzolldirektion (GZD);"[{""zu_id"": ""bmf"", ""typ"": ""UNTERSTELLT"", ""richtung"": ""eingehend"", ""seit"": null, ""quelle"": null}]";"[""https://www.zoll.de""]";"{""vollstaendigkeit_prozent"": 66.7, ""zuletzt_verifiziert"": ""2026-06-06"", ""verifikation_noetig"": false}";2026-06-06;2.0
haukre_561;561;1.0;Hauptzollamt Krefeld;;Bundesoberbehörde;Dienststelle der Bundeszollverwaltung;Bund;Krefeld;Nordrhein-Westfalen;"{""lat"": null, ""lon"": null}";;false;;Hauptzollamt;https://www.zoll.de;;;;;;bmf;Bundesministerium der Finanzen (BMF);Hauptzollamt;Aggregiert unter Generalzolldirektion (GZD);"[{""zu_id"": ""bmf"", ""typ"": ""UNTERSTELLT"", ""richtung"": ""eingehend"", ""seit"": null, ""quelle"": null}]";"[""https://www.zoll.de""]";"{""vollstaendigkeit_prozent"": 66.7, ""zuletzt_verifiziert"": ""2026-06-06"", ""verifikation_noetig"": false}";2026-06-06;2.0
hauköl_560;560;1.0;Hauptzollamt Köln;;Bundesoberbehörde;Dienststelle der Bundeszollverwaltung;Bund;Köln;Nordrhein-Westfalen;"{""lat"": null, ""lon"": null}";;false;;Hauptzollamt;https://www.zoll.de;;;;;;bmf;Bundesministerium der Finanzen (BMF);Hauptzollamt;Aggregiert unter Generalzolldirektion (GZD);"[{""zu_id"": ""bmf"", ""typ"": ""UNTERSTELLT"", ""richtung"": ""eingehend"", ""seit"": null, ""quelle"": null}]";"[""https://www.zoll.de""]";"{""vollstaendigkeit_prozent"": 66.7, ""zuletzt_verifiziert"": ""2026-06-06"", ""verifikation_noetig"": false}";2026-06-06;2.0
haulan_562;562;1.0;Hauptzollamt Landshut;;Bundesoberbehörde;Dienststelle der Bundeszollverwaltung;Bund;Landshut;Bayern;"{""lat"": null, ""lon"": null}";;false;;Hauptzollamt;https://www.zoll.de;;;;;;bmf;Bundesministerium der Finanzen (BMF);Hauptzollamt;Aggregiert unter Generalzolldirektion (GZD);"[{""zu_id"": ""bmf"", ""typ"": ""UNTERSTELLT"", ""richtung"": ""eingehend"", ""seit"": null, ""quelle"": null}]";"[""https://www.zoll.de""]";"{""vollstaendigkeit_prozent"": 66.7, ""zuletzt_verifiziert"": ""2026-06-06"", ""verifikation_noetig"": false}";2026-06-06;2.0
haulör_563;563;1.0;Hauptzollamt Lörrach;;Bundesoberbehörde;Dienststelle der Bundeszollverwaltung;Bund;Lörrach;;"{""lat"": null, ""lon"": null}";;false;;Hauptzollamt;https://www.zoll.de;;;;;;bmf;Bundesministerium der Finanzen (BMF);Hauptzollamt;Aggregiert unter Generalzolldirektion (GZD);"[{""zu_id"": ""bmf"", ""typ"": ""UNTERSTELLT"", ""richtung"": ""eingehend"", ""seit"": null, ""quelle"": null}]";"[""https://www.zoll.de""]";"{""vollstaendigkeit_prozent"": 58.3, ""zuletzt_verifiziert"": ""2026-06-06"", ""verifikation_noetig"": false}";2026-06-06;2.0
haumag_564;564;1.0;Hauptzollamt Magdeburg;;Bundesoberbehörde;Dienststelle der Bundeszollverwaltung;Bund;Magdeburg;Sachsen-Anhalt;"{""lat"": null, ""lon"": null}";;false;;Hauptzollamt;https://www.zoll.de;;;;;;bmf;Bundesministerium der Finanzen (BMF);Hauptzollamt;Aggregiert unter Generalzolldirektion (GZD);"[{""zu_id"": ""bmf"", ""typ"": ""UNTERSTELLT"", ""richtung"": ""eingehend"", ""seit"": null, ""quelle"": null}]";"[""https://www.zoll.de""]";"{""vollstaendigkeit_prozent"": 66.7, ""zuletzt_verifiziert"": ""2026-06-06"", ""verifikation_noetig"": false}";2026-06-06;2.0
haumün_565;565;1.0;Hauptzollamt München;;Bundesoberbehörde;Dienststelle der Bundeszollverwaltung;Bund;München;Bayern;"{""lat"": null, ""lon"": null}";;false;;Hauptzollamt;https://www.zoll.de;;;;;;bmf;Bundesministerium der Finanzen (BMF);Hauptzollamt;Aggregiert unter Generalzolldirektion (GZD);"[{""zu_id"": ""bmf"", ""typ"": ""UNTERSTELLT"", ""richtung"": ""eingehend"", ""seit"": null, ""quelle"": null}]";"[""https://www.zoll.de""]";"{""vollstaendigkeit_prozent"": 66.7, ""zuletzt_verifiziert"": ""2026-06-06"", ""verifikation_noetig"": false}";2026-06-06;2.0
haumün_566;566;1.0;Hauptzollamt Münster;;Bundesoberbehörde;Dienststelle der Bundeszollverwaltung;Bund;Münster;Nordrhein-Westfalen;"{""lat"": null, ""lon"": null}";;false;;Hauptzollamt;https://www.zoll.de;;;;;;bmf;Bundesministerium der Finanzen (BMF);Hauptzollamt;Aggregiert unter Generalzolldirektion (GZD);"[{""zu_id"": ""bmf"", ""typ"": ""UNTERSTELLT"", ""richtung"": ""eingehend"", ""seit"": null, ""quelle"": null}]";"[""https://www.zoll.de""]";"{""vollstaendigkeit_prozent"": 66.7, ""zuletzt_verifiziert"": ""2026-06-06"", ""verifikation_noetig"": false}";2026-06-06;2.0
haunür_567;567;1.0;Hauptzollamt Nürnberg;;Bundesoberbehörde;Dienststelle der Bundeszollverwaltung;Bund;Nürnberg;Bayern;"{""lat"": null, ""lon"": null}";;false;;Hauptzollamt;https://www.zoll.de;;;;;;bmf;Bundesministerium der Finanzen (BMF);Hauptzollamt;Aggregiert unter Generalzolldirektion (GZD);"[{""zu_id"": ""bmf"", ""typ"": ""UNTERSTELLT"", ""richtung"": ""eingehend"", ""seit"": null, ""quelle"": null}]";"[""https://www.zoll.de""]";"{""vollstaendigkeit_prozent"": 66.7, ""zuletzt_verifiziert"": ""2026-06-06"", ""verifikation_noetig"": false}";2026-06-06;2.0
hauold_568;568;1.0;Hauptzollamt Oldenburg;;Bundesoberbehörde;Dienststelle der Bundeszollverwaltung;Bund;Oldenburg;;"{""lat"": null, ""lon"": null}";;false;;Hauptzollamt;https://www.zoll.de;;;;;;bmf;Bundesministerium der Finanzen (BMF);Hauptzollamt;Aggregiert unter Generalzolldirektion (GZD);"[{""zu_id"": ""bmf"", ""typ"": ""UNTERSTELLT"", ""richtung"": ""eingehend"", ""seit"": null, ""quelle"": null}]";"[""https://www.zoll.de""]";"{""vollstaendigkeit_prozent"": 58.3, ""zuletzt_verifiziert"": ""2026-06-06"", ""verifikation_noetig"": false}";2026-06-06;2.0
hauosn_569;569;1.0;Hauptzollamt Osnabrück;;Bundesoberbehörde;Dienststelle der Bundeszollverwaltung;Bund;Osnabrück;Niedersachsen;"{""lat"": null, ""lon"": null}";;false;;Hauptzollamt;https://www.zoll.de;;;;;;bmf;Bundesministerium der Finanzen (BMF);Hauptzollamt;Aggregiert unter Generalzolldirektion (GZD);"[{""zu_id"": ""bmf"", ""typ"": ""UNTERSTELLT"", ""richtung"": ""eingehend"", ""seit"": null, ""quelle"": null}]";"[""https://www.zoll.de""]";"{""vollstaendigkeit_prozent"": 66.7, ""zuletzt_verifiziert"": ""2026-06-06"", ""verifikation_noetig"": false}";2026-06-06;2.0
haupot_570;570;1.0;Hauptzollamt Potsdam;;Bundesoberbehörde;Dienststelle der Bundeszollverwaltung;Bund;Potsdam;Brandenburg;"{""lat"": null, ""lon"": null}";;false;;Hauptzollamt;https://www.zoll.de;;;;;;bmf;Bundesministerium der Finanzen (BMF);Hauptzollamt;Aggregiert unter Generalzolldirektion (GZD);"[{""zu_id"": ""bmf"", ""typ"": ""UNTERSTELLT"", ""richtung"": ""eingehend"", ""seit"": null, ""quelle"": null}]";"[""https://www.zoll.de""]";"{""vollstaendigkeit_prozent"": 66.7, ""zuletzt_verifiziert"": ""2026-06-06"", ""verifikation_noetig"": false}";2026-06-06;2.0
haureg_571;571;1.0;Hauptzollamt Regensburg;;Bundesoberbehörde;Dienststelle der Bundeszollverwaltung;Bund;Regensburg;Bayern;"{""lat"": null, ""lon"": null}";;false;;Hauptzollamt;https://www.zoll.de;;;;;;bmf;Bundesministerium der Finanzen (BMF);Hauptzollamt;Aggregiert unter Generalzolldirektion (GZD);"[{""zu_id"": ""bmf"", ""typ"": ""UNTERSTELLT"", ""richtung"": ""eingehend"", ""seit"": null, ""quelle"": null}]";"[""https://www.zoll.de""]";"{""vollstaendigkeit_prozent"": 66.7, ""zuletzt_verifiziert"": ""2026-06-06"", ""verifikation_noetig"": false}";2026-06-06;2.0
hauros_572;572;1.0;Hauptzollamt Rosenheim;;Bundesoberbehörde;Dienststelle der Bundeszollverwaltung;Bund;Rosenheim;;"{""lat"": null, ""lon"": null}";;false;;Hauptzollamt;https://www.zoll.de;;;;;;bmf;Bundesministerium der Finanzen (BMF);Hauptzollamt;Aggregiert unter Generalzolldirektion (GZD);"[{""zu_id"": ""bmf"", ""typ"": ""UNTERSTELLT"", ""richtung"": ""eingehend"", ""seit"": null, ""quelle"": null}]";"[""https://www.zoll.de""]";"{""vollstaendigkeit_prozent"": 58.3, ""zuletzt_verifiziert"": ""2026-06-06"", ""verifikation_noetig"": false}";2026-06-06;2.0
hausaa_573;573;1.0;Hauptzollamt Saarbrücken;;Bundesoberbehörde;Dienststelle der Bundeszollverwaltung;Bund;Saarbrücken;Saarland;"{""lat"": null, ""lon"": null}";;false;;Hauptzollamt;https://www.zoll.de;;;;;;bmf;Bundesministerium der Finanzen (BMF);Hauptzollamt;Aggregiert unter Generalzolldirektion (GZD);"[{""zu_id"": ""bmf"", ""typ"": ""UNTERSTELLT"", ""richtung"": ""eingehend"", ""seit"": null, ""quelle"": null}]";"[""https://www.zoll.de""]";"{""vollstaendigkeit_prozent"": 66.7, ""zuletzt_verifiziert"": ""2026-06-06"", ""verifikation_noetig"": false}";2026-06-06;2.0
hausch_574;574;1.0;Hauptzollamt Schweinfurt;;Bundesoberbehörde;Dienststelle der Bundeszollverwaltung;Bund;Schweinfurt;;"{""lat"": null, ""lon"": null}";;false;;Hauptzollamt;https://www.zoll.de;;;;;;bmf;Bundesministerium der Finanzen (BMF);Hauptzollamt;Aggregiert unter Generalzolldirektion (GZD);"[{""zu_id"": ""bmf"", ""typ"": ""UNTERSTELLT"", ""richtung"": ""eingehend"", ""seit"": null, ""quelle"": null}]";"[""https://www.zoll.de""]";"{""vollstaendigkeit_prozent"": 58.3, ""zuletzt_verifiziert"": ""2026-06-06"", ""verifikation_noetig"": false}";2026-06-06;2.0
hausin_575;575;1.0;Hauptzollamt Singen;;Bundesoberbehörde;Dienststelle der Bundeszollverwaltung;Bund;Singen;;"{""lat"": null, ""lon"": null}";;false;;Hauptzollamt;https://www.zoll.de;;;;;;bmf;Bundesministerium der Finanzen (BMF);Hauptzollamt;Aggregiert unter Generalzolldirektion (GZD);"[{""zu_id"": ""bmf"", ""typ"": ""UNTERSTELLT"", ""richtung"": ""eingehend"", ""seit"": null, ""quelle"": null}]";"[""https://www.zoll.de""]";"{""vollstaendigkeit_prozent"": 58.3, ""zuletzt_verifiziert"": ""2026-06-06"", ""verifikation_noetig"": false}";2026-06-06;2.0
haustr_576;576;1.0;Hauptzollamt Stralsund;;Bundesoberbehörde;Dienststelle der Bundeszollverwaltung;Bund;Stralsund;Mecklenburg-Vorpommern;"{""lat"": null, ""lon"": null}";;false;;Hauptzollamt;https://www.zoll.de;;;;;;bmf;Bundesministerium der Finanzen (BMF);Hauptzollamt;Aggregiert unter Generalzolldirektion (GZD);"[{""zu_id"": ""bmf"", ""typ"": ""UNTERSTELLT"", ""richtung"": ""eingehend"", ""seit"": null, ""quelle"": null}]";"[""https://www.zoll.de""]";"{""vollstaendigkeit_prozent"": 66.7, ""zuletzt_verifiziert"": ""2026-06-06"", ""verifikation_noetig"": false}";2026-06-06;2.0
haustu_577;577;1.0;Hauptzollamt Stuttgart;;Bundesoberbehörde;Dienststelle der Bundeszollverwaltung;Bund;Stuttgart;Baden-Württemberg;"{""lat"": null, ""lon"": null}";;false;;Hauptzollamt;https://www.zoll.de;;;;;;bmf;Bundesministerium der Finanzen (BMF);Hauptzollamt;Aggregiert unter Generalzolldirektion (GZD);"[{""zu_id"": ""bmf"", ""typ"": ""UNTERSTELLT"", ""richtung"": ""eingehend"", ""seit"": null, ""quelle"": null}]";"[""https://www.zoll.de""]";"{""vollstaendigkeit_prozent"": 66.7, ""zuletzt_verifiziert"": ""2026-06-06"", ""verifikation_noetig"": false}";2026-06-06;2.0
hauulm_578;578;1.0;Hauptzollamt Ulm;;Bundesoberbehörde;Dienststelle der Bundeszollverwaltung;Bund;Ulm;Baden-Württemberg;"{""lat"": null, ""lon"": null}";;false;;Hauptzollamt;https://www.zoll.de;;;;;;bmf;Bundesministerium der Finanzen (BMF);Hauptzollamt;Aggregiert unter Generalzolldirektion (GZD);"[{""zu_id"": ""bmf"", ""typ"": ""UNTERSTELLT"", ""richtung"": ""eingehend"", ""seit"": null, ""quelle"": null}]";"[""https://www.zoll.de""]";"{""vollstaendigkeit_prozent"": 66.7, ""zuletzt_verifiziert"": ""2026-06-06"", ""verifikation_noetig"": false}";2026-06-06;2.0
hav_579;579;1.0;Havariekommando;;Bundesoberbehörde;Dienststelle der Bundeswehrverwaltung;Bund;Berlin;Berlin;"{""lat"": null, ""lon"": null}";;false;;Wasser und Schifffahrt;https://www.bundeswehr.de;;;;;;bmv;Bundesministerium für Digitales und Verkehr (BMDV);Wasser und Schifffahrt;Aggregiert unter Bundesministerium der Verteidigung (BMVg);"[{""zu_id"": ""bmv"", ""typ"": ""UNTERSTELLT"", ""richtung"": ""eingehend"", ""seit"": null, ""quelle"": null}]";"[""https://www.bundeswehr.de""]";"{""vollstaendigkeit_prozent"": 66.7, ""zuletzt_verifiziert"": ""2026-06-06"", ""verifikation_noetig"": false}";2026-06-06;2.0
hee_581;581;1.0;Heeresfliegerwaffenschule;;Bundesoberbehörde;Bundesbehörde;Bund;Berlin;Berlin;"{""lat"": null, ""lon"": null}";;false;;Militärische Ausbildungsstätte;https://www.bundeswehr.de/de/organisation/heer/organisation/division-schnelle-kraefte/kommando-hubschrauber/internationales-hubschrauberausbildungszentrum/;;;;;;bmvg;Bundesministerium der Verteidigung (BMVg);Militärische Ausbildungsstätte;Finanzierung über das Ressort Bundesministerium der Verteidigung (BMVg);"[{""zu_id"": ""bmvg"", ""typ"": ""UNTERSTELLT"", ""richtung"": ""eingehend"", ""seit"": null, ""quelle"": null}]";"[""https://www.bundeswehr.de/de/organisation/heer/organisation/division-schnelle-kraefte/kommando-hubschrauber/internationales-hubschrauberausbildungszentrum/""]";"{""vollstaendigkeit_prozent"": 66.7, ""zuletzt_verifiziert"": ""2026-06-06"", ""verifikation_noetig"": false}";2026-06-06;2.0
hee_582;582;1.0;Heeresführungskommando;;Bundesoberbehörde;Dienststelle der Bundeswehrverwaltung;Bund;Berlin;Berlin;"{""lat"": null, ""lon"": null}";;false;;Bundeswehr;https://www.bundeswehr.de;;;;;;bmvg;Bundesministerium der Verteidigung (BMVg);Bundeswehr;Aggregiert unter Bundesministerium der Verteidigung (BMVg);"[{""zu_id"": ""bmvg"", ""typ"": ""UNTERSTELLT"", ""richtung"": ""eingehend"", ""seit"": null, ""quelle"": null}]";"[""https://www.bundeswehr.de""]";"{""vollstaendigkeit_prozent"": 66.7, ""zuletzt_verifiziert"": ""2026-06-06"", ""verifikation_noetig"": false}";2026-06-06;2.0
heibun_52237;52237;1.0;Heimatschutzdivision der Bundeswehr;;Bundesoberbehörde;Dienststelle der Bundeswehrverwaltung;Bund;Berlin;Berlin;"{""lat"": null, ""lon"": null}";;false;;;https://www.bundeswehr.de;;8862.05;2025;;;bmvg;Bundesministerium der Verteidigung (BMVg);;Aggregiert unter Bundesministerium der Verteidigung (BMVg);"[{""zu_id"": ""bmvg"", ""typ"": ""UNTERSTELLT"", ""richtung"": ""eingehend"", ""seit"": null, ""quelle"": null}]";"[""https://www.bundeswehr.de""]";"{""vollstaendigkeit_prozent"": 58.3, ""zuletzt_verifiziert"": ""2026-06-06"", ""verifikation_noetig"": false}";2026-06-06;2.0
heikra_6600;6600;1.0;Heimat Krankenkasse;;KdöR;Bundesbehörde;Bund;Berlin;Berlin;"{""lat"": null, ""lon"": null}";;false;;Krankenkasse;http://www.heimat-krankenkasse.de/;;316.0;2025;250;2024;bmas;Bundesministerium für Arbeit und Soziales (BMAS);Krankenkasse;Finanzierung über das Ressort Bundesministerium für Arbeit und Soziales (BMAS);"[{""zu_id"": ""bmas"", ""typ"": ""UNTERSTELLT"", ""richtung"": ""eingehend"", ""seit"": null, ""quelle"": null}]";"[""http://www.heimat-krankenkasse.de/""]";"{""vollstaendigkeit_prozent"": 75.0, ""zuletzt_verifiziert"": ""2026-06-06"", ""verifikation_noetig"": false}";2026-06-06;2.0
heipetinsleiins_584;584;1.0;Heinrich-Pette-Institut, Leibniz-Institut für Experimentelle Virologie;;Bundesanstalt;Bundesbehörde;Bund;Berlin;Berlin;"{""lat"": null, ""lon"": null}";;false;;Leibniz-Institut;https://www.leibniz-liv.de/;;;;;;bmbfsj;Bundesministerium für Bildung und Forschung (BMBF);Leibniz-Institut;Finanzierung über das Ressort Bundesministerium für Bildung und Forschung (BMBF);"[{""zu_id"": ""bmbfsj"", ""typ"": ""UNTERSTELLT"", ""richtung"": ""eingehend"", ""seit"": null, ""quelle"": null}]";"[""https://www.leibniz-liv.de/""]";"{""vollstaendigkeit_prozent"": 66.7, ""zuletzt_verifiziert"": ""2026-06-06"", ""verifikation_noetig"": false}";2026-06-06;2.0
hekhankra_6599;6599;1.0;HEK - Hanseatische Krankenkasse;;KdöR;Bundesbehörde;Bund;Berlin;Berlin;"{""lat"": null, ""lon"": null}";;false;;Krankenkasse;https://www.hek.de/;;2800.0;2025;900;2024;bmas;Bundesministerium für Arbeit und Soziales (BMAS);Krankenkasse;Finanzierung über das Ressort Bundesministerium für Arbeit und Soziales (BMAS);"[{""zu_id"": ""bmas"", ""typ"": ""UNTERSTELLT"", ""richtung"": ""eingehend"", ""seit"": null, ""quelle"": null}]";"[""https://www.hek.de/""]";"{""vollstaendigkeit_prozent"": 75.0, ""zuletzt_verifiziert"": ""2026-06-06"", ""verifikation_noetig"": false}";2026-06-06;2.0
helgem_585;585;1.0;Helmholtz-Gemeinschaft;;Bundesanstalt;Bundesbehörde;Bund;Berlin;Berlin;"{""lat"": null, ""lon"": null}";;false;;Helmholtz-Zentrum;https://www.helmholtz.de/;;;;46098;2024;bmbfsj;Bundesministerium für Bildung und Forschung (BMBF);Helmholtz-Zentrum;Finanzierung über das Ressort Bundesministerium für Bildung und Forschung (BMBF);"[{""zu_id"": ""bmbfsj"", ""typ"": ""UNTERSTELLT"", ""richtung"": ""eingehend"", ""seit"": null, ""quelle"": null}]";"[""https://www.helmholtz.de/""]";"{""vollstaendigkeit_prozent"": 75.0, ""zuletzt_verifiziert"": ""2026-06-06"", ""verifikation_noetig"": false}";2026-06-06;2.0
helzenpotdeugeo_591;591;1.0;Helmholtz-Zentrum Potsdam Deutsches GeoForschungsZentrum;;Bundesanstalt;Bundesbehörde;Bund;Potsdam;Brandenburg;"{""lat"": null, ""lon"": null}";;false;;Helmholtz-Zentrum;https://www.gfz.de/;;40.55;2025;1514;2024;bmbfsj;Bundesministerium für Bildung und Forschung (BMBF);Helmholtz-Zentrum;Finanzierung über das Ressort Bundesministerium für Bildung und Forschung (BMBF);"[{""zu_id"": ""bmbfsj"", ""typ"": ""UNTERSTELLT"", ""richtung"": ""eingehend"", ""seit"": null, ""quelle"": null}]";"[""https://www.gfz.de/""]";"{""vollstaendigkeit_prozent"": 75.0, ""zuletzt_verifiziert"": ""2026-06-06"", ""verifikation_noetig"": false}";2026-06-06;2.0
herins_592;592;1.0;Herder Institut e. V.;;Bundesoberbehörde;Bundesbehörde;Bund;Berlin;Berlin;"{""lat"": null, ""lon"": null}";;false;;;https://www.herder-institut.de/;;2.01;2025;100;2024;bmi;Bundesministerium des Innern und für Heimat (BMI);;Finanzierung über das Ressort Bundesministerium des Innern und für Heimat (BMI);"[{""zu_id"": ""bmi"", ""typ"": ""UNTERSTELLT"", ""richtung"": ""eingehend"", ""seit"": null, ""quelle"": null}]";"[""https://www.herder-institut.de/""]";"{""vollstaendigkeit_prozent"": 66.7, ""zuletzt_verifiziert"": ""2026-06-06"", ""verifikation_noetig"": false}";2026-06-06;2.0
higtecgrü_50286;50286;1.0;High-Tech Gründerfonds;;AdöR;Bundesbehörde;Bund;Berlin;Berlin;"{""lat"": null, ""lon"": null}";;false;;Förderbank;https://www.service.bund.de;;;;;;bmi;Bundesministerium des Innern und für Heimat (BMI);Förderbank;Finanzierung über das Ressort Bundesministerium des Innern und für Heimat (BMI);"[{""zu_id"": ""bmi"", ""typ"": ""UNTERSTELLT"", ""richtung"": ""eingehend"", ""seit"": null, ""quelle"": null}]";"[""https://www.service.bund.de""]";"{""vollstaendigkeit_prozent"": 66.7, ""zuletzt_verifiziert"": ""2026-06-06"", ""verifikation_noetig"": false}";2026-06-06;2.0
hishocinfsys_14395;14395;1.0;HIS Hochschul-Informations-System eG;;Bundesanstalt;Bundesbehörde;Bund;Berlin;Berlin;"{""lat"": null, ""lon"": null}";;false;;Hochschule;https://www.service.bund.de;;;;;;bmi;Bundesministerium des Innern und für Heimat (BMI);Hochschule;Finanzierung über das Ressort Bundesministerium des Innern und für Heimat (BMI);"[{""zu_id"": ""bmi"", ""typ"": ""UNTERSTELLT"", ""richtung"": ""eingehend"", ""seit"": null, ""quelle"": null}]";"[""https://www.service.bund.de""]";"{""vollstaendigkeit_prozent"": 66.7, ""zuletzt_verifiziert"": ""2026-06-06"", ""verifikation_noetig"": false}";2026-06-06;2.0
hkk_6601;6601;1.0;Handelskrankenkasse (HKK);;KdöR;Bundesbehörde;Bund;Berlin;Berlin;"{""lat"": null, ""lon"": null}";;false;;Krankenkasse;https://www.hkk.de/;;5000.0;2025;1600;2024;bmas;Bundesministerium für Arbeit und Soziales (BMAS);Krankenkasse;Finanzierung über das Ressort Bundesministerium für Arbeit und Soziales (BMAS);"[{""zu_id"": ""bmas"", ""typ"": ""UNTERSTELLT"", ""richtung"": ""eingehend"", ""seit"": null, ""quelle"": null}]";"[""https://www.hkk.de/""]";"{""vollstaendigkeit_prozent"": 75.0, ""zuletzt_verifiziert"": ""2026-06-06"", ""verifikation_noetig"": false}";2026-06-06;2.0
hocbunfürarb_7688;7688;1.0;Hochschule der Bundesagentur für Arbeit;;Bundesoberbehörde;Dienststelle der BA;Bund;Berlin;Berlin;"{""lat"": null, ""lon"": null}";;false;;Hochschule für öffentliche Verwaltung;https://www.arbeitsagentur.de;;96.46;2025;;;bmas;Bundesministerium für Arbeit und Soziales (BMAS);Hochschule für öffentliche Verwaltung;Aggregiert unter Bundesagentur für Arbeit (BA);"[{""zu_id"": ""bmas"", ""typ"": ""UNTERSTELLT"", ""richtung"": ""eingehend"", ""seit"": null, ""quelle"": null}]";"[""https://www.arbeitsagentur.de""]";"{""vollstaendigkeit_prozent"": 66.7, ""zuletzt_verifiziert"": ""2026-06-06"", ""verifikation_noetig"": false}";2026-06-06;2.0
hocbunfüröffver_15653;15653;1.0;Hochschule des Bundes für öffentliche Verwaltung;;Bundesanstalt;Bundesbehörde;Bund;Berlin;Berlin;"{""lat"": null, ""lon"": null}";;false;;Hochschule;https://www.hsbund.de/;;50.896;2025;230;2024;bmi;Bundesministerium des Innern und für Heimat (BMI);Hochschule;Finanzierung über das Ressort Bundesministerium des Innern und für Heimat (BMI);"[{""zu_id"": ""bmi"", ""typ"": ""UNTERSTELLT"", ""richtung"": ""eingehend"", ""seit"": null, ""quelle"": null}]";"[""https://www.hsbund.de/""]";"{""vollstaendigkeit_prozent"": 75.0, ""zuletzt_verifiziert"": ""2026-06-06"", ""verifikation_noetig"": false}";2026-06-06;2.0
hocdeubun_16963;16963;1.0;Hochschule der Deutschen Bundesbank;;Bundesanstalt;Bundesbehörde;Bund;Berlin;Berlin;"{""lat"": null, ""lon"": null}";;false;;Hochschule;https://www.hochschule-bundesbank.de;;177.32;2025;201;2024;bmf;Bundesministerium der Finanzen (BMF);Hochschule;Finanzierung über das Ressort Bundesministerium der Finanzen (BMF);"[{""zu_id"": ""bmf"", ""typ"": ""UNTERSTELLT"", ""richtung"": ""eingehend"", ""seit"": null, ""quelle"": null}]";"[""https://www.hochschule-bundesbank.de""]";"{""vollstaendigkeit_prozent"": 75.0, ""zuletzt_verifiziert"": ""2026-06-06"", ""verifikation_noetig"": false}";2026-06-06;2.0
ifoinsfürwir_593;593;1.0;ifo Institut für Wirtschaftsforschung;;Bundesanstalt;Bundesbehörde;Bund;Berlin;Berlin;"{""lat"": null, ""lon"": null}";;false;;Forschung;https://www.ifo.de/;;2.01;2025;244;2024;bmbfsj;Bundesministerium für Bildung und Forschung (BMBF);Forschung;Finanzierung über das Ressort Bundesministerium für Bildung und Forschung (BMBF);"[{""zu_id"": ""bmbfsj"", ""typ"": ""UNTERSTELLT"", ""richtung"": ""eingehend"", ""seit"": null, ""quelle"": null}]";"[""https://www.ifo.de/""]";"{""vollstaendigkeit_prozent"": 75.0, ""zuletzt_verifiziert"": ""2026-06-06"", ""verifikation_noetig"": false}";2026-06-06;2.0
ihkforskiappihk_52096;52096;1.0;IHK Foreign Skills Approval (IHK FOSA);;Bundesoberbehörde;Bundesbehörde;Bund;Berlin;Berlin;"{""lat"": null, ""lon"": null}";;false;;;https://www.service.bund.de;;;;;;bmi;Bundesministerium des Innern und für Heimat (BMI);;Finanzierung über das Ressort Bundesministerium des Innern und für Heimat (BMI);"[{""zu_id"": ""bmi"", ""typ"": ""UNTERSTELLT"", ""richtung"": ""eingehend"", ""seit"": null, ""quelle"": null}]";"[""https://www.service.bund.de""]";"{""vollstaendigkeit_prozent"": 58.3, ""zuletzt_verifiziert"": ""2026-06-06"", ""verifikation_noetig"": false}";2026-06-06;2.0
ikkcla_6603;6603;1.0;IKK classic;;KdöR;Bundesbehörde;Bund;Berlin;Berlin;"{""lat"": null, ""lon"": null}";;false;;Krankenkasse;https://www.ikk-classic.de/;;12000.0;2025;6727;2024;bmas;Bundesministerium für Arbeit und Soziales (BMAS);Krankenkasse;Finanzierung über das Ressort Bundesministerium für Arbeit und Soziales (BMAS);"[{""zu_id"": ""bmas"", ""typ"": ""UNTERSTELLT"", ""richtung"": ""eingehend"", ""seit"": null, ""quelle"": null}]";"[""https://www.ikk-classic.de/""]";"{""vollstaendigkeit_prozent"": 75.0, ""zuletzt_verifiziert"": ""2026-06-06"", ""verifikation_noetig"": false}";2026-06-06;2.0
ikkgesplu_6604;6604;1.0;IKK gesund plus;;KdöR;Bundesbehörde;Bund;Berlin;Berlin;"{""lat"": null, ""lon"": null}";;false;;Krankenkasse;https://www.ikk-gesundplus.de/;;21.7;2025;;;bmas;Bundesministerium für Arbeit und Soziales (BMAS);Krankenkasse;Finanzierung über das Ressort Bundesministerium für Arbeit und Soziales (BMAS);"[{""zu_id"": ""bmas"", ""typ"": ""UNTERSTELLT"", ""richtung"": ""eingehend"", ""seit"": null, ""quelle"": null}]";"[""https://www.ikk-gesundplus.de/""]";"{""vollstaendigkeit_prozent"": 66.7, ""zuletzt_verifiziert"": ""2026-06-06"", ""verifikation_noetig"": false}";2026-06-06;2.0
ikkinn_52003;52003;1.0;IKK - Die Innovationskasse;;KdöR;Bundesbehörde;Bund;Berlin;Berlin;"{""lat"": null, ""lon"": null}";;false;;Krankenkasse;https://www.die-ik.de/;;;;;;bmg;Bundesministerium für Gesundheit (BMG);Krankenkasse;Finanzierung über das Ressort Bundesministerium für Gesundheit (BMG);"[{""zu_id"": ""bmg"", ""typ"": ""UNTERSTELLT"", ""richtung"": ""eingehend"", ""seit"": null, ""quelle"": null}]";"[""https://www.die-ik.de/""]";"{""vollstaendigkeit_prozent"": 66.7, ""zuletzt_verifiziert"": ""2026-06-06"", ""verifikation_noetig"": false}";2026-06-06;2.0
indlehtri_594;594;1.0;Industrie Lehrwerkstatt Trier eG;;Bundesoberbehörde;Bundesbehörde;Bund;Trier;Rheinland-Pfalz;"{""lat"": null, ""lon"": null}";;false;;Lehrwerkstatt;https://www.service.bund.de;;;;;;bmi;Bundesministerium des Innern und für Heimat (BMI);Lehrwerkstatt;Finanzierung über das Ressort Bundesministerium des Innern und für Heimat (BMI);"[{""zu_id"": ""bmi"", ""typ"": ""UNTERSTELLT"", ""richtung"": ""eingehend"", ""seit"": null, ""quelle"": null}]";"[""https://www.service.bund.de""]";"{""vollstaendigkeit_prozent"": 66.7, ""zuletzt_verifiziert"": ""2026-06-06"", ""verifikation_noetig"": false}";2026-06-06;2.0
inf_51186;51186;1.0;DB InfraGO;;Bundesoberbehörde;Bundesbehörde;Bund;Berlin;Berlin;"{""lat"": null, ""lon"": null}";;false;;Bahn;https://www.dbinfrago.com/web;;8090.0;2025;68197;2024;bmv;Bundesministerium für Digitales und Verkehr (BMDV);Bahn;Finanzierung über das Ressort Bundesministerium für Digitales und Verkehr (BMDV);"[{""zu_id"": ""bmv"", ""typ"": ""UNTERSTELLT"", ""richtung"": ""eingehend"", ""seit"": null, ""quelle"": null}]";"[""https://www.dbinfrago.com/web""]";"{""vollstaendigkeit_prozent"": 75.0, ""zuletzt_verifiziert"": ""2026-06-06"", ""verifikation_noetig"": false}";2026-06-06;2.0
infbun_15644;15644;1.0;Informationstechnikzentrum Bund;;Bundesanstalt;Bundesoberbehörde;Bund;Bonn;Nordrhein-Westfalen;"{""lat"": null, ""lon"": null}";;false;;IT-Dienstleister;https://www.itzbund.de;;1100.0;2025;4000;2024;bmf;Bundesministerium der Finanzen (BMF);IT-Dienstleister;Zentraler IT-Dienstleister der Bundesverwaltung;"[{""zu_id"": ""bmf"", ""typ"": ""UNTERSTELLT"", ""richtung"": ""eingehend"", ""seit"": null, ""quelle"": null}]";"[""https://www.itzbund.de""]";"{""vollstaendigkeit_prozent"": 75.0, ""zuletzt_verifiziert"": ""2026-06-06"", ""verifikation_noetig"": false}";2026-06-06;2.0
inn_87;87;1.0;Bundesministerium des Innern;;Ministerium;Oberste Bundesbehörde;Bund;Berlin;Berlin;"{""lat"": null, ""lon"": null}";;false;;Ministerium;https://www.bmi.bund.de;;13300.0;2025;2100;2024;bmi;Bundesministerium des Innern und für Heimat (BMI);Ministerium;Bundesministerium des Innern;"[{""zu_id"": ""bmi"", ""typ"": ""UNTERSTELLT"", ""richtung"": ""eingehend"", ""seit"": null, ""quelle"": null}]";"[""https://www.bmi.bund.de""]";"{""vollstaendigkeit_prozent"": 75.0, ""zuletzt_verifiziert"": ""2026-06-06"", ""verifikation_noetig"": false}";2026-06-06;2.0
innforhigpermic_595;595;1.0;Innovations for High Performance Microelectronics/  Institut für innovative Mikroelektronik;;Bundesoberbehörde;Bundesbehörde;Bund;Berlin;Berlin;"{""lat"": null, ""lon"": null}";;false;;;http://www.ihp-microelectronics.com/;;2.01;2025;400;2024;bmi;Bundesministerium des Innern und für Heimat (BMI);;Finanzierung über das Ressort Bundesministerium des Innern und für Heimat (BMI);"[{""zu_id"": ""bmi"", ""typ"": ""UNTERSTELLT"", ""richtung"": ""eingehend"", ""seit"": null, ""quelle"": null}]";"[""http://www.ihp-microelectronics.com/""]";"{""vollstaendigkeit_prozent"": 66.7, ""zuletzt_verifiziert"": ""2026-06-06"", ""verifikation_noetig"": false}";2026-06-06;2.0
ins_15646;15646;1.0;INSTAND e.V.;;Bundesoberbehörde;Bundesbehörde;Bund;Berlin;Berlin;"{""lat"": null, ""lon"": null}";;false;;;https://www.instand-ev.de;;;;;;bmi;Bundesministerium des Innern und für Heimat (BMI);;Finanzierung über das Ressort Bundesministerium des Innern und für Heimat (BMI);"[{""zu_id"": ""bmi"", ""typ"": ""UNTERSTELLT"", ""richtung"": ""eingehend"", ""seit"": null, ""quelle"": null}]";"[""https://www.instand-ev.de""]";"{""vollstaendigkeit_prozent"": 58.3, ""zuletzt_verifiziert"": ""2026-06-06"", ""verifikation_noetig"": false}";2026-06-06;2.0
insforanasci_596;596;1.0;Institute for Analytical Sciences;;Bundesoberbehörde;Bundesbehörde;Bund;Berlin;Berlin;"{""lat"": null, ""lon"": null}";;false;;;https://www.isas.de/;;;;160;2024;bmi;Bundesministerium des Innern und für Heimat (BMI);;Finanzierung über das Ressort Bundesministerium des Innern und für Heimat (BMI);"[{""zu_id"": ""bmi"", ""typ"": ""UNTERSTELLT"", ""richtung"": ""eingehend"", ""seit"": null, ""quelle"": null}]";"[""https://www.isas.de/""]";"{""vollstaendigkeit_prozent"": 66.7, ""zuletzt_verifiziert"": ""2026-06-06"", ""verifikation_noetig"": false}";2026-06-06;2.0
insfürarbber_17069;17069;1.0;Institut für Arbeitsmarkt und Berufsforschung;;Bundesanstalt;Bundesbehörde;Bund;Berlin;Berlin;"{""lat"": null, ""lon"": null}";;false;;Forschung;https://www.service.bund.de;;2.01;2025;;;bmas;Bundesministerium für Arbeit und Soziales (BMAS);Forschung;Finanzierung über das Ressort Bundesministerium für Arbeit und Soziales (BMAS);"[{""zu_id"": ""bmas"", ""typ"": ""UNTERSTELLT"", ""richtung"": ""eingehend"", ""seit"": null, ""quelle"": null}]";"[""https://www.service.bund.de""]";"{""vollstaendigkeit_prozent"": 66.7, ""zuletzt_verifiziert"": ""2026-06-06"", ""verifikation_noetig"": false}";2026-06-06;2.0
insfüraus_597;597;1.0;Institut für Auslandsbeziehungen e.V.;;Bundesoberbehörde;Bundesbehörde;Bund;Berlin;Berlin;"{""lat"": null, ""lon"": null}";;false;;;https://www.service.bund.de;;2.01;2025;;;bmi;Bundesministerium des Innern und für Heimat (BMI);;Finanzierung über das Ressort Bundesministerium des Innern und für Heimat (BMI);"[{""zu_id"": ""bmi"", ""typ"": ""UNTERSTELLT"", ""richtung"": ""eingehend"", ""seit"": null, ""quelle"": null}]";"[""https://www.service.bund.de""]";"{""vollstaendigkeit_prozent"": 58.3, ""zuletzt_verifiziert"": ""2026-06-06"", ""verifikation_noetig"": false}";2026-06-06;2.0
insfürdeukulges_599;599;1.0;Institut für deutsche Kultur und Geschichte Südosteuropas e.V.;;Bundesoberbehörde;Bundesbehörde;Bund;Berlin;Berlin;"{""lat"": null, ""lon"": null}";;false;;;https://www.service.bund.de;;2.01;2025;;;bkamt;Beauftragte der Bundesregierung für Kultur und Medien (BKM);;Finanzierung über das Ressort Beauftragte der Bundesregierung für Kultur und Medien (BKM);"[{""zu_id"": ""bkamt"", ""typ"": ""UNTERSTELLT"", ""richtung"": ""eingehend"", ""seit"": null, ""quelle"": null}]";"[""https://www.service.bund.de""]";"{""vollstaendigkeit_prozent"": 58.3, ""zuletzt_verifiziert"": ""2026-06-06"", ""verifikation_noetig"": false}";2026-06-06;2.0
insfürdeuspr_600;600;1.0;Institut für Deutsche Sprache;;Bundesoberbehörde;Bundesbehörde;Bund;Berlin;Berlin;"{""lat"": null, ""lon"": null}";;false;;;https://www.ids-mannheim.de/;;2.01;2025;226;2024;bmi;Bundesministerium des Innern und für Heimat (BMI);;Finanzierung über das Ressort Bundesministerium des Innern und für Heimat (BMI);"[{""zu_id"": ""bmi"", ""typ"": ""UNTERSTELLT"", ""richtung"": ""eingehend"", ""seit"": null, ""quelle"": null}]";"[""https://www.ids-mannheim.de/""]";"{""vollstaendigkeit_prozent"": 66.7, ""zuletzt_verifiziert"": ""2026-06-06"", ""verifikation_noetig"": false}";2026-06-06;2.0
insfürgemziegro_601;601;1.0;Institut für Gemüse- und Zierpflanzenbau Großbeeren/Erfurt e.V.;;Bundesoberbehörde;Bundesbehörde;Bund;Erfurt;Thüringen;"{""lat"": null, ""lon"": null}";;false;;;https://www.service.bund.de;;2.01;2025;;;bmbfsj;Bundesministerium für Bildung und Forschung (BMBF);;Finanzierung über das Ressort Bundesministerium für Bildung und Forschung (BMBF);"[{""zu_id"": ""bmbfsj"", ""typ"": ""UNTERSTELLT"", ""richtung"": ""eingehend"", ""seit"": null, ""quelle"": null}]";"[""https://www.service.bund.de""]";"{""vollstaendigkeit_prozent"": 58.3, ""zuletzt_verifiziert"": ""2026-06-06"", ""verifikation_noetig"": false}";2026-06-06;2.0
insfürmikbun_602;602;1.0;Institut für Mikrobiologie der Bundeswehr;;Bundesoberbehörde;Dienststelle der Bundeswehrverwaltung;Bund;Berlin;Berlin;"{""lat"": null, ""lon"": null}";;false;;Bundeswehr;https://www.bundeswehr.de;;8862.05;2025;;;bmvg;Bundesministerium der Verteidigung (BMVg);Bundeswehr;Aggregiert unter Bundesministerium der Verteidigung (BMVg);"[{""zu_id"": ""bmvg"", ""typ"": ""UNTERSTELLT"", ""richtung"": ""eingehend"", ""seit"": null, ""quelle"": null}]";"[""https://www.bundeswehr.de""]";"{""vollstaendigkeit_prozent"": 66.7, ""zuletzt_verifiziert"": ""2026-06-06"", ""verifikation_noetig"": false}";2026-06-06;2.0
insfürostmün_603;603;1.0;Institut für Ostrecht München e.V.;;Bundesoberbehörde;Bundesbehörde;Bund;München;Bayern;"{""lat"": null, ""lon"": null}";;false;;;https://www.service.bund.de;;2.01;2025;;;bmi;Bundesministerium des Innern und für Heimat (BMI);;Finanzierung über das Ressort Bundesministerium des Innern und für Heimat (BMI);"[{""zu_id"": ""bmi"", ""typ"": ""UNTERSTELLT"", ""richtung"": ""eingehend"", ""seit"": null, ""quelle"": null}]";"[""https://www.service.bund.de""]";"{""vollstaendigkeit_prozent"": 58.3, ""zuletzt_verifiziert"": ""2026-06-06"", ""verifikation_noetig"": false}";2026-06-06;2.0
insfürquatrages_52109;52109;1.0;Institut für Qualitätssicherung und Transparenz im Gesundheitswesen;;Bundesoberbehörde;Bundesbehörde;Bund;Berlin;Berlin;"{""lat"": null, ""lon"": null}";;false;;Gesundheit;https://www.service.bund.de;;2.01;2025;;;bmas;Bundesministerium für Arbeit und Soziales (BMAS);Gesundheit;Finanzierung über das Ressort Bundesministerium für Arbeit und Soziales (BMAS);"[{""zu_id"": ""bmas"", ""typ"": ""UNTERSTELLT"", ""richtung"": ""eingehend"", ""seit"": null, ""quelle"": null}]";"[""https://www.service.bund.de""]";"{""vollstaendigkeit_prozent"": 66.7, ""zuletzt_verifiziert"": ""2026-06-06"", ""verifikation_noetig"": false}";2026-06-06;2.0
insfürradbun_605;605;1.0;Institut für Radiobiologie der Bundeswehr;;Bundesoberbehörde;Dienststelle der Bundeswehrverwaltung;Bund;Berlin;Berlin;"{""lat"": null, ""lon"": null}";;false;;Bundeswehr;https://www.bundeswehr.de;;8862.05;2025;;;bmvg;Bundesministerium der Verteidigung (BMVg);Bundeswehr;Aggregiert unter Bundesministerium der Verteidigung (BMVg);"[{""zu_id"": ""bmvg"", ""typ"": ""UNTERSTELLT"", ""richtung"": ""eingehend"", ""seit"": null, ""quelle"": null}]";"[""https://www.bundeswehr.de""]";"{""vollstaendigkeit_prozent"": 66.7, ""zuletzt_verifiziert"": ""2026-06-06"", ""verifikation_noetig"": false}";2026-06-06;2.0
insfürstä_606;606;1.0;Institut für Städtebau;;Bundesoberbehörde;Bundesbehörde;Bund;Berlin;Berlin;"{""lat"": null, ""lon"": null}";;false;;;https://www.service.bund.de;;2.01;2025;;;bmv;Bundesministerium für Digitales und Verkehr (BMDV);;Finanzierung über das Ressort Bundesministerium für Digitales und Verkehr (BMDV);"[{""zu_id"": ""bmv"", ""typ"": ""UNTERSTELLT"", ""richtung"": ""eingehend"", ""seit"": null, ""quelle"": null}]";"[""https://www.service.bund.de""]";"{""vollstaendigkeit_prozent"": 58.3, ""zuletzt_verifiziert"": ""2026-06-06"", ""verifikation_noetig"": false}";2026-06-06;2.0
insfürstäwoh_607;607;1.0;Institut für Städtebau und Wohnungswesen;;Bundesoberbehörde;Bundesbehörde;Bund;Berlin;Berlin;"{""lat"": null, ""lon"": null}";;false;;;https://www.service.bund.de;;2.01;2025;;;bmv;Bundesministerium für Digitales und Verkehr (BMDV);;Finanzierung über das Ressort Bundesministerium für Digitales und Verkehr (BMDV);"[{""zu_id"": ""bmv"", ""typ"": ""UNTERSTELLT"", ""richtung"": ""eingehend"", ""seit"": null, ""quelle"": null}]";"[""https://www.service.bund.de""]";"{""vollstaendigkeit_prozent"": 58.3, ""zuletzt_verifiziert"": ""2026-06-06"", ""verifikation_noetig"": false}";2026-06-06;2.0
insfürwelunikie_610;610;1.0;Institut für Weltwirtschaft an der Universität Kiel;;Bundesoberbehörde;Bundesbehörde;Bund;Kiel;Schleswig-Holstein;"{""lat"": null, ""lon"": null}";;false;;;http://www.kielinstitut.de/;;8862.05;2025;180;2024;bmwi;Bundesministerium für Wirtschaft und Klimaschutz (BMWK);;Finanzierung über das Ressort Bundesministerium für Wirtschaft und Klimaschutz (BMWK);"[{""zu_id"": ""bmwi"", ""typ"": ""UNTERSTELLT"", ""richtung"": ""eingehend"", ""seit"": null, ""quelle"": null}]";"[""http://www.kielinstitut.de/""]";"{""vollstaendigkeit_prozent"": 66.7, ""zuletzt_verifiziert"": ""2026-06-06"", ""verifikation_noetig"": false}";2026-06-06;2.0
insfürwir_611;611;1.0;Institut für Wirtschaftsforschung;;Bundesoberbehörde;Bundesbehörde;Bund;Berlin;Berlin;"{""lat"": null, ""lon"": null}";;false;;;https://www.service.bund.de;;2.01;2025;;;bmbfsj;Bundesministerium für Bildung und Forschung (BMBF);;Finanzierung über das Ressort Bundesministerium für Bildung und Forschung (BMBF);"[{""zu_id"": ""bmbfsj"", ""typ"": ""UNTERSTELLT"", ""richtung"": ""eingehend"", ""seit"": null, ""quelle"": null}]";"[""https://www.service.bund.de""]";"{""vollstaendigkeit_prozent"": 58.3, ""zuletzt_verifiziert"": ""2026-06-06"", ""verifikation_noetig"": false}";2026-06-06;2.0
insfürwis_612;612;1.0;Institut für Wissensmedien;;Bundesoberbehörde;Bundesbehörde;Bund;Berlin;Berlin;"{""lat"": null, ""lon"": null}";;false;;;http://www.iwm-tuebingen.de/;;2.01;2025;200;2024;bmi;Bundesministerium des Innern und für Heimat (BMI);;Finanzierung über das Ressort Bundesministerium des Innern und für Heimat (BMI);"[{""zu_id"": ""bmi"", ""typ"": ""UNTERSTELLT"", ""richtung"": ""eingehend"", ""seit"": null, ""quelle"": null}]";"[""http://www.iwm-tuebingen.de/""]";"{""vollstaendigkeit_prozent"": 66.7, ""zuletzt_verifiziert"": ""2026-06-06"", ""verifikation_noetig"": false}";2026-06-06;2.0
insfürzei_613;613;1.0;Institut für Zeitgeschichte;;Bundesoberbehörde;Bundesbehörde;Bund;Berlin;Berlin;"{""lat"": null, ""lon"": null}";;false;;;https://www.ifz-muenchen.de/;;2.01;2025;;;bmi;Bundesministerium des Innern und für Heimat (BMI);;Finanzierung über das Ressort Bundesministerium des Innern und für Heimat (BMI);"[{""zu_id"": ""bmi"", ""typ"": ""UNTERSTELLT"", ""richtung"": ""eingehend"", ""seit"": null, ""quelle"": null}]";"[""https://www.ifz-muenchen.de/""]";"{""vollstaendigkeit_prozent"": 58.3, ""zuletzt_verifiziert"": ""2026-06-06"", ""verifikation_noetig"": false}";2026-06-06;2.0
inttraser_615;615;1.0;International Tracing Service;;Bundesoberbehörde;Bundesbehörde;Bund;Berlin;Berlin;"{""lat"": null, ""lon"": null}";;false;;;https://www.service.bund.de;;183.68;2025;;;bmi;Bundesministerium des Innern und für Heimat (BMI);;Finanzierung über das Ressort Bundesministerium des Innern und für Heimat (BMI);"[{""zu_id"": ""bmi"", ""typ"": ""UNTERSTELLT"", ""richtung"": ""eingehend"", ""seit"": null, ""quelle"": null}]";"[""https://www.service.bund.de""]";"{""vollstaendigkeit_prozent"": 58.3, ""zuletzt_verifiziert"": ""2026-06-06"", ""verifikation_noetig"": false}";2026-06-06;2.0
iqwig_51837;51837;1.0;Institut für Qualität und Wirtschaftlichkeit im Gesundheitswesen (IQWiG);;Bundesoberbehörde;Bundesbehörde;Bund;Berlin;Berlin;"{""lat"": null, ""lon"": null}";;false;;Gutachterausschuss;https://www.iqwig.de/;;2.01;2025;246;2024;bmg;Bundesministerium für Gesundheit (BMG);Gutachterausschuss;Finanzierung über das Ressort Bundesministerium für Gesundheit (BMG);"[{""zu_id"": ""bmg"", ""typ"": ""UNTERSTELLT"", ""richtung"": ""eingehend"", ""seit"": null, ""quelle"": null}]";"[""https://www.iqwig.de/""]";"{""vollstaendigkeit_prozent"": 75.0, ""zuletzt_verifiziert"": ""2026-06-06"", ""verifikation_noetig"": false}";2026-06-06;2.0
jobaktkreeus_4284;4284;1.0;Jobcenter EU-aktiv Kreis Euskirchen;;KdöR;Dienststelle der BA;Bund;EU-aktiv Kreis Euskirchen;;"{""lat"": null, ""lon"": null}";;false;;Jobcenter;https://www.arbeitsagentur.de;;;;;;bmas;Bundesministerium für Arbeit und Soziales (BMAS);Jobcenter;Aggregiert unter Bundesagentur für Arbeit (BA);"[{""zu_id"": ""bmas"", ""typ"": ""UNTERSTELLT"", ""richtung"": ""eingehend"", ""seit"": null, ""quelle"": null}]";"[""https://www.arbeitsagentur.de""]";"{""vollstaendigkeit_prozent"": 58.3, ""zuletzt_verifiziert"": ""2026-06-06"", ""verifikation_noetig"": false}";2026-06-06;2.0
jobaktmet_4310;4310;1.0;Jobcenter ME-aktiv Mettmann;;KdöR;Dienststelle der BA;Bund;ME-aktiv Mettmann;;"{""lat"": null, ""lon"": null}";;false;;Jobcenter;https://www.arbeitsagentur.de;;;;;;bmas;Bundesministerium für Arbeit und Soziales (BMAS);Jobcenter;Aggregiert unter Bundesagentur für Arbeit (BA);"[{""zu_id"": ""bmas"", ""typ"": ""UNTERSTELLT"", ""richtung"": ""eingehend"", ""seit"": null, ""quelle"": null}]";"[""https://www.arbeitsagentur.de""]";"{""vollstaendigkeit_prozent"": 58.3, ""zuletzt_verifiziert"": ""2026-06-06"", ""verifikation_noetig"": false}";2026-06-06;2.0
jobalbdon_14085;14085;1.0;Jobcenter Alb-Donau;;KdöR;Dienststelle der BA;Bund;Alb-Donau;;"{""lat"": null, ""lon"": null}";;false;;Jobcenter;https://www.arbeitsagentur.de;;;;;;bmas;Bundesministerium für Arbeit und Soziales (BMAS);Jobcenter;Aggregiert unter Bundesagentur für Arbeit (BA);"[{""zu_id"": ""bmas"", ""typ"": ""UNTERSTELLT"", ""richtung"": ""eingehend"", ""seit"": null, ""quelle"": null}]";"[""https://www.arbeitsagentur.de""]";"{""vollstaendigkeit_prozent"": 58.3, ""zuletzt_verifiziert"": ""2026-06-06"", ""verifikation_noetig"": false}";2026-06-06;2.0
jobalt_11941;11941;1.0;Jobcenter Altötting;;KdöR;Dienststelle der BA;Bund;Altötting;;"{""lat"": null, ""lon"": null}";;false;;Jobcenter;https://www.arbeitsagentur.de;;;;;;bmas;Bundesministerium für Arbeit und Soziales (BMAS);Jobcenter;Aggregiert unter Bundesagentur für Arbeit (BA);"[{""zu_id"": ""bmas"", ""typ"": ""UNTERSTELLT"", ""richtung"": ""eingehend"", ""seit"": null, ""quelle"": null}]";"[""https://www.arbeitsagentur.de""]";"{""vollstaendigkeit_prozent"": 58.3, ""zuletzt_verifiziert"": ""2026-06-06"", ""verifikation_noetig"": false}";2026-06-06;2.0
jobaltlan_14086;14086;1.0;Jobcenter Altenburger Land;;KdöR;Dienststelle der BA;Bund;Altenburger Land;;"{""lat"": null, ""lon"": null}";;false;;Jobcenter;https://www.arbeitsagentur.de;;;;;;bmas;Bundesministerium für Arbeit und Soziales (BMAS);Jobcenter;Aggregiert unter Bundesagentur für Arbeit (BA);"[{""zu_id"": ""bmas"", ""typ"": ""UNTERSTELLT"", ""richtung"": ""eingehend"", ""seit"": null, ""quelle"": null}]";"[""https://www.arbeitsagentur.de""]";"{""vollstaendigkeit_prozent"": 58.3, ""zuletzt_verifiziert"": ""2026-06-06"", ""verifikation_noetig"": false}";2026-06-06;2.0
jobarbbie_4279;4279;1.0;Jobcenter – Arbeit Bielefeld;;KdöR;Dienststelle der BA;Bund;Bielefeld;Nordrhein-Westfalen;"{""lat"": null, ""lon"": null}";;false;;Jobcenter;https://www.arbeitsagentur.de;;96.46;2025;;;bmas;Bundesministerium für Arbeit und Soziales (BMAS);Jobcenter;Aggregiert unter Bundesagentur für Arbeit (BA);"[{""zu_id"": ""bmas"", ""typ"": ""UNTERSTELLT"", ""richtung"": ""eingehend"", ""seit"": null, ""quelle"": null}]";"[""https://www.arbeitsagentur.de""]";"{""vollstaendigkeit_prozent"": 66.7, ""zuletzt_verifiziert"": ""2026-06-06"", ""verifikation_noetig"": false}";2026-06-06;2.0
jobarbgrulev_4298;4298;1.0;Jobcenter Arbeit und Grundsicherung Leverkusen;;KdöR;Dienststelle der BA;Bund;Leverkusen;;"{""lat"": null, ""lon"": null}";;false;;Jobcenter;https://www.arbeitsagentur.de;;96.46;2025;;;bmas;Bundesministerium für Arbeit und Soziales (BMAS);Jobcenter;Aggregiert unter Bundesagentur für Arbeit (BA);"[{""zu_id"": ""bmas"", ""typ"": ""UNTERSTELLT"", ""richtung"": ""eingehend"", ""seit"": null, ""quelle"": null}]";"[""https://www.arbeitsagentur.de""]";"{""vollstaendigkeit_prozent"": 58.3, ""zuletzt_verifiziert"": ""2026-06-06"", ""verifikation_noetig"": false}";2026-06-06;2.0
jobarbhelaktsoe_4309;4309;1.0;Jobcenter - Arbeit Hellweg Aktiv Soest;;KdöR;Dienststelle der BA;Bund;Soest;;"{""lat"": null, ""lon"": null}";;false;;Jobcenter;https://www.arbeitsagentur.de;;96.46;2025;;;bmas;Bundesministerium für Arbeit und Soziales (BMAS);Jobcenter;Aggregiert unter Bundesagentur für Arbeit (BA);"[{""zu_id"": ""bmas"", ""typ"": ""UNTERSTELLT"", ""richtung"": ""eingehend"", ""seit"": null, ""quelle"": null}]";"[""https://www.arbeitsagentur.de""]";"{""vollstaendigkeit_prozent"": 58.3, ""zuletzt_verifiziert"": ""2026-06-06"", ""verifikation_noetig"": false}";2026-06-06;2.0
jobarbschede_14195;14195;1.0;Jobcenter Arbeitsförderung Schwalm-Eder;;KdöR;Dienststelle der BA;Bund;Schwalm-Eder;;"{""lat"": null, ""lon"": null}";;false;;Jobcenter;https://www.arbeitsagentur.de;;;;;;bmas;Bundesministerium für Arbeit und Soziales (BMAS);Jobcenter;Aggregiert unter Bundesagentur für Arbeit (BA);"[{""zu_id"": ""bmas"", ""typ"": ""UNTERSTELLT"", ""richtung"": ""eingehend"", ""seit"": null, ""quelle"": null}]";"[""https://www.arbeitsagentur.de""]";"{""vollstaendigkeit_prozent"": 58.3, ""zuletzt_verifiziert"": ""2026-06-06"", ""verifikation_noetig"": false}";2026-06-06;2.0
jobaruerd_11942;11942;1.0;Jobcenter ARUSO Erding;;KdöR;Dienststelle der BA;Bund;ARUSO Erding;;"{""lat"": null, ""lon"": null}";;false;;Jobcenter;https://www.arbeitsagentur.de;;;;;;bmas;Bundesministerium für Arbeit und Soziales (BMAS);Jobcenter;Aggregiert unter Bundesagentur für Arbeit (BA);"[{""zu_id"": ""bmas"", ""typ"": ""UNTERSTELLT"", ""richtung"": ""eingehend"", ""seit"": null, ""quelle"": null}]";"[""https://www.arbeitsagentur.de""]";"{""vollstaendigkeit_prozent"": 58.3, ""zuletzt_verifiziert"": ""2026-06-06"", ""verifikation_noetig"": false}";2026-06-06;2.0
jobauglan_11943;11943;1.0;Jobcenter Augsburg Land;;KdöR;Dienststelle der BA;Bund;Augsburg;Bayern;"{""lat"": null, ""lon"": null}";;false;;Jobcenter;https://www.arbeitsagentur.de;;;;;;bmas;Bundesministerium für Arbeit und Soziales (BMAS);Jobcenter;Aggregiert unter Bundesagentur für Arbeit (BA);"[{""zu_id"": ""bmas"", ""typ"": ""UNTERSTELLT"", ""richtung"": ""eingehend"", ""seit"": null, ""quelle"": null}]";"[""https://www.arbeitsagentur.de""]";"{""vollstaendigkeit_prozent"": 66.7, ""zuletzt_verifiziert"": ""2026-06-06"", ""verifikation_noetig"": false}";2026-06-06;2.0
jobaugsta_11944;11944;1.0;Jobcenter Augsburg Stadt;;KdöR;Dienststelle der BA;Bund;Augsburg;Bayern;"{""lat"": null, ""lon"": null}";;false;;Jobcenter;https://www.arbeitsagentur.de;;931.98;2025;;;bmas;Bundesministerium für Arbeit und Soziales (BMAS);Jobcenter;Aggregiert unter Bundesagentur für Arbeit (BA);"[{""zu_id"": ""bmas"", ""typ"": ""UNTERSTELLT"", ""richtung"": ""eingehend"", ""seit"": null, ""quelle"": null}]";"[""https://www.arbeitsagentur.de""]";"{""vollstaendigkeit_prozent"": 66.7, ""zuletzt_verifiziert"": ""2026-06-06"", ""verifikation_noetig"": false}";2026-06-06;2.0
jobbadbad_8833;8833;1.0;Jobcenter Baden-Baden;;KdöR;Dienststelle der BA;Bund;Baden-Baden;;"{""lat"": null, ""lon"": null}";;false;;Jobcenter;https://www.arbeitsagentur.de;;;;;;bmas;Bundesministerium für Arbeit und Soziales (BMAS);Jobcenter;Aggregiert unter Bundesagentur für Arbeit (BA);"[{""zu_id"": ""bmas"", ""typ"": ""UNTERSTELLT"", ""richtung"": ""eingehend"", ""seit"": null, ""quelle"": null}]";"[""https://www.arbeitsagentur.de""]";"{""vollstaendigkeit_prozent"": 58.3, ""zuletzt_verifiziert"": ""2026-06-06"", ""verifikation_noetig"": false}";2026-06-06;2.0
jobbaddob_14091;14091;1.0;Jobcenter Bad Doberan;;KdöR;Dienststelle der BA;Bund;Bad Doberan;;"{""lat"": null, ""lon"": null}";;false;;Jobcenter;https://www.arbeitsagentur.de;;;;;;bmas;Bundesministerium für Arbeit und Soziales (BMAS);Jobcenter;Aggregiert unter Bundesagentur für Arbeit (BA);"[{""zu_id"": ""bmas"", ""typ"": ""UNTERSTELLT"", ""richtung"": ""eingehend"", ""seit"": null, ""quelle"": null}]";"[""https://www.arbeitsagentur.de""]";"{""vollstaendigkeit_prozent"": 58.3, ""zuletzt_verifiziert"": ""2026-06-06"", ""verifikation_noetig"": false}";2026-06-06;2.0
jobbadkre_14092;14092;1.0;Jobcenter Bad Kreuznach;;KdöR;Dienststelle der BA;Bund;Bad Kreuznach;;"{""lat"": null, ""lon"": null}";;false;;Jobcenter;https://www.arbeitsagentur.de;;;;;;bmas;Bundesministerium für Arbeit und Soziales (BMAS);Jobcenter;Aggregiert unter Bundesagentur für Arbeit (BA);"[{""zu_id"": ""bmas"", ""typ"": ""UNTERSTELLT"", ""richtung"": ""eingehend"", ""seit"": null, ""quelle"": null}]";"[""https://www.arbeitsagentur.de""]";"{""vollstaendigkeit_prozent"": 58.3, ""zuletzt_verifiziert"": ""2026-06-06"", ""verifikation_noetig"": false}";2026-06-06;2.0
jobbadtölwol_11945;11945;1.0;Jobcenter Bad Tölz-Wolfratshausen;;KdöR;Dienststelle der BA;Bund;Bad Tölz-Wolfratshausen;;"{""lat"": null, ""lon"": null}";;false;;Jobcenter;https://www.arbeitsagentur.de;;;;;;bmas;Bundesministerium für Arbeit und Soziales (BMAS);Jobcenter;Aggregiert unter Bundesagentur für Arbeit (BA);"[{""zu_id"": ""bmas"", ""typ"": ""UNTERSTELLT"", ""richtung"": ""eingehend"", ""seit"": null, ""quelle"": null}]";"[""https://www.arbeitsagentur.de""]";"{""vollstaendigkeit_prozent"": 58.3, ""zuletzt_verifiziert"": ""2026-06-06"", ""verifikation_noetig"": false}";2026-06-06;2.0
jobbar_4132;4132;1.0;Jobcenter Barnim;;KdöR;Dienststelle der BA;Bund;Barnim;;"{""lat"": null, ""lon"": null}";;false;;Jobcenter;https://www.arbeitsagentur.de;;;;;;bmas;Bundesministerium für Arbeit und Soziales (BMAS);Jobcenter;Aggregiert unter Bundesagentur für Arbeit (BA);"[{""zu_id"": ""bmas"", ""typ"": ""UNTERSTELLT"", ""richtung"": ""eingehend"", ""seit"": null, ""quelle"": null}]";"[""https://www.arbeitsagentur.de""]";"{""vollstaendigkeit_prozent"": 58.3, ""zuletzt_verifiziert"": ""2026-06-06"", ""verifikation_noetig"": false}";2026-06-06;2.0
jobbaylan_11946;11946;1.0;Jobcenter Bayreuth Land;;KdöR;Dienststelle der BA;Bund;Bayreuth;Bayern;"{""lat"": null, ""lon"": null}";;false;;Jobcenter;https://www.arbeitsagentur.de;;;;;;bmas;Bundesministerium für Arbeit und Soziales (BMAS);Jobcenter;Aggregiert unter Bundesagentur für Arbeit (BA);"[{""zu_id"": ""bmas"", ""typ"": ""UNTERSTELLT"", ""richtung"": ""eingehend"", ""seit"": null, ""quelle"": null}]";"[""https://www.arbeitsagentur.de""]";"{""vollstaendigkeit_prozent"": 66.7, ""zuletzt_verifiziert"": ""2026-06-06"", ""verifikation_noetig"": false}";2026-06-06;2.0
jobbaysta_11947;11947;1.0;Jobcenter Bayreuth Stadt;;KdöR;Dienststelle der BA;Bund;Bayreuth;Bayern;"{""lat"": null, ""lon"": null}";;false;;Jobcenter;https://www.arbeitsagentur.de;;931.98;2025;;;bmas;Bundesministerium für Arbeit und Soziales (BMAS);Jobcenter;Aggregiert unter Bundesagentur für Arbeit (BA);"[{""zu_id"": ""bmas"", ""typ"": ""UNTERSTELLT"", ""richtung"": ""eingehend"", ""seit"": null, ""quelle"": null}]";"[""https://www.arbeitsagentur.de""]";"{""vollstaendigkeit_prozent"": 66.7, ""zuletzt_verifiziert"": ""2026-06-06"", ""verifikation_noetig"": false}";2026-06-06;2.0
jobberchawil_14093;14093;1.0;Jobcenter Berlin Charlottenburg-Wilmersdorf;;KdöR;Dienststelle der BA;Bund;Berlin;Berlin;"{""lat"": null, ""lon"": null}";;false;;Jobcenter;https://www.arbeitsagentur.de;;183.78;2025;;;bmas;Bundesministerium für Arbeit und Soziales (BMAS);Jobcenter;Aggregiert unter Bundesagentur für Arbeit (BA);"[{""zu_id"": ""bmas"", ""typ"": ""UNTERSTELLT"", ""richtung"": ""eingehend"", ""seit"": null, ""quelle"": null}]";"[""https://www.arbeitsagentur.de""]";"{""vollstaendigkeit_prozent"": 66.7, ""zuletzt_verifiziert"": ""2026-06-06"", ""verifikation_noetig"": false}";2026-06-06;2.0
jobberfrikre_14094;14094;1.0;Jobcenter Berlin Friedrichshain-Kreuzberg;;KdöR;Dienststelle der BA;Bund;Berlin;Berlin;"{""lat"": null, ""lon"": null}";;false;;Jobcenter;https://www.arbeitsagentur.de;;183.78;2025;;;bmas;Bundesministerium für Arbeit und Soziales (BMAS);Jobcenter;Aggregiert unter Bundesagentur für Arbeit (BA);"[{""zu_id"": ""bmas"", ""typ"": ""UNTERSTELLT"", ""richtung"": ""eingehend"", ""seit"": null, ""quelle"": null}]";"[""https://www.arbeitsagentur.de""]";"{""vollstaendigkeit_prozent"": 66.7, ""zuletzt_verifiziert"": ""2026-06-06"", ""verifikation_noetig"": false}";2026-06-06;2.0
jobberlan_11948;11948;1.0;Jobcenter Berchtesgadener Land;;KdöR;Dienststelle der BA;Bund;Berchtesgadener Land;;"{""lat"": null, ""lon"": null}";;false;;Jobcenter;https://www.arbeitsagentur.de;;;;;;bmas;Bundesministerium für Arbeit und Soziales (BMAS);Jobcenter;Aggregiert unter Bundesagentur für Arbeit (BA);"[{""zu_id"": ""bmas"", ""typ"": ""UNTERSTELLT"", ""richtung"": ""eingehend"", ""seit"": null, ""quelle"": null}]";"[""https://www.arbeitsagentur.de""]";"{""vollstaendigkeit_prozent"": 58.3, ""zuletzt_verifiziert"": ""2026-06-06"", ""verifikation_noetig"": false}";2026-06-06;2.0
jobberlic_14095;14095;1.0;Jobcenter Berlin Lichtenberg;;KdöR;Dienststelle der BA;Bund;Berlin;Berlin;"{""lat"": null, ""lon"": null}";;false;;Jobcenter;https://www.arbeitsagentur.de;;183.78;2025;;;bmas;Bundesministerium für Arbeit und Soziales (BMAS);Jobcenter;Aggregiert unter Bundesagentur für Arbeit (BA);"[{""zu_id"": ""bmas"", ""typ"": ""UNTERSTELLT"", ""richtung"": ""eingehend"", ""seit"": null, ""quelle"": null}]";"[""https://www.arbeitsagentur.de""]";"{""vollstaendigkeit_prozent"": 66.7, ""zuletzt_verifiziert"": ""2026-06-06"", ""verifikation_noetig"": false}";2026-06-06;2.0
jobbermarhel_14096;14096;1.0;Jobcenter Berlin-Marzahn-Hellersdorf;;KdöR;Dienststelle der BA;Bund;Berlin;Berlin;"{""lat"": null, ""lon"": null}";;false;;Jobcenter;https://www.arbeitsagentur.de;;;;;;bmas;Bundesministerium für Arbeit und Soziales (BMAS);Jobcenter;Aggregiert unter Bundesagentur für Arbeit (BA);"[{""zu_id"": ""bmas"", ""typ"": ""UNTERSTELLT"", ""richtung"": ""eingehend"", ""seit"": null, ""quelle"": null}]";"[""https://www.arbeitsagentur.de""]";"{""vollstaendigkeit_prozent"": 66.7, ""zuletzt_verifiziert"": ""2026-06-06"", ""verifikation_noetig"": false}";2026-06-06;2.0
jobbermit_14097;14097;1.0;Jobcenter Berlin Mitte;;KdöR;Dienststelle der BA;Bund;Berlin;Berlin;"{""lat"": null, ""lon"": null}";;false;;Jobcenter;https://www.arbeitsagentur.de;;74.77;2025;;;bmas;Bundesministerium für Arbeit und Soziales (BMAS);Jobcenter;Aggregiert unter Bundesagentur für Arbeit (BA);"[{""zu_id"": ""bmas"", ""typ"": ""UNTERSTELLT"", ""richtung"": ""eingehend"", ""seit"": null, ""quelle"": null}]";"[""https://www.arbeitsagentur.de""]";"{""vollstaendigkeit_prozent"": 66.7, ""zuletzt_verifiziert"": ""2026-06-06"", ""verifikation_noetig"": false}";2026-06-06;2.0
jobberneu_14098;14098;1.0;Jobcenter Berlin Neukölln;;KdöR;Dienststelle der BA;Bund;Berlin;Berlin;"{""lat"": null, ""lon"": null}";;false;;Jobcenter;https://www.arbeitsagentur.de;;183.78;2025;;;bmas;Bundesministerium für Arbeit und Soziales (BMAS);Jobcenter;Aggregiert unter Bundesagentur für Arbeit (BA);"[{""zu_id"": ""bmas"", ""typ"": ""UNTERSTELLT"", ""richtung"": ""eingehend"", ""seit"": null, ""quelle"": null}]";"[""https://www.arbeitsagentur.de""]";"{""vollstaendigkeit_prozent"": 66.7, ""zuletzt_verifiziert"": ""2026-06-06"", ""verifikation_noetig"": false}";2026-06-06;2.0
jobberpan_14099;14099;1.0;Jobcenter Berlin Pankow;;KdöR;Dienststelle der BA;Bund;Berlin;Berlin;"{""lat"": null, ""lon"": null}";;false;;Jobcenter;https://www.arbeitsagentur.de;;183.78;2025;;;bmas;Bundesministerium für Arbeit und Soziales (BMAS);Jobcenter;Aggregiert unter Bundesagentur für Arbeit (BA);"[{""zu_id"": ""bmas"", ""typ"": ""UNTERSTELLT"", ""richtung"": ""eingehend"", ""seit"": null, ""quelle"": null}]";"[""https://www.arbeitsagentur.de""]";"{""vollstaendigkeit_prozent"": 66.7, ""zuletzt_verifiziert"": ""2026-06-06"", ""verifikation_noetig"": false}";2026-06-06;2.0
jobberrei_14100;14100;1.0;Jobcenter Berlin Reinickendorf;;KdöR;Dienststelle der BA;Bund;Berlin;Berlin;"{""lat"": null, ""lon"": null}";;false;;Jobcenter;https://www.arbeitsagentur.de;;183.78;2025;;;bmas;Bundesministerium für Arbeit und Soziales (BMAS);Jobcenter;Aggregiert unter Bundesagentur für Arbeit (BA);"[{""zu_id"": ""bmas"", ""typ"": ""UNTERSTELLT"", ""richtung"": ""eingehend"", ""seit"": null, ""quelle"": null}]";"[""https://www.arbeitsagentur.de""]";"{""vollstaendigkeit_prozent"": 66.7, ""zuletzt_verifiziert"": ""2026-06-06"", ""verifikation_noetig"": false}";2026-06-06;2.0
jobberspa_14101;14101;1.0;Jobcenter Berlin Spandau;;KdöR;Dienststelle der BA;Bund;Berlin;Berlin;"{""lat"": null, ""lon"": null}";;false;;Jobcenter;https://www.arbeitsagentur.de;;183.78;2025;;;bmas;Bundesministerium für Arbeit und Soziales (BMAS);Jobcenter;Aggregiert unter Bundesagentur für Arbeit (BA);"[{""zu_id"": ""bmas"", ""typ"": ""UNTERSTELLT"", ""richtung"": ""eingehend"", ""seit"": null, ""quelle"": null}]";"[""https://www.arbeitsagentur.de""]";"{""vollstaendigkeit_prozent"": 66.7, ""zuletzt_verifiziert"": ""2026-06-06"", ""verifikation_noetig"": false}";2026-06-06;2.0
jobberstezeh_14102;14102;1.0;Jobcenter Berlin Steglitz-Zehlendorf;;KdöR;Dienststelle der BA;Bund;Berlin;Berlin;"{""lat"": null, ""lon"": null}";;false;;Jobcenter;https://www.arbeitsagentur.de;;183.78;2025;;;bmas;Bundesministerium für Arbeit und Soziales (BMAS);Jobcenter;Aggregiert unter Bundesagentur für Arbeit (BA);"[{""zu_id"": ""bmas"", ""typ"": ""UNTERSTELLT"", ""richtung"": ""eingehend"", ""seit"": null, ""quelle"": null}]";"[""https://www.arbeitsagentur.de""]";"{""vollstaendigkeit_prozent"": 66.7, ""zuletzt_verifiziert"": ""2026-06-06"", ""verifikation_noetig"": false}";2026-06-06;2.0
jobbertemsch_14103;14103;1.0;Jobcenter Berlin Tempelhof-Schöneberg;;KdöR;Dienststelle der BA;Bund;Berlin;Berlin;"{""lat"": null, ""lon"": null}";;false;;Jobcenter;https://www.arbeitsagentur.de;;183.78;2025;;;bmas;Bundesministerium für Arbeit und Soziales (BMAS);Jobcenter;Aggregiert unter Bundesagentur für Arbeit (BA);"[{""zu_id"": ""bmas"", ""typ"": ""UNTERSTELLT"", ""richtung"": ""eingehend"", ""seit"": null, ""quelle"": null}]";"[""https://www.arbeitsagentur.de""]";"{""vollstaendigkeit_prozent"": 66.7, ""zuletzt_verifiziert"": ""2026-06-06"", ""verifikation_noetig"": false}";2026-06-06;2.0
jobbertreköp_14104;14104;1.0;Jobcenter Berlin Treptow-Köpenick;;KdöR;Dienststelle der BA;Bund;Berlin;Berlin;"{""lat"": null, ""lon"": null}";;false;;Jobcenter;https://www.arbeitsagentur.de;;183.78;2025;;;bmas;Bundesministerium für Arbeit und Soziales (BMAS);Jobcenter;Aggregiert unter Bundesagentur für Arbeit (BA);"[{""zu_id"": ""bmas"", ""typ"": ""UNTERSTELLT"", ""richtung"": ""eingehend"", ""seit"": null, ""quelle"": null}]";"[""https://www.arbeitsagentur.de""]";"{""vollstaendigkeit_prozent"": 66.7, ""zuletzt_verifiziert"": ""2026-06-06"", ""verifikation_noetig"": false}";2026-06-06;2.0
jobberwit_14105;14105;1.0;Jobcenter Bernkastel-Wittlich;;KdöR;Dienststelle der BA;Bund;Bernkastel-Wittlich;;"{""lat"": null, ""lon"": null}";;false;;Jobcenter;https://www.arbeitsagentur.de;;;;;;bmas;Bundesministerium für Arbeit und Soziales (BMAS);Jobcenter;Aggregiert unter Bundesagentur für Arbeit (BA);"[{""zu_id"": ""bmas"", ""typ"": ""UNTERSTELLT"", ""richtung"": ""eingehend"", ""seit"": null, ""quelle"": null}]";"[""https://www.arbeitsagentur.de""]";"{""vollstaendigkeit_prozent"": 58.3, ""zuletzt_verifiziert"": ""2026-06-06"", ""verifikation_noetig"": false}";2026-06-06;2.0
jobbir_14106;14106;1.0;Jobcenter Birkenfeld;;KdöR;Dienststelle der BA;Bund;Birkenfeld;;"{""lat"": null, ""lon"": null}";;false;;Jobcenter;https://www.arbeitsagentur.de;;;;;;bmas;Bundesministerium für Arbeit und Soziales (BMAS);Jobcenter;Aggregiert unter Bundesagentur für Arbeit (BA);"[{""zu_id"": ""bmas"", ""typ"": ""UNTERSTELLT"", ""richtung"": ""eingehend"", ""seit"": null, ""quelle"": null}]";"[""https://www.arbeitsagentur.de""]";"{""vollstaendigkeit_prozent"": 58.3, ""zuletzt_verifiziert"": ""2026-06-06"", ""verifikation_noetig"": false}";2026-06-06;2.0
jobbitprü_14107;14107;1.0;Jobcenter Bitburg-Prüm;;KdöR;Dienststelle der BA;Bund;Bitburg-Prüm;;"{""lat"": null, ""lon"": null}";;false;;Jobcenter;https://www.arbeitsagentur.de;;;;;;bmas;Bundesministerium für Arbeit und Soziales (BMAS);Jobcenter;Aggregiert unter Bundesagentur für Arbeit (BA);"[{""zu_id"": ""bmas"", ""typ"": ""UNTERSTELLT"", ""richtung"": ""eingehend"", ""seit"": null, ""quelle"": null}]";"[""https://www.arbeitsagentur.de""]";"{""vollstaendigkeit_prozent"": 58.3, ""zuletzt_verifiziert"": ""2026-06-06"", ""verifikation_noetig"": false}";2026-06-06;2.0
jobboc_4281;4281;1.0;Jobcenter Bochum;;KdöR;Dienststelle der BA;Bund;Bochum;Nordrhein-Westfalen;"{""lat"": null, ""lon"": null}";;false;;Jobcenter;https://www.arbeitsagentur.de;;;;;;bmas;Bundesministerium für Arbeit und Soziales (BMAS);Jobcenter;Aggregiert unter Bundesagentur für Arbeit (BA);"[{""zu_id"": ""bmas"", ""typ"": ""UNTERSTELLT"", ""richtung"": ""eingehend"", ""seit"": null, ""quelle"": null}]";"[""https://www.arbeitsagentur.de""]";"{""vollstaendigkeit_prozent"": 66.7, ""zuletzt_verifiziert"": ""2026-06-06"", ""verifikation_noetig"": false}";2026-06-06;2.0
jobbon_4282;4282;1.0;Jobcenter Bonn;;KdöR;Dienststelle der BA;Bund;Bonn;Nordrhein-Westfalen;"{""lat"": null, ""lon"": null}";;false;;Jobcenter;https://www.arbeitsagentur.de;;;;;;bmas;Bundesministerium für Arbeit und Soziales (BMAS);Jobcenter;Aggregiert unter Bundesagentur für Arbeit (BA);"[{""zu_id"": ""bmas"", ""typ"": ""UNTERSTELLT"", ""richtung"": ""eingehend"", ""seit"": null, ""quelle"": null}]";"[""https://www.arbeitsagentur.de""]";"{""vollstaendigkeit_prozent"": 66.7, ""zuletzt_verifiziert"": ""2026-06-06"", ""verifikation_noetig"": false}";2026-06-06;2.0
jobbot_4287;4287;1.0;Jobcenter Bottrop;;KdöR;Dienststelle der BA;Bund;Bottrop;;"{""lat"": null, ""lon"": null}";;false;;Jobcenter;https://www.arbeitsagentur.de;;;;;;bmas;Bundesministerium für Arbeit und Soziales (BMAS);Jobcenter;Aggregiert unter Bundesagentur für Arbeit (BA);"[{""zu_id"": ""bmas"", ""typ"": ""UNTERSTELLT"", ""richtung"": ""eingehend"", ""seit"": null, ""quelle"": null}]";"[""https://www.arbeitsagentur.de""]";"{""vollstaendigkeit_prozent"": 58.3, ""zuletzt_verifiziert"": ""2026-06-06"", ""verifikation_noetig"": false}";2026-06-06;2.0
jobbra_14108;14108;1.0;Jobcenter Braunschweig;;KdöR;Dienststelle der BA;Bund;Braunschweig;Niedersachsen;"{""lat"": null, ""lon"": null}";;false;;Jobcenter;https://www.arbeitsagentur.de;;;;;;bmas;Bundesministerium für Arbeit und Soziales (BMAS);Jobcenter;Aggregiert unter Bundesagentur für Arbeit (BA);"[{""zu_id"": ""bmas"", ""typ"": ""UNTERSTELLT"", ""richtung"": ""eingehend"", ""seit"": null, ""quelle"": null}]";"[""https://www.arbeitsagentur.de""]";"{""vollstaendigkeit_prozent"": 66.7, ""zuletzt_verifiziert"": ""2026-06-06"", ""verifikation_noetig"": false}";2026-06-06;2.0
jobbrahav_4125;4125;1.0;Jobcenter Brandenburg an der Havel;;KdöR;Dienststelle der BA;Bund;Brandenburg an der Havel;;"{""lat"": null, ""lon"": null}";;false;;Jobcenter;https://www.arbeitsagentur.de;;;;;;bmas;Bundesministerium für Arbeit und Soziales (BMAS);Jobcenter;Aggregiert unter Bundesagentur für Arbeit (BA);"[{""zu_id"": ""bmas"", ""typ"": ""UNTERSTELLT"", ""richtung"": ""eingehend"", ""seit"": null, ""quelle"": null}]";"[""https://www.arbeitsagentur.de""]";"{""vollstaendigkeit_prozent"": 58.3, ""zuletzt_verifiziert"": ""2026-06-06"", ""verifikation_noetig"": false}";2026-06-06;2.0
jobbre_12129;12129;1.0;Jobcenter Bremen;;KdöR;Dienststelle der BA;Bund;Bremen;Bremen;"{""lat"": null, ""lon"": null}";;false;;Jobcenter;https://www.arbeitsagentur.de;;;;;;bmas;Bundesministerium für Arbeit und Soziales (BMAS);Jobcenter;Aggregiert unter Bundesagentur für Arbeit (BA);"[{""zu_id"": ""bmas"", ""typ"": ""UNTERSTELLT"", ""richtung"": ""eingehend"", ""seit"": null, ""quelle"": null}]";"[""https://www.arbeitsagentur.de""]";"{""vollstaendigkeit_prozent"": 66.7, ""zuletzt_verifiziert"": ""2026-06-06"", ""verifikation_noetig"": false}";2026-06-06;2.0
jobbre_14109;14109;1.0;Jobcenter Bremerhaven;;KdöR;Dienststelle der BA;Bund;Bremerhaven;Bremen;"{""lat"": null, ""lon"": null}";;false;;Jobcenter;https://www.arbeitsagentur.de;;;;;;bmas;Bundesministerium für Arbeit und Soziales (BMAS);Jobcenter;Aggregiert unter Bundesagentur für Arbeit (BA);"[{""zu_id"": ""bmas"", ""typ"": ""UNTERSTELLT"", ""richtung"": ""eingehend"", ""seit"": null, ""quelle"": null}]";"[""https://www.arbeitsagentur.de""]";"{""vollstaendigkeit_prozent"": 66.7, ""zuletzt_verifiziert"": ""2026-06-06"", ""verifikation_noetig"": false}";2026-06-06;2.0
jobbrehoc_8834;8834;1.0;Jobcenter Breisgau-Hochschwarzwald;;KdöR;Dienststelle der BA;Bund;Breisgau-Hochschwarzwald;;"{""lat"": null, ""lon"": null}";;false;;Jobcenter;https://www.arbeitsagentur.de;;;;;;bmas;Bundesministerium für Arbeit und Soziales (BMAS);Jobcenter;Aggregiert unter Bundesagentur für Arbeit (BA);"[{""zu_id"": ""bmas"", ""typ"": ""UNTERSTELLT"", ""richtung"": ""eingehend"", ""seit"": null, ""quelle"": null}]";"[""https://www.arbeitsagentur.de""]";"{""vollstaendigkeit_prozent"": 58.3, ""zuletzt_verifiziert"": ""2026-06-06"", ""verifikation_noetig"": false}";2026-06-06;2.0
jobböb_14156;14156;1.0;Jobcenter Böblingen;;KdöR;Dienststelle der BA;Bund;Böblingen;;"{""lat"": null, ""lon"": null}";;false;;Jobcenter;https://www.arbeitsagentur.de;;;;;;bmas;Bundesministerium für Arbeit und Soziales (BMAS);Jobcenter;Aggregiert unter Bundesagentur für Arbeit (BA);"[{""zu_id"": ""bmas"", ""typ"": ""UNTERSTELLT"", ""richtung"": ""eingehend"", ""seit"": null, ""quelle"": null}]";"[""https://www.arbeitsagentur.de""]";"{""vollstaendigkeit_prozent"": 58.3, ""zuletzt_verifiziert"": ""2026-06-06"", ""verifikation_noetig"": false}";2026-06-06;2.0
jobbör_7436;7436;1.0;Jobcenter Börde;;KdöR;Dienststelle der BA;Bund;Börde;;"{""lat"": null, ""lon"": null}";;false;;Jobcenter;https://www.arbeitsagentur.de;;;;;;bmas;Bundesministerium für Arbeit und Soziales (BMAS);Jobcenter;Aggregiert unter Bundesagentur für Arbeit (BA);"[{""zu_id"": ""bmas"", ""typ"": ""UNTERSTELLT"", ""richtung"": ""eingehend"", ""seit"": null, ""quelle"": null}]";"[""https://www.arbeitsagentur.de""]";"{""vollstaendigkeit_prozent"": 58.3, ""zuletzt_verifiziert"": ""2026-06-06"", ""verifikation_noetig"": false}";2026-06-06;2.0
jobche_14110;14110;1.0;Jobcenter Chemnitz;;KdöR;Dienststelle der BA;Bund;Chemnitz;;"{""lat"": null, ""lon"": null}";;false;;Jobcenter;https://www.arbeitsagentur.de;;;;;;bmas;Bundesministerium für Arbeit und Soziales (BMAS);Jobcenter;Aggregiert unter Bundesagentur für Arbeit (BA);"[{""zu_id"": ""bmas"", ""typ"": ""UNTERSTELLT"", ""richtung"": ""eingehend"", ""seit"": null, ""quelle"": null}]";"[""https://www.arbeitsagentur.de""]";"{""vollstaendigkeit_prozent"": 58.3, ""zuletzt_verifiziert"": ""2026-06-06"", ""verifikation_noetig"": false}";2026-06-06;2.0
jobclo_14112;14112;1.0;Jobcenter Cloppenburg;;KdöR;Dienststelle der BA;Bund;Cloppenburg;;"{""lat"": null, ""lon"": null}";;false;;Jobcenter;https://www.arbeitsagentur.de;;;;;;bmas;Bundesministerium für Arbeit und Soziales (BMAS);Jobcenter;Aggregiert unter Bundesagentur für Arbeit (BA);"[{""zu_id"": ""bmas"", ""typ"": ""UNTERSTELLT"", ""richtung"": ""eingehend"", ""seit"": null, ""quelle"": null}]";"[""https://www.arbeitsagentur.de""]";"{""vollstaendigkeit_prozent"": 58.3, ""zuletzt_verifiziert"": ""2026-06-06"", ""verifikation_noetig"": false}";2026-06-06;2.0
jobcoblan_11949;11949;1.0;Jobcenter Coburg Land;;KdöR;Dienststelle der BA;Bund;Coburg Land;;"{""lat"": null, ""lon"": null}";;false;;Jobcenter;https://www.arbeitsagentur.de;;;;;;bmas;Bundesministerium für Arbeit und Soziales (BMAS);Jobcenter;Aggregiert unter Bundesagentur für Arbeit (BA);"[{""zu_id"": ""bmas"", ""typ"": ""UNTERSTELLT"", ""richtung"": ""eingehend"", ""seit"": null, ""quelle"": null}]";"[""https://www.arbeitsagentur.de""]";"{""vollstaendigkeit_prozent"": 58.3, ""zuletzt_verifiziert"": ""2026-06-06"", ""verifikation_noetig"": false}";2026-06-06;2.0
jobcobsta_11950;11950;1.0;Jobcenter Coburg Stadt;;KdöR;Dienststelle der BA;Bund;Coburg Stadt;;"{""lat"": null, ""lon"": null}";;false;;Jobcenter;https://www.arbeitsagentur.de;;931.98;2025;;;bmas;Bundesministerium für Arbeit und Soziales (BMAS);Jobcenter;Aggregiert unter Bundesagentur für Arbeit (BA);"[{""zu_id"": ""bmas"", ""typ"": ""UNTERSTELLT"", ""richtung"": ""eingehend"", ""seit"": null, ""quelle"": null}]";"[""https://www.arbeitsagentur.de""]";"{""vollstaendigkeit_prozent"": 58.3, ""zuletzt_verifiziert"": ""2026-06-06"", ""verifikation_noetig"": false}";2026-06-06;2.0
jobcoczel_14111;14111;1.0;Jobcenter Cochem-Zell;;KdöR;Dienststelle der BA;Bund;Cochem-Zell;;"{""lat"": null, ""lon"": null}";;false;;Jobcenter;https://www.arbeitsagentur.de;;;;;;bmas;Bundesministerium für Arbeit und Soziales (BMAS);Jobcenter;Aggregiert unter Bundesagentur für Arbeit (BA);"[{""zu_id"": ""bmas"", ""typ"": ""UNTERSTELLT"", ""richtung"": ""eingehend"", ""seit"": null, ""quelle"": null}]";"[""https://www.arbeitsagentur.de""]";"{""vollstaendigkeit_prozent"": 58.3, ""zuletzt_verifiziert"": ""2026-06-06"", ""verifikation_noetig"": false}";2026-06-06;2.0
jobcot_4136;4136;1.0;Jobcenter Cottbus;;KdöR;Dienststelle der BA;Bund;Cottbus;Brandenburg;"{""lat"": null, ""lon"": null}";;false;;Jobcenter;https://www.arbeitsagentur.de;;;;;;bmas;Bundesministerium für Arbeit und Soziales (BMAS);Jobcenter;Aggregiert unter Bundesagentur für Arbeit (BA);"[{""zu_id"": ""bmas"", ""typ"": ""UNTERSTELLT"", ""richtung"": ""eingehend"", ""seit"": null, ""quelle"": null}]";"[""https://www.arbeitsagentur.de""]";"{""vollstaendigkeit_prozent"": 66.7, ""zuletzt_verifiziert"": ""2026-06-06"", ""verifikation_noetig"": false}";2026-06-06;2.0
jobcux_14113;14113;1.0;Jobcenter Cuxhaven;;KdöR;Dienststelle der BA;Bund;Cuxhaven;;"{""lat"": null, ""lon"": null}";;false;;Jobcenter;https://www.arbeitsagentur.de;;;;;;bmas;Bundesministerium für Arbeit und Soziales (BMAS);Jobcenter;Aggregiert unter Bundesagentur für Arbeit (BA);"[{""zu_id"": ""bmas"", ""typ"": ""UNTERSTELLT"", ""richtung"": ""eingehend"", ""seit"": null, ""quelle"": null}]";"[""https://www.arbeitsagentur.de""]";"{""vollstaendigkeit_prozent"": 58.3, ""zuletzt_verifiziert"": ""2026-06-06"", ""verifikation_noetig"": false}";2026-06-06;2.0
jobdar_14114;14114;1.0;Jobcenter Darmstadt;;KdöR;Dienststelle der BA;Bund;Darmstadt;Hessen;"{""lat"": null, ""lon"": null}";;false;;Jobcenter;https://www.arbeitsagentur.de;;;;;;bmas;Bundesministerium für Arbeit und Soziales (BMAS);Jobcenter;Aggregiert unter Bundesagentur für Arbeit (BA);"[{""zu_id"": ""bmas"", ""typ"": ""UNTERSTELLT"", ""richtung"": ""eingehend"", ""seit"": null, ""quelle"": null}]";"[""https://www.arbeitsagentur.de""]";"{""vollstaendigkeit_prozent"": 66.7, ""zuletzt_verifiziert"": ""2026-06-06"", ""verifikation_noetig"": false}";2026-06-06;2.0
jobdeg_11952;11952;1.0;Jobcenter Deggendorf;;KdöR;Dienststelle der BA;Bund;Deggendorf;;"{""lat"": null, ""lon"": null}";;false;;Jobcenter;https://www.arbeitsagentur.de;;;;;;bmas;Bundesministerium für Arbeit und Soziales (BMAS);Jobcenter;Aggregiert unter Bundesagentur für Arbeit (BA);"[{""zu_id"": ""bmas"", ""typ"": ""UNTERSTELLT"", ""richtung"": ""eingehend"", ""seit"": null, ""quelle"": null}]";"[""https://www.arbeitsagentur.de""]";"{""vollstaendigkeit_prozent"": 58.3, ""zuletzt_verifiziert"": ""2026-06-06"", ""verifikation_noetig"": false}";2026-06-06;2.0
jobdel_14115;14115;1.0;Jobcenter Delmenhorst;;KdöR;Dienststelle der BA;Bund;Delmenhorst;;"{""lat"": null, ""lon"": null}";;false;;Jobcenter;https://www.arbeitsagentur.de;;;;;;bmas;Bundesministerium für Arbeit und Soziales (BMAS);Jobcenter;Aggregiert unter Bundesagentur für Arbeit (BA);"[{""zu_id"": ""bmas"", ""typ"": ""UNTERSTELLT"", ""richtung"": ""eingehend"", ""seit"": null, ""quelle"": null}]";"[""https://www.arbeitsagentur.de""]";"{""vollstaendigkeit_prozent"": 58.3, ""zuletzt_verifiziert"": ""2026-06-06"", ""verifikation_noetig"": false}";2026-06-06;2.0
jobdesroß_14116;14116;1.0;Jobcenter Dessau-Roßlau;;KdöR;Dienststelle der BA;Bund;Dessau-Roßlau;;"{""lat"": null, ""lon"": null}";;false;;Jobcenter;https://www.arbeitsagentur.de;;;;;;bmas;Bundesministerium für Arbeit und Soziales (BMAS);Jobcenter;Aggregiert unter Bundesagentur für Arbeit (BA);"[{""zu_id"": ""bmas"", ""typ"": ""UNTERSTELLT"", ""richtung"": ""eingehend"", ""seit"": null, ""quelle"": null}]";"[""https://www.arbeitsagentur.de""]";"{""vollstaendigkeit_prozent"": 58.3, ""zuletzt_verifiziert"": ""2026-06-06"", ""verifikation_noetig"": false}";2026-06-06;2.0
jobdeuwei_14117;14117;1.0;Jobcenter Deutsche Weinstraße;;KdöR;Dienststelle der BA;Bund;Deutsche Weinstraße;;"{""lat"": null, ""lon"": null}";;false;;Jobcenter;https://www.arbeitsagentur.de;;40.55;2025;;;bmas;Bundesministerium für Arbeit und Soziales (BMAS);Jobcenter;Aggregiert unter Bundesagentur für Arbeit (BA);"[{""zu_id"": ""bmas"", ""typ"": ""UNTERSTELLT"", ""richtung"": ""eingehend"", ""seit"": null, ""quelle"": null}]";"[""https://www.arbeitsagentur.de""]";"{""vollstaendigkeit_prozent"": 58.3, ""zuletzt_verifiziert"": ""2026-06-06"", ""verifikation_noetig"": false}";2026-06-06;2.0
jobdildon_11955;11955;1.0;Jobcenter Dillingen a.d. Donau;;KdöR;Dienststelle der BA;Bund;Dillingen a.d. Donau;;"{""lat"": null, ""lon"": null}";;false;;Jobcenter;https://www.arbeitsagentur.de;;;;;;bmas;Bundesministerium für Arbeit und Soziales (BMAS);Jobcenter;Aggregiert unter Bundesagentur für Arbeit (BA);"[{""zu_id"": ""bmas"", ""typ"": ""UNTERSTELLT"", ""richtung"": ""eingehend"", ""seit"": null, ""quelle"": null}]";"[""https://www.arbeitsagentur.de""]";"{""vollstaendigkeit_prozent"": 58.3, ""zuletzt_verifiziert"": ""2026-06-06"", ""verifikation_noetig"": false}";2026-06-06;2.0
jobdithei_14118;14118;1.0;Jobcenter Dithmarschen Heide;;KdöR;Dienststelle der BA;Bund;Heide;;"{""lat"": null, ""lon"": null}";;false;;Jobcenter;https://www.arbeitsagentur.de;;;;;;bmas;Bundesministerium für Arbeit und Soziales (BMAS);Jobcenter;Aggregiert unter Bundesagentur für Arbeit (BA);"[{""zu_id"": ""bmas"", ""typ"": ""UNTERSTELLT"", ""richtung"": ""eingehend"", ""seit"": null, ""quelle"": null}]";"[""https://www.arbeitsagentur.de""]";"{""vollstaendigkeit_prozent"": 58.3, ""zuletzt_verifiziert"": ""2026-06-06"", ""verifikation_noetig"": false}";2026-06-06;2.0
jobdon_14119;14119;1.0;Jobcenter Donnersbergkreis;;KdöR;Dienststelle der BA;Bund;Donnersbergkreis;;"{""lat"": null, ""lon"": null}";;false;;Jobcenter;https://www.arbeitsagentur.de;;;;;;bmas;Bundesministerium für Arbeit und Soziales (BMAS);Jobcenter;Aggregiert unter Bundesagentur für Arbeit (BA);"[{""zu_id"": ""bmas"", ""typ"": ""UNTERSTELLT"", ""richtung"": ""eingehend"", ""seit"": null, ""quelle"": null}]";"[""https://www.arbeitsagentur.de""]";"{""vollstaendigkeit_prozent"": 58.3, ""zuletzt_verifiziert"": ""2026-06-06"", ""verifikation_noetig"": false}";2026-06-06;2.0
jobdonriedon_11956;11956;1.0;Jobcenter Donau-Ries Donauwörth;;KdöR;Dienststelle der BA;Bund;Donau-Ries Donauwörth;;"{""lat"": null, ""lon"": null}";;false;;Jobcenter;https://www.arbeitsagentur.de;;;;;;bmas;Bundesministerium für Arbeit und Soziales (BMAS);Jobcenter;Aggregiert unter Bundesagentur für Arbeit (BA);"[{""zu_id"": ""bmas"", ""typ"": ""UNTERSTELLT"", ""richtung"": ""eingehend"", ""seit"": null, ""quelle"": null}]";"[""https://www.arbeitsagentur.de""]";"{""vollstaendigkeit_prozent"": 58.3, ""zuletzt_verifiziert"": ""2026-06-06"", ""verifikation_noetig"": false}";2026-06-06;2.0
jobdor_4290;4290;1.0;Jobcenter Dortmund;;KdöR;Dienststelle der BA;Bund;Dortmund;Nordrhein-Westfalen;"{""lat"": null, ""lon"": null}";;false;;Jobcenter;https://www.arbeitsagentur.de;;;;;;bmas;Bundesministerium für Arbeit und Soziales (BMAS);Jobcenter;Aggregiert unter Bundesagentur für Arbeit (BA);"[{""zu_id"": ""bmas"", ""typ"": ""UNTERSTELLT"", ""richtung"": ""eingehend"", ""seit"": null, ""quelle"": null}]";"[""https://www.arbeitsagentur.de""]";"{""vollstaendigkeit_prozent"": 66.7, ""zuletzt_verifiziert"": ""2026-06-06"", ""verifikation_noetig"": false}";2026-06-06;2.0
jobdre_10842;10842;1.0;Jobcenter Dresden;;KdöR;Dienststelle der BA;Bund;Dresden;Sachsen;"{""lat"": null, ""lon"": null}";;false;;Jobcenter;https://www.arbeitsagentur.de;;;;;;bmas;Bundesministerium für Arbeit und Soziales (BMAS);Jobcenter;Aggregiert unter Bundesagentur für Arbeit (BA);"[{""zu_id"": ""bmas"", ""typ"": ""UNTERSTELLT"", ""richtung"": ""eingehend"", ""seit"": null, ""quelle"": null}]";"[""https://www.arbeitsagentur.de""]";"{""vollstaendigkeit_prozent"": 66.7, ""zuletzt_verifiziert"": ""2026-06-06"", ""verifikation_noetig"": false}";2026-06-06;2.0
jobdui_4292;4292;1.0;Jobcenter Duisburg;;KdöR;Dienststelle der BA;Bund;Duisburg;Nordrhein-Westfalen;"{""lat"": null, ""lon"": null}";;false;;Jobcenter;https://www.arbeitsagentur.de;;;;;;bmas;Bundesministerium für Arbeit und Soziales (BMAS);Jobcenter;Aggregiert unter Bundesagentur für Arbeit (BA);"[{""zu_id"": ""bmas"", ""typ"": ""UNTERSTELLT"", ""richtung"": ""eingehend"", ""seit"": null, ""quelle"": null}]";"[""https://www.arbeitsagentur.de""]";"{""vollstaendigkeit_prozent"": 66.7, ""zuletzt_verifiziert"": ""2026-06-06"", ""verifikation_noetig"": false}";2026-06-06;2.0
jobdüs_4291;4291;1.0;Jobcenter Düsseldorf;;KdöR;Dienststelle der BA;Bund;Düsseldorf;Nordrhein-Westfalen;"{""lat"": null, ""lon"": null}";;false;;Jobcenter;https://www.arbeitsagentur.de;;;;;;bmas;Bundesministerium für Arbeit und Soziales (BMAS);Jobcenter;Aggregiert unter Bundesagentur für Arbeit (BA);"[{""zu_id"": ""bmas"", ""typ"": ""UNTERSTELLT"", ""richtung"": ""eingehend"", ""seit"": null, ""quelle"": null}]";"[""https://www.arbeitsagentur.de""]";"{""vollstaendigkeit_prozent"": 66.7, ""zuletzt_verifiziert"": ""2026-06-06"", ""verifikation_noetig"": false}";2026-06-06;2.0
jobebe_14120;14120;1.0;Jobcenter Ebersberg;;KdöR;Dienststelle der BA;Bund;Ebersberg;;"{""lat"": null, ""lon"": null}";;false;;Jobcenter;https://www.arbeitsagentur.de;;;;;;bmas;Bundesministerium für Arbeit und Soziales (BMAS);Jobcenter;Aggregiert unter Bundesagentur für Arbeit (BA);"[{""zu_id"": ""bmas"", ""typ"": ""UNTERSTELLT"", ""richtung"": ""eingehend"", ""seit"": null, ""quelle"": null}]";"[""https://www.arbeitsagentur.de""]";"{""vollstaendigkeit_prozent"": 58.3, ""zuletzt_verifiziert"": ""2026-06-06"", ""verifikation_noetig"": false}";2026-06-06;2.0
jobeic_11957;11957;1.0;Jobcenter Eichstätt;;KdöR;Dienststelle der BA;Bund;Eichstätt;;"{""lat"": null, ""lon"": null}";;false;;Jobcenter;https://www.arbeitsagentur.de;;;;;;bmas;Bundesministerium für Arbeit und Soziales (BMAS);Jobcenter;Aggregiert unter Bundesagentur für Arbeit (BA);"[{""zu_id"": ""bmas"", ""typ"": ""UNTERSTELLT"", ""richtung"": ""eingehend"", ""seit"": null, ""quelle"": null}]";"[""https://www.arbeitsagentur.de""]";"{""vollstaendigkeit_prozent"": 58.3, ""zuletzt_verifiziert"": ""2026-06-06"", ""verifikation_noetig"": false}";2026-06-06;2.0
jobelbels_4134;4134;1.0;Jobcenter Elbe-Elster;;KdöR;Dienststelle der BA;Bund;Elbe-Elster;;"{""lat"": null, ""lon"": null}";;false;;Jobcenter;https://www.arbeitsagentur.de;;;;;;bmas;Bundesministerium für Arbeit und Soziales (BMAS);Jobcenter;Aggregiert unter Bundesagentur für Arbeit (BA);"[{""zu_id"": ""bmas"", ""typ"": ""UNTERSTELLT"", ""richtung"": ""eingehend"", ""seit"": null, ""quelle"": null}]";"[""https://www.arbeitsagentur.de""]";"{""vollstaendigkeit_prozent"": 58.3, ""zuletzt_verifiziert"": ""2026-06-06"", ""verifikation_noetig"": false}";2026-06-06;2.0
jobemd_14122;14122;1.0;Jobcenter Emden;;KdöR;Dienststelle der BA;Bund;Emden;;"{""lat"": null, ""lon"": null}";;false;;Jobcenter;https://www.arbeitsagentur.de;;;;;;bmas;Bundesministerium für Arbeit und Soziales (BMAS);Jobcenter;Aggregiert unter Bundesagentur für Arbeit (BA);"[{""zu_id"": ""bmas"", ""typ"": ""UNTERSTELLT"", ""richtung"": ""eingehend"", ""seit"": null, ""quelle"": null}]";"[""https://www.arbeitsagentur.de""]";"{""vollstaendigkeit_prozent"": 58.3, ""zuletzt_verifiziert"": ""2026-06-06"", ""verifikation_noetig"": false}";2026-06-06;2.0
joberf_14123;14123;1.0;Jobcenter Erfurt;;KdöR;Dienststelle der BA;Bund;Erfurt;Thüringen;"{""lat"": null, ""lon"": null}";;false;;Jobcenter;https://www.arbeitsagentur.de;;;;;;bmas;Bundesministerium für Arbeit und Soziales (BMAS);Jobcenter;Aggregiert unter Bundesagentur für Arbeit (BA);"[{""zu_id"": ""bmas"", ""typ"": ""UNTERSTELLT"", ""richtung"": ""eingehend"", ""seit"": null, ""quelle"": null}]";"[""https://www.arbeitsagentur.de""]";"{""vollstaendigkeit_prozent"": 66.7, ""zuletzt_verifiziert"": ""2026-06-06"", ""verifikation_noetig"": false}";2026-06-06;2.0
joberlhöc_11959;11959;1.0;Jobcenter Erlangen-Höchstadt;;KdöR;Dienststelle der BA;Bund;Langen;;"{""lat"": null, ""lon"": null}";;false;;Jobcenter;https://www.arbeitsagentur.de;;;;;;bmas;Bundesministerium für Arbeit und Soziales (BMAS);Jobcenter;Aggregiert unter Bundesagentur für Arbeit (BA);"[{""zu_id"": ""bmas"", ""typ"": ""UNTERSTELLT"", ""richtung"": ""eingehend"", ""seit"": null, ""quelle"": null}]";"[""https://www.arbeitsagentur.de""]";"{""vollstaendigkeit_prozent"": 58.3, ""zuletzt_verifiziert"": ""2026-06-06"", ""verifikation_noetig"": false}";2026-06-06;2.0
jobfic_11960;11960;1.0;Jobcenter Fichtelgebirge;;KdöR;Dienststelle der BA;Bund;Fichtelgebirge;;"{""lat"": null, ""lon"": null}";;false;;Jobcenter;https://www.arbeitsagentur.de;;;;;;bmas;Bundesministerium für Arbeit und Soziales (BMAS);Jobcenter;Aggregiert unter Bundesagentur für Arbeit (BA);"[{""zu_id"": ""bmas"", ""typ"": ""UNTERSTELLT"", ""richtung"": ""eingehend"", ""seit"": null, ""quelle"": null}]";"[""https://www.arbeitsagentur.de""]";"{""vollstaendigkeit_prozent"": 58.3, ""zuletzt_verifiziert"": ""2026-06-06"", ""verifikation_noetig"": false}";2026-06-06;2.0
jobfle_14124;14124;1.0;Jobcenter Flensburg;;KdöR;Dienststelle der BA;Bund;Flensburg;Schleswig-Holstein;"{""lat"": null, ""lon"": null}";;false;;Jobcenter;https://www.arbeitsagentur.de;;;;;;bmas;Bundesministerium für Arbeit und Soziales (BMAS);Jobcenter;Aggregiert unter Bundesagentur für Arbeit (BA);"[{""zu_id"": ""bmas"", ""typ"": ""UNTERSTELLT"", ""richtung"": ""eingehend"", ""seit"": null, ""quelle"": null}]";"[""https://www.arbeitsagentur.de""]";"{""vollstaendigkeit_prozent"": 66.7, ""zuletzt_verifiziert"": ""2026-06-06"", ""verifikation_noetig"": false}";2026-06-06;2.0
jobfor_11962;11962;1.0;Jobcenter Forchheim;;KdöR;Dienststelle der BA;Bund;Forchheim;;"{""lat"": null, ""lon"": null}";;false;;Jobcenter;https://www.arbeitsagentur.de;;;;;;bmas;Bundesministerium für Arbeit und Soziales (BMAS);Jobcenter;Aggregiert unter Bundesagentur für Arbeit (BA);"[{""zu_id"": ""bmas"", ""typ"": ""UNTERSTELLT"", ""richtung"": ""eingehend"", ""seit"": null, ""quelle"": null}]";"[""https://www.arbeitsagentur.de""]";"{""vollstaendigkeit_prozent"": 58.3, ""zuletzt_verifiziert"": ""2026-06-06"", ""verifikation_noetig"": false}";2026-06-06;2.0
jobframai_14125;14125;1.0;Jobcenter Frankfurt am Main;;KdöR;Dienststelle der BA;Bund;Frankfurt;Hessen;"{""lat"": null, ""lon"": null}";;false;;Jobcenter;https://www.arbeitsagentur.de;;;;;;bmas;Bundesministerium für Arbeit und Soziales (BMAS);Jobcenter;Aggregiert unter Bundesagentur für Arbeit (BA);"[{""zu_id"": ""bmas"", ""typ"": ""UNTERSTELLT"", ""richtung"": ""eingehend"", ""seit"": null, ""quelle"": null}]";"[""https://www.arbeitsagentur.de""]";"{""vollstaendigkeit_prozent"": 66.7, ""zuletzt_verifiziert"": ""2026-06-06"", ""verifikation_noetig"": false}";2026-06-06;2.0
jobfre_14126;14126;1.0;Jobcenter Freising;;KdöR;Dienststelle der BA;Bund;Freising;;"{""lat"": null, ""lon"": null}";;false;;Jobcenter;https://www.arbeitsagentur.de;;;;;;bmas;Bundesministerium für Arbeit und Soziales (BMAS);Jobcenter;Aggregiert unter Bundesagentur für Arbeit (BA);"[{""zu_id"": ""bmas"", ""typ"": ""UNTERSTELLT"", ""richtung"": ""eingehend"", ""seit"": null, ""quelle"": null}]";"[""https://www.arbeitsagentur.de""]";"{""vollstaendigkeit_prozent"": 58.3, ""zuletzt_verifiziert"": ""2026-06-06"", ""verifikation_noetig"": false}";2026-06-06;2.0
jobfre_8836;8836;1.0;Jobcenter Freiburg;;KdöR;Dienststelle der BA;Bund;Freiburg;Baden-Württemberg;"{""lat"": null, ""lon"": null}";;false;;Jobcenter;https://www.arbeitsagentur.de;;;;;;bmas;Bundesministerium für Arbeit und Soziales (BMAS);Jobcenter;Aggregiert unter Bundesagentur für Arbeit (BA);"[{""zu_id"": ""bmas"", ""typ"": ""UNTERSTELLT"", ""richtung"": ""eingehend"", ""seit"": null, ""quelle"": null}]";"[""https://www.arbeitsagentur.de""]";"{""vollstaendigkeit_prozent"": 66.7, ""zuletzt_verifiziert"": ""2026-06-06"", ""verifikation_noetig"": false}";2026-06-06;2.0
jobfregra_11963;11963;1.0;Jobcenter Freyung-Grafenau;;KdöR;Dienststelle der BA;Bund;Freyung-Grafenau;;"{""lat"": null, ""lon"": null}";;false;;Jobcenter;https://www.arbeitsagentur.de;;;;;;bmas;Bundesministerium für Arbeit und Soziales (BMAS);Jobcenter;Aggregiert unter Bundesagentur für Arbeit (BA);"[{""zu_id"": ""bmas"", ""typ"": ""UNTERSTELLT"", ""richtung"": ""eingehend"", ""seit"": null, ""quelle"": null}]";"[""https://www.arbeitsagentur.de""]";"{""vollstaendigkeit_prozent"": 58.3, ""zuletzt_verifiziert"": ""2026-06-06"", ""verifikation_noetig"": false}";2026-06-06;2.0
jobfür_11965;11965;1.0;Jobcenter Fürstenfeldbruck;;KdöR;Dienststelle der BA;Bund;Fürstenfeldbruck;;"{""lat"": null, ""lon"": null}";;false;;Jobcenter;https://www.arbeitsagentur.de;;;;;;bmas;Bundesministerium für Arbeit und Soziales (BMAS);Jobcenter;Aggregiert unter Bundesagentur für Arbeit (BA);"[{""zu_id"": ""bmas"", ""typ"": ""UNTERSTELLT"", ""richtung"": ""eingehend"", ""seit"": null, ""quelle"": null}]";"[""https://www.arbeitsagentur.de""]";"{""vollstaendigkeit_prozent"": 58.3, ""zuletzt_verifiziert"": ""2026-06-06"", ""verifikation_noetig"": false}";2026-06-06;2.0
jobfürarbalzwor_14087;14087;1.0;Jobcenter für Arbeitsmarktintegration Alzey-Worms;;KdöR;Dienststelle der BA;Bund;für Arbeitsmarktintegration Alzey-Worms;Rheinland-Pfalz;"{""lat"": null, ""lon"": null}";;false;;Jobcenter;https://www.arbeitsagentur.de;;;;;;bmas;Bundesministerium für Arbeit und Soziales (BMAS);Jobcenter;Aggregiert unter Bundesagentur für Arbeit (BA);"[{""zu_id"": ""bmas"", ""typ"": ""UNTERSTELLT"", ""richtung"": ""eingehend"", ""seit"": null, ""quelle"": null}]";"[""https://www.arbeitsagentur.de""]";"{""vollstaendigkeit_prozent"": 66.7, ""zuletzt_verifiziert"": ""2026-06-06"", ""verifikation_noetig"": false}";2026-06-06;2.0
jobfürarbwor_14229;14229;1.0;Jobcenter für Arbeitsmarktintegration Worms;;KdöR;Dienststelle der BA;Bund;für Arbeitsmarktintegration Worms;;"{""lat"": null, ""lon"": null}";;false;;Jobcenter;https://www.arbeitsagentur.de;;;;;;bmas;Bundesministerium für Arbeit und Soziales (BMAS);Jobcenter;Aggregiert unter Bundesagentur für Arbeit (BA);"[{""zu_id"": ""bmas"", ""typ"": ""UNTERSTELLT"", ""richtung"": ""eingehend"", ""seit"": null, ""quelle"": null}]";"[""https://www.arbeitsagentur.de""]";"{""vollstaendigkeit_prozent"": 58.3, ""zuletzt_verifiziert"": ""2026-06-06"", ""verifikation_noetig"": false}";2026-06-06;2.0
jobfürlan_11966;11966;1.0;Jobcenter Fürth-Land;;KdöR;Dienststelle der BA;Bund;Fürth;;"{""lat"": null, ""lon"": null}";;false;;Jobcenter;https://www.arbeitsagentur.de;;;;;;bmas;Bundesministerium für Arbeit und Soziales (BMAS);Jobcenter;Aggregiert unter Bundesagentur für Arbeit (BA);"[{""zu_id"": ""bmas"", ""typ"": ""UNTERSTELLT"", ""richtung"": ""eingehend"", ""seit"": null, ""quelle"": null}]";"[""https://www.arbeitsagentur.de""]";"{""vollstaendigkeit_prozent"": 58.3, ""zuletzt_verifiziert"": ""2026-06-06"", ""verifikation_noetig"": false}";2026-06-06;2.0
jobfürsta_11967;11967;1.0;Jobcenter Fürth Stadt;;KdöR;Dienststelle der BA;Bund;Fürth;;"{""lat"": null, ""lon"": null}";;false;;Jobcenter;https://www.arbeitsagentur.de;;931.98;2025;;;bmas;Bundesministerium für Arbeit und Soziales (BMAS);Jobcenter;Aggregiert unter Bundesagentur für Arbeit (BA);"[{""zu_id"": ""bmas"", ""typ"": ""UNTERSTELLT"", ""richtung"": ""eingehend"", ""seit"": null, ""quelle"": null}]";"[""https://www.arbeitsagentur.de""]";"{""vollstaendigkeit_prozent"": 58.3, ""zuletzt_verifiziert"": ""2026-06-06"", ""verifikation_noetig"": false}";2026-06-06;2.0
jobgel_4288;4288;1.0;Jobcenter Gelsenkirchen;;KdöR;Dienststelle der BA;Bund;Gelsenkirchen;Nordrhein-Westfalen;"{""lat"": null, ""lon"": null}";;false;;Jobcenter;https://www.arbeitsagentur.de;;;;;;bmas;Bundesministerium für Arbeit und Soziales (BMAS);Jobcenter;Aggregiert unter Bundesagentur für Arbeit (BA);"[{""zu_id"": ""bmas"", ""typ"": ""UNTERSTELLT"", ""richtung"": ""eingehend"", ""seit"": null, ""quelle"": null}]";"[""https://www.arbeitsagentur.de""]";"{""vollstaendigkeit_prozent"": 66.7, ""zuletzt_verifiziert"": ""2026-06-06"", ""verifikation_noetig"": false}";2026-06-06;2.0
jobgif_14130;14130;1.0;Jobcenter Gifhorn;;KdöR;Dienststelle der BA;Bund;Gifhorn;;"{""lat"": null, ""lon"": null}";;false;;Jobcenter;https://www.arbeitsagentur.de;;;;;;bmas;Bundesministerium für Arbeit und Soziales (BMAS);Jobcenter;Aggregiert unter Bundesagentur für Arbeit (BA);"[{""zu_id"": ""bmas"", ""typ"": ""UNTERSTELLT"", ""richtung"": ""eingehend"", ""seit"": null, ""quelle"": null}]";"[""https://www.arbeitsagentur.de""]";"{""vollstaendigkeit_prozent"": 58.3, ""zuletzt_verifiziert"": ""2026-06-06"", ""verifikation_noetig"": false}";2026-06-06;2.0
jobgos_14131;14131;1.0;Jobcenter Goslar;;KdöR;Dienststelle der BA;Bund;Goslar;;"{""lat"": null, ""lon"": null}";;false;;Jobcenter;https://www.arbeitsagentur.de;;;;;;bmas;Bundesministerium für Arbeit und Soziales (BMAS);Jobcenter;Aggregiert unter Bundesagentur für Arbeit (BA);"[{""zu_id"": ""bmas"", ""typ"": ""UNTERSTELLT"", ""richtung"": ""eingehend"", ""seit"": null, ""quelle"": null}]";"[""https://www.arbeitsagentur.de""]";"{""vollstaendigkeit_prozent"": 58.3, ""zuletzt_verifiziert"": ""2026-06-06"", ""verifikation_noetig"": false}";2026-06-06;2.0
jobgrufürarbkre_14146;14146;1.0;Jobcenter Grundsicherung für Arbeitsuchende Kreis Altenkirchen;;KdöR;Dienststelle der BA;Bund;Grundsicherung für Arbeitsuchende Kreis Altenkirchen;Rheinland-Pfalz;"{""lat"": null, ""lon"": null}";;false;;Jobcenter;https://www.arbeitsagentur.de;;140009.63;2025;;;bmas;Bundesministerium für Arbeit und Soziales (BMAS);Jobcenter;Aggregiert unter Bundesagentur für Arbeit (BA);"[{""zu_id"": ""bmas"", ""typ"": ""UNTERSTELLT"", ""richtung"": ""eingehend"", ""seit"": null, ""quelle"": null}]";"[""https://www.arbeitsagentur.de""]";"{""vollstaendigkeit_prozent"": 66.7, ""zuletzt_verifiziert"": ""2026-06-06"", ""verifikation_noetig"": false}";2026-06-06;2.0
jobgüs_14132;14132;1.0;Jobcenter Güstrow;;KdöR;Dienststelle der BA;Bund;Güstrow;;"{""lat"": null, ""lon"": null}";;false;;Jobcenter;https://www.arbeitsagentur.de;;;;;;bmas;Bundesministerium für Arbeit und Soziales (BMAS);Jobcenter;Aggregiert unter Bundesagentur für Arbeit (BA);"[{""zu_id"": ""bmas"", ""typ"": ""UNTERSTELLT"", ""richtung"": ""eingehend"", ""seit"": null, ""quelle"": null}]";"[""https://www.arbeitsagentur.de""]";"{""vollstaendigkeit_prozent"": 58.3, ""zuletzt_verifiziert"": ""2026-06-06"", ""verifikation_noetig"": false}";2026-06-06;2.0
jobhag_4301;4301;1.0;Jobcenter Hagen;;KdöR;Dienststelle der BA;Bund;Hagen;;"{""lat"": null, ""lon"": null}";;false;;Jobcenter;https://www.arbeitsagentur.de;;;;;;bmas;Bundesministerium für Arbeit und Soziales (BMAS);Jobcenter;Aggregiert unter Bundesagentur für Arbeit (BA);"[{""zu_id"": ""bmas"", ""typ"": ""UNTERSTELLT"", ""richtung"": ""eingehend"", ""seit"": null, ""quelle"": null}]";"[""https://www.arbeitsagentur.de""]";"{""vollstaendigkeit_prozent"": 58.3, ""zuletzt_verifiziert"": ""2026-06-06"", ""verifikation_noetig"": false}";2026-06-06;2.0
jobhampyr_14134;14134;1.0;Jobcenter Hameln-Pyrmont;;KdöR;Dienststelle der BA;Bund;Hameln-Pyrmont;;"{""lat"": null, ""lon"": null}";;false;;Jobcenter;https://www.arbeitsagentur.de;;;;;;bmas;Bundesministerium für Arbeit und Soziales (BMAS);Jobcenter;Aggregiert unter Bundesagentur für Arbeit (BA);"[{""zu_id"": ""bmas"", ""typ"": ""UNTERSTELLT"", ""richtung"": ""eingehend"", ""seit"": null, ""quelle"": null}]";"[""https://www.arbeitsagentur.de""]";"{""vollstaendigkeit_prozent"": 58.3, ""zuletzt_verifiziert"": ""2026-06-06"", ""verifikation_noetig"": false}";2026-06-06;2.0
jobhangre_14061;14061;1.0;Jobcenter Hansestadt Greifswald;;KdöR;Dienststelle der BA;Bund;Greifswald;Mecklenburg-Vorpommern;"{""lat"": null, ""lon"": null}";;false;;Jobcenter;https://www.arbeitsagentur.de;;;;;;bmas;Bundesministerium für Arbeit und Soziales (BMAS);Jobcenter;Aggregiert unter Bundesagentur für Arbeit (BA);"[{""zu_id"": ""bmas"", ""typ"": ""UNTERSTELLT"", ""richtung"": ""eingehend"", ""seit"": null, ""quelle"": null}]";"[""https://www.arbeitsagentur.de""]";"{""vollstaendigkeit_prozent"": 66.7, ""zuletzt_verifiziert"": ""2026-06-06"", ""verifikation_noetig"": false}";2026-06-06;2.0
jobhei_8837;8837;1.0;Jobcenter Heidelberg;;KdöR;Dienststelle der BA;Bund;Heidelberg;Baden-Württemberg;"{""lat"": null, ""lon"": null}";;false;;Jobcenter;https://www.arbeitsagentur.de;;;;;;bmas;Bundesministerium für Arbeit und Soziales (BMAS);Jobcenter;Aggregiert unter Bundesagentur für Arbeit (BA);"[{""zu_id"": ""bmas"", ""typ"": ""UNTERSTELLT"", ""richtung"": ""eingehend"", ""seit"": null, ""quelle"": null}]";"[""https://www.arbeitsagentur.de""]";"{""vollstaendigkeit_prozent"": 66.7, ""zuletzt_verifiziert"": ""2026-06-06"", ""verifikation_noetig"": false}";2026-06-06;2.0
jobhei_8838;8838;1.0;Jobcenter Heidenheim;;KdöR;Dienststelle der BA;Bund;Heide;;"{""lat"": null, ""lon"": null}";;false;;Jobcenter;https://www.arbeitsagentur.de;;;;;;bmas;Bundesministerium für Arbeit und Soziales (BMAS);Jobcenter;Aggregiert unter Bundesagentur für Arbeit (BA);"[{""zu_id"": ""bmas"", ""typ"": ""UNTERSTELLT"", ""richtung"": ""eingehend"", ""seit"": null, ""quelle"": null}]";"[""https://www.arbeitsagentur.de""]";"{""vollstaendigkeit_prozent"": 58.3, ""zuletzt_verifiziert"": ""2026-06-06"", ""verifikation_noetig"": false}";2026-06-06;2.0
jobhel_14135;14135;1.0;Jobcenter Helmstedt;;KdöR;Dienststelle der BA;Bund;Helmstedt;;"{""lat"": null, ""lon"": null}";;false;;Jobcenter;https://www.arbeitsagentur.de;;;;;;bmas;Bundesministerium für Arbeit und Soziales (BMAS);Jobcenter;Aggregiert unter Bundesagentur für Arbeit (BA);"[{""zu_id"": ""bmas"", ""typ"": ""UNTERSTELLT"", ""richtung"": ""eingehend"", ""seit"": null, ""quelle"": null}]";"[""https://www.arbeitsagentur.de""]";"{""vollstaendigkeit_prozent"": 58.3, ""zuletzt_verifiziert"": ""2026-06-06"", ""verifikation_noetig"": false}";2026-06-06;2.0
jobher_4296;4296;1.0;Jobcenter Herford;;KdöR;Dienststelle der BA;Bund;Herford;;"{""lat"": null, ""lon"": null}";;false;;Jobcenter;https://www.arbeitsagentur.de;;;;;;bmas;Bundesministerium für Arbeit und Soziales (BMAS);Jobcenter;Aggregiert unter Bundesagentur für Arbeit (BA);"[{""zu_id"": ""bmas"", ""typ"": ""UNTERSTELLT"", ""richtung"": ""eingehend"", ""seit"": null, ""quelle"": null}]";"[""https://www.arbeitsagentur.de""]";"{""vollstaendigkeit_prozent"": 58.3, ""zuletzt_verifiziert"": ""2026-06-06"", ""verifikation_noetig"": false}";2026-06-06;2.0
jobher_4304;4304;1.0;Jobcenter Herne;;KdöR;Dienststelle der BA;Bund;Herne;;"{""lat"": null, ""lon"": null}";;false;;Jobcenter;https://www.arbeitsagentur.de;;;;;;bmas;Bundesministerium für Arbeit und Soziales (BMAS);Jobcenter;Aggregiert unter Bundesagentur für Arbeit (BA);"[{""zu_id"": ""bmas"", ""typ"": ""UNTERSTELLT"", ""richtung"": ""eingehend"", ""seit"": null, ""quelle"": null}]";"[""https://www.arbeitsagentur.de""]";"{""vollstaendigkeit_prozent"": 58.3, ""zuletzt_verifiziert"": ""2026-06-06"", ""verifikation_noetig"": false}";2026-06-06;2.0
jobherlau_14136;14136;1.0;Jobcenter Herzogtum Lauenburg;;KdöR;Dienststelle der BA;Bund;Herzogtum Lauenburg;;"{""lat"": null, ""lon"": null}";;false;;Jobcenter;https://www.arbeitsagentur.de;;;;;;bmas;Bundesministerium für Arbeit und Soziales (BMAS);Jobcenter;Aggregiert unter Bundesagentur für Arbeit (BA);"[{""zu_id"": ""bmas"", ""typ"": ""UNTERSTELLT"", ""richtung"": ""eingehend"", ""seit"": null, ""quelle"": null}]";"[""https://www.arbeitsagentur.de""]";"{""vollstaendigkeit_prozent"": 58.3, ""zuletzt_verifiziert"": ""2026-06-06"", ""verifikation_noetig"": false}";2026-06-06;2.0
jobhil_14138;14138;1.0;Jobcenter Hildesheim;;KdöR;Dienststelle der BA;Bund;Hildesheim;;"{""lat"": null, ""lon"": null}";;false;;Jobcenter;https://www.arbeitsagentur.de;;;;;;bmas;Bundesministerium für Arbeit und Soziales (BMAS);Jobcenter;Aggregiert unter Bundesagentur für Arbeit (BA);"[{""zu_id"": ""bmas"", ""typ"": ""UNTERSTELLT"", ""richtung"": ""eingehend"", ""seit"": null, ""quelle"": null}]";"[""https://www.arbeitsagentur.de""]";"{""vollstaendigkeit_prozent"": 58.3, ""zuletzt_verifiziert"": ""2026-06-06"", ""verifikation_noetig"": false}";2026-06-06;2.0
jobhoflan_11969;11969;1.0;Jobcenter Hofer Land;;KdöR;Dienststelle der BA;Bund;Hofer Land;;"{""lat"": null, ""lon"": null}";;false;;Jobcenter;https://www.arbeitsagentur.de;;;;;;bmas;Bundesministerium für Arbeit und Soziales (BMAS);Jobcenter;Aggregiert unter Bundesagentur für Arbeit (BA);"[{""zu_id"": ""bmas"", ""typ"": ""UNTERSTELLT"", ""richtung"": ""eingehend"", ""seit"": null, ""quelle"": null}]";"[""https://www.arbeitsagentur.de""]";"{""vollstaendigkeit_prozent"": 58.3, ""zuletzt_verifiziert"": ""2026-06-06"", ""verifikation_noetig"": false}";2026-06-06;2.0
jobhofsta_11970;11970;1.0;Jobcenter Hof Stadt;;KdöR;Dienststelle der BA;Bund;Hof Stadt;;"{""lat"": null, ""lon"": null}";;false;;Jobcenter;https://www.arbeitsagentur.de;;931.98;2025;;;bmas;Bundesministerium für Arbeit und Soziales (BMAS);Jobcenter;Aggregiert unter Bundesagentur für Arbeit (BA);"[{""zu_id"": ""bmas"", ""typ"": ""UNTERSTELLT"", ""richtung"": ""eingehend"", ""seit"": null, ""quelle"": null}]";"[""https://www.arbeitsagentur.de""]";"{""vollstaendigkeit_prozent"": 58.3, ""zuletzt_verifiziert"": ""2026-06-06"", ""verifikation_noetig"": false}";2026-06-06;2.0
jobhoh_8839;8839;1.0;Jobcenter Hohenlohekreis;;KdöR;Dienststelle der BA;Bund;Hohenlohekreis;;"{""lat"": null, ""lon"": null}";;false;;Jobcenter;https://www.arbeitsagentur.de;;;;;;bmas;Bundesministerium für Arbeit und Soziales (BMAS);Jobcenter;Aggregiert unter Bundesagentur für Arbeit (BA);"[{""zu_id"": ""bmas"", ""typ"": ""UNTERSTELLT"", ""richtung"": ""eingehend"", ""seit"": null, ""quelle"": null}]";"[""https://www.arbeitsagentur.de""]";"{""vollstaendigkeit_prozent"": 58.3, ""zuletzt_verifiziert"": ""2026-06-06"", ""verifikation_noetig"": false}";2026-06-06;2.0
jobhol_14139;14139;1.0;Jobcenter Holzminden;;KdöR;Dienststelle der BA;Bund;Minden;;"{""lat"": null, ""lon"": null}";;false;;Jobcenter;https://www.arbeitsagentur.de;;;;;;bmas;Bundesministerium für Arbeit und Soziales (BMAS);Jobcenter;Aggregiert unter Bundesagentur für Arbeit (BA);"[{""zu_id"": ""bmas"", ""typ"": ""UNTERSTELLT"", ""richtung"": ""eingehend"", ""seit"": null, ""quelle"": null}]";"[""https://www.arbeitsagentur.de""]";"{""vollstaendigkeit_prozent"": 58.3, ""zuletzt_verifiziert"": ""2026-06-06"", ""verifikation_noetig"": false}";2026-06-06;2.0
jobilmkre_14140;14140;1.0;Jobcenter Ilm-Kreis;;KdöR;Dienststelle der BA;Bund;Ilm-Kreis;;"{""lat"": null, ""lon"": null}";;false;;Jobcenter;https://www.arbeitsagentur.de;;;;;;bmas;Bundesministerium für Arbeit und Soziales (BMAS);Jobcenter;Aggregiert unter Bundesagentur für Arbeit (BA);"[{""zu_id"": ""bmas"", ""typ"": ""UNTERSTELLT"", ""richtung"": ""eingehend"", ""seit"": null, ""quelle"": null}]";"[""https://www.arbeitsagentur.de""]";"{""vollstaendigkeit_prozent"": 58.3, ""zuletzt_verifiziert"": ""2026-06-06"", ""verifikation_noetig"": false}";2026-06-06;2.0
jobjerlan_14143;14143;1.0;Jobcenter Jerichower Land;;KdöR;Dienststelle der BA;Bund;Jerichower Land;;"{""lat"": null, ""lon"": null}";;false;;Jobcenter;https://www.arbeitsagentur.de;;;;;;bmas;Bundesministerium für Arbeit und Soziales (BMAS);Jobcenter;Aggregiert unter Bundesagentur für Arbeit (BA);"[{""zu_id"": ""bmas"", ""typ"": ""UNTERSTELLT"", ""richtung"": ""eingehend"", ""seit"": null, ""quelle"": null}]";"[""https://www.arbeitsagentur.de""]";"{""vollstaendigkeit_prozent"": 58.3, ""zuletzt_verifiziert"": ""2026-06-06"", ""verifikation_noetig"": false}";2026-06-06;2.0
jobjunman_8841;8841;1.0;Jobcenter Junges Mannheim;;KdöR;Dienststelle der BA;Bund;Mannheim;Baden-Württemberg;"{""lat"": null, ""lon"": null}";;false;;Jobcenter;https://www.arbeitsagentur.de;;;;;;bmas;Bundesministerium für Arbeit und Soziales (BMAS);Jobcenter;Aggregiert unter Bundesagentur für Arbeit (BA);"[{""zu_id"": ""bmas"", ""typ"": ""UNTERSTELLT"", ""richtung"": ""eingehend"", ""seit"": null, ""quelle"": null}]";"[""https://www.arbeitsagentur.de""]";"{""vollstaendigkeit_prozent"": 66.7, ""zuletzt_verifiziert"": ""2026-06-06"", ""verifikation_noetig"": false}";2026-06-06;2.0
jobkemall_11978;11978;1.0;Jobcenter Kempten (Allgäu);;KdöR;Dienststelle der BA;Bund;Kempten;Bayern;"{""lat"": null, ""lon"": null}";;false;;Jobcenter;https://www.arbeitsagentur.de;;;;;;bmas;Bundesministerium für Arbeit und Soziales (BMAS);Jobcenter;Aggregiert unter Bundesagentur für Arbeit (BA);"[{""zu_id"": ""bmas"", ""typ"": ""UNTERSTELLT"", ""richtung"": ""eingehend"", ""seit"": null, ""quelle"": null}]";"[""https://www.arbeitsagentur.de""]";"{""vollstaendigkeit_prozent"": 66.7, ""zuletzt_verifiziert"": ""2026-06-06"", ""verifikation_noetig"": false}";2026-06-06;2.0
jobkie_7200;7200;1.0;Jobcenter Kiel;;KdöR;Dienststelle der BA;Bund;Kiel;Schleswig-Holstein;"{""lat"": null, ""lon"": null}";;false;;Jobcenter;https://www.arbeitsagentur.de;;;;;;bmas;Bundesministerium für Arbeit und Soziales (BMAS);Jobcenter;Aggregiert unter Bundesagentur für Arbeit (BA);"[{""zu_id"": ""bmas"", ""typ"": ""UNTERSTELLT"", ""richtung"": ""eingehend"", ""seit"": null, ""quelle"": null}]";"[""https://www.arbeitsagentur.de""]";"{""vollstaendigkeit_prozent"": 66.7, ""zuletzt_verifiziert"": ""2026-06-06"", ""verifikation_noetig"": false}";2026-06-06;2.0
jobkit_11979;11979;1.0;Jobcenter Kitzingen;;KdöR;Dienststelle der BA;Bund;Kitzingen;;"{""lat"": null, ""lon"": null}";;false;;Jobcenter;https://www.arbeitsagentur.de;;;;;;bmas;Bundesministerium für Arbeit und Soziales (BMAS);Jobcenter;Aggregiert unter Bundesagentur für Arbeit (BA);"[{""zu_id"": ""bmas"", ""typ"": ""UNTERSTELLT"", ""richtung"": ""eingehend"", ""seit"": null, ""quelle"": null}]";"[""https://www.arbeitsagentur.de""]";"{""vollstaendigkeit_prozent"": 58.3, ""zuletzt_verifiziert"": ""2026-06-06"", ""verifikation_noetig"": false}";2026-06-06;2.0
jobkre_4306;4306;1.0;Jobcenter Krefeld;;KdöR;Dienststelle der BA;Bund;Krefeld;Nordrhein-Westfalen;"{""lat"": null, ""lon"": null}";;false;;Jobcenter;https://www.arbeitsagentur.de;;;;;;bmas;Bundesministerium für Arbeit und Soziales (BMAS);Jobcenter;Aggregiert unter Bundesagentur für Arbeit (BA);"[{""zu_id"": ""bmas"", ""typ"": ""UNTERSTELLT"", ""richtung"": ""eingehend"", ""seit"": null, ""quelle"": null}]";"[""https://www.arbeitsagentur.de""]";"{""vollstaendigkeit_prozent"": 66.7, ""zuletzt_verifiziert"": ""2026-06-06"", ""verifikation_noetig"": false}";2026-06-06;2.0
jobkrehei_4294;4294;1.0;Jobcenter Kreis Heinsberg;;KdöR;Dienststelle der BA;Bund;Kreis Heinsberg;;"{""lat"": null, ""lon"": null}";;false;;Jobcenter;https://www.arbeitsagentur.de;;;;;;bmas;Bundesministerium für Arbeit und Soziales (BMAS);Jobcenter;Aggregiert unter Bundesagentur für Arbeit (BA);"[{""zu_id"": ""bmas"", ""typ"": ""UNTERSTELLT"", ""richtung"": ""eingehend"", ""seit"": null, ""quelle"": null}]";"[""https://www.arbeitsagentur.de""]";"{""vollstaendigkeit_prozent"": 58.3, ""zuletzt_verifiziert"": ""2026-06-06"", ""verifikation_noetig"": false}";2026-06-06;2.0
jobkrehöx_4305;4305;1.0;Jobcenter Kreis Höxter;;KdöR;Dienststelle der BA;Bund;Kreis Höxter;;"{""lat"": null, ""lon"": null}";;false;;Jobcenter;https://www.arbeitsagentur.de;;;;;;bmas;Bundesministerium für Arbeit und Soziales (BMAS);Jobcenter;Aggregiert unter Bundesagentur für Arbeit (BA);"[{""zu_id"": ""bmas"", ""typ"": ""UNTERSTELLT"", ""richtung"": ""eingehend"", ""seit"": null, ""quelle"": null}]";"[""https://www.arbeitsagentur.de""]";"{""vollstaendigkeit_prozent"": 58.3, ""zuletzt_verifiziert"": ""2026-06-06"", ""verifikation_noetig"": false}";2026-06-06;2.0
jobkreolp_4317;4317;1.0;Jobcenter Kreis Olpe;;KdöR;Dienststelle der BA;Bund;Kreis Olpe;;"{""lat"": null, ""lon"": null}";;false;;Jobcenter;https://www.arbeitsagentur.de;;;;;;bmas;Bundesministerium für Arbeit und Soziales (BMAS);Jobcenter;Aggregiert unter Bundesagentur für Arbeit (BA);"[{""zu_id"": ""bmas"", ""typ"": ""UNTERSTELLT"", ""richtung"": ""eingehend"", ""seit"": null, ""quelle"": null}]";"[""https://www.arbeitsagentur.de""]";"{""vollstaendigkeit_prozent"": 58.3, ""zuletzt_verifiziert"": ""2026-06-06"", ""verifikation_noetig"": false}";2026-06-06;2.0
jobkrepad_4318;4318;1.0;Jobcenter Kreis Paderborn;;KdöR;Dienststelle der BA;Bund;Paderborn;Nordrhein-Westfalen;"{""lat"": null, ""lon"": null}";;false;;Jobcenter;https://www.arbeitsagentur.de;;;;;;bmas;Bundesministerium für Arbeit und Soziales (BMAS);Jobcenter;Aggregiert unter Bundesagentur für Arbeit (BA);"[{""zu_id"": ""bmas"", ""typ"": ""UNTERSTELLT"", ""richtung"": ""eingehend"", ""seit"": null, ""quelle"": null}]";"[""https://www.arbeitsagentur.de""]";"{""vollstaendigkeit_prozent"": 66.7, ""zuletzt_verifiziert"": ""2026-06-06"", ""verifikation_noetig"": false}";2026-06-06;2.0
jobkrepin_14145;14145;1.0;Jobcenter Kreis Pinneberg;;KdöR;Dienststelle der BA;Bund;Pinneberg;;"{""lat"": null, ""lon"": null}";;false;;Jobcenter;https://www.arbeitsagentur.de;;;;;;bmas;Bundesministerium für Arbeit und Soziales (BMAS);Jobcenter;Aggregiert unter Bundesagentur für Arbeit (BA);"[{""zu_id"": ""bmas"", ""typ"": ""UNTERSTELLT"", ""richtung"": ""eingehend"", ""seit"": null, ""quelle"": null}]";"[""https://www.arbeitsagentur.de""]";"{""vollstaendigkeit_prozent"": 58.3, ""zuletzt_verifiziert"": ""2026-06-06"", ""verifikation_noetig"": false}";2026-06-06;2.0
jobkreplö_14147;14147;1.0;Jobcenter Kreis Plön;;KdöR;Dienststelle der BA;Bund;Kreis Plön;;"{""lat"": null, ""lon"": null}";;false;;Jobcenter;https://www.arbeitsagentur.de;;;;;;bmas;Bundesministerium für Arbeit und Soziales (BMAS);Jobcenter;Aggregiert unter Bundesagentur für Arbeit (BA);"[{""zu_id"": ""bmas"", ""typ"": ""UNTERSTELLT"", ""richtung"": ""eingehend"", ""seit"": null, ""quelle"": null}]";"[""https://www.arbeitsagentur.de""]";"{""vollstaendigkeit_prozent"": 58.3, ""zuletzt_verifiziert"": ""2026-06-06"", ""verifikation_noetig"": false}";2026-06-06;2.0
jobkrereneck_7201;7201;1.0;Jobcenter Kreis Rendsburg-Eckernförde;;KdöR;Dienststelle der BA;Bund;Rendsburg;;"{""lat"": null, ""lon"": null}";;false;;Jobcenter;https://www.arbeitsagentur.de;;;;;;bmas;Bundesministerium für Arbeit und Soziales (BMAS);Jobcenter;Aggregiert unter Bundesagentur für Arbeit (BA);"[{""zu_id"": ""bmas"", ""typ"": ""UNTERSTELLT"", ""richtung"": ""eingehend"", ""seit"": null, ""quelle"": null}]";"[""https://www.arbeitsagentur.de""]";"{""vollstaendigkeit_prozent"": 58.3, ""zuletzt_verifiziert"": ""2026-06-06"", ""verifikation_noetig"": false}";2026-06-06;2.0
jobkreseg_14199;14199;1.0;Jobcenter Kreis Segeberg;;KdöR;Dienststelle der BA;Bund;Kreis Segeberg;;"{""lat"": null, ""lon"": null}";;false;;Jobcenter;https://www.arbeitsagentur.de;;;;;;bmas;Bundesministerium für Arbeit und Soziales (BMAS);Jobcenter;Aggregiert unter Bundesagentur für Arbeit (BA);"[{""zu_id"": ""bmas"", ""typ"": ""UNTERSTELLT"", ""richtung"": ""eingehend"", ""seit"": null, ""quelle"": null}]";"[""https://www.arbeitsagentur.de""]";"{""vollstaendigkeit_prozent"": 58.3, ""zuletzt_verifiziert"": ""2026-06-06"", ""verifikation_noetig"": false}";2026-06-06;2.0
jobkresiewit_4324;4324;1.0;Jobcenter Kreis Siegen-Wittgenstein;;KdöR;Dienststelle der BA;Bund;Siegen;Nordrhein-Westfalen;"{""lat"": null, ""lon"": null}";;false;;Jobcenter;https://www.arbeitsagentur.de;;;;;;bmas;Bundesministerium für Arbeit und Soziales (BMAS);Jobcenter;Aggregiert unter Bundesagentur für Arbeit (BA);"[{""zu_id"": ""bmas"", ""typ"": ""UNTERSTELLT"", ""richtung"": ""eingehend"", ""seit"": null, ""quelle"": null}]";"[""https://www.arbeitsagentur.de""]";"{""vollstaendigkeit_prozent"": 66.7, ""zuletzt_verifiziert"": ""2026-06-06"", ""verifikation_noetig"": false}";2026-06-06;2.0
jobkreunn_4303;4303;1.0;Jobcenter Kreis Unna;;KdöR;Dienststelle der BA;Bund;Kreis Unna;;"{""lat"": null, ""lon"": null}";;false;;Jobcenter;https://www.arbeitsagentur.de;;;;;;bmas;Bundesministerium für Arbeit und Soziales (BMAS);Jobcenter;Aggregiert unter Bundesagentur für Arbeit (BA);"[{""zu_id"": ""bmas"", ""typ"": ""UNTERSTELLT"", ""richtung"": ""eingehend"", ""seit"": null, ""quelle"": null}]";"[""https://www.arbeitsagentur.de""]";"{""vollstaendigkeit_prozent"": 58.3, ""zuletzt_verifiziert"": ""2026-06-06"", ""verifikation_noetig"": false}";2026-06-06;2.0
jobkrevie_4307;4307;1.0;Jobcenter Kreis Viersen;;KdöR;Dienststelle der BA;Bund;Kreis Viersen;;"{""lat"": null, ""lon"": null}";;false;;Jobcenter;https://www.arbeitsagentur.de;;;;;;bmas;Bundesministerium für Arbeit und Soziales (BMAS);Jobcenter;Aggregiert unter Bundesagentur für Arbeit (BA);"[{""zu_id"": ""bmas"", ""typ"": ""UNTERSTELLT"", ""richtung"": ""eingehend"", ""seit"": null, ""quelle"": null}]";"[""https://www.arbeitsagentur.de""]";"{""vollstaendigkeit_prozent"": 58.3, ""zuletzt_verifiziert"": ""2026-06-06"", ""verifikation_noetig"": false}";2026-06-06;2.0
jobkrewes_4328;4328;1.0;Jobcenter Kreis Wesel;;KdöR;Dienststelle der BA;Bund;Kreis Wesel;;"{""lat"": null, ""lon"": null}";;false;;Jobcenter;https://www.arbeitsagentur.de;;;;;;bmas;Bundesministerium für Arbeit und Soziales (BMAS);Jobcenter;Aggregiert unter Bundesagentur für Arbeit (BA);"[{""zu_id"": ""bmas"", ""typ"": ""UNTERSTELLT"", ""richtung"": ""eingehend"", ""seit"": null, ""quelle"": null}]";"[""https://www.arbeitsagentur.de""]";"{""vollstaendigkeit_prozent"": 58.3, ""zuletzt_verifiziert"": ""2026-06-06"", ""verifikation_noetig"": false}";2026-06-06;2.0
jobkul_11980;11980;1.0;Jobcenter Kulmbach;;KdöR;Dienststelle der BA;Bund;Ulm;Baden-Württemberg;"{""lat"": null, ""lon"": null}";;false;;Jobcenter;https://www.arbeitsagentur.de;;;;;;bmas;Bundesministerium für Arbeit und Soziales (BMAS);Jobcenter;Aggregiert unter Bundesagentur für Arbeit (BA);"[{""zu_id"": ""bmas"", ""typ"": ""UNTERSTELLT"", ""richtung"": ""eingehend"", ""seit"": null, ""quelle"": null}]";"[""https://www.arbeitsagentur.de""]";"{""vollstaendigkeit_prozent"": 66.7, ""zuletzt_verifiziert"": ""2026-06-06"", ""verifikation_noetig"": false}";2026-06-06;2.0
jobkyf_14148;14148;1.0;Jobcenter Kyffhäuserkreis;;KdöR;Dienststelle der BA;Bund;Kyffhäuserkreis;;"{""lat"": null, ""lon"": null}";;false;;Jobcenter;https://www.arbeitsagentur.de;;;;;;bmas;Bundesministerium für Arbeit und Soziales (BMAS);Jobcenter;Aggregiert unter Bundesagentur für Arbeit (BA);"[{""zu_id"": ""bmas"", ""typ"": ""UNTERSTELLT"", ""richtung"": ""eingehend"", ""seit"": null, ""quelle"": null}]";"[""https://www.arbeitsagentur.de""]";"{""vollstaendigkeit_prozent"": 58.3, ""zuletzt_verifiziert"": ""2026-06-06"", ""verifikation_noetig"": false}";2026-06-06;2.0
jobköl_4273;4273;1.0;Jobcenter Köln;;KdöR;Dienststelle der BA;Bund;Köln;Nordrhein-Westfalen;"{""lat"": null, ""lon"": null}";;false;;Jobcenter;https://www.arbeitsagentur.de;;;;;;bmas;Bundesministerium für Arbeit und Soziales (BMAS);Jobcenter;Aggregiert unter Bundesagentur für Arbeit (BA);"[{""zu_id"": ""bmas"", ""typ"": ""UNTERSTELLT"", ""richtung"": ""eingehend"", ""seit"": null, ""quelle"": null}]";"[""https://www.arbeitsagentur.de""]";"{""vollstaendigkeit_prozent"": 66.7, ""zuletzt_verifiziert"": ""2026-06-06"", ""verifikation_noetig"": false}";2026-06-06;2.0
joblanahr_14084;14084;1.0;Jobcenter Landkreis Ahrweiler;;KdöR;Dienststelle der BA;Bund;Ahrweiler;;"{""lat"": null, ""lon"": null}";;false;;Jobcenter;https://www.arbeitsagentur.de;;;;;;bmas;Bundesministerium für Arbeit und Soziales (BMAS);Jobcenter;Aggregiert unter Bundesagentur für Arbeit (BA);"[{""zu_id"": ""bmas"", ""typ"": ""UNTERSTELLT"", ""richtung"": ""eingehend"", ""seit"": null, ""quelle"": null}]";"[""https://www.arbeitsagentur.de""]";"{""vollstaendigkeit_prozent"": 58.3, ""zuletzt_verifiziert"": ""2026-06-06"", ""verifikation_noetig"": false}";2026-06-06;2.0
joblanambsulsta_11964;11964;1.0;Jobcenter Landkreis Amberg-Sulzbach und die Stadt Amberg;;KdöR;Dienststelle der BA;Bund;Amberg-Sulzbach;;"{""lat"": null, ""lon"": null}";;false;;Jobcenter;https://www.arbeitsagentur.de;;931.98;2025;;;bmas;Bundesministerium für Arbeit und Soziales (BMAS);Jobcenter;Aggregiert unter Bundesagentur für Arbeit (BA);"[{""zu_id"": ""bmas"", ""typ"": ""UNTERSTELLT"", ""richtung"": ""eingehend"", ""seit"": null, ""quelle"": null}]";"[""https://www.arbeitsagentur.de""]";"{""vollstaendigkeit_prozent"": 58.3, ""zuletzt_verifiziert"": ""2026-06-06"", ""verifikation_noetig"": false}";2026-06-06;2.0
joblanasc_11982;11982;1.0;Jobcenter Landkreis Aschaffenburg;;KdöR;Dienststelle der BA;Bund;Aschaffenburg;;"{""lat"": null, ""lon"": null}";;false;;Jobcenter;https://www.arbeitsagentur.de;;;;;;bmas;Bundesministerium für Arbeit und Soziales (BMAS);Jobcenter;Aggregiert unter Bundesagentur für Arbeit (BA);"[{""zu_id"": ""bmas"", ""typ"": ""UNTERSTELLT"", ""richtung"": ""eingehend"", ""seit"": null, ""quelle"": null}]";"[""https://www.arbeitsagentur.de""]";"{""vollstaendigkeit_prozent"": 58.3, ""zuletzt_verifiziert"": ""2026-06-06"", ""verifikation_noetig"": false}";2026-06-06;2.0
joblanbadkis_11971;11971;1.0;Jobcenter im Landkreis Bad Kissingen;;KdöR;Dienststelle der BA;Bund;Bad Kissingen;;"{""lat"": null, ""lon"": null}";;false;;Jobcenter;https://www.arbeitsagentur.de;;;;;;bmas;Bundesministerium für Arbeit und Soziales (BMAS);Jobcenter;Aggregiert unter Bundesagentur für Arbeit (BA);"[{""zu_id"": ""bmas"", ""typ"": ""UNTERSTELLT"", ""richtung"": ""eingehend"", ""seit"": null, ""quelle"": null}]";"[""https://www.arbeitsagentur.de""]";"{""vollstaendigkeit_prozent"": 58.3, ""zuletzt_verifiziert"": ""2026-06-06"", ""verifikation_noetig"": false}";2026-06-06;2.0
joblanbam_11983;11983;1.0;Jobcenter Landkreis Bamberg;;KdöR;Dienststelle der BA;Bund;Bamberg;Bayern;"{""lat"": null, ""lon"": null}";;false;;Jobcenter;https://www.arbeitsagentur.de;;;;;;bmas;Bundesministerium für Arbeit und Soziales (BMAS);Jobcenter;Aggregiert unter Bundesagentur für Arbeit (BA);"[{""zu_id"": ""bmas"", ""typ"": ""UNTERSTELLT"", ""richtung"": ""eingehend"", ""seit"": null, ""quelle"": null}]";"[""https://www.arbeitsagentur.de""]";"{""vollstaendigkeit_prozent"": 66.7, ""zuletzt_verifiziert"": ""2026-06-06"", ""verifikation_noetig"": false}";2026-06-06;2.0
joblancal_8842;8842;1.0;Jobcenter Landkreis Calw;;KdöR;Dienststelle der BA;Bund;Calw;;"{""lat"": null, ""lon"": null}";;false;;Jobcenter;https://www.arbeitsagentur.de;;;;;;bmas;Bundesministerium für Arbeit und Soziales (BMAS);Jobcenter;Aggregiert unter Bundesagentur für Arbeit (BA);"[{""zu_id"": ""bmas"", ""typ"": ""UNTERSTELLT"", ""richtung"": ""eingehend"", ""seit"": null, ""quelle"": null}]";"[""https://www.arbeitsagentur.de""]";"{""vollstaendigkeit_prozent"": 58.3, ""zuletzt_verifiziert"": ""2026-06-06"", ""verifikation_noetig"": false}";2026-06-06;2.0
joblancel_14141;14141;1.0;Jobcenter im Landkreis Celle;;KdöR;Dienststelle der BA;Bund;Celle;;"{""lat"": null, ""lon"": null}";;false;;Jobcenter;https://www.arbeitsagentur.de;;;;;;bmas;Bundesministerium für Arbeit und Soziales (BMAS);Jobcenter;Aggregiert unter Bundesagentur für Arbeit (BA);"[{""zu_id"": ""bmas"", ""typ"": ""UNTERSTELLT"", ""richtung"": ""eingehend"", ""seit"": null, ""quelle"": null}]";"[""https://www.arbeitsagentur.de""]";"{""vollstaendigkeit_prozent"": 58.3, ""zuletzt_verifiziert"": ""2026-06-06"", ""verifikation_noetig"": false}";2026-06-06;2.0
joblancha_11972;11972;1.0;Jobcenter Landkreis Cham;;KdöR;Dienststelle der BA;Bund;Cham;;"{""lat"": null, ""lon"": null}";;false;;Jobcenter;https://www.arbeitsagentur.de;;;;;;bmas;Bundesministerium für Arbeit und Soziales (BMAS);Jobcenter;Aggregiert unter Bundesagentur für Arbeit (BA);"[{""zu_id"": ""bmas"", ""typ"": ""UNTERSTELLT"", ""richtung"": ""eingehend"", ""seit"": null, ""quelle"": null}]";"[""https://www.arbeitsagentur.de""]";"{""vollstaendigkeit_prozent"": 58.3, ""zuletzt_verifiziert"": ""2026-06-06"", ""verifikation_noetig"": false}";2026-06-06;2.0
joblandac_11951;11951;1.0;Jobcenter Landkreis Dachau;;KdöR;Dienststelle der BA;Bund;Dachau;;"{""lat"": null, ""lon"": null}";;false;;Jobcenter;https://www.arbeitsagentur.de;;;;;;bmas;Bundesministerium für Arbeit und Soziales (BMAS);Jobcenter;Aggregiert unter Bundesagentur für Arbeit (BA);"[{""zu_id"": ""bmas"", ""typ"": ""UNTERSTELLT"", ""richtung"": ""eingehend"", ""seit"": null, ""quelle"": null}]";"[""https://www.arbeitsagentur.de""]";"{""vollstaendigkeit_prozent"": 58.3, ""zuletzt_verifiziert"": ""2026-06-06"", ""verifikation_noetig"": false}";2026-06-06;2.0
joblandahspr_4135;4135;1.0;Jobcenter Landkreis Dahme-Spreewald;;KdöR;Dienststelle der BA;Bund;Dahme-Spreewald;;"{""lat"": null, ""lon"": null}";;false;;Jobcenter;https://www.arbeitsagentur.de;;;;;;bmas;Bundesministerium für Arbeit und Soziales (BMAS);Jobcenter;Aggregiert unter Bundesagentur für Arbeit (BA);"[{""zu_id"": ""bmas"", ""typ"": ""UNTERSTELLT"", ""richtung"": ""eingehend"", ""seit"": null, ""quelle"": null}]";"[""https://www.arbeitsagentur.de""]";"{""vollstaendigkeit_prozent"": 58.3, ""zuletzt_verifiziert"": ""2026-06-06"", ""verifikation_noetig"": false}";2026-06-06;2.0
joblandinlan_11984;11984;1.0;Jobcenter Landkreis Dingolfing-Landau;;KdöR;Dienststelle der BA;Bund;Dingolfing-Landau;;"{""lat"": null, ""lon"": null}";;false;;Jobcenter;https://www.arbeitsagentur.de;;;;;;bmas;Bundesministerium für Arbeit und Soziales (BMAS);Jobcenter;Aggregiert unter Bundesagentur für Arbeit (BA);"[{""zu_id"": ""bmas"", ""typ"": ""UNTERSTELLT"", ""richtung"": ""eingehend"", ""seit"": null, ""quelle"": null}]";"[""https://www.arbeitsagentur.de""]";"{""vollstaendigkeit_prozent"": 58.3, ""zuletzt_verifiziert"": ""2026-06-06"", ""verifikation_noetig"": false}";2026-06-06;2.0
joblanemm_8843;8843;1.0;Jobcenter Landkreis Emmendingen;;KdöR;Dienststelle der BA;Bund;Emmendingen;;"{""lat"": null, ""lon"": null}";;false;;Jobcenter;https://www.arbeitsagentur.de;;;;;;bmas;Bundesministerium für Arbeit und Soziales (BMAS);Jobcenter;Aggregiert unter Bundesagentur für Arbeit (BA);"[{""zu_id"": ""bmas"", ""typ"": ""UNTERSTELLT"", ""richtung"": ""eingehend"", ""seit"": null, ""quelle"": null}]";"[""https://www.arbeitsagentur.de""]";"{""vollstaendigkeit_prozent"": 58.3, ""zuletzt_verifiziert"": ""2026-06-06"", ""verifikation_noetig"": false}";2026-06-06;2.0
joblaness_8844;8844;1.0;Jobcenter Landkreis Esslingen;;KdöR;Dienststelle der BA;Bund;Esslingen;;"{""lat"": null, ""lon"": null}";;false;;Jobcenter;https://www.arbeitsagentur.de;;;;;;bmas;Bundesministerium für Arbeit und Soziales (BMAS);Jobcenter;Aggregiert unter Bundesagentur für Arbeit (BA);"[{""zu_id"": ""bmas"", ""typ"": ""UNTERSTELLT"", ""richtung"": ""eingehend"", ""seit"": null, ""quelle"": null}]";"[""https://www.arbeitsagentur.de""]";"{""vollstaendigkeit_prozent"": 58.3, ""zuletzt_verifiziert"": ""2026-06-06"", ""verifikation_noetig"": false}";2026-06-06;2.0
joblanfre_8845;8845;1.0;Jobcenter Landkreis Freudenstadt;;KdöR;Dienststelle der BA;Bund;Freudenstadt;;"{""lat"": null, ""lon"": null}";;false;;Jobcenter;https://www.arbeitsagentur.de;;;;;;bmas;Bundesministerium für Arbeit und Soziales (BMAS);Jobcenter;Aggregiert unter Bundesagentur für Arbeit (BA);"[{""zu_id"": ""bmas"", ""typ"": ""UNTERSTELLT"", ""richtung"": ""eingehend"", ""seit"": null, ""quelle"": null}]";"[""https://www.arbeitsagentur.de""]";"{""vollstaendigkeit_prozent"": 58.3, ""zuletzt_verifiziert"": ""2026-06-06"", ""verifikation_noetig"": false}";2026-06-06;2.0
joblangarpar_11985;11985;1.0;Jobcenter Landkreis Garmisch Partenkirchen;;KdöR;Dienststelle der BA;Bund;Garmisch Partenkirchen;;"{""lat"": null, ""lon"": null}";;false;;Jobcenter;https://www.arbeitsagentur.de;;;;;;bmas;Bundesministerium für Arbeit und Soziales (BMAS);Jobcenter;Aggregiert unter Bundesagentur für Arbeit (BA);"[{""zu_id"": ""bmas"", ""typ"": ""UNTERSTELLT"", ""richtung"": ""eingehend"", ""seit"": null, ""quelle"": null}]";"[""https://www.arbeitsagentur.de""]";"{""vollstaendigkeit_prozent"": 58.3, ""zuletzt_verifiziert"": ""2026-06-06"", ""verifikation_noetig"": false}";2026-06-06;2.0
joblanger_14128;14128;1.0;Jobcenter Landkreis Germersheim;;KdöR;Dienststelle der BA;Bund;Germersheim;;"{""lat"": null, ""lon"": null}";;false;;Jobcenter;https://www.arbeitsagentur.de;;;;;;bmas;Bundesministerium für Arbeit und Soziales (BMAS);Jobcenter;Aggregiert unter Bundesagentur für Arbeit (BA);"[{""zu_id"": ""bmas"", ""typ"": ""UNTERSTELLT"", ""richtung"": ""eingehend"", ""seit"": null, ""quelle"": null}]";"[""https://www.arbeitsagentur.de""]";"{""vollstaendigkeit_prozent"": 58.3, ""zuletzt_verifiziert"": ""2026-06-06"", ""verifikation_noetig"": false}";2026-06-06;2.0
joblangot_14151;14151;1.0;Jobcenter im Landkreis Gotha;;KdöR;Dienststelle der BA;Bund;Gotha;;"{""lat"": null, ""lon"": null}";;false;;Jobcenter;https://www.arbeitsagentur.de;;;;;;bmas;Bundesministerium für Arbeit und Soziales (BMAS);Jobcenter;Aggregiert unter Bundesagentur für Arbeit (BA);"[{""zu_id"": ""bmas"", ""typ"": ""UNTERSTELLT"", ""richtung"": ""eingehend"", ""seit"": null, ""quelle"": null}]";"[""https://www.arbeitsagentur.de""]";"{""vollstaendigkeit_prozent"": 58.3, ""zuletzt_verifiziert"": ""2026-06-06"", ""verifikation_noetig"": false}";2026-06-06;2.0
joblangöp_12900;12900;1.0;Jobcenter Landkreis Göppingen;;KdöR;Dienststelle der BA;Bund;Göppingen;;"{""lat"": null, ""lon"": null}";;false;;Jobcenter;https://www.arbeitsagentur.de;;;;;;bmas;Bundesministerium für Arbeit und Soziales (BMAS);Jobcenter;Aggregiert unter Bundesagentur für Arbeit (BA);"[{""zu_id"": ""bmas"", ""typ"": ""UNTERSTELLT"", ""richtung"": ""eingehend"", ""seit"": null, ""quelle"": null}]";"[""https://www.arbeitsagentur.de""]";"{""vollstaendigkeit_prozent"": 58.3, ""zuletzt_verifiziert"": ""2026-06-06"", ""verifikation_noetig"": false}";2026-06-06;2.0
joblanhar_14158;14158;1.0;Jobcenter Landkreis Harburg;;KdöR;Dienststelle der BA;Bund;Harburg;;"{""lat"": null, ""lon"": null}";;false;;Jobcenter;https://www.arbeitsagentur.de;;;;;;bmas;Bundesministerium für Arbeit und Soziales (BMAS);Jobcenter;Aggregiert unter Bundesagentur für Arbeit (BA);"[{""zu_id"": ""bmas"", ""typ"": ""UNTERSTELLT"", ""richtung"": ""eingehend"", ""seit"": null, ""quelle"": null}]";"[""https://www.arbeitsagentur.de""]";"{""vollstaendigkeit_prozent"": 58.3, ""zuletzt_verifiziert"": ""2026-06-06"", ""verifikation_noetig"": false}";2026-06-06;2.0
joblanhaß_4329;4329;1.0;Jobcenter Landkreis Haßberge;;KdöR;Dienststelle der BA;Bund;Haßberge;;"{""lat"": null, ""lon"": null}";;false;;Jobcenter;https://www.arbeitsagentur.de;;;;;;bmas;Bundesministerium für Arbeit und Soziales (BMAS);Jobcenter;Aggregiert unter Bundesagentur für Arbeit (BA);"[{""zu_id"": ""bmas"", ""typ"": ""UNTERSTELLT"", ""richtung"": ""eingehend"", ""seit"": null, ""quelle"": null}]";"[""https://www.arbeitsagentur.de""]";"{""vollstaendigkeit_prozent"": 58.3, ""zuletzt_verifiziert"": ""2026-06-06"", ""verifikation_noetig"": false}";2026-06-06;2.0
joblanhei_8846;8846;1.0;Jobcenter Landkreis Heilbronn;;KdöR;Dienststelle der BA;Bund;Heilbronn;Baden-Württemberg;"{""lat"": null, ""lon"": null}";;false;;Jobcenter;https://www.arbeitsagentur.de;;;;;;bmas;Bundesministerium für Arbeit und Soziales (BMAS);Jobcenter;Aggregiert unter Bundesagentur für Arbeit (BA);"[{""zu_id"": ""bmas"", ""typ"": ""UNTERSTELLT"", ""richtung"": ""eingehend"", ""seit"": null, ""quelle"": null}]";"[""https://www.arbeitsagentur.de""]";"{""vollstaendigkeit_prozent"": 66.7, ""zuletzt_verifiziert"": ""2026-06-06"", ""verifikation_noetig"": false}";2026-06-06;2.0
joblanhil_14137;14137;1.0;"Jobcenter 

Landkreis Hildburghausen";;KdöR;Dienststelle der BA;Bund;Hildburghausen;;"{""lat"": null, ""lon"": null}";;false;;Jobcenter;https://www.arbeitsagentur.de;;;;;;bmas;Bundesministerium für Arbeit und Soziales (BMAS);Jobcenter;Aggregiert unter Bundesagentur für Arbeit (BA);"[{""zu_id"": ""bmas"", ""typ"": ""UNTERSTELLT"", ""richtung"": ""eingehend"", ""seit"": null, ""quelle"": null}]";"[""https://www.arbeitsagentur.de""]";"{""vollstaendigkeit_prozent"": 58.3, ""zuletzt_verifiziert"": ""2026-06-06"", ""verifikation_noetig"": false}";2026-06-06;2.0
joblankar_8847;8847;1.0;Jobcenter Landkreis Karlsruhe;;KdöR;Dienststelle der BA;Bund;Karlsruhe;Baden-Württemberg;"{""lat"": null, ""lon"": null}";;false;;Jobcenter;https://www.arbeitsagentur.de;;;;;;bmas;Bundesministerium für Arbeit und Soziales (BMAS);Jobcenter;Aggregiert unter Bundesagentur für Arbeit (BA);"[{""zu_id"": ""bmas"", ""typ"": ""UNTERSTELLT"", ""richtung"": ""eingehend"", ""seit"": null, ""quelle"": null}]";"[""https://www.arbeitsagentur.de""]";"{""vollstaendigkeit_prozent"": 66.7, ""zuletzt_verifiziert"": ""2026-06-06"", ""verifikation_noetig"": false}";2026-06-06;2.0
joblankas_14152;14152;1.0;"Jobcenter

Landkreis Kassel";;KdöR;Dienststelle der BA;Bund;Berlin;Berlin;"{""lat"": null, ""lon"": null}";;false;;Jobcenter;https://www.arbeitsagentur.de;;;;;;bmas;Bundesministerium für Arbeit und Soziales (BMAS);Jobcenter;Aggregiert unter Bundesagentur für Arbeit (BA);"[{""zu_id"": ""bmas"", ""typ"": ""UNTERSTELLT"", ""richtung"": ""eingehend"", ""seit"": null, ""quelle"": null}]";"[""https://www.arbeitsagentur.de""]";"{""vollstaendigkeit_prozent"": 66.7, ""zuletzt_verifiziert"": ""2026-06-06"", ""verifikation_noetig"": false}";2026-06-06;2.0
joblankel_11986;11986;1.0;Jobcenter Landkreis Kelheim;;KdöR;Dienststelle der BA;Bund;Kelheim;;"{""lat"": null, ""lon"": null}";;false;;Jobcenter;https://www.arbeitsagentur.de;;;;;;bmas;Bundesministerium für Arbeit und Soziales (BMAS);Jobcenter;Aggregiert unter Bundesagentur für Arbeit (BA);"[{""zu_id"": ""bmas"", ""typ"": ""UNTERSTELLT"", ""richtung"": ""eingehend"", ""seit"": null, ""quelle"": null}]";"[""https://www.arbeitsagentur.de""]";"{""vollstaendigkeit_prozent"": 58.3, ""zuletzt_verifiziert"": ""2026-06-06"", ""verifikation_noetig"": false}";2026-06-06;2.0
joblankon_8848;8848;1.0;Jobcenter Landkreis Konstanz;;KdöR;Dienststelle der BA;Bund;Konstanz;;"{""lat"": null, ""lon"": null}";;false;;Jobcenter;https://www.arbeitsagentur.de;;;;;;bmas;Bundesministerium für Arbeit und Soziales (BMAS);Jobcenter;Aggregiert unter Bundesagentur für Arbeit (BA);"[{""zu_id"": ""bmas"", ""typ"": ""UNTERSTELLT"", ""richtung"": ""eingehend"", ""seit"": null, ""quelle"": null}]";"[""https://www.arbeitsagentur.de""]";"{""vollstaendigkeit_prozent"": 58.3, ""zuletzt_verifiziert"": ""2026-06-06"", ""verifikation_noetig"": false}";2026-06-06;2.0
joblankro_11987;11987;1.0;Jobcenter Landkreis Kronach;;KdöR;Dienststelle der BA;Bund;Kronach;;"{""lat"": null, ""lon"": null}";;false;;Jobcenter;https://www.arbeitsagentur.de;;;;;;bmas;Bundesministerium für Arbeit und Soziales (BMAS);Jobcenter;Aggregiert unter Bundesagentur für Arbeit (BA);"[{""zu_id"": ""bmas"", ""typ"": ""UNTERSTELLT"", ""richtung"": ""eingehend"", ""seit"": null, ""quelle"": null}]";"[""https://www.arbeitsagentur.de""]";"{""vollstaendigkeit_prozent"": 58.3, ""zuletzt_verifiziert"": ""2026-06-06"", ""verifikation_noetig"": false}";2026-06-06;2.0
joblanlan_11988;11988;1.0;Jobcenter Landkreis Landshut;;KdöR;Dienststelle der BA;Bund;Landshut;Bayern;"{""lat"": null, ""lon"": null}";;false;;Jobcenter;https://www.arbeitsagentur.de;;;;;;bmas;Bundesministerium für Arbeit und Soziales (BMAS);Jobcenter;Aggregiert unter Bundesagentur für Arbeit (BA);"[{""zu_id"": ""bmas"", ""typ"": ""UNTERSTELLT"", ""richtung"": ""eingehend"", ""seit"": null, ""quelle"": null}]";"[""https://www.arbeitsagentur.de""]";"{""vollstaendigkeit_prozent"": 66.7, ""zuletzt_verifiziert"": ""2026-06-06"", ""verifikation_noetig"": false}";2026-06-06;2.0
joblanlec_12002;12002;1.0;Jobcenter Landsberg am Lech;;KdöR;Dienststelle der BA;Bund;Landsberg am Lech;;"{""lat"": null, ""lon"": null}";;false;;Jobcenter;https://www.arbeitsagentur.de;;;;;;bmas;Bundesministerium für Arbeit und Soziales (BMAS);Jobcenter;Aggregiert unter Bundesagentur für Arbeit (BA);"[{""zu_id"": ""bmas"", ""typ"": ""UNTERSTELLT"", ""richtung"": ""eingehend"", ""seit"": null, ""quelle"": null}]";"[""https://www.arbeitsagentur.de""]";"{""vollstaendigkeit_prozent"": 58.3, ""zuletzt_verifiziert"": ""2026-06-06"", ""verifikation_noetig"": false}";2026-06-06;2.0
joblanlic_11989;11989;1.0;Jobcenter Landkreis Lichtenfels;;KdöR;Dienststelle der BA;Bund;Lichtenfels;;"{""lat"": null, ""lon"": null}";;false;;Jobcenter;https://www.arbeitsagentur.de;;;;;;bmas;Bundesministerium für Arbeit und Soziales (BMAS);Jobcenter;Aggregiert unter Bundesagentur für Arbeit (BA);"[{""zu_id"": ""bmas"", ""typ"": ""UNTERSTELLT"", ""richtung"": ""eingehend"", ""seit"": null, ""quelle"": null}]";"[""https://www.arbeitsagentur.de""]";"{""vollstaendigkeit_prozent"": 58.3, ""zuletzt_verifiziert"": ""2026-06-06"", ""verifikation_noetig"": false}";2026-06-06;2.0
joblanlinbod_11990;11990;1.0;Jobcenter Landkreis Lindau am Bodensee;;KdöR;Dienststelle der BA;Bund;Lindau am Bodensee;;"{""lat"": null, ""lon"": null}";;false;;Jobcenter;https://www.arbeitsagentur.de;;;;;;bmas;Bundesministerium für Arbeit und Soziales (BMAS);Jobcenter;Aggregiert unter Bundesagentur für Arbeit (BA);"[{""zu_id"": ""bmas"", ""typ"": ""UNTERSTELLT"", ""richtung"": ""eingehend"", ""seit"": null, ""quelle"": null}]";"[""https://www.arbeitsagentur.de""]";"{""vollstaendigkeit_prozent"": 58.3, ""zuletzt_verifiziert"": ""2026-06-06"", ""verifikation_noetig"": false}";2026-06-06;2.0
joblanlör_8849;8849;1.0;Jobcenter Landkreis Lörrach;;KdöR;Dienststelle der BA;Bund;Lörrach;;"{""lat"": null, ""lon"": null}";;false;;Jobcenter;https://www.arbeitsagentur.de;;;;;;bmas;Bundesministerium für Arbeit und Soziales (BMAS);Jobcenter;Aggregiert unter Bundesagentur für Arbeit (BA);"[{""zu_id"": ""bmas"", ""typ"": ""UNTERSTELLT"", ""richtung"": ""eingehend"", ""seit"": null, ""quelle"": null}]";"[""https://www.arbeitsagentur.de""]";"{""vollstaendigkeit_prozent"": 58.3, ""zuletzt_verifiziert"": ""2026-06-06"", ""verifikation_noetig"": false}";2026-06-06;2.0
joblanlün_14159;14159;1.0;Jobcenter Landkreis Lüneburg;;KdöR;Dienststelle der BA;Bund;Lüneburg;;"{""lat"": null, ""lon"": null}";;false;;Jobcenter;https://www.arbeitsagentur.de;;;;;;bmas;Bundesministerium für Arbeit und Soziales (BMAS);Jobcenter;Aggregiert unter Bundesagentur für Arbeit (BA);"[{""zu_id"": ""bmas"", ""typ"": ""UNTERSTELLT"", ""richtung"": ""eingehend"", ""seit"": null, ""quelle"": null}]";"[""https://www.arbeitsagentur.de""]";"{""vollstaendigkeit_prozent"": 58.3, ""zuletzt_verifiziert"": ""2026-06-06"", ""verifikation_noetig"": false}";2026-06-06;2.0
joblanmag_7379;7379;1.0;Jobcenter Landeshauptstadt Magdeburg;;KdöR;Dienststelle der BA;Bund;Magdeburg;Sachsen-Anhalt;"{""lat"": null, ""lon"": null}";;false;;Jobcenter;https://www.arbeitsagentur.de;;;;;;bmas;Bundesministerium für Arbeit und Soziales (BMAS);Jobcenter;Aggregiert unter Bundesagentur für Arbeit (BA);"[{""zu_id"": ""bmas"", ""typ"": ""UNTERSTELLT"", ""richtung"": ""eingehend"", ""seit"": null, ""quelle"": null}]";"[""https://www.arbeitsagentur.de""]";"{""vollstaendigkeit_prozent"": 66.7, ""zuletzt_verifiziert"": ""2026-06-06"", ""verifikation_noetig"": false}";2026-06-06;2.0
joblanmil_11991;11991;1.0;Jobcenter Landkreis Miltenberg;;KdöR;Dienststelle der BA;Bund;Miltenberg;;"{""lat"": null, ""lon"": null}";;false;;Jobcenter;https://www.arbeitsagentur.de;;;;;;bmas;Bundesministerium für Arbeit und Soziales (BMAS);Jobcenter;Aggregiert unter Bundesagentur für Arbeit (BA);"[{""zu_id"": ""bmas"", ""typ"": ""UNTERSTELLT"", ""richtung"": ""eingehend"", ""seit"": null, ""quelle"": null}]";"[""https://www.arbeitsagentur.de""]";"{""vollstaendigkeit_prozent"": 58.3, ""zuletzt_verifiziert"": ""2026-06-06"", ""verifikation_noetig"": false}";2026-06-06;2.0
joblanneuaisbad_11994;11994;1.0;Jobcenter Landkreis Neustadt a.d.Aisch - Bad Windsheim;;KdöR;Dienststelle der BA;Bund;Neustadt a.d.Aisch - Bad Windsheim;;"{""lat"": null, ""lon"": null}";;false;;Jobcenter;https://www.arbeitsagentur.de;;;;;;bmas;Bundesministerium für Arbeit und Soziales (BMAS);Jobcenter;Aggregiert unter Bundesagentur für Arbeit (BA);"[{""zu_id"": ""bmas"", ""typ"": ""UNTERSTELLT"", ""richtung"": ""eingehend"", ""seit"": null, ""quelle"": null}]";"[""https://www.arbeitsagentur.de""]";"{""vollstaendigkeit_prozent"": 58.3, ""zuletzt_verifiziert"": ""2026-06-06"", ""verifikation_noetig"": false}";2026-06-06;2.0
joblanneuobe_11993;11993;1.0;Jobcenter Landkreis Neumarkt in der Oberpfalz;;KdöR;Dienststelle der BA;Bund;Neumarkt in der Oberpfalz;;"{""lat"": null, ""lon"": null}";;false;;Jobcenter;https://www.arbeitsagentur.de;;;;;;bmas;Bundesministerium für Arbeit und Soziales (BMAS);Jobcenter;Aggregiert unter Bundesagentur für Arbeit (BA);"[{""zu_id"": ""bmas"", ""typ"": ""UNTERSTELLT"", ""richtung"": ""eingehend"", ""seit"": null, ""quelle"": null}]";"[""https://www.arbeitsagentur.de""]";"{""vollstaendigkeit_prozent"": 58.3, ""zuletzt_verifiziert"": ""2026-06-06"", ""verifikation_noetig"": false}";2026-06-06;2.0
joblanneusch_12008;12008;1.0;Jobcenter Landkreis Neuburg-Schrobenhausen;;KdöR;Dienststelle der BA;Bund;Neuburg-Schrobenhausen;;"{""lat"": null, ""lon"": null}";;false;;Jobcenter;https://www.arbeitsagentur.de;;;;;;bmas;Bundesministerium für Arbeit und Soziales (BMAS);Jobcenter;Aggregiert unter Bundesagentur für Arbeit (BA);"[{""zu_id"": ""bmas"", ""typ"": ""UNTERSTELLT"", ""richtung"": ""eingehend"", ""seit"": null, ""quelle"": null}]";"[""https://www.arbeitsagentur.de""]";"{""vollstaendigkeit_prozent"": 58.3, ""zuletzt_verifiziert"": ""2026-06-06"", ""verifikation_noetig"": false}";2026-06-06;2.0
joblanniewes_14142;14142;1.0;Jobcenter Landkreis Nienburg/Weser;;KdöR;Dienststelle der BA;Bund;Nienburg;;"{""lat"": null, ""lon"": null}";;false;;Jobcenter;https://www.arbeitsagentur.de;;;;;;bmas;Bundesministerium für Arbeit und Soziales (BMAS);Jobcenter;Aggregiert unter Bundesagentur für Arbeit (BA);"[{""zu_id"": ""bmas"", ""typ"": ""UNTERSTELLT"", ""richtung"": ""eingehend"", ""seit"": null, ""quelle"": null}]";"[""https://www.arbeitsagentur.de""]";"{""vollstaendigkeit_prozent"": 58.3, ""zuletzt_verifiziert"": ""2026-06-06"", ""verifikation_noetig"": false}";2026-06-06;2.0
joblannor_14180;14180;1.0;Jobcenter Landkreis Northeim;;KdöR;Dienststelle der BA;Bund;Northeim;;"{""lat"": null, ""lon"": null}";;false;;Jobcenter;https://www.arbeitsagentur.de;;;;;;bmas;Bundesministerium für Arbeit und Soziales (BMAS);Jobcenter;Aggregiert unter Bundesagentur für Arbeit (BA);"[{""zu_id"": ""bmas"", ""typ"": ""UNTERSTELLT"", ""richtung"": ""eingehend"", ""seit"": null, ""quelle"": null}]";"[""https://www.arbeitsagentur.de""]";"{""vollstaendigkeit_prozent"": 58.3, ""zuletzt_verifiziert"": ""2026-06-06"", ""verifikation_noetig"": false}";2026-06-06;2.0
joblanpfailm_11996;11996;1.0;Jobcenter Landkreis Pfaffenhofen a.d. Ilm;;KdöR;Dienststelle der BA;Bund;Pfaffenhofen a.d. Ilm;;"{""lat"": null, ""lon"": null}";;false;;Jobcenter;https://www.arbeitsagentur.de;;;;;;bmas;Bundesministerium für Arbeit und Soziales (BMAS);Jobcenter;Aggregiert unter Bundesagentur für Arbeit (BA);"[{""zu_id"": ""bmas"", ""typ"": ""UNTERSTELLT"", ""richtung"": ""eingehend"", ""seit"": null, ""quelle"": null}]";"[""https://www.arbeitsagentur.de""]";"{""vollstaendigkeit_prozent"": 58.3, ""zuletzt_verifiziert"": ""2026-06-06"", ""verifikation_noetig"": false}";2026-06-06;2.0
joblanras_14185;14185;1.0;Jobcenter Landkreis Rastatt;;KdöR;Dienststelle der BA;Bund;Rastatt;;"{""lat"": null, ""lon"": null}";;false;;Jobcenter;https://www.arbeitsagentur.de;;;;;;bmas;Bundesministerium für Arbeit und Soziales (BMAS);Jobcenter;Aggregiert unter Bundesagentur für Arbeit (BA);"[{""zu_id"": ""bmas"", ""typ"": ""UNTERSTELLT"", ""richtung"": ""eingehend"", ""seit"": null, ""quelle"": null}]";"[""https://www.arbeitsagentur.de""]";"{""vollstaendigkeit_prozent"": 58.3, ""zuletzt_verifiziert"": ""2026-06-06"", ""verifikation_noetig"": false}";2026-06-06;2.0
joblanreg_11997;11997;1.0;Jobcenter Landkreis Regensburg;;KdöR;Dienststelle der BA;Bund;Regensburg;Bayern;"{""lat"": null, ""lon"": null}";;false;;Jobcenter;https://www.arbeitsagentur.de;;;;;;bmas;Bundesministerium für Arbeit und Soziales (BMAS);Jobcenter;Aggregiert unter Bundesagentur für Arbeit (BA);"[{""zu_id"": ""bmas"", ""typ"": ""UNTERSTELLT"", ""richtung"": ""eingehend"", ""seit"": null, ""quelle"": null}]";"[""https://www.arbeitsagentur.de""]";"{""vollstaendigkeit_prozent"": 66.7, ""zuletzt_verifiziert"": ""2026-06-06"", ""verifikation_noetig"": false}";2026-06-06;2.0
joblanreg_14160;14160;1.0;Jobcenter Landkreis Regen;;KdöR;Dienststelle der BA;Bund;Regen;;"{""lat"": null, ""lon"": null}";;false;;Jobcenter;https://www.arbeitsagentur.de;;;;;;bmas;Bundesministerium für Arbeit und Soziales (BMAS);Jobcenter;Aggregiert unter Bundesagentur für Arbeit (BA);"[{""zu_id"": ""bmas"", ""typ"": ""UNTERSTELLT"", ""richtung"": ""eingehend"", ""seit"": null, ""quelle"": null}]";"[""https://www.arbeitsagentur.de""]";"{""vollstaendigkeit_prozent"": 58.3, ""zuletzt_verifiziert"": ""2026-06-06"", ""verifikation_noetig"": false}";2026-06-06;2.0
joblanreu_14161;14161;1.0;Jobcenter Landkreis Reutlingen;;KdöR;Dienststelle der BA;Bund;Reutlingen;;"{""lat"": null, ""lon"": null}";;false;;Jobcenter;https://www.arbeitsagentur.de;;;;;;bmas;Bundesministerium für Arbeit und Soziales (BMAS);Jobcenter;Aggregiert unter Bundesagentur für Arbeit (BA);"[{""zu_id"": ""bmas"", ""typ"": ""UNTERSTELLT"", ""richtung"": ""eingehend"", ""seit"": null, ""quelle"": null}]";"[""https://www.arbeitsagentur.de""]";"{""vollstaendigkeit_prozent"": 58.3, ""zuletzt_verifiziert"": ""2026-06-06"", ""verifikation_noetig"": false}";2026-06-06;2.0
joblanrhögra_11973;11973;1.0;Jobcenter im Landkreis Rhön Grabfeld;;KdöR;Dienststelle der BA;Bund;Rhön Grabfeld;;"{""lat"": null, ""lon"": null}";;false;;Jobcenter;https://www.arbeitsagentur.de;;;;;;bmas;Bundesministerium für Arbeit und Soziales (BMAS);Jobcenter;Aggregiert unter Bundesagentur für Arbeit (BA);"[{""zu_id"": ""bmas"", ""typ"": ""UNTERSTELLT"", ""richtung"": ""eingehend"", ""seit"": null, ""quelle"": null}]";"[""https://www.arbeitsagentur.de""]";"{""vollstaendigkeit_prozent"": 58.3, ""zuletzt_verifiziert"": ""2026-06-06"", ""verifikation_noetig"": false}";2026-06-06;2.0
joblanros_11998;11998;1.0;Jobcenter Landkreis Rosenheim;;KdöR;Dienststelle der BA;Bund;Rosenheim;;"{""lat"": null, ""lon"": null}";;false;;Jobcenter;https://www.arbeitsagentur.de;;;;;;bmas;Bundesministerium für Arbeit und Soziales (BMAS);Jobcenter;Aggregiert unter Bundesagentur für Arbeit (BA);"[{""zu_id"": ""bmas"", ""typ"": ""UNTERSTELLT"", ""richtung"": ""eingehend"", ""seit"": null, ""quelle"": null}]";"[""https://www.arbeitsagentur.de""]";"{""vollstaendigkeit_prozent"": 58.3, ""zuletzt_verifiziert"": ""2026-06-06"", ""verifikation_noetig"": false}";2026-06-06;2.0
joblanrot_14056;14056;1.0;Jobcenter Landkreis Rottweil;;KdöR;Dienststelle der BA;Bund;Rottweil;;"{""lat"": null, ""lon"": null}";;false;;Jobcenter;https://www.arbeitsagentur.de;;;;;;bmas;Bundesministerium für Arbeit und Soziales (BMAS);Jobcenter;Aggregiert unter Bundesagentur für Arbeit (BA);"[{""zu_id"": ""bmas"", ""typ"": ""UNTERSTELLT"", ""richtung"": ""eingehend"", ""seit"": null, ""quelle"": null}]";"[""https://www.arbeitsagentur.de""]";"{""vollstaendigkeit_prozent"": 58.3, ""zuletzt_verifiziert"": ""2026-06-06"", ""verifikation_noetig"": false}";2026-06-06;2.0
joblanrotinn_11999;11999;1.0;Jobcenter Landkreis Rottal-Inn;;KdöR;Dienststelle der BA;Bund;Rottal-Inn;;"{""lat"": null, ""lon"": null}";;false;;Jobcenter;https://www.arbeitsagentur.de;;;;;;bmas;Bundesministerium für Arbeit und Soziales (BMAS);Jobcenter;Aggregiert unter Bundesagentur für Arbeit (BA);"[{""zu_id"": ""bmas"", ""typ"": ""UNTERSTELLT"", ""richtung"": ""eingehend"", ""seit"": null, ""quelle"": null}]";"[""https://www.arbeitsagentur.de""]";"{""vollstaendigkeit_prozent"": 58.3, ""zuletzt_verifiziert"": ""2026-06-06"", ""verifikation_noetig"": false}";2026-06-06;2.0
joblansch_11974;11974;1.0;Jobcenter Landkreis Schwandorf;;KdöR;Dienststelle der BA;Bund;Schwandorf;;"{""lat"": null, ""lon"": null}";;false;;Jobcenter;https://www.arbeitsagentur.de;;;;;;bmas;Bundesministerium für Arbeit und Soziales (BMAS);Jobcenter;Aggregiert unter Bundesagentur für Arbeit (BA);"[{""zu_id"": ""bmas"", ""typ"": ""UNTERSTELLT"", ""richtung"": ""eingehend"", ""seit"": null, ""quelle"": null}]";"[""https://www.arbeitsagentur.de""]";"{""vollstaendigkeit_prozent"": 58.3, ""zuletzt_verifiziert"": ""2026-06-06"", ""verifikation_noetig"": false}";2026-06-06;2.0
joblansch_11975;11975;1.0;Jobcenter im Landkreis Schweinfurt;;KdöR;Dienststelle der BA;Bund;Schweinfurt;;"{""lat"": null, ""lon"": null}";;false;;Jobcenter;https://www.arbeitsagentur.de;;;;;;bmas;Bundesministerium für Arbeit und Soziales (BMAS);Jobcenter;Aggregiert unter Bundesagentur für Arbeit (BA);"[{""zu_id"": ""bmas"", ""typ"": ""UNTERSTELLT"", ""richtung"": ""eingehend"", ""seit"": null, ""quelle"": null}]";"[""https://www.arbeitsagentur.de""]";"{""vollstaendigkeit_prozent"": 58.3, ""zuletzt_verifiziert"": ""2026-06-06"", ""verifikation_noetig"": false}";2026-06-06;2.0
joblanschbaakre_14197;14197;1.0;Jobcenter Landkreis Schwarzwald-Baar-Kreis - AA Villingen-Schwenningen;;KdöR;Dienststelle der BA;Bund;Schwarzwald-Baar-Kreis - AA Villingen-Schwenningen;;"{""lat"": null, ""lon"": null}";;false;;Jobcenter;https://www.arbeitsagentur.de;;;;;;bmas;Bundesministerium für Arbeit und Soziales (BMAS);Jobcenter;Aggregiert unter Bundesagentur für Arbeit (BA);"[{""zu_id"": ""bmas"", ""typ"": ""UNTERSTELLT"", ""richtung"": ""eingehend"", ""seit"": null, ""quelle"": null}]";"[""https://www.arbeitsagentur.de""]";"{""vollstaendigkeit_prozent"": 58.3, ""zuletzt_verifiziert"": ""2026-06-06"", ""verifikation_noetig"": false}";2026-06-06;2.0
joblanschhal_8840;8840;1.0;Jobcenter im Landkreis Schwäbisch Hall;;KdöR;Dienststelle der BA;Bund;Schwäbisch Hall;;"{""lat"": null, ""lon"": null}";;false;;Jobcenter;https://www.arbeitsagentur.de;;;;;;bmas;Bundesministerium für Arbeit und Soziales (BMAS);Jobcenter;Aggregiert unter Bundesagentur für Arbeit (BA);"[{""zu_id"": ""bmas"", ""typ"": ""UNTERSTELLT"", ""richtung"": ""eingehend"", ""seit"": null, ""quelle"": null}]";"[""https://www.arbeitsagentur.de""]";"{""vollstaendigkeit_prozent"": 58.3, ""zuletzt_verifiziert"": ""2026-06-06"", ""verifikation_noetig"": false}";2026-06-06;2.0
joblansig_14200;14200;1.0;Jobcenter Landkreis Sigmaringen;;KdöR;Dienststelle der BA;Bund;Sigmaringen;;"{""lat"": null, ""lon"": null}";;false;;Jobcenter;https://www.arbeitsagentur.de;;;;;;bmas;Bundesministerium für Arbeit und Soziales (BMAS);Jobcenter;Aggregiert unter Bundesagentur für Arbeit (BA);"[{""zu_id"": ""bmas"", ""typ"": ""UNTERSTELLT"", ""richtung"": ""eingehend"", ""seit"": null, ""quelle"": null}]";"[""https://www.arbeitsagentur.de""]";"{""vollstaendigkeit_prozent"": 58.3, ""zuletzt_verifiziert"": ""2026-06-06"", ""verifikation_noetig"": false}";2026-06-06;2.0
joblanson_14162;14162;1.0;Jobcenter Landkreis Sonneberg;;KdöR;Dienststelle der BA;Bund;Sonneberg;;"{""lat"": null, ""lon"": null}";;false;;Jobcenter;https://www.arbeitsagentur.de;;;;;;bmas;Bundesministerium für Arbeit und Soziales (BMAS);Jobcenter;Aggregiert unter Bundesagentur für Arbeit (BA);"[{""zu_id"": ""bmas"", ""typ"": ""UNTERSTELLT"", ""richtung"": ""eingehend"", ""seit"": null, ""quelle"": null}]";"[""https://www.arbeitsagentur.de""]";"{""vollstaendigkeit_prozent"": 58.3, ""zuletzt_verifiziert"": ""2026-06-06"", ""verifikation_noetig"": false}";2026-06-06;2.0
joblansta_12003;12003;1.0;Jobcenter Landshut Stadt;;KdöR;Dienststelle der BA;Bund;Landshut;Bayern;"{""lat"": null, ""lon"": null}";;false;;Jobcenter;https://www.arbeitsagentur.de;;931.98;2025;;;bmas;Bundesministerium für Arbeit und Soziales (BMAS);Jobcenter;Aggregiert unter Bundesagentur für Arbeit (BA);"[{""zu_id"": ""bmas"", ""typ"": ""UNTERSTELLT"", ""richtung"": ""eingehend"", ""seit"": null, ""quelle"": null}]";"[""https://www.arbeitsagentur.de""]";"{""vollstaendigkeit_prozent"": 66.7, ""zuletzt_verifiziert"": ""2026-06-06"", ""verifikation_noetig"": false}";2026-06-06;2.0
joblansta_14163;14163;1.0;Jobcenter Landkreis Starnberg;;KdöR;Dienststelle der BA;Bund;Starnberg;;"{""lat"": null, ""lon"": null}";;false;;Jobcenter;https://www.arbeitsagentur.de;;;;;;bmas;Bundesministerium für Arbeit und Soziales (BMAS);Jobcenter;Aggregiert unter Bundesagentur für Arbeit (BA);"[{""zu_id"": ""bmas"", ""typ"": ""UNTERSTELLT"", ""richtung"": ""eingehend"", ""seit"": null, ""quelle"": null}]";"[""https://www.arbeitsagentur.de""]";"{""vollstaendigkeit_prozent"": 58.3, ""zuletzt_verifiziert"": ""2026-06-06"", ""verifikation_noetig"": false}";2026-06-06;2.0
joblansüdwei_14208;14208;1.0;Jobcenter Landau-Südliche Weinstraße;;KdöR;Dienststelle der BA;Bund;Landau-Südliche Weinstraße;;"{""lat"": null, ""lon"": null}";;false;;Jobcenter;https://www.arbeitsagentur.de;;;;;;bmas;Bundesministerium für Arbeit und Soziales (BMAS);Jobcenter;Aggregiert unter Bundesagentur für Arbeit (BA);"[{""zu_id"": ""bmas"", ""typ"": ""UNTERSTELLT"", ""richtung"": ""eingehend"", ""seit"": null, ""quelle"": null}]";"[""https://www.arbeitsagentur.de""]";"{""vollstaendigkeit_prozent"": 58.3, ""zuletzt_verifiziert"": ""2026-06-06"", ""verifikation_noetig"": false}";2026-06-06;2.0
joblantelflä_4123;4123;1.0;Jobcenter Landkreis Teltow-Fläming;;KdöR;Dienststelle der BA;Bund;Teltow-Fläming;;"{""lat"": null, ""lon"": null}";;false;;Jobcenter;https://www.arbeitsagentur.de;;;;;;bmas;Bundesministerium für Arbeit und Soziales (BMAS);Jobcenter;Aggregiert unter Bundesagentur für Arbeit (BA);"[{""zu_id"": ""bmas"", ""typ"": ""UNTERSTELLT"", ""richtung"": ""eingehend"", ""seit"": null, ""quelle"": null}]";"[""https://www.arbeitsagentur.de""]";"{""vollstaendigkeit_prozent"": 58.3, ""zuletzt_verifiziert"": ""2026-06-06"", ""verifikation_noetig"": false}";2026-06-06;2.0
joblantüb_14164;14164;1.0;Jobcenter Landkreis Tübingen;;KdöR;Dienststelle der BA;Bund;Tübingen;Baden-Württemberg;"{""lat"": null, ""lon"": null}";;false;;Jobcenter;https://www.arbeitsagentur.de;;;;;;bmas;Bundesministerium für Arbeit und Soziales (BMAS);Jobcenter;Aggregiert unter Bundesagentur für Arbeit (BA);"[{""zu_id"": ""bmas"", ""typ"": ""UNTERSTELLT"", ""richtung"": ""eingehend"", ""seit"": null, ""quelle"": null}]";"[""https://www.arbeitsagentur.de""]";"{""vollstaendigkeit_prozent"": 66.7, ""zuletzt_verifiziert"": ""2026-06-06"", ""verifikation_noetig"": false}";2026-06-06;2.0
joblanvec_14214;14214;1.0;Jobcenter im Landkreis Vechta;;KdöR;Dienststelle der BA;Bund;Vechta;;"{""lat"": null, ""lon"": null}";;false;;Jobcenter;https://www.arbeitsagentur.de;;;;;;bmas;Bundesministerium für Arbeit und Soziales (BMAS);Jobcenter;Aggregiert unter Bundesagentur für Arbeit (BA);"[{""zu_id"": ""bmas"", ""typ"": ""UNTERSTELLT"", ""richtung"": ""eingehend"", ""seit"": null, ""quelle"": null}]";"[""https://www.arbeitsagentur.de""]";"{""vollstaendigkeit_prozent"": 58.3, ""zuletzt_verifiziert"": ""2026-06-06"", ""verifikation_noetig"": false}";2026-06-06;2.0
joblanweisch_12025;12025;1.0;Jobcenter Landkreis Weilheim-Schongau;;KdöR;Dienststelle der BA;Bund;Weilheim-Schongau;;"{""lat"": null, ""lon"": null}";;false;;Jobcenter;https://www.arbeitsagentur.de;;;;;;bmas;Bundesministerium für Arbeit und Soziales (BMAS);Jobcenter;Aggregiert unter Bundesagentur für Arbeit (BA);"[{""zu_id"": ""bmas"", ""typ"": ""UNTERSTELLT"", ""richtung"": ""eingehend"", ""seit"": null, ""quelle"": null}]";"[""https://www.arbeitsagentur.de""]";"{""vollstaendigkeit_prozent"": 58.3, ""zuletzt_verifiziert"": ""2026-06-06"", ""verifikation_noetig"": false}";2026-06-06;2.0
joblanwit_14225;14225;1.0;Jobcenter Landkreis Wittenberg;;KdöR;Dienststelle der BA;Bund;Wittenberg;;"{""lat"": null, ""lon"": null}";;false;;Jobcenter;https://www.arbeitsagentur.de;;;;;;bmas;Bundesministerium für Arbeit und Soziales (BMAS);Jobcenter;Aggregiert unter Bundesagentur für Arbeit (BA);"[{""zu_id"": ""bmas"", ""typ"": ""UNTERSTELLT"", ""richtung"": ""eingehend"", ""seit"": null, ""quelle"": null}]";"[""https://www.arbeitsagentur.de""]";"{""vollstaendigkeit_prozent"": 58.3, ""zuletzt_verifiziert"": ""2026-06-06"", ""verifikation_noetig"": false}";2026-06-06;2.0
joblei_4330;4330;1.0;Jobcenter Leipzig;;KdöR;Dienststelle der BA;Bund;Leipzig;Sachsen;"{""lat"": null, ""lon"": null}";;false;;Jobcenter;https://www.arbeitsagentur.de;;;;;;bmas;Bundesministerium für Arbeit und Soziales (BMAS);Jobcenter;Aggregiert unter Bundesagentur für Arbeit (BA);"[{""zu_id"": ""bmas"", ""typ"": ""UNTERSTELLT"", ""richtung"": ""eingehend"", ""seit"": null, ""quelle"": null}]";"[""https://www.arbeitsagentur.de""]";"{""vollstaendigkeit_prozent"": 66.7, ""zuletzt_verifiziert"": ""2026-06-06"", ""verifikation_noetig"": false}";2026-06-06;2.0
joblimwei_14155;14155;1.0;Jobcenter Limburg-Weilburg;;KdöR;Dienststelle der BA;Bund;Limburg-Weilburg;;"{""lat"": null, ""lon"": null}";;false;;Jobcenter;https://www.arbeitsagentur.de;;;;;;bmas;Bundesministerium für Arbeit und Soziales (BMAS);Jobcenter;Aggregiert unter Bundesagentur für Arbeit (BA);"[{""zu_id"": ""bmas"", ""typ"": ""UNTERSTELLT"", ""richtung"": ""eingehend"", ""seit"": null, ""quelle"": null}]";"[""https://www.arbeitsagentur.de""]";"{""vollstaendigkeit_prozent"": 58.3, ""zuletzt_verifiziert"": ""2026-06-06"", ""verifikation_noetig"": false}";2026-06-06;2.0
jobludpar_14057;14057;1.0;Jobcenter Ludwigslust- Parchim;;KdöR;Dienststelle der BA;Bund;Ludwigslust- Parchim;;"{""lat"": null, ""lon"": null}";;false;;Jobcenter;https://www.arbeitsagentur.de;;;;;;bmas;Bundesministerium für Arbeit und Soziales (BMAS);Jobcenter;Aggregiert unter Bundesagentur für Arbeit (BA);"[{""zu_id"": ""bmas"", ""typ"": ""UNTERSTELLT"", ""richtung"": ""eingehend"", ""seit"": null, ""quelle"": null}]";"[""https://www.arbeitsagentur.de""]";"{""vollstaendigkeit_prozent"": 58.3, ""zuletzt_verifiziert"": ""2026-06-06"", ""verifikation_noetig"": false}";2026-06-06;2.0
joblüb_14166;14166;1.0;Jobcenter Lübeck;;KdöR;Dienststelle der BA;Bund;Lübeck;Schleswig-Holstein;"{""lat"": null, ""lon"": null}";;false;;Jobcenter;https://www.arbeitsagentur.de;;;;;;bmas;Bundesministerium für Arbeit und Soziales (BMAS);Jobcenter;Aggregiert unter Bundesagentur für Arbeit (BA);"[{""zu_id"": ""bmas"", ""typ"": ""UNTERSTELLT"", ""richtung"": ""eingehend"", ""seit"": null, ""quelle"": null}]";"[""https://www.arbeitsagentur.de""]";"{""vollstaendigkeit_prozent"": 66.7, ""zuletzt_verifiziert"": ""2026-06-06"", ""verifikation_noetig"": false}";2026-06-06;2.0
joblücdan_14167;14167;1.0;Jobcenter Lüchow-Dannenberg;;KdöR;Dienststelle der BA;Bund;Lüchow-Dannenberg;;"{""lat"": null, ""lon"": null}";;false;;Jobcenter;https://www.arbeitsagentur.de;;;;;;bmas;Bundesministerium für Arbeit und Soziales (BMAS);Jobcenter;Aggregiert unter Bundesagentur für Arbeit (BA);"[{""zu_id"": ""bmas"", ""typ"": ""UNTERSTELLT"", ""richtung"": ""eingehend"", ""seit"": null, ""quelle"": null}]";"[""https://www.arbeitsagentur.de""]";"{""vollstaendigkeit_prozent"": 58.3, ""zuletzt_verifiziert"": ""2026-06-06"", ""verifikation_noetig"": false}";2026-06-06;2.0
jobmai_14170;14170;1.0;Jobcenter Mainz;;KdöR;Dienststelle der BA;Bund;Mainz;Rheinland-Pfalz;"{""lat"": null, ""lon"": null}";;false;;Jobcenter;https://www.arbeitsagentur.de;;;;;;bmas;Bundesministerium für Arbeit und Soziales (BMAS);Jobcenter;Aggregiert unter Bundesagentur für Arbeit (BA);"[{""zu_id"": ""bmas"", ""typ"": ""UNTERSTELLT"", ""richtung"": ""eingehend"", ""seit"": null, ""quelle"": null}]";"[""https://www.arbeitsagentur.de""]";"{""vollstaendigkeit_prozent"": 66.7, ""zuletzt_verifiziert"": ""2026-06-06"", ""verifikation_noetig"": false}";2026-06-06;2.0
jobmaispe_12004;12004;1.0;Jobcenter Main-Spessart;;KdöR;Dienststelle der BA;Bund;Main-Spessart;;"{""lat"": null, ""lon"": null}";;false;;Jobcenter;https://www.arbeitsagentur.de;;;;;;bmas;Bundesministerium für Arbeit und Soziales (BMAS);Jobcenter;Aggregiert unter Bundesagentur für Arbeit (BA);"[{""zu_id"": ""bmas"", ""typ"": ""UNTERSTELLT"", ""richtung"": ""eingehend"", ""seit"": null, ""quelle"": null}]";"[""https://www.arbeitsagentur.de""]";"{""vollstaendigkeit_prozent"": 58.3, ""zuletzt_verifiziert"": ""2026-06-06"", ""verifikation_noetig"": false}";2026-06-06;2.0
jobmaitau_14169;14169;1.0;Jobcenter Main-Tauber;;KdöR;Dienststelle der BA;Bund;Main-Tauber;;"{""lat"": null, ""lon"": null}";;false;;Jobcenter;https://www.arbeitsagentur.de;;;;;;bmas;Bundesministerium für Arbeit und Soziales (BMAS);Jobcenter;Aggregiert unter Bundesagentur für Arbeit (BA);"[{""zu_id"": ""bmas"", ""typ"": ""UNTERSTELLT"", ""richtung"": ""eingehend"", ""seit"": null, ""quelle"": null}]";"[""https://www.arbeitsagentur.de""]";"{""vollstaendigkeit_prozent"": 58.3, ""zuletzt_verifiziert"": ""2026-06-06"", ""verifikation_noetig"": false}";2026-06-06;2.0
jobman_14171;14171;1.0;Jobcenter Mannheim;;KdöR;Dienststelle der BA;Bund;Mannheim;Baden-Württemberg;"{""lat"": null, ""lon"": null}";;false;;Jobcenter;https://www.arbeitsagentur.de;;;;;;bmas;Bundesministerium für Arbeit und Soziales (BMAS);Jobcenter;Aggregiert unter Bundesagentur für Arbeit (BA);"[{""zu_id"": ""bmas"", ""typ"": ""UNTERSTELLT"", ""richtung"": ""eingehend"", ""seit"": null, ""quelle"": null}]";"[""https://www.arbeitsagentur.de""]";"{""vollstaendigkeit_prozent"": 66.7, ""zuletzt_verifiziert"": ""2026-06-06"", ""verifikation_noetig"": false}";2026-06-06;2.0
jobmansüd_7438;7438;1.0;Jobcenter Mansfeld-Südharz;;KdöR;Dienststelle der BA;Bund;Mansfeld-Südharz;;"{""lat"": null, ""lon"": null}";;false;;Jobcenter;https://www.arbeitsagentur.de;;;;;;bmas;Bundesministerium für Arbeit und Soziales (BMAS);Jobcenter;Aggregiert unter Bundesagentur für Arbeit (BA);"[{""zu_id"": ""bmas"", ""typ"": ""UNTERSTELLT"", ""richtung"": ""eingehend"", ""seit"": null, ""quelle"": null}]";"[""https://www.arbeitsagentur.de""]";"{""vollstaendigkeit_prozent"": 58.3, ""zuletzt_verifiziert"": ""2026-06-06"", ""verifikation_noetig"": false}";2026-06-06;2.0
jobmecseenor_14173;14173;1.0;Jobcenter Mecklenburgische Seenplatte Nord;;KdöR;Dienststelle der BA;Bund;Mecklenburgische Seenplatte Nord;;"{""lat"": null, ""lon"": null}";;false;;Jobcenter;https://www.arbeitsagentur.de;;;;;;bmas;Bundesministerium für Arbeit und Soziales (BMAS);Jobcenter;Aggregiert unter Bundesagentur für Arbeit (BA);"[{""zu_id"": ""bmas"", ""typ"": ""UNTERSTELLT"", ""richtung"": ""eingehend"", ""seit"": null, ""quelle"": null}]";"[""https://www.arbeitsagentur.de""]";"{""vollstaendigkeit_prozent"": 58.3, ""zuletzt_verifiziert"": ""2026-06-06"", ""verifikation_noetig"": false}";2026-06-06;2.0
jobmecseesüd_14174;14174;1.0;Jobcenter Mecklenburgische Seenplatte Süd;;KdöR;Dienststelle der BA;Bund;Mecklenburgische Seenplatte Süd;;"{""lat"": null, ""lon"": null}";;false;;Jobcenter;https://www.arbeitsagentur.de;;;;;;bmas;Bundesministerium für Arbeit und Soziales (BMAS);Jobcenter;Aggregiert unter Bundesagentur für Arbeit (BA);"[{""zu_id"": ""bmas"", ""typ"": ""UNTERSTELLT"", ""richtung"": ""eingehend"", ""seit"": null, ""quelle"": null}]";"[""https://www.arbeitsagentur.de""]";"{""vollstaendigkeit_prozent"": 58.3, ""zuletzt_verifiziert"": ""2026-06-06"", ""verifikation_noetig"": false}";2026-06-06;2.0
jobmem_12005;12005;1.0;Jobcenter Memmingen;;KdöR;Dienststelle der BA;Bund;Memmingen;;"{""lat"": null, ""lon"": null}";;false;;Jobcenter;https://www.arbeitsagentur.de;;;;;;bmas;Bundesministerium für Arbeit und Soziales (BMAS);Jobcenter;Aggregiert unter Bundesagentur für Arbeit (BA);"[{""zu_id"": ""bmas"", ""typ"": ""UNTERSTELLT"", ""richtung"": ""eingehend"", ""seit"": null, ""quelle"": null}]";"[""https://www.arbeitsagentur.de""]";"{""vollstaendigkeit_prozent"": 58.3, ""zuletzt_verifiziert"": ""2026-06-06"", ""verifikation_noetig"": false}";2026-06-06;2.0
jobmerwad_6056;6056;1.0;Jobcenter Merzig-Wadern;;KdöR;Dienststelle der BA;Bund;Merzig-Wadern;;"{""lat"": null, ""lon"": null}";;false;;Jobcenter;https://www.arbeitsagentur.de;;;;;;bmas;Bundesministerium für Arbeit und Soziales (BMAS);Jobcenter;Aggregiert unter Bundesagentur für Arbeit (BA);"[{""zu_id"": ""bmas"", ""typ"": ""UNTERSTELLT"", ""richtung"": ""eingehend"", ""seit"": null, ""quelle"": null}]";"[""https://www.arbeitsagentur.de""]";"{""vollstaendigkeit_prozent"": 58.3, ""zuletzt_verifiziert"": ""2026-06-06"", ""verifikation_noetig"": false}";2026-06-06;2.0
jobmitfremitdöb_14172;14172;1.0;Jobcenter Mittelsachsen Freiberg-Mittweida Döbeln;;KdöR;Dienststelle der BA;Bund;Mittelsachsen Freiberg-Mittweida Döbeln;Sachsen;"{""lat"": null, ""lon"": null}";;false;;Jobcenter;https://www.arbeitsagentur.de;;;;;;bmas;Bundesministerium für Arbeit und Soziales (BMAS);Jobcenter;Aggregiert unter Bundesagentur für Arbeit (BA);"[{""zu_id"": ""bmas"", ""typ"": ""UNTERSTELLT"", ""richtung"": ""eingehend"", ""seit"": null, ""quelle"": null}]";"[""https://www.arbeitsagentur.de""]";"{""vollstaendigkeit_prozent"": 66.7, ""zuletzt_verifiziert"": ""2026-06-06"", ""verifikation_noetig"": false}";2026-06-06;2.0
jobmärkre_4143;4143;1.0;Jobcenter Märkischer Kreis;;KdöR;Dienststelle der BA;Bund;Märkischer Kreis;;"{""lat"": null, ""lon"": null}";;false;;Jobcenter;https://www.arbeitsagentur.de;;;;;;bmas;Bundesministerium für Arbeit und Soziales (BMAS);Jobcenter;Aggregiert unter Bundesagentur für Arbeit (BA);"[{""zu_id"": ""bmas"", ""typ"": ""UNTERSTELLT"", ""richtung"": ""eingehend"", ""seit"": null, ""quelle"": null}]";"[""https://www.arbeitsagentur.de""]";"{""vollstaendigkeit_prozent"": 58.3, ""zuletzt_verifiziert"": ""2026-06-06"", ""verifikation_noetig"": false}";2026-06-06;2.0
jobmärode_4130;4130;1.0;Jobcenter Märkisch-Oderland;;KdöR;Dienststelle der BA;Bund;Märkisch-Oderland;;"{""lat"": null, ""lon"": null}";;false;;Jobcenter;https://www.arbeitsagentur.de;;;;;;bmas;Bundesministerium für Arbeit und Soziales (BMAS);Jobcenter;Aggregiert unter Bundesagentur für Arbeit (BA);"[{""zu_id"": ""bmas"", ""typ"": ""UNTERSTELLT"", ""richtung"": ""eingehend"", ""seit"": null, ""quelle"": null}]";"[""https://www.arbeitsagentur.de""]";"{""vollstaendigkeit_prozent"": 58.3, ""zuletzt_verifiziert"": ""2026-06-06"", ""verifikation_noetig"": false}";2026-06-06;2.0
jobmön_4312;4312;1.0;Jobcenter Mönchengladbach;;KdöR;Dienststelle der BA;Bund;Mönchengladbach;Nordrhein-Westfalen;"{""lat"": null, ""lon"": null}";;false;;Jobcenter;https://www.arbeitsagentur.de;;;;;;bmas;Bundesministerium für Arbeit und Soziales (BMAS);Jobcenter;Aggregiert unter Bundesagentur für Arbeit (BA);"[{""zu_id"": ""bmas"", ""typ"": ""UNTERSTELLT"", ""richtung"": ""eingehend"", ""seit"": null, ""quelle"": null}]";"[""https://www.arbeitsagentur.de""]";"{""vollstaendigkeit_prozent"": 66.7, ""zuletzt_verifiziert"": ""2026-06-06"", ""verifikation_noetig"": false}";2026-06-06;2.0
jobmühinn_12006;12006;1.0;Jobcenter Mühldorf/Inn;;KdöR;Dienststelle der BA;Bund;Mühldorf;;"{""lat"": null, ""lon"": null}";;false;;Jobcenter;https://www.arbeitsagentur.de;;;;;;bmas;Bundesministerium für Arbeit und Soziales (BMAS);Jobcenter;Aggregiert unter Bundesagentur für Arbeit (BA);"[{""zu_id"": ""bmas"", ""typ"": ""UNTERSTELLT"", ""richtung"": ""eingehend"", ""seit"": null, ""quelle"": null}]";"[""https://www.arbeitsagentur.de""]";"{""vollstaendigkeit_prozent"": 58.3, ""zuletzt_verifiziert"": ""2026-06-06"", ""verifikation_noetig"": false}";2026-06-06;2.0
jobnecodekre_14175;14175;1.0;Jobcenter Neckar-Odenwald-Kreis;;KdöR;Dienststelle der BA;Bund;Neckar-Odenwald-Kreis;;"{""lat"": null, ""lon"": null}";;false;;Jobcenter;https://www.arbeitsagentur.de;;;;;;bmas;Bundesministerium für Arbeit und Soziales (BMAS);Jobcenter;Aggregiert unter Bundesagentur für Arbeit (BA);"[{""zu_id"": ""bmas"", ""typ"": ""UNTERSTELLT"", ""richtung"": ""eingehend"", ""seit"": null, ""quelle"": null}]";"[""https://www.arbeitsagentur.de""]";"{""vollstaendigkeit_prozent"": 58.3, ""zuletzt_verifiziert"": ""2026-06-06"", ""verifikation_noetig"": false}";2026-06-06;2.0
jobneu_14153;14153;1.0;Jobcenter Neuwied;;KdöR;Dienststelle der BA;Bund;Neuwied;;"{""lat"": null, ""lon"": null}";;false;;Jobcenter;https://www.arbeitsagentur.de;;;;;;bmas;Bundesministerium für Arbeit und Soziales (BMAS);Jobcenter;Aggregiert unter Bundesagentur für Arbeit (BA);"[{""zu_id"": ""bmas"", ""typ"": ""UNTERSTELLT"", ""richtung"": ""eingehend"", ""seit"": null, ""quelle"": null}]";"[""https://www.arbeitsagentur.de""]";"{""vollstaendigkeit_prozent"": 58.3, ""zuletzt_verifiziert"": ""2026-06-06"", ""verifikation_noetig"": false}";2026-06-06;2.0
jobneu_6067;6067;1.0;Jobcenter Neunkirchen;;KdöR;Dienststelle der BA;Bund;Neunkirchen;;"{""lat"": null, ""lon"": null}";;false;;Jobcenter;https://www.arbeitsagentur.de;;;;;;bmas;Bundesministerium für Arbeit und Soziales (BMAS);Jobcenter;Aggregiert unter Bundesagentur für Arbeit (BA);"[{""zu_id"": ""bmas"", ""typ"": ""UNTERSTELLT"", ""richtung"": ""eingehend"", ""seit"": null, ""quelle"": null}]";"[""https://www.arbeitsagentur.de""]";"{""vollstaendigkeit_prozent"": 58.3, ""zuletzt_verifiziert"": ""2026-06-06"", ""verifikation_noetig"": false}";2026-06-06;2.0
jobneureneck_14176;14176;1.0;Jobcenter Neumünster Rendsburg-Eckernförde;;KdöR;Dienststelle der BA;Bund;Münster;Nordrhein-Westfalen;"{""lat"": null, ""lon"": null}";;false;;Jobcenter;https://www.arbeitsagentur.de;;;;;;bmas;Bundesministerium für Arbeit und Soziales (BMAS);Jobcenter;Aggregiert unter Bundesagentur für Arbeit (BA);"[{""zu_id"": ""bmas"", ""typ"": ""UNTERSTELLT"", ""richtung"": ""eingehend"", ""seit"": null, ""quelle"": null}]";"[""https://www.arbeitsagentur.de""]";"{""vollstaendigkeit_prozent"": 66.7, ""zuletzt_verifiziert"": ""2026-06-06"", ""verifikation_noetig"": false}";2026-06-06;2.0
jobneuulm_14177;14177;1.0;Jobcenter Neu-Ulm;;KdöR;Dienststelle der BA;Bund;Ulm;Baden-Württemberg;"{""lat"": null, ""lon"": null}";;false;;Jobcenter;https://www.arbeitsagentur.de;;;;;;bmas;Bundesministerium für Arbeit und Soziales (BMAS);Jobcenter;Aggregiert unter Bundesagentur für Arbeit (BA);"[{""zu_id"": ""bmas"", ""typ"": ""UNTERSTELLT"", ""richtung"": ""eingehend"", ""seit"": null, ""quelle"": null}]";"[""https://www.arbeitsagentur.de""]";"{""vollstaendigkeit_prozent"": 66.7, ""zuletzt_verifiziert"": ""2026-06-06"", ""verifikation_noetig"": false}";2026-06-06;2.0
jobnor_14059;14059;1.0;Jobcenter Nordwestmecklenburg;;KdöR;Dienststelle der BA;Bund;Nordwestmecklenburg;;"{""lat"": null, ""lon"": null}";;false;;Jobcenter;https://www.arbeitsagentur.de;;;;;;bmas;Bundesministerium für Arbeit und Soziales (BMAS);Jobcenter;Aggregiert unter Bundesagentur für Arbeit (BA);"[{""zu_id"": ""bmas"", ""typ"": ""UNTERSTELLT"", ""richtung"": ""eingehend"", ""seit"": null, ""quelle"": null}]";"[""https://www.arbeitsagentur.de""]";"{""vollstaendigkeit_prozent"": 58.3, ""zuletzt_verifiziert"": ""2026-06-06"", ""verifikation_noetig"": false}";2026-06-06;2.0
jobnor_14178;14178;1.0;Jobcenter Nordhausen;;KdöR;Dienststelle der BA;Bund;Nordhausen;;"{""lat"": null, ""lon"": null}";;false;;Jobcenter;https://www.arbeitsagentur.de;;;;;;bmas;Bundesministerium für Arbeit und Soziales (BMAS);Jobcenter;Aggregiert unter Bundesagentur für Arbeit (BA);"[{""zu_id"": ""bmas"", ""typ"": ""UNTERSTELLT"", ""richtung"": ""eingehend"", ""seit"": null, ""quelle"": null}]";"[""https://www.arbeitsagentur.de""]";"{""vollstaendigkeit_prozent"": 58.3, ""zuletzt_verifiziert"": ""2026-06-06"", ""verifikation_noetig"": false}";2026-06-06;2.0
jobnor_14179;14179;1.0;Jobcenter Nordsachsen;;KdöR;Dienststelle der BA;Bund;Nordsachsen;;"{""lat"": null, ""lon"": null}";;false;;Jobcenter;https://www.arbeitsagentur.de;;;;;;bmas;Bundesministerium für Arbeit und Soziales (BMAS);Jobcenter;Aggregiert unter Bundesagentur für Arbeit (BA);"[{""zu_id"": ""bmas"", ""typ"": ""UNTERSTELLT"", ""richtung"": ""eingehend"", ""seit"": null, ""quelle"": null}]";"[""https://www.arbeitsagentur.de""]";"{""vollstaendigkeit_prozent"": 58.3, ""zuletzt_verifiziert"": ""2026-06-06"", ""verifikation_noetig"": false}";2026-06-06;2.0
jobnürlan_12010;12010;1.0;Jobcenter Nürnberger Land;;KdöR;Dienststelle der BA;Bund;Nürnberg;Bayern;"{""lat"": null, ""lon"": null}";;false;;Jobcenter;https://www.arbeitsagentur.de;;;;;;bmas;Bundesministerium für Arbeit und Soziales (BMAS);Jobcenter;Aggregiert unter Bundesagentur für Arbeit (BA);"[{""zu_id"": ""bmas"", ""typ"": ""UNTERSTELLT"", ""richtung"": ""eingehend"", ""seit"": null, ""quelle"": null}]";"[""https://www.arbeitsagentur.de""]";"{""vollstaendigkeit_prozent"": 66.7, ""zuletzt_verifiziert"": ""2026-06-06"", ""verifikation_noetig"": false}";2026-06-06;2.0
jobnürsta_12009;12009;1.0;Jobcenter Nürnberg Stadt;;KdöR;Dienststelle der BA;Bund;Nürnberg;Bayern;"{""lat"": null, ""lon"": null}";;false;;Jobcenter;https://www.arbeitsagentur.de;;931.98;2025;;;bmas;Bundesministerium für Arbeit und Soziales (BMAS);Jobcenter;Aggregiert unter Bundesagentur für Arbeit (BA);"[{""zu_id"": ""bmas"", ""typ"": ""UNTERSTELLT"", ""richtung"": ""eingehend"", ""seit"": null, ""quelle"": null}]";"[""https://www.arbeitsagentur.de""]";"{""vollstaendigkeit_prozent"": 66.7, ""zuletzt_verifiziert"": ""2026-06-06"", ""verifikation_noetig"": false}";2026-06-06;2.0
jobobe_4299;4299;1.0;Jobcenter Oberberg;;KdöR;Dienststelle der BA;Bund;Oberberg;;"{""lat"": null, ""lon"": null}";;false;;Jobcenter;https://www.arbeitsagentur.de;;;;;;bmas;Bundesministerium für Arbeit und Soziales (BMAS);Jobcenter;Aggregiert unter Bundesagentur für Arbeit (BA);"[{""zu_id"": ""bmas"", ""typ"": ""UNTERSTELLT"", ""richtung"": ""eingehend"", ""seit"": null, ""quelle"": null}]";"[""https://www.arbeitsagentur.de""]";"{""vollstaendigkeit_prozent"": 58.3, ""zuletzt_verifiziert"": ""2026-06-06"", ""verifikation_noetig"": false}";2026-06-06;2.0
jobobe_4316;4316;1.0;Jobcenter Oberhausen;;KdöR;Dienststelle der BA;Bund;Oberhausen;Nordrhein-Westfalen;"{""lat"": null, ""lon"": null}";;false;;Jobcenter;https://www.arbeitsagentur.de;;;;;;bmas;Bundesministerium für Arbeit und Soziales (BMAS);Jobcenter;Aggregiert unter Bundesagentur für Arbeit (BA);"[{""zu_id"": ""bmas"", ""typ"": ""UNTERSTELLT"", ""richtung"": ""eingehend"", ""seit"": null, ""quelle"": null}]";"[""https://www.arbeitsagentur.de""]";"{""vollstaendigkeit_prozent"": 66.7, ""zuletzt_verifiziert"": ""2026-06-06"", ""verifikation_noetig"": false}";2026-06-06;2.0
jobobelau_4133;4133;1.0;Jobcenter Oberspreewald-Lausitz;;KdöR;Dienststelle der BA;Bund;Oberspreewald-Lausitz;;"{""lat"": null, ""lon"": null}";;false;;Jobcenter;https://www.arbeitsagentur.de;;;;;;bmas;Bundesministerium für Arbeit und Soziales (BMAS);Jobcenter;Aggregiert unter Bundesagentur für Arbeit (BA);"[{""zu_id"": ""bmas"", ""typ"": ""UNTERSTELLT"", ""richtung"": ""eingehend"", ""seit"": null, ""quelle"": null}]";"[""https://www.arbeitsagentur.de""]";"{""vollstaendigkeit_prozent"": 58.3, ""zuletzt_verifiziert"": ""2026-06-06"", ""verifikation_noetig"": false}";2026-06-06;2.0
jobost_12011;12011;1.0;Jobcenter Ostallgäu;;KdöR;Dienststelle der BA;Bund;Ostallgäu;;"{""lat"": null, ""lon"": null}";;false;;Jobcenter;https://www.arbeitsagentur.de;;;;;;bmas;Bundesministerium für Arbeit und Soziales (BMAS);Jobcenter;Aggregiert unter Bundesagentur für Arbeit (BA);"[{""zu_id"": ""bmas"", ""typ"": ""UNTERSTELLT"", ""richtung"": ""eingehend"", ""seit"": null, ""quelle"": null}]";"[""https://www.arbeitsagentur.de""]";"{""vollstaendigkeit_prozent"": 58.3, ""zuletzt_verifiziert"": ""2026-06-06"", ""verifikation_noetig"": false}";2026-06-06;2.0
jobost_7202;7202;1.0;Jobcenter Ostholstein;;KdöR;Dienststelle der BA;Bund;Ostholstein;;"{""lat"": null, ""lon"": null}";;false;;Jobcenter;https://www.arbeitsagentur.de;;;;;;bmas;Bundesministerium für Arbeit und Soziales (BMAS);Jobcenter;Aggregiert unter Bundesagentur für Arbeit (BA);"[{""zu_id"": ""bmas"", ""typ"": ""UNTERSTELLT"", ""richtung"": ""eingehend"", ""seit"": null, ""quelle"": null}]";"[""https://www.arbeitsagentur.de""]";"{""vollstaendigkeit_prozent"": 58.3, ""zuletzt_verifiziert"": ""2026-06-06"", ""verifikation_noetig"": false}";2026-06-06;2.0
jobpaslan_12012;12012;1.0;Jobcenter Passau Land;;KdöR;Dienststelle der BA;Bund;Passau;Bayern;"{""lat"": null, ""lon"": null}";;false;;Jobcenter;https://www.arbeitsagentur.de;;;;;;bmas;Bundesministerium für Arbeit und Soziales (BMAS);Jobcenter;Aggregiert unter Bundesagentur für Arbeit (BA);"[{""zu_id"": ""bmas"", ""typ"": ""UNTERSTELLT"", ""richtung"": ""eingehend"", ""seit"": null, ""quelle"": null}]";"[""https://www.arbeitsagentur.de""]";"{""vollstaendigkeit_prozent"": 66.7, ""zuletzt_verifiziert"": ""2026-06-06"", ""verifikation_noetig"": false}";2026-06-06;2.0
jobpassta_12013;12013;1.0;Jobcenter Passau Stadt;;KdöR;Dienststelle der BA;Bund;Passau;Bayern;"{""lat"": null, ""lon"": null}";;false;;Jobcenter;https://www.arbeitsagentur.de;;931.98;2025;;;bmas;Bundesministerium für Arbeit und Soziales (BMAS);Jobcenter;Aggregiert unter Bundesagentur für Arbeit (BA);"[{""zu_id"": ""bmas"", ""typ"": ""UNTERSTELLT"", ""richtung"": ""eingehend"", ""seit"": null, ""quelle"": null}]";"[""https://www.arbeitsagentur.de""]";"{""vollstaendigkeit_prozent"": 66.7, ""zuletzt_verifiziert"": ""2026-06-06"", ""verifikation_noetig"": false}";2026-06-06;2.0
jobpir_14184;14184;1.0;Jobcenter Pirmasens;;KdöR;Dienststelle der BA;Bund;Pirmasens;;"{""lat"": null, ""lon"": null}";;false;;Jobcenter;https://www.arbeitsagentur.de;;;;;;bmas;Bundesministerium für Arbeit und Soziales (BMAS);Jobcenter;Aggregiert unter Bundesagentur für Arbeit (BA);"[{""zu_id"": ""bmas"", ""typ"": ""UNTERSTELLT"", ""richtung"": ""eingehend"", ""seit"": null, ""quelle"": null}]";"[""https://www.arbeitsagentur.de""]";"{""vollstaendigkeit_prozent"": 58.3, ""zuletzt_verifiziert"": ""2026-06-06"", ""verifikation_noetig"": false}";2026-06-06;2.0
jobpri_4126;4126;1.0;Jobcenter Prignitz;;KdöR;Dienststelle der BA;Bund;Prignitz;;"{""lat"": null, ""lon"": null}";;false;;Jobcenter;https://www.arbeitsagentur.de;;;;;;bmas;Bundesministerium für Arbeit und Soziales (BMAS);Jobcenter;Aggregiert unter Bundesagentur für Arbeit (BA);"[{""zu_id"": ""bmas"", ""typ"": ""UNTERSTELLT"", ""richtung"": ""eingehend"", ""seit"": null, ""quelle"": null}]";"[""https://www.arbeitsagentur.de""]";"{""vollstaendigkeit_prozent"": 58.3, ""zuletzt_verifiziert"": ""2026-06-06"", ""verifikation_noetig"": false}";2026-06-06;2.0
jobreghan_14186;14186;1.0;Jobcenter Region Hannover;;KdöR;Dienststelle der BA;Bund;Hannover;Niedersachsen;"{""lat"": null, ""lon"": null}";;false;;Jobcenter;https://www.arbeitsagentur.de;;;;;;bmas;Bundesministerium für Arbeit und Soziales (BMAS);Jobcenter;Aggregiert unter Bundesagentur für Arbeit (BA);"[{""zu_id"": ""bmas"", ""typ"": ""UNTERSTELLT"", ""richtung"": ""eingehend"", ""seit"": null, ""quelle"": null}]";"[""https://www.arbeitsagentur.de""]";"{""vollstaendigkeit_prozent"": 66.7, ""zuletzt_verifiziert"": ""2026-06-06"", ""verifikation_noetig"": false}";2026-06-06;2.0
jobregsaa_6295;6295;1.0;Jobcenter im Regionalverband Saarbrücken;;KdöR;Dienststelle der BA;Bund;Saarbrücken;Saarland;"{""lat"": null, ""lon"": null}";;false;;Jobcenter;https://www.arbeitsagentur.de;;;;;;bmas;Bundesministerium für Arbeit und Soziales (BMAS);Jobcenter;Aggregiert unter Bundesagentur für Arbeit (BA);"[{""zu_id"": ""bmas"", ""typ"": ""UNTERSTELLT"", ""richtung"": ""eingehend"", ""seit"": null, ""quelle"": null}]";"[""https://www.arbeitsagentur.de""]";"{""vollstaendigkeit_prozent"": 66.7, ""zuletzt_verifiziert"": ""2026-06-06"", ""verifikation_noetig"": false}";2026-06-06;2.0
jobregsta_12019;12019;1.0;Jobcenter Regensburg Stadt;;KdöR;Dienststelle der BA;Bund;Regensburg;Bayern;"{""lat"": null, ""lon"": null}";;false;;Jobcenter;https://www.arbeitsagentur.de;;931.98;2025;;;bmas;Bundesministerium für Arbeit und Soziales (BMAS);Jobcenter;Aggregiert unter Bundesagentur für Arbeit (BA);"[{""zu_id"": ""bmas"", ""typ"": ""UNTERSTELLT"", ""richtung"": ""eingehend"", ""seit"": null, ""quelle"": null}]";"[""https://www.arbeitsagentur.de""]";"{""vollstaendigkeit_prozent"": 66.7, ""zuletzt_verifiziert"": ""2026-06-06"", ""verifikation_noetig"": false}";2026-06-06;2.0
jobrem_4320;4320;1.0;Jobcenter Remscheid;;KdöR;Dienststelle der BA;Bund;Remscheid;;"{""lat"": null, ""lon"": null}";;false;;Jobcenter;https://www.arbeitsagentur.de;;;;;;bmas;Bundesministerium für Arbeit und Soziales (BMAS);Jobcenter;Aggregiert unter Bundesagentur für Arbeit (BA);"[{""zu_id"": ""bmas"", ""typ"": ""UNTERSTELLT"", ""richtung"": ""eingehend"", ""seit"": null, ""quelle"": null}]";"[""https://www.arbeitsagentur.de""]";"{""vollstaendigkeit_prozent"": 58.3, ""zuletzt_verifiziert"": ""2026-06-06"", ""verifikation_noetig"": false}";2026-06-06;2.0
jobremmur_14187;14187;1.0;Jobcenter Rems-Murr;;KdöR;Dienststelle der BA;Bund;Rems-Murr;;"{""lat"": null, ""lon"": null}";;false;;Jobcenter;https://www.arbeitsagentur.de;;;;;;bmas;Bundesministerium für Arbeit und Soziales (BMAS);Jobcenter;Aggregiert unter Bundesagentur für Arbeit (BA);"[{""zu_id"": ""bmas"", ""typ"": ""UNTERSTELLT"", ""richtung"": ""eingehend"", ""seit"": null, ""quelle"": null}]";"[""https://www.arbeitsagentur.de""]";"{""vollstaendigkeit_prozent"": 58.3, ""zuletzt_verifiziert"": ""2026-06-06"", ""verifikation_noetig"": false}";2026-06-06;2.0
jobrheber_4278;4278;1.0;Jobcenter Rhein-Berg;;KdöR;Dienststelle der BA;Bund;Rhein-Berg;;"{""lat"": null, ""lon"": null}";;false;;Jobcenter;https://www.arbeitsagentur.de;;;;;;bmas;Bundesministerium für Arbeit und Soziales (BMAS);Jobcenter;Aggregiert unter Bundesagentur für Arbeit (BA);"[{""zu_id"": ""bmas"", ""typ"": ""UNTERSTELLT"", ""richtung"": ""eingehend"", ""seit"": null, ""quelle"": null}]";"[""https://www.arbeitsagentur.de""]";"{""vollstaendigkeit_prozent"": 58.3, ""zuletzt_verifiziert"": ""2026-06-06"", ""verifikation_noetig"": false}";2026-06-06;2.0
jobrheerfkre_4283;4283;1.0;Jobcenter Rhein-Erft Kreis;;KdöR;Dienststelle der BA;Bund;Rhein-Erft Kreis;;"{""lat"": null, ""lon"": null}";;false;;Jobcenter;https://www.arbeitsagentur.de;;;;;;bmas;Bundesministerium für Arbeit und Soziales (BMAS);Jobcenter;Aggregiert unter Bundesagentur für Arbeit (BA);"[{""zu_id"": ""bmas"", ""typ"": ""UNTERSTELLT"", ""richtung"": ""eingehend"", ""seit"": null, ""quelle"": null}]";"[""https://www.arbeitsagentur.de""]";"{""vollstaendigkeit_prozent"": 58.3, ""zuletzt_verifiziert"": ""2026-06-06"", ""verifikation_noetig"": false}";2026-06-06;2.0
jobrhehun_14188;14188;1.0;Jobcenter Rhein-Hunsrück;;KdöR;Dienststelle der BA;Bund;Rhein-Hunsrück;;"{""lat"": null, ""lon"": null}";;false;;Jobcenter;https://www.arbeitsagentur.de;;;;;;bmas;Bundesministerium für Arbeit und Soziales (BMAS);Jobcenter;Aggregiert unter Bundesagentur für Arbeit (BA);"[{""zu_id"": ""bmas"", ""typ"": ""UNTERSTELLT"", ""richtung"": ""eingehend"", ""seit"": null, ""quelle"": null}]";"[""https://www.arbeitsagentur.de""]";"{""vollstaendigkeit_prozent"": 58.3, ""zuletzt_verifiziert"": ""2026-06-06"", ""verifikation_noetig"": false}";2026-06-06;2.0
jobrhekreneu_4315;4315;1.0;Jobcenter Rhein-Kreis Neuss;;KdöR;Dienststelle der BA;Bund;Rhein-Kreis Neuss;;"{""lat"": null, ""lon"": null}";;false;;Jobcenter;https://www.arbeitsagentur.de;;;;;;bmas;Bundesministerium für Arbeit und Soziales (BMAS);Jobcenter;Aggregiert unter Bundesagentur für Arbeit (BA);"[{""zu_id"": ""bmas"", ""typ"": ""UNTERSTELLT"", ""richtung"": ""eingehend"", ""seit"": null, ""quelle"": null}]";"[""https://www.arbeitsagentur.de""]";"{""vollstaendigkeit_prozent"": 58.3, ""zuletzt_verifiziert"": ""2026-06-06"", ""verifikation_noetig"": false}";2026-06-06;2.0
jobrhelahbadems_14189;14189;1.0;Jobcenter Rhein-Lahn/ Bad Ems;;KdöR;Dienststelle der BA;Bund;Rhein-Lahn;;"{""lat"": null, ""lon"": null}";;false;;Jobcenter;https://www.arbeitsagentur.de;;;;;;bmas;Bundesministerium für Arbeit und Soziales (BMAS);Jobcenter;Aggregiert unter Bundesagentur für Arbeit (BA);"[{""zu_id"": ""bmas"", ""typ"": ""UNTERSTELLT"", ""richtung"": ""eingehend"", ""seit"": null, ""quelle"": null}]";"[""https://www.arbeitsagentur.de""]";"{""vollstaendigkeit_prozent"": 58.3, ""zuletzt_verifiziert"": ""2026-06-06"", ""verifikation_noetig"": false}";2026-06-06;2.0
jobrheneckre_14060;14060;1.0;Jobcenter Rhein-Neckar-Kreis;;KdöR;Dienststelle der BA;Bund;Rhein-Neckar-Kreis;;"{""lat"": null, ""lon"": null}";;false;;Jobcenter;https://www.arbeitsagentur.de;;;;;;bmas;Bundesministerium für Arbeit und Soziales (BMAS);Jobcenter;Aggregiert unter Bundesagentur für Arbeit (BA);"[{""zu_id"": ""bmas"", ""typ"": ""UNTERSTELLT"", ""richtung"": ""eingehend"", ""seit"": null, ""quelle"": null}]";"[""https://www.arbeitsagentur.de""]";"{""vollstaendigkeit_prozent"": 58.3, ""zuletzt_verifiziert"": ""2026-06-06"", ""verifikation_noetig"": false}";2026-06-06;2.0
jobrhesie_4321;4321;1.0;Jobcenter Rhein-Sieg;;KdöR;Dienststelle der BA;Bund;Rhein-Sieg;;"{""lat"": null, ""lon"": null}";;false;;Jobcenter;https://www.arbeitsagentur.de;;;;;;bmas;Bundesministerium für Arbeit und Soziales (BMAS);Jobcenter;Aggregiert unter Bundesagentur für Arbeit (BA);"[{""zu_id"": ""bmas"", ""typ"": ""UNTERSTELLT"", ""richtung"": ""eingehend"", ""seit"": null, ""quelle"": null}]";"[""https://www.arbeitsagentur.de""]";"{""vollstaendigkeit_prozent"": 58.3, ""zuletzt_verifiziert"": ""2026-06-06"", ""verifikation_noetig"": false}";2026-06-06;2.0
jobrossta_12014;12014;1.0;Jobcenter Rosenheim Stadt;;KdöR;Dienststelle der BA;Bund;Rosenheim;;"{""lat"": null, ""lon"": null}";;false;;Jobcenter;https://www.arbeitsagentur.de;;931.98;2025;;;bmas;Bundesministerium für Arbeit und Soziales (BMAS);Jobcenter;Aggregiert unter Bundesagentur für Arbeit (BA);"[{""zu_id"": ""bmas"", ""typ"": ""UNTERSTELLT"", ""richtung"": ""eingehend"", ""seit"": null, ""quelle"": null}]";"[""https://www.arbeitsagentur.de""]";"{""vollstaendigkeit_prozent"": 58.3, ""zuletzt_verifiziert"": ""2026-06-06"", ""verifikation_noetig"": false}";2026-06-06;2.0
jobrot_12015;12015;1.0;Jobcenter Roth;;KdöR;Dienststelle der BA;Bund;Roth;;"{""lat"": null, ""lon"": null}";;false;;Jobcenter;https://www.arbeitsagentur.de;;;;;;bmas;Bundesministerium für Arbeit und Soziales (BMAS);Jobcenter;Aggregiert unter Bundesagentur für Arbeit (BA);"[{""zu_id"": ""bmas"", ""typ"": ""UNTERSTELLT"", ""richtung"": ""eingehend"", ""seit"": null, ""quelle"": null}]";"[""https://www.arbeitsagentur.de""]";"{""vollstaendigkeit_prozent"": 58.3, ""zuletzt_verifiziert"": ""2026-06-06"", ""verifikation_noetig"": false}";2026-06-06;2.0
jobsaahol_14190;14190;1.0;Jobcenter Saale-Holzland;;KdöR;Dienststelle der BA;Bund;Saale-Holzland;;"{""lat"": null, ""lon"": null}";;false;;Jobcenter;https://www.arbeitsagentur.de;;;;;;bmas;Bundesministerium für Arbeit und Soziales (BMAS);Jobcenter;Aggregiert unter Bundesagentur für Arbeit (BA);"[{""zu_id"": ""bmas"", ""typ"": ""UNTERSTELLT"", ""richtung"": ""eingehend"", ""seit"": null, ""quelle"": null}]";"[""https://www.arbeitsagentur.de""]";"{""vollstaendigkeit_prozent"": 58.3, ""zuletzt_verifiziert"": ""2026-06-06"", ""verifikation_noetig"": false}";2026-06-06;2.0
jobsaaorlkre_14191;14191;1.0;Jobcenter Saale-Orla-Kreis;;KdöR;Dienststelle der BA;Bund;Saale-Orla-Kreis;;"{""lat"": null, ""lon"": null}";;false;;Jobcenter;https://www.arbeitsagentur.de;;;;;;bmas;Bundesministerium für Arbeit und Soziales (BMAS);Jobcenter;Aggregiert unter Bundesagentur für Arbeit (BA);"[{""zu_id"": ""bmas"", ""typ"": ""UNTERSTELLT"", ""richtung"": ""eingehend"", ""seit"": null, ""quelle"": null}]";"[""https://www.arbeitsagentur.de""]";"{""vollstaendigkeit_prozent"": 58.3, ""zuletzt_verifiziert"": ""2026-06-06"", ""verifikation_noetig"": false}";2026-06-06;2.0
jobsaarud_14192;14192;1.0;Jobcenter Saalfeld-Rudolstadt;;KdöR;Dienststelle der BA;Bund;Saalfeld-Rudolstadt;;"{""lat"": null, ""lon"": null}";;false;;Jobcenter;https://www.arbeitsagentur.de;;;;;;bmas;Bundesministerium für Arbeit und Soziales (BMAS);Jobcenter;Aggregiert unter Bundesagentur für Arbeit (BA);"[{""zu_id"": ""bmas"", ""typ"": ""UNTERSTELLT"", ""richtung"": ""eingehend"", ""seit"": null, ""quelle"": null}]";"[""https://www.arbeitsagentur.de""]";"{""vollstaendigkeit_prozent"": 58.3, ""zuletzt_verifiziert"": ""2026-06-06"", ""verifikation_noetig"": false}";2026-06-06;2.0
jobsal_14193;14193;1.0;Jobcenter Salzgitter;;KdöR;Dienststelle der BA;Bund;Salzgitter;;"{""lat"": null, ""lon"": null}";;false;;Jobcenter;https://www.arbeitsagentur.de;;;;;;bmas;Bundesministerium für Arbeit und Soziales (BMAS);Jobcenter;Aggregiert unter Bundesagentur für Arbeit (BA);"[{""zu_id"": ""bmas"", ""typ"": ""UNTERSTELLT"", ""richtung"": ""eingehend"", ""seit"": null, ""quelle"": null}]";"[""https://www.arbeitsagentur.de""]";"{""vollstaendigkeit_prozent"": 58.3, ""zuletzt_verifiziert"": ""2026-06-06"", ""verifikation_noetig"": false}";2026-06-06;2.0
jobsch_12016;12016;1.0;Jobcenter Schwabach;;KdöR;Dienststelle der BA;Bund;Schwabach;;"{""lat"": null, ""lon"": null}";;false;;Jobcenter;https://www.arbeitsagentur.de;;;;;;bmas;Bundesministerium für Arbeit und Soziales (BMAS);Jobcenter;Aggregiert unter Bundesagentur für Arbeit (BA);"[{""zu_id"": ""bmas"", ""typ"": ""UNTERSTELLT"", ""richtung"": ""eingehend"", ""seit"": null, ""quelle"": null}]";"[""https://www.arbeitsagentur.de""]";"{""vollstaendigkeit_prozent"": 58.3, ""zuletzt_verifiziert"": ""2026-06-06"", ""verifikation_noetig"": false}";2026-06-06;2.0
jobsch_14198;14198;1.0;Jobcenter Schwerin;;KdöR;Dienststelle der BA;Bund;Schwerin;Mecklenburg-Vorpommern;"{""lat"": null, ""lon"": null}";;false;;Jobcenter;https://www.arbeitsagentur.de;;;;;;bmas;Bundesministerium für Arbeit und Soziales (BMAS);Jobcenter;Aggregiert unter Bundesagentur für Arbeit (BA);"[{""zu_id"": ""bmas"", ""typ"": ""UNTERSTELLT"", ""richtung"": ""eingehend"", ""seit"": null, ""quelle"": null}]";"[""https://www.arbeitsagentur.de""]";"{""vollstaendigkeit_prozent"": 66.7, ""zuletzt_verifiziert"": ""2026-06-06"", ""verifikation_noetig"": false}";2026-06-06;2.0
jobsta_14202;14202;1.0;Jobcenter Stade;;KdöR;Dienststelle der BA;Bund;Stade;;"{""lat"": null, ""lon"": null}";;false;;Jobcenter;https://www.arbeitsagentur.de;;;;;;bmas;Bundesministerium für Arbeit und Soziales (BMAS);Jobcenter;Aggregiert unter Bundesagentur für Arbeit (BA);"[{""zu_id"": ""bmas"", ""typ"": ""UNTERSTELLT"", ""richtung"": ""eingehend"", ""seit"": null, ""quelle"": null}]";"[""https://www.arbeitsagentur.de""]";"{""vollstaendigkeit_prozent"": 58.3, ""zuletzt_verifiziert"": ""2026-06-06"", ""verifikation_noetig"": false}";2026-06-06;2.0
jobstaans_14088;14088;1.0;Jobcenter Stadt Ansbach;;KdöR;Dienststelle der BA;Bund;Stadt Ansbach;;"{""lat"": null, ""lon"": null}";;false;;Jobcenter;https://www.arbeitsagentur.de;;931.98;2025;;;bmas;Bundesministerium für Arbeit und Soziales (BMAS);Jobcenter;Aggregiert unter Bundesagentur für Arbeit (BA);"[{""zu_id"": ""bmas"", ""typ"": ""UNTERSTELLT"", ""richtung"": ""eingehend"", ""seit"": null, ""quelle"": null}]";"[""https://www.arbeitsagentur.de""]";"{""vollstaendigkeit_prozent"": 58.3, ""zuletzt_verifiziert"": ""2026-06-06"", ""verifikation_noetig"": false}";2026-06-06;2.0
jobstaasc_12017;12017;1.0;Jobcenter Stadt Aschaffenburg;;KdöR;Dienststelle der BA;Bund;Stadt Aschaffenburg;;"{""lat"": null, ""lon"": null}";;false;;Jobcenter;https://www.arbeitsagentur.de;;931.98;2025;;;bmas;Bundesministerium für Arbeit und Soziales (BMAS);Jobcenter;Aggregiert unter Bundesagentur für Arbeit (BA);"[{""zu_id"": ""bmas"", ""typ"": ""UNTERSTELLT"", ""richtung"": ""eingehend"", ""seit"": null, ""quelle"": null}]";"[""https://www.arbeitsagentur.de""]";"{""vollstaendigkeit_prozent"": 58.3, ""zuletzt_verifiziert"": ""2026-06-06"", ""verifikation_noetig"": false}";2026-06-06;2.0
jobstabam_12018;12018;1.0;Jobcenter Stadt Bamberg;;KdöR;Dienststelle der BA;Bund;Bamberg;Bayern;"{""lat"": null, ""lon"": null}";;false;;Jobcenter;https://www.arbeitsagentur.de;;931.98;2025;;;bmas;Bundesministerium für Arbeit und Soziales (BMAS);Jobcenter;Aggregiert unter Bundesagentur für Arbeit (BA);"[{""zu_id"": ""bmas"", ""typ"": ""UNTERSTELLT"", ""richtung"": ""eingehend"", ""seit"": null, ""quelle"": null}]";"[""https://www.arbeitsagentur.de""]";"{""vollstaendigkeit_prozent"": 66.7, ""zuletzt_verifiziert"": ""2026-06-06"", ""verifikation_noetig"": false}";2026-06-06;2.0
jobstager_14127;14127;1.0;Jobcenter Stadt Gera;;KdöR;Dienststelle der BA;Bund;Gera;Thüringen;"{""lat"": null, ""lon"": null}";;false;;Jobcenter;https://www.arbeitsagentur.de;;931.98;2025;;;bmas;Bundesministerium für Arbeit und Soziales (BMAS);Jobcenter;Aggregiert unter Bundesagentur für Arbeit (BA);"[{""zu_id"": ""bmas"", ""typ"": ""UNTERSTELLT"", ""richtung"": ""eingehend"", ""seit"": null, ""quelle"": null}]";"[""https://www.arbeitsagentur.de""]";"{""vollstaendigkeit_prozent"": 66.7, ""zuletzt_verifiziert"": ""2026-06-06"", ""verifikation_noetig"": false}";2026-06-06;2.0
jobstahei_14203;14203;1.0;Jobcenter Stadt Heilbronn;;KdöR;Dienststelle der BA;Bund;Heilbronn;Baden-Württemberg;"{""lat"": null, ""lon"": null}";;false;;Jobcenter;https://www.arbeitsagentur.de;;931.98;2025;;;bmas;Bundesministerium für Arbeit und Soziales (BMAS);Jobcenter;Aggregiert unter Bundesagentur für Arbeit (BA);"[{""zu_id"": ""bmas"", ""typ"": ""UNTERSTELLT"", ""richtung"": ""eingehend"", ""seit"": null, ""quelle"": null}]";"[""https://www.arbeitsagentur.de""]";"{""vollstaendigkeit_prozent"": 66.7, ""zuletzt_verifiziert"": ""2026-06-06"", ""verifikation_noetig"": false}";2026-06-06;2.0
jobstakai_14204;14204;1.0;Jobcenter Stadt Kaiserslautern;;KdöR;Dienststelle der BA;Bund;Kaiserslautern;;"{""lat"": null, ""lon"": null}";;false;;Jobcenter;https://www.arbeitsagentur.de;;931.98;2025;;;bmas;Bundesministerium für Arbeit und Soziales (BMAS);Jobcenter;Aggregiert unter Bundesagentur für Arbeit (BA);"[{""zu_id"": ""bmas"", ""typ"": ""UNTERSTELLT"", ""richtung"": ""eingehend"", ""seit"": null, ""quelle"": null}]";"[""https://www.arbeitsagentur.de""]";"{""vollstaendigkeit_prozent"": 58.3, ""zuletzt_verifiziert"": ""2026-06-06"", ""verifikation_noetig"": false}";2026-06-06;2.0
jobstakar_16474;16474;1.0;Jobcenter Stadt Karlsruhe;;KdöR;Dienststelle der BA;Bund;Karlsruhe;Baden-Württemberg;"{""lat"": null, ""lon"": null}";;false;;Jobcenter;https://www.arbeitsagentur.de;;931.98;2025;;;bmas;Bundesministerium für Arbeit und Soziales (BMAS);Jobcenter;Aggregiert unter Bundesagentur für Arbeit (BA);"[{""zu_id"": ""bmas"", ""typ"": ""UNTERSTELLT"", ""richtung"": ""eingehend"", ""seit"": null, ""quelle"": null}]";"[""https://www.arbeitsagentur.de""]";"{""vollstaendigkeit_prozent"": 66.7, ""zuletzt_verifiziert"": ""2026-06-06"", ""verifikation_noetig"": false}";2026-06-06;2.0
jobstakas_14205;14205;1.0;Jobcenter Stadt Kassel;;KdöR;Dienststelle der BA;Bund;Stadt Kassel;;"{""lat"": null, ""lon"": null}";;false;;Jobcenter;https://www.arbeitsagentur.de;;931.98;2025;;;bmas;Bundesministerium für Arbeit und Soziales (BMAS);Jobcenter;Aggregiert unter Bundesagentur für Arbeit (BA);"[{""zu_id"": ""bmas"", ""typ"": ""UNTERSTELLT"", ""richtung"": ""eingehend"", ""seit"": null, ""quelle"": null}]";"[""https://www.arbeitsagentur.de""]";"{""vollstaendigkeit_prozent"": 58.3, ""zuletzt_verifiziert"": ""2026-06-06"", ""verifikation_noetig"": false}";2026-06-06;2.0
jobstakob_14144;14144;1.0;Jobcenter Stadt Koblenz;;KdöR;Dienststelle der BA;Bund;Koblenz;Rheinland-Pfalz;"{""lat"": null, ""lon"": null}";;false;;Jobcenter;https://www.arbeitsagentur.de;;931.98;2025;;;bmas;Bundesministerium für Arbeit und Soziales (BMAS);Jobcenter;Aggregiert unter Bundesagentur für Arbeit (BA);"[{""zu_id"": ""bmas"", ""typ"": ""UNTERSTELLT"", ""richtung"": ""eingehend"", ""seit"": null, ""quelle"": null}]";"[""https://www.arbeitsagentur.de""]";"{""vollstaendigkeit_prozent"": 66.7, ""zuletzt_verifiziert"": ""2026-06-06"", ""verifikation_noetig"": false}";2026-06-06;2.0
jobstamün_12007;12007;1.0;Jobcenter Stadt München;;KdöR;Dienststelle der BA;Bund;München;Bayern;"{""lat"": null, ""lon"": null}";;false;;Jobcenter;https://www.arbeitsagentur.de;;931.98;2025;;;bmas;Bundesministerium für Arbeit und Soziales (BMAS);Jobcenter;Aggregiert unter Bundesagentur für Arbeit (BA);"[{""zu_id"": ""bmas"", ""typ"": ""UNTERSTELLT"", ""richtung"": ""eingehend"", ""seit"": null, ""quelle"": null}]";"[""https://www.arbeitsagentur.de""]";"{""vollstaendigkeit_prozent"": 66.7, ""zuletzt_verifiziert"": ""2026-06-06"", ""verifikation_noetig"": false}";2026-06-06;2.0
jobstaold_5129;5129;1.0;Jobcenter Stadt Oldenburg;;KdöR;Dienststelle der BA;Bund;Stadt Oldenburg;;"{""lat"": null, ""lon"": null}";;false;;Jobcenter;https://www.arbeitsagentur.de;;931.98;2025;;;bmas;Bundesministerium für Arbeit und Soziales (BMAS);Jobcenter;Aggregiert unter Bundesagentur für Arbeit (BA);"[{""zu_id"": ""bmas"", ""typ"": ""UNTERSTELLT"", ""richtung"": ""eingehend"", ""seit"": null, ""quelle"": null}]";"[""https://www.arbeitsagentur.de""]";"{""vollstaendigkeit_prozent"": 58.3, ""zuletzt_verifiziert"": ""2026-06-06"", ""verifikation_noetig"": false}";2026-06-06;2.0
jobstawür_12020;12020;1.0;Jobcenter Stadt Würzburg;;KdöR;Dienststelle der BA;Bund;Würzburg;Bayern;"{""lat"": null, ""lon"": null}";;false;;Jobcenter;https://www.arbeitsagentur.de;;931.98;2025;;;bmas;Bundesministerium für Arbeit und Soziales (BMAS);Jobcenter;Aggregiert unter Bundesagentur für Arbeit (BA);"[{""zu_id"": ""bmas"", ""typ"": ""UNTERSTELLT"", ""richtung"": ""eingehend"", ""seit"": null, ""quelle"": null}]";"[""https://www.arbeitsagentur.de""]";"{""vollstaendigkeit_prozent"": 66.7, ""zuletzt_verifiziert"": ""2026-06-06"", ""verifikation_noetig"": false}";2026-06-06;2.0
jobste_14154;14154;1.0;Jobcenter Stendal;;KdöR;Dienststelle der BA;Bund;Stendal;;"{""lat"": null, ""lon"": null}";;false;;Jobcenter;https://www.arbeitsagentur.de;;;;;;bmas;Bundesministerium für Arbeit und Soziales (BMAS);Jobcenter;Aggregiert unter Bundesagentur für Arbeit (BA);"[{""zu_id"": ""bmas"", ""typ"": ""UNTERSTELLT"", ""richtung"": ""eingehend"", ""seit"": null, ""quelle"": null}]";"[""https://www.arbeitsagentur.de""]";"{""vollstaendigkeit_prozent"": 58.3, ""zuletzt_verifiziert"": ""2026-06-06"", ""verifikation_noetig"": false}";2026-06-06;2.0
jobste_14206;14206;1.0;Jobcenter Steinburg;;KdöR;Dienststelle der BA;Bund;Steinburg;;"{""lat"": null, ""lon"": null}";;false;;Jobcenter;https://www.arbeitsagentur.de;;;;;;bmas;Bundesministerium für Arbeit und Soziales (BMAS);Jobcenter;Aggregiert unter Bundesagentur für Arbeit (BA);"[{""zu_id"": ""bmas"", ""typ"": ""UNTERSTELLT"", ""richtung"": ""eingehend"", ""seit"": null, ""quelle"": null}]";"[""https://www.arbeitsagentur.de""]";"{""vollstaendigkeit_prozent"": 58.3, ""zuletzt_verifiziert"": ""2026-06-06"", ""verifikation_noetig"": false}";2026-06-06;2.0
jobsto_14207;14207;1.0;Jobcenter Stormarn;;KdöR;Dienststelle der BA;Bund;Stormarn;;"{""lat"": null, ""lon"": null}";;false;;Jobcenter;https://www.arbeitsagentur.de;;;;;;bmas;Bundesministerium für Arbeit und Soziales (BMAS);Jobcenter;Aggregiert unter Bundesagentur für Arbeit (BA);"[{""zu_id"": ""bmas"", ""typ"": ""UNTERSTELLT"", ""richtung"": ""eingehend"", ""seit"": null, ""quelle"": null}]";"[""https://www.arbeitsagentur.de""]";"{""vollstaendigkeit_prozent"": 58.3, ""zuletzt_verifiziert"": ""2026-06-06"", ""verifikation_noetig"": false}";2026-06-06;2.0
jobstrbog_12021;12021;1.0;Jobcenter Straubing- Bogen;;KdöR;Dienststelle der BA;Bund;Straubing- Bogen;;"{""lat"": null, ""lon"": null}";;false;;Jobcenter;https://www.arbeitsagentur.de;;;;;;bmas;Bundesministerium für Arbeit und Soziales (BMAS);Jobcenter;Aggregiert unter Bundesagentur für Arbeit (BA);"[{""zu_id"": ""bmas"", ""typ"": ""UNTERSTELLT"", ""richtung"": ""eingehend"", ""seit"": null, ""quelle"": null}]";"[""https://www.arbeitsagentur.de""]";"{""vollstaendigkeit_prozent"": 58.3, ""zuletzt_verifiziert"": ""2026-06-06"", ""verifikation_noetig"": false}";2026-06-06;2.0
jobstäaac_4280;4280;1.0;Jobcenter StädteRegion Aachen;;KdöR;Dienststelle der BA;Bund;Aachen;Nordrhein-Westfalen;"{""lat"": null, ""lon"": null}";;false;;Jobcenter;https://www.arbeitsagentur.de;;;;;;bmas;Bundesministerium für Arbeit und Soziales (BMAS);Jobcenter;Aggregiert unter Bundesagentur für Arbeit (BA);"[{""zu_id"": ""bmas"", ""typ"": ""UNTERSTELLT"", ""richtung"": ""eingehend"", ""seit"": null, ""quelle"": null}]";"[""https://www.arbeitsagentur.de""]";"{""vollstaendigkeit_prozent"": 66.7, ""zuletzt_verifiziert"": ""2026-06-06"", ""verifikation_noetig"": false}";2026-06-06;2.0
jobsuh_14209;14209;1.0;Jobcenter Suhl;;KdöR;Dienststelle der BA;Bund;Suhl;;"{""lat"": null, ""lon"": null}";;false;;Jobcenter;https://www.arbeitsagentur.de;;;;;;bmas;Bundesministerium für Arbeit und Soziales (BMAS);Jobcenter;Aggregiert unter Bundesagentur für Arbeit (BA);"[{""zu_id"": ""bmas"", ""typ"": ""UNTERSTELLT"", ""richtung"": ""eingehend"", ""seit"": null, ""quelle"": null}]";"[""https://www.arbeitsagentur.de""]";"{""vollstaendigkeit_prozent"": 58.3, ""zuletzt_verifiziert"": ""2026-06-06"", ""verifikation_noetig"": false}";2026-06-06;2.0
jobsäcschost_14182;14182;1.0;Jobcenter Sächsische Schweiz-Osterzgebirge;;KdöR;Dienststelle der BA;Bund;Sächsische Schweiz-Osterzgebirge;;"{""lat"": null, ""lon"": null}";;false;;Jobcenter;https://www.arbeitsagentur.de;;;;;;bmas;Bundesministerium für Arbeit und Soziales (BMAS);Jobcenter;Aggregiert unter Bundesagentur für Arbeit (BA);"[{""zu_id"": ""bmas"", ""typ"": ""UNTERSTELLT"", ""richtung"": ""eingehend"", ""seit"": null, ""quelle"": null}]";"[""https://www.arbeitsagentur.de""]";"{""vollstaendigkeit_prozent"": 58.3, ""zuletzt_verifiziert"": ""2026-06-06"", ""verifikation_noetig"": false}";2026-06-06;2.0
jobsöm_14201;14201;1.0;Jobcenter Sömmerda;;KdöR;Dienststelle der BA;Bund;Sömmerda;;"{""lat"": null, ""lon"": null}";;false;;Jobcenter;https://www.arbeitsagentur.de;;;;;;bmas;Bundesministerium für Arbeit und Soziales (BMAS);Jobcenter;Aggregiert unter Bundesagentur für Arbeit (BA);"[{""zu_id"": ""bmas"", ""typ"": ""UNTERSTELLT"", ""richtung"": ""eingehend"", ""seit"": null, ""quelle"": null}]";"[""https://www.arbeitsagentur.de""]";"{""vollstaendigkeit_prozent"": 58.3, ""zuletzt_verifiziert"": ""2026-06-06"", ""verifikation_noetig"": false}";2026-06-06;2.0
jobteaarbham_13632;13632;1.0;Jobcenter team.arbeit.hamburg;;KdöR;Dienststelle der BA;Bund;Hamburg;Hamburg;"{""lat"": null, ""lon"": null}";;false;;Jobcenter;https://www.arbeitsagentur.de;;;;;;bmas;Bundesministerium für Arbeit und Soziales (BMAS);Jobcenter;Aggregiert unter Bundesagentur für Arbeit (BA);"[{""zu_id"": ""bmas"", ""typ"": ""UNTERSTELLT"", ""richtung"": ""eingehend"", ""seit"": null, ""quelle"": null}]";"[""https://www.arbeitsagentur.de""]";"{""vollstaendigkeit_prozent"": 66.7, ""zuletzt_verifiziert"": ""2026-06-06"", ""verifikation_noetig"": false}";2026-06-06;2.0
jobtir_12022;12022;1.0;Jobcenter Tirschenreuth;;KdöR;Dienststelle der BA;Bund;Tirschenreuth;;"{""lat"": null, ""lon"": null}";;false;;Jobcenter;https://www.arbeitsagentur.de;;;;;;bmas;Bundesministerium für Arbeit und Soziales (BMAS);Jobcenter;Aggregiert unter Bundesagentur für Arbeit (BA);"[{""zu_id"": ""bmas"", ""typ"": ""UNTERSTELLT"", ""richtung"": ""eingehend"", ""seit"": null, ""quelle"": null}]";"[""https://www.arbeitsagentur.de""]";"{""vollstaendigkeit_prozent"": 58.3, ""zuletzt_verifiziert"": ""2026-06-06"", ""verifikation_noetig"": false}";2026-06-06;2.0
jobtra_12023;12023;1.0;Jobcenter Traunstein;;KdöR;Dienststelle der BA;Bund;Traunstein;;"{""lat"": null, ""lon"": null}";;false;;Jobcenter;https://www.arbeitsagentur.de;;;;;;bmas;Bundesministerium für Arbeit und Soziales (BMAS);Jobcenter;Aggregiert unter Bundesagentur für Arbeit (BA);"[{""zu_id"": ""bmas"", ""typ"": ""UNTERSTELLT"", ""richtung"": ""eingehend"", ""seit"": null, ""quelle"": null}]";"[""https://www.arbeitsagentur.de""]";"{""vollstaendigkeit_prozent"": 58.3, ""zuletzt_verifiziert"": ""2026-06-06"", ""verifikation_noetig"": false}";2026-06-06;2.0
jobtri_14210;14210;1.0;Jobcenter Trier;;KdöR;Dienststelle der BA;Bund;Trier;Rheinland-Pfalz;"{""lat"": null, ""lon"": null}";;false;;Jobcenter;https://www.arbeitsagentur.de;;;;;;bmas;Bundesministerium für Arbeit und Soziales (BMAS);Jobcenter;Aggregiert unter Bundesagentur für Arbeit (BA);"[{""zu_id"": ""bmas"", ""typ"": ""UNTERSTELLT"", ""richtung"": ""eingehend"", ""seit"": null, ""quelle"": null}]";"[""https://www.arbeitsagentur.de""]";"{""vollstaendigkeit_prozent"": 66.7, ""zuletzt_verifiziert"": ""2026-06-06"", ""verifikation_noetig"": false}";2026-06-06;2.0
jobtrisaa_14211;14211;1.0;Jobcenter Trier-Saarburg;;KdöR;Dienststelle der BA;Bund;Trier;Rheinland-Pfalz;"{""lat"": null, ""lon"": null}";;false;;Jobcenter;https://www.arbeitsagentur.de;;;;;;bmas;Bundesministerium für Arbeit und Soziales (BMAS);Jobcenter;Aggregiert unter Bundesagentur für Arbeit (BA);"[{""zu_id"": ""bmas"", ""typ"": ""UNTERSTELLT"", ""richtung"": ""eingehend"", ""seit"": null, ""quelle"": null}]";"[""https://www.arbeitsagentur.de""]";"{""vollstaendigkeit_prozent"": 66.7, ""zuletzt_verifiziert"": ""2026-06-06"", ""verifikation_noetig"": false}";2026-06-06;2.0
jobuecranvorgre_14062;14062;1.0;Jobcenter Uecker-Randow, Vorpommern - Greifswald Süd;;KdöR;Dienststelle der BA;Bund;Greifswald;Mecklenburg-Vorpommern;"{""lat"": null, ""lon"": null}";;false;;Jobcenter;https://www.arbeitsagentur.de;;;;;;bmas;Bundesministerium für Arbeit und Soziales (BMAS);Jobcenter;Aggregiert unter Bundesagentur für Arbeit (BA);"[{""zu_id"": ""bmas"", ""typ"": ""UNTERSTELLT"", ""richtung"": ""eingehend"", ""seit"": null, ""quelle"": null}]";"[""https://www.arbeitsagentur.de""]";"{""vollstaendigkeit_prozent"": 66.7, ""zuletzt_verifiziert"": ""2026-06-06"", ""verifikation_noetig"": false}";2026-06-06;2.0
jobuel_14165;14165;1.0;Jobcenter Uelzen;;KdöR;Dienststelle der BA;Bund;Uelzen;;"{""lat"": null, ""lon"": null}";;false;;Jobcenter;https://www.arbeitsagentur.de;;;;;;bmas;Bundesministerium für Arbeit und Soziales (BMAS);Jobcenter;Aggregiert unter Bundesagentur für Arbeit (BA);"[{""zu_id"": ""bmas"", ""typ"": ""UNTERSTELLT"", ""richtung"": ""eingehend"", ""seit"": null, ""quelle"": null}]";"[""https://www.arbeitsagentur.de""]";"{""vollstaendigkeit_prozent"": 58.3, ""zuletzt_verifiziert"": ""2026-06-06"", ""verifikation_noetig"": false}";2026-06-06;2.0
jobulm_14212;14212;1.0;Jobcenter Ulm;;KdöR;Dienststelle der BA;Bund;Ulm;Baden-Württemberg;"{""lat"": null, ""lon"": null}";;false;;Jobcenter;https://www.arbeitsagentur.de;;;;;;bmas;Bundesministerium für Arbeit und Soziales (BMAS);Jobcenter;Aggregiert unter Bundesagentur für Arbeit (BA);"[{""zu_id"": ""bmas"", ""typ"": ""UNTERSTELLT"", ""richtung"": ""eingehend"", ""seit"": null, ""quelle"": null}]";"[""https://www.arbeitsagentur.de""]";"{""vollstaendigkeit_prozent"": 66.7, ""zuletzt_verifiziert"": ""2026-06-06"", ""verifikation_noetig"": false}";2026-06-06;2.0
jobunshaikre_14213;14213;1.0;Jobcenter Unstrut-Hainich-Kreis;;KdöR;Dienststelle der BA;Bund;Unstrut-Hainich-Kreis;;"{""lat"": null, ""lon"": null}";;false;;Jobcenter;https://www.arbeitsagentur.de;;;;;;bmas;Bundesministerium für Arbeit und Soziales (BMAS);Jobcenter;Aggregiert unter Bundesagentur für Arbeit (BA);"[{""zu_id"": ""bmas"", ""typ"": ""UNTERSTELLT"", ""richtung"": ""eingehend"", ""seit"": null, ""quelle"": null}]";"[""https://www.arbeitsagentur.de""]";"{""vollstaendigkeit_prozent"": 58.3, ""zuletzt_verifiziert"": ""2026-06-06"", ""verifikation_noetig"": false}";2026-06-06;2.0
jobunt_12000;12000;1.0;Jobcenter Unterallgäu;;KdöR;Dienststelle der BA;Bund;Unterallgäu;;"{""lat"": null, ""lon"": null}";;false;;Jobcenter;https://www.arbeitsagentur.de;;;;;;bmas;Bundesministerium für Arbeit und Soziales (BMAS);Jobcenter;Aggregiert unter Bundesagentur für Arbeit (BA);"[{""zu_id"": ""bmas"", ""typ"": ""UNTERSTELLT"", ""richtung"": ""eingehend"", ""seit"": null, ""quelle"": null}]";"[""https://www.arbeitsagentur.de""]";"{""vollstaendigkeit_prozent"": 58.3, ""zuletzt_verifiziert"": ""2026-06-06"", ""verifikation_noetig"": false}";2026-06-06;2.0
jobvorlud_14216;14216;1.0;Jobcenter Vorderpfalz-Ludwigshafen;;KdöR;Dienststelle der BA;Bund;Vorderpfalz-Ludwigshafen;;"{""lat"": null, ""lon"": null}";;false;;Jobcenter;https://www.arbeitsagentur.de;;;;;;bmas;Bundesministerium für Arbeit und Soziales (BMAS);Jobcenter;Aggregiert unter Bundesagentur für Arbeit (BA);"[{""zu_id"": ""bmas"", ""typ"": ""UNTERSTELLT"", ""richtung"": ""eingehend"", ""seit"": null, ""quelle"": null}]";"[""https://www.arbeitsagentur.de""]";"{""vollstaendigkeit_prozent"": 58.3, ""zuletzt_verifiziert"": ""2026-06-06"", ""verifikation_noetig"": false}";2026-06-06;2.0
jobwalfra_14063;14063;1.0;Jobcenter Waldeck-Frankenberg;;KdöR;Dienststelle der BA;Bund;Waldeck-Frankenberg;;"{""lat"": null, ""lon"": null}";;false;;Jobcenter;https://www.arbeitsagentur.de;;;;;;bmas;Bundesministerium für Arbeit und Soziales (BMAS);Jobcenter;Aggregiert unter Bundesagentur für Arbeit (BA);"[{""zu_id"": ""bmas"", ""typ"": ""UNTERSTELLT"", ""richtung"": ""eingehend"", ""seit"": null, ""quelle"": null}]";"[""https://www.arbeitsagentur.de""]";"{""vollstaendigkeit_prozent"": 58.3, ""zuletzt_verifiziert"": ""2026-06-06"", ""verifikation_noetig"": false}";2026-06-06;2.0
jobwar_14217;14217;1.0;Jobcenter Wartburgkreis;;KdöR;Dienststelle der BA;Bund;Wartburgkreis;;"{""lat"": null, ""lon"": null}";;false;;Jobcenter;https://www.arbeitsagentur.de;;;;;;bmas;Bundesministerium für Arbeit und Soziales (BMAS);Jobcenter;Aggregiert unter Bundesagentur für Arbeit (BA);"[{""zu_id"": ""bmas"", ""typ"": ""UNTERSTELLT"", ""richtung"": ""eingehend"", ""seit"": null, ""quelle"": null}]";"[""https://www.arbeitsagentur.de""]";"{""vollstaendigkeit_prozent"": 58.3, ""zuletzt_verifiziert"": ""2026-06-06"", ""verifikation_noetig"": false}";2026-06-06;2.0
jobwei_14218;14218;1.0;Jobcenter Weimar;;KdöR;Dienststelle der BA;Bund;Weimar;;"{""lat"": null, ""lon"": null}";;false;;Jobcenter;https://www.arbeitsagentur.de;;;;;;bmas;Bundesministerium für Arbeit und Soziales (BMAS);Jobcenter;Aggregiert unter Bundesagentur für Arbeit (BA);"[{""zu_id"": ""bmas"", ""typ"": ""UNTERSTELLT"", ""richtung"": ""eingehend"", ""seit"": null, ""quelle"": null}]";"[""https://www.arbeitsagentur.de""]";"{""vollstaendigkeit_prozent"": 58.3, ""zuletzt_verifiziert"": ""2026-06-06"", ""verifikation_noetig"": false}";2026-06-06;2.0
jobweigun_12026;12026;1.0;Jobcenter Weißenburg-Gunzenhausen;;KdöR;Dienststelle der BA;Bund;Weißenburg-Gunzenhausen;;"{""lat"": null, ""lon"": null}";;false;;Jobcenter;https://www.arbeitsagentur.de;;;;;;bmas;Bundesministerium für Arbeit und Soziales (BMAS);Jobcenter;Aggregiert unter Bundesagentur für Arbeit (BA);"[{""zu_id"": ""bmas"", ""typ"": ""UNTERSTELLT"", ""richtung"": ""eingehend"", ""seit"": null, ""quelle"": null}]";"[""https://www.arbeitsagentur.de""]";"{""vollstaendigkeit_prozent"": 58.3, ""zuletzt_verifiziert"": ""2026-06-06"", ""verifikation_noetig"": false}";2026-06-06;2.0
jobweilan_14219;14219;1.0;Jobcenter Weimarer Land;;KdöR;Dienststelle der BA;Bund;Weimar;;"{""lat"": null, ""lon"": null}";;false;;Jobcenter;https://www.arbeitsagentur.de;;;;;;bmas;Bundesministerium für Arbeit und Soziales (BMAS);Jobcenter;Aggregiert unter Bundesagentur für Arbeit (BA);"[{""zu_id"": ""bmas"", ""typ"": ""UNTERSTELLT"", ""richtung"": ""eingehend"", ""seit"": null, ""quelle"": null}]";"[""https://www.arbeitsagentur.de""]";"{""vollstaendigkeit_prozent"": 58.3, ""zuletzt_verifiziert"": ""2026-06-06"", ""verifikation_noetig"": false}";2026-06-06;2.0
jobweineu_12024;12024;1.0;Jobcenter Weiden-Neustadt;;KdöR;Dienststelle der BA;Bund;Weiden-Neustadt;;"{""lat"": null, ""lon"": null}";;false;;Jobcenter;https://www.arbeitsagentur.de;;;;;;bmas;Bundesministerium für Arbeit und Soziales (BMAS);Jobcenter;Aggregiert unter Bundesagentur für Arbeit (BA);"[{""zu_id"": ""bmas"", ""typ"": ""UNTERSTELLT"", ""richtung"": ""eingehend"", ""seit"": null, ""quelle"": null}]";"[""https://www.arbeitsagentur.de""]";"{""vollstaendigkeit_prozent"": 58.3, ""zuletzt_verifiziert"": ""2026-06-06"", ""verifikation_noetig"": false}";2026-06-06;2.0
jobwermei_14220;14220;1.0;Jobcenter Werra-Meißner;;KdöR;Dienststelle der BA;Bund;Werra-Meißner;;"{""lat"": null, ""lon"": null}";;false;;Jobcenter;https://www.arbeitsagentur.de;;;;;;bmas;Bundesministerium für Arbeit und Soziales (BMAS);Jobcenter;Aggregiert unter Bundesagentur für Arbeit (BA);"[{""zu_id"": ""bmas"", ""typ"": ""UNTERSTELLT"", ""richtung"": ""eingehend"", ""seit"": null, ""quelle"": null}]";"[""https://www.arbeitsagentur.de""]";"{""vollstaendigkeit_prozent"": 58.3, ""zuletzt_verifiziert"": ""2026-06-06"", ""verifikation_noetig"": false}";2026-06-06;2.0
jobwes_14221;14221;1.0;Jobcenter Wesermarsch;;KdöR;Dienststelle der BA;Bund;Wesermarsch;;"{""lat"": null, ""lon"": null}";;false;;Jobcenter;https://www.arbeitsagentur.de;;;;;;bmas;Bundesministerium für Arbeit und Soziales (BMAS);Jobcenter;Aggregiert unter Bundesagentur für Arbeit (BA);"[{""zu_id"": ""bmas"", ""typ"": ""UNTERSTELLT"", ""richtung"": ""eingehend"", ""seit"": null, ""quelle"": null}]";"[""https://www.arbeitsagentur.de""]";"{""vollstaendigkeit_prozent"": 58.3, ""zuletzt_verifiziert"": ""2026-06-06"", ""verifikation_noetig"": false}";2026-06-06;2.0
jobwes_14222;14222;1.0;Jobcenter Westerwald;;KdöR;Dienststelle der BA;Bund;Westerwald;;"{""lat"": null, ""lon"": null}";;false;;Jobcenter;https://www.arbeitsagentur.de;;;;;;bmas;Bundesministerium für Arbeit und Soziales (BMAS);Jobcenter;Aggregiert unter Bundesagentur für Arbeit (BA);"[{""zu_id"": ""bmas"", ""typ"": ""UNTERSTELLT"", ""richtung"": ""eingehend"", ""seit"": null, ""quelle"": null}]";"[""https://www.arbeitsagentur.de""]";"{""vollstaendigkeit_prozent"": 58.3, ""zuletzt_verifiziert"": ""2026-06-06"", ""verifikation_noetig"": false}";2026-06-06;2.0
jobwet_14223;14223;1.0;Jobcenter Wetteraukreis;;KdöR;Dienststelle der BA;Bund;Wetteraukreis;;"{""lat"": null, ""lon"": null}";;false;;Jobcenter;https://www.arbeitsagentur.de;;;;;;bmas;Bundesministerium für Arbeit und Soziales (BMAS);Jobcenter;Aggregiert unter Bundesagentur für Arbeit (BA);"[{""zu_id"": ""bmas"", ""typ"": ""UNTERSTELLT"", ""richtung"": ""eingehend"", ""seit"": null, ""quelle"": null}]";"[""https://www.arbeitsagentur.de""]";"{""vollstaendigkeit_prozent"": 58.3, ""zuletzt_verifiziert"": ""2026-06-06"", ""verifikation_noetig"": false}";2026-06-06;2.0
jobwil_14224;14224;1.0;Jobcenter Wilhelmshaven;;KdöR;Dienststelle der BA;Bund;Wilhelmshaven;;"{""lat"": null, ""lon"": null}";;false;;Jobcenter;https://www.arbeitsagentur.de;;;;;;bmas;Bundesministerium für Arbeit und Soziales (BMAS);Jobcenter;Aggregiert unter Bundesagentur für Arbeit (BA);"[{""zu_id"": ""bmas"", ""typ"": ""UNTERSTELLT"", ""richtung"": ""eingehend"", ""seit"": null, ""quelle"": null}]";"[""https://www.arbeitsagentur.de""]";"{""vollstaendigkeit_prozent"": 58.3, ""zuletzt_verifiziert"": ""2026-06-06"", ""verifikation_noetig"": false}";2026-06-06;2.0
jobwitlan_12027;12027;1.0;Jobcenter Wittelsbacher Land;;KdöR;Dienststelle der BA;Bund;Wittelsbacher Land;;"{""lat"": null, ""lon"": null}";;false;;Jobcenter;https://www.arbeitsagentur.de;;;;;;bmas;Bundesministerium für Arbeit und Soziales (BMAS);Jobcenter;Aggregiert unter Bundesagentur für Arbeit (BA);"[{""zu_id"": ""bmas"", ""typ"": ""UNTERSTELLT"", ""richtung"": ""eingehend"", ""seit"": null, ""quelle"": null}]";"[""https://www.arbeitsagentur.de""]";"{""vollstaendigkeit_prozent"": 58.3, ""zuletzt_verifiziert"": ""2026-06-06"", ""verifikation_noetig"": false}";2026-06-06;2.0
jobwol_14227;14227;1.0;Jobcenter Wolfenbüttel;;KdöR;Dienststelle der BA;Bund;Wolfenbüttel;;"{""lat"": null, ""lon"": null}";;false;;Jobcenter;https://www.arbeitsagentur.de;;;;;;bmas;Bundesministerium für Arbeit und Soziales (BMAS);Jobcenter;Aggregiert unter Bundesagentur für Arbeit (BA);"[{""zu_id"": ""bmas"", ""typ"": ""UNTERSTELLT"", ""richtung"": ""eingehend"", ""seit"": null, ""quelle"": null}]";"[""https://www.arbeitsagentur.de""]";"{""vollstaendigkeit_prozent"": 58.3, ""zuletzt_verifiziert"": ""2026-06-06"", ""verifikation_noetig"": false}";2026-06-06;2.0
jobwol_14228;14228;1.0;Jobcenter Wolfsburg;;KdöR;Dienststelle der BA;Bund;Wolfsburg;Niedersachsen;"{""lat"": null, ""lon"": null}";;false;;Jobcenter;https://www.arbeitsagentur.de;;;;;;bmas;Bundesministerium für Arbeit und Soziales (BMAS);Jobcenter;Aggregiert unter Bundesagentur für Arbeit (BA);"[{""zu_id"": ""bmas"", ""typ"": ""UNTERSTELLT"", ""richtung"": ""eingehend"", ""seit"": null, ""quelle"": null}]";"[""https://www.arbeitsagentur.de""]";"{""vollstaendigkeit_prozent"": 66.7, ""zuletzt_verifiziert"": ""2026-06-06"", ""verifikation_noetig"": false}";2026-06-06;2.0
jobzol_14230;14230;1.0;Jobcenter Zollernalbkreis;;KdöR;Dienststelle der BA;Bund;Zollernalbkreis;;"{""lat"": null, ""lon"": null}";;false;;Jobcenter;https://www.arbeitsagentur.de;;;;;;bmas;Bundesministerium für Arbeit und Soziales (BMAS);Jobcenter;Aggregiert unter Bundesagentur für Arbeit (BA);"[{""zu_id"": ""bmas"", ""typ"": ""UNTERSTELLT"", ""richtung"": ""eingehend"", ""seit"": null, ""quelle"": null}]";"[""https://www.arbeitsagentur.de""]";"{""vollstaendigkeit_prozent"": 58.3, ""zuletzt_verifiziert"": ""2026-06-06"", ""verifikation_noetig"": false}";2026-06-06;2.0
jobzwe_14231;14231;1.0;Jobcenter Zweibrücken;;KdöR;Dienststelle der BA;Bund;Zweibrücken;;"{""lat"": null, ""lon"": null}";;false;;Jobcenter;https://www.arbeitsagentur.de;;;;;;bmas;Bundesministerium für Arbeit und Soziales (BMAS);Jobcenter;Aggregiert unter Bundesagentur für Arbeit (BA);"[{""zu_id"": ""bmas"", ""typ"": ""UNTERSTELLT"", ""richtung"": ""eingehend"", ""seit"": null, ""quelle"": null}]";"[""https://www.arbeitsagentur.de""]";"{""vollstaendigkeit_prozent"": 58.3, ""zuletzt_verifiziert"": ""2026-06-06"", ""verifikation_noetig"": false}";2026-06-06;2.0
jobzwi_14232;14232;1.0;Jobcenter Zwickau;;KdöR;Dienststelle der BA;Bund;Zwickau;;"{""lat"": null, ""lon"": null}";;false;;Jobcenter;https://www.arbeitsagentur.de;;;;;;bmas;Bundesministerium für Arbeit und Soziales (BMAS);Jobcenter;Aggregiert unter Bundesagentur für Arbeit (BA);"[{""zu_id"": ""bmas"", ""typ"": ""UNTERSTELLT"", ""richtung"": ""eingehend"", ""seit"": null, ""quelle"": null}]";"[""https://www.arbeitsagentur.de""]";"{""vollstaendigkeit_prozent"": 58.3, ""zuletzt_verifiziert"": ""2026-06-06"", ""verifikation_noetig"": false}";2026-06-06;2.0
johheithüinsbun_616;616;1.0;Johann Heinrich von Thünen-Institut,Bundesforschungsinstitut für Ländliche Räume, Wald und Fischerei;;Bundesoberbehörde;Bundesbehörde;Bund;Berlin;Berlin;"{""lat"": null, ""lon"": null}";;false;;;https://www.service.bund.de;;104.61;2025;;;bmelh;Bundesministerium für Ernährung und Landwirtschaft (BMEL);;Finanzierung über das Ressort Bundesministerium für Ernährung und Landwirtschaft (BMEL);"[{""zu_id"": ""bmelh"", ""typ"": ""UNTERSTELLT"", ""richtung"": ""eingehend"", ""seit"": null, ""quelle"": null}]";"[""https://www.service.bund.de""]";"{""vollstaendigkeit_prozent"": 58.3, ""zuletzt_verifiziert"": ""2026-06-06"", ""verifikation_noetig"": false}";2026-06-06;2.0
julkühinsbunfür_617;617;1.0;Julius-Kühn Institut, Bundesforschungsinstitut für Kulturpflanzen;;Bundesanstalt;Bundesbehörde;Bund;Berlin;Berlin;"{""lat"": null, ""lon"": null}";;false;;Forschung;https://www.service.bund.de;;113.8;2025;744;2024;bmelh;Bundesministerium für Ernährung und Landwirtschaft (BMEL);Forschung;Finanzierung über das Ressort Bundesministerium für Ernährung und Landwirtschaft (BMEL);"[{""zu_id"": ""bmelh"", ""typ"": ""UNTERSTELLT"", ""richtung"": ""eingehend"", ""seit"": null, ""quelle"": null}]";"[""https://www.service.bund.de""]";"{""vollstaendigkeit_prozent"": 75.0, ""zuletzt_verifiziert"": ""2026-06-06"", ""verifikation_noetig"": false}";2026-06-06;2.0
jusfürver_85;85;1.0;Bundesministerium der Justiz und für Verbraucherschutz;;Ministerium;Bundesbehörde;Bund;Berlin;Berlin;"{""lat"": null, ""lon"": null}";;false;;Ministerium;https://www.service.bund.de;;1213.0;2025;676;2024;bmjv;Bundesministerium der Justiz (BMJ);Ministerium;Finanzierung über das Ressort Bundesministerium der Justiz (BMJ);"[{""zu_id"": ""bmjv"", ""typ"": ""UNTERSTELLT"", ""richtung"": ""eingehend"", ""seit"": null, ""quelle"": null}]";"[""https://www.service.bund.de""]";"{""vollstaendigkeit_prozent"": 75.0, ""zuletzt_verifiziert"": ""2026-06-06"", ""verifikation_noetig"": false}";2026-06-06;2.0
jülentfürnukmbh_51161;51161;1.0;Jülicher Entsorgungsgesellschaft für Nuklearanlagen mbH;;Bundesoberbehörde;Bundesbehörde;Bund;Berlin;Berlin;"{""lat"": null, ""lon"": null}";;false;;Endlagerung;https://www.jen-juelich.de;;;;340;2024;bmuv;Bundesministerium für Umwelt, Naturschutz, nukleare Sicherheit und Verbraucherschutz (BMUV);Endlagerung;Finanzierung über das Ressort Bundesministerium für Umwelt, Naturschutz, nukleare Sicherheit und Verbraucherschutz (BMUV);"[{""zu_id"": ""bmuv"", ""typ"": ""UNTERSTELLT"", ""richtung"": ""eingehend"", ""seit"": null, ""quelle"": null}]";"[""https://www.jen-juelich.de""]";"{""vollstaendigkeit_prozent"": 75.0, ""zuletzt_verifiziert"": ""2026-06-06"", ""verifikation_noetig"": false}";2026-06-06;2.0
kasbun_619;619;1.0;Kassenärztliche Bundesvereinigung;;KdöR;Bundesbehörde;Bund;Berlin;Berlin;"{""lat"": null, ""lon"": null}";;false;;Krankenkasse;https://www.kbv.de/;;;;;;bmg;Bundesministerium für Gesundheit (BMG);Krankenkasse;Finanzierung über das Ressort Bundesministerium für Gesundheit (BMG);"[{""zu_id"": ""bmg"", ""typ"": ""UNTERSTELLT"", ""richtung"": ""eingehend"", ""seit"": null, ""quelle"": null}]";"[""https://www.kbv.de/""]";"{""vollstaendigkeit_prozent"": 66.7, ""zuletzt_verifiziert"": ""2026-06-06"", ""verifikation_noetig"": false}";2026-06-06;2.0
kasbun_620;620;1.0;Kassenzahnärztliche Bundesvereinigung;;KdöR;Bundesbehörde;Bund;Berlin;Berlin;"{""lat"": null, ""lon"": null}";;false;;Krankenkasse;https://www.kzbv.de/;;;;;;bmg;Bundesministerium für Gesundheit (BMG);Krankenkasse;Finanzierung über das Ressort Bundesministerium für Gesundheit (BMG);"[{""zu_id"": ""bmg"", ""typ"": ""UNTERSTELLT"", ""richtung"": ""eingehend"", ""seit"": null, ""quelle"": null}]";"[""https://www.kzbv.de/""]";"{""vollstaendigkeit_prozent"": 66.7, ""zuletzt_verifiziert"": ""2026-06-06"", ""verifikation_noetig"": false}";2026-06-06;2.0
katdat_16848;16848;1.0;Katholisches Datenschutzzentrum;;Bundesoberbehörde;Bundesbehörde;Bund;Berlin;Berlin;"{""lat"": null, ""lon"": null}";;false;;Kirche;https://www.service.bund.de;;;;;;bmjv;Bundesministerium der Justiz (BMJ);Kirche;Finanzierung über das Ressort Bundesministerium der Justiz (BMJ);"[{""zu_id"": ""bmjv"", ""typ"": ""UNTERSTELLT"", ""richtung"": ""eingehend"", ""seit"": null, ""quelle"": null}]";"[""https://www.service.bund.de""]";"{""vollstaendigkeit_prozent"": 66.7, ""zuletzt_verifiziert"": ""2026-06-06"", ""verifikation_noetig"": false}";2026-06-06;2.0
katmil_625;625;1.0;Katholisches Militärbischofsamt;;Bundesoberbehörde;Dienststelle der Bundeswehrverwaltung;Bund;Berlin;Berlin;"{""lat"": null, ""lon"": null}";;false;;Bundeswehr;https://www.bundeswehr.de;;;;;;bmvg;Bundesministerium der Verteidigung (BMVg);Bundeswehr;Aggregiert unter Bundesministerium der Verteidigung (BMVg);"[{""zu_id"": ""bmvg"", ""typ"": ""UNTERSTELLT"", ""richtung"": ""eingehend"", ""seit"": null, ""quelle"": null}]";"[""https://www.bundeswehr.de""]";"{""vollstaendigkeit_prozent"": 66.7, ""zuletzt_verifiziert"": ""2026-06-06"", ""verifikation_noetig"": false}";2026-06-06;2.0
kaukrakkh_6605;6605;1.0;Kaufmännische Krankenkasse – KKH;;KdöR;Bundesbehörde;Bund;Berlin;Berlin;"{""lat"": null, ""lon"": null}";;false;;Krankenkasse;https://www.kkh.de/;;7500.0;2025;4000;2024;bmas;Bundesministerium für Arbeit und Soziales (BMAS);Krankenkasse;Finanzierung über das Ressort Bundesministerium für Arbeit und Soziales (BMAS);"[{""zu_id"": ""bmas"", ""typ"": ""UNTERSTELLT"", ""richtung"": ""eingehend"", ""seit"": null, ""quelle"": null}]";"[""https://www.kkh.de/""]";"{""vollstaendigkeit_prozent"": 75.0, ""zuletzt_verifiziert"": ""2026-06-06"", ""verifikation_noetig"": false}";2026-06-06;2.0
kba;;1.0;Kraftfahrt-Bundesamt;KBA;Bundesoberbehörde;Bundesoberbehörde;Bund;Flensburg;Schleswig-Holstein;"{""lat"": null, ""lon"": null}";1951;false;;Fahrzeugzulassung, Fahreignungsregister, Typgenehmigung, Rückrufe, Statistik;https://www.kba.de;Gesetz über die Errichtung eines Kraftfahrt-Bundesamtes (KBAG);106.1;2025;1080;2024;bmv;;;;"[{""zu_id"": ""bmv"", ""typ"": ""UNTERSTELLT"", ""richtung"": ""eingehend"", ""seit"": 1951}]";"[""https://www.kba.de"", ""https://www.bundeshaushalt.de""]";"{""vollstaendigkeit_prozent"": 100.0, ""zuletzt_verifiziert"": ""2026-06-06"", ""verifikation_noetig"": false}";2026-06-06;2.0
kek_14701;14701;1.0;Kommission zur Ermittlung der Konzentration im Medienbereich (KEK);;AdöR;Anstalt des öffentlichen Rechts;Bund;Berlin;Berlin;"{""lat"": null, ""lon"": null}";;false;;Medienanstalt;https://www.service.bund.de;;;;;;bmi;Bundesministerium des Innern und für Heimat (BMI);Medienanstalt;Finanzierung über das Ressort Bundesministerium des Innern und für Heimat (BMI);"[{""zu_id"": ""bmi"", ""typ"": ""UNTERSTELLT"", ""richtung"": ""eingehend"", ""seit"": null, ""quelle"": null}]";"[""https://www.service.bund.de""]";"{""vollstaendigkeit_prozent"": 66.7, ""zuletzt_verifiziert"": ""2026-06-06"", ""verifikation_noetig"": false}";2026-06-06;2.0
kfw_656;656;1.0;Kreditanstalt für Wiederaufbau Bankengruppe (KfW);;AdöR;Anstalt des öffentlichen Rechts;Bund;Frankfurt am Main;Hessen;"{""lat"": null, ""lon"": null}";;false;;Bank;https://www.kfw.de;;3200.0;2025;8200;2024;bmf;Bundesministerium der Finanzen (BMF);Bank;Kreditanstalt für Wiederaufbau (Förderbank);"[{""zu_id"": ""bmf"", ""typ"": ""UNTERSTELLT"", ""richtung"": ""eingehend"", ""seit"": null, ""quelle"": null}]";"[""https://www.kfw.de""]";"{""vollstaendigkeit_prozent"": 75.0, ""zuletzt_verifiziert"": ""2026-06-06"", ""verifikation_noetig"": false}";2026-06-06;2.0
kfwent_626;626;1.0;KfW-Entwicklungsbank;;AdöR;Bundesbehörde;Bund;Berlin;Berlin;"{""lat"": null, ""lon"": null}";;false;;Entwicklungsbank;https://www.kfw.de/kfw.de.html;;;;8699;2024;bmf;Bundesministerium der Finanzen (BMF);Entwicklungsbank;Finanzierung über das Ressort Bundesministerium der Finanzen (BMF);"[{""zu_id"": ""bmf"", ""typ"": ""UNTERSTELLT"", ""richtung"": ""eingehend"", ""seit"": null, ""quelle"": null}]";"[""https://www.kfw.de/kfw.de.html""]";"{""vollstaendigkeit_prozent"": 75.0, ""zuletzt_verifiziert"": ""2026-06-06"", ""verifikation_noetig"": false}";2026-06-06;2.0
kfwipeban_627;627;1.0;KfW IPEX-Bank;;AdöR;Bundesbehörde;Bund;Berlin;Berlin;"{""lat"": null, ""lon"": null}";;false;;Bank;https://www.kfw-ipex-bank.de/;;;;901;2024;bmf;Bundesministerium der Finanzen (BMF);Bank;Finanzierung über das Ressort Bundesministerium der Finanzen (BMF);"[{""zu_id"": ""bmf"", ""typ"": ""UNTERSTELLT"", ""richtung"": ""eingehend"", ""seit"": null, ""quelle"": null}]";"[""https://www.kfw-ipex-bank.de/""]";"{""vollstaendigkeit_prozent"": 75.0, ""zuletzt_verifiziert"": ""2026-06-06"", ""verifikation_noetig"": false}";2026-06-06;2.0
kfwkom_628;628;1.0;KfW-Kommunalbank;;AdöR;Bundesbehörde;Bund;Berlin;Berlin;"{""lat"": null, ""lon"": null}";;false;;Bank;https://www.service.bund.de;;;;;;bmf;Bundesministerium der Finanzen (BMF);Bank;Finanzierung über das Ressort Bundesministerium der Finanzen (BMF);"[{""zu_id"": ""bmf"", ""typ"": ""UNTERSTELLT"", ""richtung"": ""eingehend"", ""seit"": null, ""quelle"": null}]";"[""https://www.service.bund.de""]";"{""vollstaendigkeit_prozent"": 66.7, ""zuletzt_verifiziert"": ""2026-06-06"", ""verifikation_noetig"": false}";2026-06-06;2.0
kfwmit_632;632;1.0;KfW Mittelstandsbank;;AdöR;Bundesbehörde;Bund;Berlin;Berlin;"{""lat"": null, ""lon"": null}";;false;;Bank;https://www.kfw.de/kfw.de.html;;;;8699;2024;bmf;Bundesministerium der Finanzen (BMF);Bank;Finanzierung über das Ressort Bundesministerium der Finanzen (BMF);"[{""zu_id"": ""bmf"", ""typ"": ""UNTERSTELLT"", ""richtung"": ""eingehend"", ""seit"": null, ""quelle"": null}]";"[""https://www.kfw.de/kfw.de.html""]";"{""vollstaendigkeit_prozent"": 75.0, ""zuletzt_verifiziert"": ""2026-06-06"", ""verifikation_noetig"": false}";2026-06-06;2.0
kfwpri_633;633;1.0;KfW Privatkundenbank;;AdöR;Bundesbehörde;Bund;Berlin;Berlin;"{""lat"": null, ""lon"": null}";;false;;Bank;https://www.service.bund.de;;;;;;bmf;Bundesministerium der Finanzen (BMF);Bank;Finanzierung über das Ressort Bundesministerium der Finanzen (BMF);"[{""zu_id"": ""bmf"", ""typ"": ""UNTERSTELLT"", ""richtung"": ""eingehend"", ""seit"": null, ""quelle"": null}]";"[""https://www.service.bund.de""]";"{""vollstaendigkeit_prozent"": 66.7, ""zuletzt_verifiziert"": ""2026-06-06"", ""verifikation_noetig"": false}";2026-06-06;2.0
kfzzulesc_4171;4171;1.0;KFZ-Zulassungsstelle in Eschenburg;;Bundesoberbehörde;Bundesbehörde;Bund;Berlin;Berlin;"{""lat"": null, ""lon"": null}";;false;;Zulassung;https://www.service.bund.de;;;;;;bmi;Bundesministerium des Innern und für Heimat (BMI);Zulassung;Finanzierung über das Ressort Bundesministerium des Innern und für Heimat (BMI);"[{""zu_id"": ""bmi"", ""typ"": ""UNTERSTELLT"", ""richtung"": ""eingehend"", ""seit"": null, ""quelle"": null}]";"[""https://www.service.bund.de""]";"{""vollstaendigkeit_prozent"": 66.7, ""zuletzt_verifiziert"": ""2026-06-06"", ""verifikation_noetig"": false}";2026-06-06;2.0
kinardzdf_16480;16480;1.0;Der Kinderkanal von ARD und ZDF;;AdöR;Anstalt des öffentlichen Rechts;Bund;Berlin;Berlin;"{""lat"": null, ""lon"": null}";;false;;Rundfunkanstalt;https://www.service.bund.de;;;;;;bkamt;Beauftragte der Bundesregierung für Kultur und Medien (BKM);Rundfunkanstalt;Finanzierung über das Ressort Beauftragte der Bundesregierung für Kultur und Medien (BKM);"[{""zu_id"": ""bkamt"", ""typ"": ""UNTERSTELLT"", ""richtung"": ""eingehend"", ""seit"": null, ""quelle"": null}]";"[""https://www.service.bund.de""]";"{""vollstaendigkeit_prozent"": 66.7, ""zuletzt_verifiziert"": ""2026-06-06"", ""verifikation_noetig"": false}";2026-06-06;2.0
klibadrei_52032;52032;1.0;BG Klinik Bad Reichenhall;;Bundesoberbehörde;Bundesbehörde;Bund;Berlin;Berlin;"{""lat"": null, ""lon"": null}";;false;;Krankenhaus;https://www.service.bund.de;;;;;;bmas;Bundesministerium für Arbeit und Soziales (BMAS);Krankenhaus;Finanzierung über das Ressort Bundesministerium für Arbeit und Soziales (BMAS);"[{""zu_id"": ""bmas"", ""typ"": ""UNTERSTELLT"", ""richtung"": ""eingehend"", ""seit"": null, ""quelle"": null}]";"[""https://www.service.bund.de""]";"{""vollstaendigkeit_prozent"": 66.7, ""zuletzt_verifiziert"": ""2026-06-06"", ""verifikation_noetig"": false}";2026-06-06;2.0
klomar_637;637;1.0;Klosterstift St. Marienthal;;Bundesoberbehörde;Bundesbehörde;Bund;Berlin;Berlin;"{""lat"": null, ""lon"": null}";;false;;Kirche;https://www.service.bund.de;;;;;;bmi;Bundesministerium des Innern und für Heimat (BMI);Kirche;Finanzierung über das Ressort Bundesministerium des Innern und für Heimat (BMI);"[{""zu_id"": ""bmi"", ""typ"": ""UNTERSTELLT"", ""richtung"": ""eingehend"", ""seit"": null, ""quelle"": null}]";"[""https://www.service.bund.de""]";"{""vollstaendigkeit_prozent"": 66.7, ""zuletzt_verifiziert"": ""2026-06-06"", ""verifikation_noetig"": false}";2026-06-06;2.0
kmkzenfürausbil_50442;50442;1.0;KMK - Zentralstelle für Ausländisches Bildungswesen;;Bundesoberbehörde;Bundesbehörde;Bund;Berlin;Berlin;"{""lat"": null, ""lon"": null}";;false;;Berufsbildung;https://www.service.bund.de;;5999.43;2025;;;bmbfsj;Bundesministerium für Bildung und Forschung (BMBF);Berufsbildung;Finanzierung über das Ressort Bundesministerium für Bildung und Forschung (BMBF);"[{""zu_id"": ""bmbfsj"", ""typ"": ""UNTERSTELLT"", ""richtung"": ""eingehend"", ""seit"": null, ""quelle"": null}]";"[""https://www.service.bund.de""]";"{""vollstaendigkeit_prozent"": 66.7, ""zuletzt_verifiziert"": ""2026-06-06"", ""verifikation_noetig"": false}";2026-06-06;2.0
kna_51988;51988;1.0;KNAPPSCHAFT;;KdöR;Bundesbehörde;Bund;Berlin;Berlin;"{""lat"": null, ""lon"": null}";;false;;Krankenkasse;https://www.knappschaft.de/;;8180.0;2025;;;bmg;Bundesministerium für Gesundheit (BMG);Krankenkasse;Finanzierung über das Ressort Bundesministerium für Gesundheit (BMG);"[{""zu_id"": ""bmg"", ""typ"": ""UNTERSTELLT"", ""richtung"": ""eingehend"", ""seit"": null, ""quelle"": null}]";"[""https://www.knappschaft.de/""]";"{""vollstaendigkeit_prozent"": 66.7, ""zuletzt_verifiziert"": ""2026-06-06"", ""verifikation_noetig"": false}";2026-06-06;2.0
komcybinf_50937;50937;1.0;Kommando Cyber- und Informationsraum;;Bundesoberbehörde;Dienststelle der Bundeswehrverwaltung;Bund;Berlin;Berlin;"{""lat"": null, ""lon"": null}";;false;;Bundeswehr;https://www.bundeswehr.de;;21528.48;2025;;;bmvg;Bundesministerium der Verteidigung (BMVg);Bundeswehr;Aggregiert unter Bundesministerium der Verteidigung (BMVg);"[{""zu_id"": ""bmvg"", ""typ"": ""UNTERSTELLT"", ""richtung"": ""eingehend"", ""seit"": null, ""quelle"": null}]";"[""https://www.bundeswehr.de""]";"{""vollstaendigkeit_prozent"": 66.7, ""zuletzt_verifiziert"": ""2026-06-06"", ""verifikation_noetig"": false}";2026-06-06;2.0
komermfinöffrec_51745;51745;1.0;Kommission zur Ermittlung der Finanzbedarfe der öffentlich-rechtlichen Rundfunkanstalten;;Bundesoberbehörde;Bundesbehörde;Bund;Berlin;Berlin;"{""lat"": null, ""lon"": null}";;false;;Rundfunk;https://www.service.bund.de;;;;;;bmf;Bundesministerium der Finanzen (BMF);Rundfunk;Finanzierung über das Ressort Bundesministerium der Finanzen (BMF);"[{""zu_id"": ""bmf"", ""typ"": ""UNTERSTELLT"", ""richtung"": ""eingehend"", ""seit"": null, ""quelle"": null}]";"[""https://www.service.bund.de""]";"{""vollstaendigkeit_prozent"": 66.7, ""zuletzt_verifiziert"": ""2026-06-06"", ""verifikation_noetig"": false}";2026-06-06;2.0
komfüranl_49264;49264;1.0;Kommission für Anlagensicherheit;;Bundesoberbehörde;Bundesbehörde;Bund;Berlin;Berlin;"{""lat"": null, ""lon"": null}";;false;;Umweltschutz;https://www.service.bund.de;;;;;;bmuv;Bundesministerium für Umwelt, Naturschutz, nukleare Sicherheit und Verbraucherschutz (BMUV);Umweltschutz;Finanzierung über das Ressort Bundesministerium für Umwelt, Naturschutz, nukleare Sicherheit und Verbraucherschutz (BMUV);"[{""zu_id"": ""bmuv"", ""typ"": ""UNTERSTELLT"", ""richtung"": ""eingehend"", ""seit"": null, ""quelle"": null}]";"[""https://www.service.bund.de""]";"{""vollstaendigkeit_prozent"": 66.7, ""zuletzt_verifiziert"": ""2026-06-06"", ""verifikation_noetig"": false}";2026-06-06;2.0
komfürkasrecbun_645;645;1.0;Kompetenzzentrum für das Kassen- und Rechnungswesen des Bundes;;Bundesoberbehörde;Bundesbehörde;Bund;Berlin;Berlin;"{""lat"": null, ""lon"": null}";;false;;Rechnungswesen;https://www.service.bund.de;;183.68;2025;;;bmf;Bundesministerium der Finanzen (BMF);Rechnungswesen;Finanzierung über das Ressort Bundesministerium der Finanzen (BMF);"[{""zu_id"": ""bmf"", ""typ"": ""UNTERSTELLT"", ""richtung"": ""eingehend"", ""seit"": null, ""quelle"": null}]";"[""https://www.service.bund.de""]";"{""vollstaendigkeit_prozent"": 66.7, ""zuletzt_verifiziert"": ""2026-06-06"", ""verifikation_noetig"": false}";2026-06-06;2.0
komfürkinjug_16561;16561;1.0;Kommission für Kinder- und Jugendmedienschutz;;Bundesoberbehörde;Bundesbehörde;Bund;Berlin;Berlin;"{""lat"": null, ""lon"": null}";;false;;;https://www.service.bund.de;;8.14;2025;;;bmbfsj;Bundesministerium für Familie, Senioren, Frauen und Jugend (BMFSFJ);;Finanzierung über das Ressort Bundesministerium für Familie, Senioren, Frauen und Jugend (BMFSFJ);"[{""zu_id"": ""bmbfsj"", ""typ"": ""UNTERSTELLT"", ""richtung"": ""eingehend"", ""seit"": null, ""quelle"": null}]";"[""https://www.service.bund.de""]";"{""vollstaendigkeit_prozent"": 58.3, ""zuletzt_verifiziert"": ""2026-06-06"", ""verifikation_noetig"": false}";2026-06-06;2.0
komfürzulauf_4142;4142;1.0;Kommission für Zulassung und Aufsicht;;Bundesoberbehörde;Bundesbehörde;Bund;Berlin;Berlin;"{""lat"": null, ""lon"": null}";;false;;Medien;https://www.service.bund.de;;9.89;2025;;;bmi;Bundesministerium des Innern und für Heimat (BMI);Medien;Finanzierung über das Ressort Bundesministerium des Innern und für Heimat (BMI);"[{""zu_id"": ""bmi"", ""typ"": ""UNTERSTELLT"", ""richtung"": ""eingehend"", ""seit"": null, ""quelle"": null}]";"[""https://www.service.bund.de""]";"{""vollstaendigkeit_prozent"": 66.7, ""zuletzt_verifiziert"": ""2026-06-06"", ""verifikation_noetig"": false}";2026-06-06;2.0
komgemfürver_644;644;1.0;Kommunale Gemeinschaftsstelle für Verwaltungsmanagement;;Bundesoberbehörde;Bundesbehörde;Bund;Berlin;Berlin;"{""lat"": null, ""lon"": null}";;false;;;https://www.service.bund.de;;1324.89;2025;;;bmi;Bundesministerium des Innern und für Heimat (BMI);;Finanzierung über das Ressort Bundesministerium des Innern und für Heimat (BMI);"[{""zu_id"": ""bmi"", ""typ"": ""UNTERSTELLT"", ""richtung"": ""eingehend"", ""seit"": null, ""quelle"": null}]";"[""https://www.service.bund.de""]";"{""vollstaendigkeit_prozent"": 58.3, ""zuletzt_verifiziert"": ""2026-06-06"", ""verifikation_noetig"": false}";2026-06-06;2.0
komlufpreinf_752;752;1.0;Kommando Luftwaffe Presse- und  Informationszentrum;;Bundesoberbehörde;Dienststelle der Bundeswehrverwaltung;Bund;Berlin;Berlin;"{""lat"": null, ""lon"": null}";;false;;Bundeswehr;https://www.bundeswehr.de;;137.58;2025;;;bmvg;Bundesministerium der Verteidigung (BMVg);Bundeswehr;Aggregiert unter Bundesministerium der Verteidigung (BMVg);"[{""zu_id"": ""bmvg"", ""typ"": ""UNTERSTELLT"", ""richtung"": ""eingehend"", ""seit"": null, ""quelle"": null}]";"[""https://www.bundeswehr.de""]";"{""vollstaendigkeit_prozent"": 66.7, ""zuletzt_verifiziert"": ""2026-06-06"", ""verifikation_noetig"": false}";2026-06-06;2.0
komopefühein_641;641;1.0;Kommando Operative Führung Eingreifkräfte;;Bundesoberbehörde;Dienststelle der Bundeswehrverwaltung;Bund;Berlin;Berlin;"{""lat"": null, ""lon"": null}";;false;;Bundeswehr;https://www.bundeswehr.de;;21528.48;2025;;;bmvg;Bundesministerium der Verteidigung (BMVg);Bundeswehr;Aggregiert unter Bundesministerium der Verteidigung (BMVg);"[{""zu_id"": ""bmvg"", ""typ"": ""UNTERSTELLT"", ""richtung"": ""eingehend"", ""seit"": null, ""quelle"": null}]";"[""https://www.bundeswehr.de""]";"{""vollstaendigkeit_prozent"": 66.7, ""zuletzt_verifiziert"": ""2026-06-06"", ""verifikation_noetig"": false}";2026-06-06;2.0
komrecbun_16531;16531;1.0;Kompetenzzentrum Rechtsinformationssystem des Bundes;;Bundesoberbehörde;Bundesbehörde;Bund;Berlin;Berlin;"{""lat"": null, ""lon"": null}";;false;;Technologie;https://www.service.bund.de;;183.68;2025;;;bmi;Bundesministerium des Innern und für Heimat (BMI);Technologie;Finanzierung über das Ressort Bundesministerium des Innern und für Heimat (BMI);"[{""zu_id"": ""bmi"", ""typ"": ""UNTERSTELLT"", ""richtung"": ""eingehend"", ""seit"": null, ""quelle"": null}]";"[""https://www.service.bund.de""]";"{""vollstaendigkeit_prozent"": 66.7, ""zuletzt_verifiziert"": ""2026-06-06"", ""verifikation_noetig"": false}";2026-06-06;2.0
komsch_51711;51711;1.0;Kommunaler Schadenausgleich;;Bundesoberbehörde;Bundesbehörde;Bund;Berlin;Berlin;"{""lat"": null, ""lon"": null}";;false;;Gesundheit;https://www.service.bund.de;;;;;;bmg;Bundesministerium für Gesundheit (BMG);Gesundheit;Finanzierung über das Ressort Bundesministerium für Gesundheit (BMG);"[{""zu_id"": ""bmg"", ""typ"": ""UNTERSTELLT"", ""richtung"": ""eingehend"", ""seit"": null, ""quelle"": null}]";"[""https://www.service.bund.de""]";"{""vollstaendigkeit_prozent"": 66.7, ""zuletzt_verifiziert"": ""2026-06-06"", ""verifikation_noetig"": false}";2026-06-06;2.0
komstr_862;862;1.0;Kommando Streitkräftebasis;;Bundesoberbehörde;Dienststelle der Bundeswehrverwaltung;Bund;Berlin;Berlin;"{""lat"": null, ""lon"": null}";;false;;Bundeswehr;https://www.bundeswehr.de;;21528.48;2025;;;bmvg;Bundesministerium der Verteidigung (BMVg);Bundeswehr;Aggregiert unter Bundesministerium der Verteidigung (BMVg);"[{""zu_id"": ""bmvg"", ""typ"": ""UNTERSTELLT"", ""richtung"": ""eingehend"", ""seit"": null, ""quelle"": null}]";"[""https://www.bundeswehr.de""]";"{""vollstaendigkeit_prozent"": 66.7, ""zuletzt_verifiziert"": ""2026-06-06"", ""verifikation_noetig"": false}";2026-06-06;2.0
kon_50918;50918;1.0;DB Konzernzentrale;;Bundesoberbehörde;Bundesbehörde;Bund;Berlin;Berlin;"{""lat"": null, ""lon"": null}";;false;;Bahn;https://www.service.bund.de;;;;;;bmv;Bundesministerium für Digitales und Verkehr (BMDV);Bahn;Finanzierung über das Ressort Bundesministerium für Digitales und Verkehr (BMDV);"[{""zu_id"": ""bmv"", ""typ"": ""UNTERSTELLT"", ""richtung"": ""eingehend"", ""seit"": null, ""quelle"": null}]";"[""https://www.service.bund.de""]";"{""vollstaendigkeit_prozent"": 66.7, ""zuletzt_verifiziert"": ""2026-06-06"", ""verifikation_noetig"": false}";2026-06-06;2.0
koobunfürgütlog_647;647;1.0;Koordinator der Bundesregierung für Güterverkehr und Logistik;;Bundesoberbehörde;Bundesbehörde;Bund;Berlin;Berlin;"{""lat"": null, ""lon"": null}";;false;;Beauftragte;https://www.service.bund.de;;17.24;2025;;;bmv;Bundesministerium für Digitales und Verkehr (BMDV);Beauftragte;Finanzierung über das Ressort Bundesministerium für Digitales und Verkehr (BMDV);"[{""zu_id"": ""bmv"", ""typ"": ""UNTERSTELLT"", ""richtung"": ""eingehend"", ""seit"": null, ""quelle"": null}]";"[""https://www.service.bund.de""]";"{""vollstaendigkeit_prozent"": 66.7, ""zuletzt_verifiziert"": ""2026-06-06"", ""verifikation_noetig"": false}";2026-06-06;2.0
koobunfürlufrau_648;648;1.0;Koordinatorin der Bundesregierung für Luft- und Raumfahrt;;Bundesoberbehörde;Bundesbehörde;Bund;Berlin;Berlin;"{""lat"": null, ""lon"": null}";;false;;Beauftragte;https://www.service.bund.de;;539.48;2025;;;bmwi;Bundesministerium für Wirtschaft und Klimaschutz (BMWK);Beauftragte;Finanzierung über das Ressort Bundesministerium für Wirtschaft und Klimaschutz (BMWK);"[{""zu_id"": ""bmwi"", ""typ"": ""UNTERSTELLT"", ""richtung"": ""eingehend"", ""seit"": null, ""quelle"": null}]";"[""https://www.service.bund.de""]";"{""vollstaendigkeit_prozent"": 66.7, ""zuletzt_verifiziert"": ""2026-06-06"", ""verifikation_noetig"": false}";2026-06-06;2.0
koobunfürmarwir_652;652;1.0;Koordinatorin der Bundesregierung für die Maritime Wirtschaft und Tourismus;;Bundesoberbehörde;Bundesbehörde;Bund;Berlin;Berlin;"{""lat"": null, ""lon"": null}";;false;;Beauftragte;https://www.service.bund.de;;201.05;2025;;;bmwi;Bundesministerium für Wirtschaft und Klimaschutz (BMWK);Beauftragte;Finanzierung über das Ressort Bundesministerium für Wirtschaft und Klimaschutz (BMWK);"[{""zu_id"": ""bmwi"", ""typ"": ""UNTERSTELLT"", ""richtung"": ""eingehend"", ""seit"": null, ""quelle"": null}]";"[""https://www.service.bund.de""]";"{""vollstaendigkeit_prozent"": 66.7, ""zuletzt_verifiziert"": ""2026-06-06"", ""verifikation_noetig"": false}";2026-06-06;2.0
koofürdeupolzwi_653;653;1.0;Koordinator für die deutsch-polnische zwischengesellschaftliche und grenznahe Zusammenarbeit;;Bundesoberbehörde;Bundesbehörde;Bund;Berlin;Berlin;"{""lat"": null, ""lon"": null}";;false;;Beauftragte;https://www.service.bund.de;;180.06;2025;;;aa;Auswärtiges Amt (AA);Beauftragte;Finanzierung über das Ressort Auswärtiges Amt (AA);"[{""zu_id"": ""aa"", ""typ"": ""UNTERSTELLT"", ""richtung"": ""eingehend"", ""seit"": null, ""quelle"": null}]";"[""https://www.service.bund.de""]";"{""vollstaendigkeit_prozent"": 66.7, ""zuletzt_verifiziert"": ""2026-06-06"", ""verifikation_noetig"": false}";2026-06-06;2.0
koofürtrazwikul_49003;49003;1.0;Koordinator(in) für die transatlantische zwischengesellschaftliche, kultur-und informationspolitische Zusammenarbeit;;Bundesoberbehörde;Bundesbehörde;Bund;Berlin;Berlin;"{""lat"": null, ""lon"": null}";;false;;Beauftragte;https://www.service.bund.de;;180.06;2025;;;bmas;Bundesministerium für Arbeit und Soziales (BMAS);Beauftragte;Finanzierung über das Ressort Bundesministerium für Arbeit und Soziales (BMAS);"[{""zu_id"": ""bmas"", ""typ"": ""UNTERSTELLT"", ""richtung"": ""eingehend"", ""seit"": null, ""quelle"": null}]";"[""https://www.service.bund.de""]";"{""vollstaendigkeit_prozent"": 66.7, ""zuletzt_verifiziert"": ""2026-06-06"", ""verifikation_noetig"": false}";2026-06-06;2.0
koofürtrazwikul_649;649;1.0;Koordinator(in) für die transatlantische zwischengesellschaftliche, kultur- und informationspolitische Zusammenarbeit;;Bundesoberbehörde;Bundesbehörde;Bund;Berlin;Berlin;"{""lat"": null, ""lon"": null}";;false;;Beauftragte;https://www.service.bund.de;;180.06;2025;;;aa;Auswärtiges Amt (AA);Beauftragte;Finanzierung über das Ressort Auswärtiges Amt (AA);"[{""zu_id"": ""aa"", ""typ"": ""UNTERSTELLT"", ""richtung"": ""eingehend"", ""seit"": null, ""quelle"": null}]";"[""https://www.service.bund.de""]";"{""vollstaendigkeit_prozent"": 66.7, ""zuletzt_verifiziert"": ""2026-06-06"", ""verifikation_noetig"": false}";2026-06-06;2.0
koofürzwipolzus_650;650;1.0;Koordinator(in) für die zwischengesellschafts- politische Zusammenarbeit mit Russland, Zentralasien und den Ländern der Östlichen Partnerschaft;;Bundesoberbehörde;Bundesbehörde;Bund;Berlin;Berlin;"{""lat"": null, ""lon"": null}";;false;;Beauftragte;https://www.service.bund.de;;2.01;2025;;;aa;Auswärtiges Amt (AA);Beauftragte;Finanzierung über das Ressort Auswärtiges Amt (AA);"[{""zu_id"": ""aa"", ""typ"": ""UNTERSTELLT"", ""richtung"": ""eingehend"", ""seit"": null, ""quelle"": null}]";"[""https://www.service.bund.de""]";"{""vollstaendigkeit_prozent"": 66.7, ""zuletzt_verifiziert"": ""2026-06-06"", ""verifikation_noetig"": false}";2026-06-06;2.0
koopat_51649;51649;1.0;Koordinierungsausschuss der Patientenvertretung;;Bundesoberbehörde;Bundesbehörde;Bund;Berlin;Berlin;"{""lat"": null, ""lon"": null}";;false;;Gesundheitsschutz;https://www.service.bund.de;;;;;;bmg;Bundesministerium für Gesundheit (BMG);Gesundheitsschutz;Finanzierung über das Ressort Bundesministerium für Gesundheit (BMG);"[{""zu_id"": ""bmg"", ""typ"": ""UNTERSTELLT"", ""richtung"": ""eingehend"", ""seit"": null, ""quelle"": null}]";"[""https://www.service.bund.de""]";"{""vollstaendigkeit_prozent"": 66.7, ""zuletzt_verifiziert"": ""2026-06-06"", ""verifikation_noetig"": false}";2026-06-06;2.0
kra_654;654;1.0;Kraftfahrt-Bundesamt;;Bundesoberbehörde;Bundesbehörde;Bund;Berlin;Berlin;"{""lat"": null, ""lon"": null}";;false;;Automobil;https://www.service.bund.de;;114.6;2025;1080;2024;bmv;Bundesministerium für Digitales und Verkehr (BMDV);Automobil;Finanzierung über das Ressort Bundesministerium für Digitales und Verkehr (BMDV);"[{""zu_id"": ""bmv"", ""typ"": ""UNTERSTELLT"", ""richtung"": ""eingehend"", ""seit"": null, ""quelle"": null}]";"[""https://www.service.bund.de""]";"{""vollstaendigkeit_prozent"": 75.0, ""zuletzt_verifiziert"": ""2026-06-06"", ""verifikation_noetig"": false}";2026-06-06;2.0
krabun_655;655;1.0;Krankenversorgung der Bundesbahnbeamten;;KdöR;Bundesbehörde;Bund;Berlin;Berlin;"{""lat"": null, ""lon"": null}";;false;;Sozialversicherung;https://www.kvb.bund.de/;;;;;;bmv;Bundesministerium für Digitales und Verkehr (BMDV);Sozialversicherung;Finanzierung über das Ressort Bundesministerium für Digitales und Verkehr (BMDV);"[{""zu_id"": ""bmv"", ""typ"": ""UNTERSTELLT"", ""richtung"": ""eingehend"", ""seit"": null, ""quelle"": null}]";"[""https://www.kvb.bund.de/""]";"{""vollstaendigkeit_prozent"": 66.7, ""zuletzt_verifiziert"": ""2026-06-06"", ""verifikation_noetig"": false}";2026-06-06;2.0
kurfürtecbaulan_630;630;1.0;Kuratorium für Technik und Bauwesen in der Landwirtschaft e.V.;;Bundesoberbehörde;Bundesbehörde;Bund;Berlin;Berlin;"{""lat"": null, ""lon"": null}";;false;;Technologie;http://www.ktbl.de;;201.05;2025;;;bmwi;Bundesministerium für Wirtschaft und Klimaschutz (BMWK);Technologie;Finanzierung über das Ressort Bundesministerium für Wirtschaft und Klimaschutz (BMWK);"[{""zu_id"": ""bmwi"", ""typ"": ""UNTERSTELLT"", ""richtung"": ""eingehend"", ""seit"": null, ""quelle"": null}]";"[""http://www.ktbl.de""]";"{""vollstaendigkeit_prozent"": 66.7, ""zuletzt_verifiziert"": ""2026-06-06"", ""verifikation_noetig"": false}";2026-06-06;2.0
kurfürwalfor_631;631;1.0;Kuratorium für Waldarbeit und Forsttechnik e.V.;;Bundesoberbehörde;Bundesbehörde;Bund;Berlin;Berlin;"{""lat"": null, ""lon"": null}";;false;;Forst und Wald;https://www.service.bund.de;;;;;;bmas;Bundesministerium für Arbeit und Soziales (BMAS);Forst und Wald;Finanzierung über das Ressort Bundesministerium für Arbeit und Soziales (BMAS);"[{""zu_id"": ""bmas"", ""typ"": ""UNTERSTELLT"", ""richtung"": ""eingehend"", ""seit"": null, ""quelle"": null}]";"[""https://www.service.bund.de""]";"{""vollstaendigkeit_prozent"": 66.7, ""zuletzt_verifiziert"": ""2026-06-06"", ""verifikation_noetig"": false}";2026-06-06;2.0
kurjundeufil_7700;7700;1.0;Kuratorium junger deutscher Film;;Bundesanstalt;Bundesbehörde;Bund;Berlin;Berlin;"{""lat"": null, ""lon"": null}";;false;;Film;https://www.service.bund.de;;1166.24;2025;;;bmi;Bundesministerium des Innern und für Heimat (BMI);Film;Finanzierung über das Ressort Bundesministerium des Innern und für Heimat (BMI);"[{""zu_id"": ""bmi"", ""typ"": ""UNTERSTELLT"", ""richtung"": ""eingehend"", ""seit"": null, ""quelle"": null}]";"[""https://www.service.bund.de""]";"{""vollstaendigkeit_prozent"": 66.7, ""zuletzt_verifiziert"": ""2026-06-06"", ""verifikation_noetig"": false}";2026-06-06;2.0
kün_711;711;1.0;Künstlersozialkasse;;KdöR;Bundesbehörde;Bund;Berlin;Berlin;"{""lat"": null, ""lon"": null}";;false;;Krankenkasse;https://www.service.bund.de;;451.86;2025;;;bmas;Bundesministerium für Arbeit und Soziales (BMAS);Krankenkasse;Finanzierung über das Ressort Bundesministerium für Arbeit und Soziales (BMAS);"[{""zu_id"": ""bmas"", ""typ"": ""UNTERSTELLT"", ""richtung"": ""eingehend"", ""seit"": null, ""quelle"": null}]";"[""https://www.service.bund.de""]";"{""vollstaendigkeit_prozent"": 66.7, ""zuletzt_verifiziert"": ""2026-06-06"", ""verifikation_noetig"": false}";2026-06-06;2.0
lanbadwür_17051;17051;1.0;Landeskommando Baden-Württemberg;;Bundesoberbehörde;Dienststelle der Bundeswehrverwaltung;Bund;Berlin;Berlin;"{""lat"": null, ""lon"": null}";;false;;Bundeswehr;https://www.bundeswehr.de;;;;;;bmvg;Bundesministerium der Verteidigung (BMVg);Bundeswehr;Aggregiert unter Bundesministerium der Verteidigung (BMVg);"[{""zu_id"": ""bmvg"", ""typ"": ""UNTERSTELLT"", ""richtung"": ""eingehend"", ""seit"": null, ""quelle"": null}]";"[""https://www.bundeswehr.de""]";"{""vollstaendigkeit_prozent"": 66.7, ""zuletzt_verifiziert"": ""2026-06-06"", ""verifikation_noetig"": false}";2026-06-06;2.0
laumitbervermbh_15619;15619;1.0;Lausitzer und Mitteldeutsche Bergbau-Verwaltungsgesellschaft mbH;;Bundesoberbehörde;Bundesbehörde;Bund;Berlin;Berlin;"{""lat"": null, ""lon"": null}";;false;;Energie;https://www.lmbv.de/;;;;700;2024;bmwi;Bundesministerium für Wirtschaft und Klimaschutz (BMWK);Energie;Finanzierung über das Ressort Bundesministerium für Wirtschaft und Klimaschutz (BMWK);"[{""zu_id"": ""bmwi"", ""typ"": ""UNTERSTELLT"", ""richtung"": ""eingehend"", ""seit"": null, ""quelle"": null}]";"[""https://www.lmbv.de/""]";"{""vollstaendigkeit_prozent"": 75.0, ""zuletzt_verifiziert"": ""2026-06-06"", ""verifikation_noetig"": false}";2026-06-06;2.0
leigem_715;715;1.0;Leibniz-Gemeinschaft;;Bundesanstalt;Bundesbehörde;Bund;Berlin;Berlin;"{""lat"": null, ""lon"": null}";;false;;Leibniz-Institut;https://www.leibniz-gemeinschaft.de/;;;;;;bmbfsj;Bundesministerium für Bildung und Forschung (BMBF);Leibniz-Institut;Finanzierung über das Ressort Bundesministerium für Bildung und Forschung (BMBF);"[{""zu_id"": ""bmbfsj"", ""typ"": ""UNTERSTELLT"", ""richtung"": ""eingehend"", ""seit"": null, ""quelle"": null}]";"[""https://www.leibniz-gemeinschaft.de/""]";"{""vollstaendigkeit_prozent"": 66.7, ""zuletzt_verifiziert"": ""2026-06-06"", ""verifikation_noetig"": false}";2026-06-06;2.0
leiinsfüraltfri_718;718;1.0;Leibniz-Institut für Altersforschung - Fritz-Lipmann-Institut;;Bundesanstalt;Bundesbehörde;Bund;Berlin;Berlin;"{""lat"": null, ""lon"": null}";;false;;Leibniz-Institut;https://www.service.bund.de;;;;;;bmbfsj;Bundesministerium für Bildung und Forschung (BMBF);Leibniz-Institut;Finanzierung über das Ressort Bundesministerium für Bildung und Forschung (BMBF);"[{""zu_id"": ""bmbfsj"", ""typ"": ""UNTERSTELLT"", ""richtung"": ""eingehend"", ""seit"": null, ""quelle"": null}]";"[""https://www.service.bund.de""]";"{""vollstaendigkeit_prozent"": 66.7, ""zuletzt_verifiziert"": ""2026-06-06"", ""verifikation_noetig"": false}";2026-06-06;2.0
leiinsfüranggeo_719;719;1.0;Leibniz-Institut für Angewandte Geophysik;;Bundesanstalt;Bundesbehörde;Bund;Berlin;Berlin;"{""lat"": null, ""lon"": null}";;false;;Leibniz-Institut;https://www.liag-institut.de/;;;;100;2024;bmbfsj;Bundesministerium für Bildung und Forschung (BMBF);Leibniz-Institut;Finanzierung über das Ressort Bundesministerium für Bildung und Forschung (BMBF);"[{""zu_id"": ""bmbfsj"", ""typ"": ""UNTERSTELLT"", ""richtung"": ""eingehend"", ""seit"": null, ""quelle"": null}]";"[""https://www.liag-institut.de/""]";"{""vollstaendigkeit_prozent"": 75.0, ""zuletzt_verifiziert"": ""2026-06-06"", ""verifikation_noetig"": false}";2026-06-06;2.0
leiinsfürartuni_720;720;1.0;Leibniz-Institut für Arterioskleroseforschung an der Universität Münster;;Bundesanstalt;Bundesbehörde;Bund;Münster;Nordrhein-Westfalen;"{""lat"": null, ""lon"": null}";;false;;Leibniz-Institut;https://www.service.bund.de;;8862.05;2025;;;bmbfsj;Bundesministerium für Bildung und Forschung (BMBF);Leibniz-Institut;Finanzierung über das Ressort Bundesministerium für Bildung und Forschung (BMBF);"[{""zu_id"": ""bmbfsj"", ""typ"": ""UNTERSTELLT"", ""richtung"": ""eingehend"", ""seit"": null, ""quelle"": null}]";"[""https://www.service.bund.de""]";"{""vollstaendigkeit_prozent"": 66.7, ""zuletzt_verifiziert"": ""2026-06-06"", ""verifikation_noetig"": false}";2026-06-06;2.0
leiinsfüratmuni_721;721;1.0;Leibniz-Institut für Atmosphärenphysik an der Universität Rostock;;Bundesanstalt;Bundesbehörde;Bund;Rostock;Mecklenburg-Vorpommern;"{""lat"": null, ""lon"": null}";;false;;Leibniz-Institut;https://www.service.bund.de;;8862.05;2025;;;bmbfsj;Bundesministerium für Bildung und Forschung (BMBF);Leibniz-Institut;Finanzierung über das Ressort Bundesministerium für Bildung und Forschung (BMBF);"[{""zu_id"": ""bmbfsj"", ""typ"": ""UNTERSTELLT"", ""richtung"": ""eingehend"", ""seit"": null, ""quelle"": null}]";"[""https://www.service.bund.de""]";"{""vollstaendigkeit_prozent"": 66.7, ""zuletzt_verifiziert"": ""2026-06-06"", ""verifikation_noetig"": false}";2026-06-06;2.0
leiinsfürfeswer_723;723;1.0;Leibniz-Institut für Festkörper- und Werkstoffforschung;;Bundesanstalt;Bundesbehörde;Bund;Berlin;Berlin;"{""lat"": null, ""lon"": null}";;false;;Leibniz-Institut;https://www.ifw-dresden.de/;;;;470;2024;bmbfsj;Bundesministerium für Bildung und Forschung (BMBF);Leibniz-Institut;Finanzierung über das Ressort Bundesministerium für Bildung und Forschung (BMBF);"[{""zu_id"": ""bmbfsj"", ""typ"": ""UNTERSTELLT"", ""richtung"": ""eingehend"", ""seit"": null, ""quelle"": null}]";"[""https://www.ifw-dresden.de/""]";"{""vollstaendigkeit_prozent"": 75.0, ""zuletzt_verifiziert"": ""2026-06-06"", ""verifikation_noetig"": false}";2026-06-06;2.0
leiinsfürgewbin_724;724;1.0;Leibniz-Institut für Gewässerökologie und Binnenfischerei;;Bundesanstalt;Bundesbehörde;Bund;Berlin;Berlin;"{""lat"": null, ""lon"": null}";;false;;Leibniz-Institut;https://www.igb-berlin.de/;;;;400;2024;bmbfsj;Bundesministerium für Bildung und Forschung (BMBF);Leibniz-Institut;Finanzierung über das Ressort Bundesministerium für Bildung und Forschung (BMBF);"[{""zu_id"": ""bmbfsj"", ""typ"": ""UNTERSTELLT"", ""richtung"": ""eingehend"", ""seit"": null, ""quelle"": null}]";"[""https://www.igb-berlin.de/""]";"{""vollstaendigkeit_prozent"": 75.0, ""zuletzt_verifiziert"": ""2026-06-06"", ""verifikation_noetig"": false}";2026-06-06;2.0
leiinsfürkat_725;725;1.0;Leibniz-Institut für Katalyse e.V.;;Bundesanstalt;Bundesbehörde;Bund;Berlin;Berlin;"{""lat"": null, ""lon"": null}";;false;;Leibniz-Institut;https://www.service.bund.de;;;;;;bmbfsj;Bundesministerium für Bildung und Forschung (BMBF);Leibniz-Institut;Finanzierung über das Ressort Bundesministerium für Bildung und Forschung (BMBF);"[{""zu_id"": ""bmbfsj"", ""typ"": ""UNTERSTELLT"", ""richtung"": ""eingehend"", ""seit"": null, ""quelle"": null}]";"[""https://www.service.bund.de""]";"{""vollstaendigkeit_prozent"": 66.7, ""zuletzt_verifiziert"": ""2026-06-06"", ""verifikation_noetig"": false}";2026-06-06;2.0
leiinsfürkri_726;726;1.0;Leibniz-Institut für Kristallzüchtung;;Bundesanstalt;Bundesbehörde;Bund;Berlin;Berlin;"{""lat"": null, ""lon"": null}";;false;;Leibniz-Institut;https://www.ikz-berlin.de/;;;;154;2024;bmbfsj;Bundesministerium für Bildung und Forschung (BMBF);Leibniz-Institut;Finanzierung über das Ressort Bundesministerium für Bildung und Forschung (BMBF);"[{""zu_id"": ""bmbfsj"", ""typ"": ""UNTERSTELLT"", ""richtung"": ""eingehend"", ""seit"": null, ""quelle"": null}]";"[""https://www.ikz-berlin.de/""]";"{""vollstaendigkeit_prozent"": 75.0, ""zuletzt_verifiziert"": ""2026-06-06"", ""verifikation_noetig"": false}";2026-06-06;2.0
leiinsfürlän_727;727;1.0;Leibniz-Institut für Länderkunde;;Bundesanstalt;Bundesbehörde;Bund;Berlin;Berlin;"{""lat"": null, ""lon"": null}";;false;;Leibniz-Institut;https://www.service.bund.de;;;;;;bmbfsj;Bundesministerium für Bildung und Forschung (BMBF);Leibniz-Institut;Finanzierung über das Ressort Bundesministerium für Bildung und Forschung (BMBF);"[{""zu_id"": ""bmbfsj"", ""typ"": ""UNTERSTELLT"", ""richtung"": ""eingehend"", ""seit"": null, ""quelle"": null}]";"[""https://www.service.bund.de""]";"{""vollstaendigkeit_prozent"": 66.7, ""zuletzt_verifiziert"": ""2026-06-06"", ""verifikation_noetig"": false}";2026-06-06;2.0
leiinsfürmee_728;728;1.0;Leibniz-Institut für Meereswissenschaften;;Bundesanstalt;Bundesbehörde;Bund;Berlin;Berlin;"{""lat"": null, ""lon"": null}";;false;;Leibniz-Institut;http://www.geomar.de/;;;;1000;2024;bmbfsj;Bundesministerium für Bildung und Forschung (BMBF);Leibniz-Institut;Finanzierung über das Ressort Bundesministerium für Bildung und Forschung (BMBF);"[{""zu_id"": ""bmbfsj"", ""typ"": ""UNTERSTELLT"", ""richtung"": ""eingehend"", ""seit"": null, ""quelle"": null}]";"[""http://www.geomar.de/""]";"{""vollstaendigkeit_prozent"": 75.0, ""zuletzt_verifiziert"": ""2026-06-06"", ""verifikation_noetig"": false}";2026-06-06;2.0
leiinsfürmolpha_729;729;1.0;Leibniz-Institut für Molekulare Pharmakologie;;Bundesanstalt;Bundesbehörde;Bund;Berlin;Berlin;"{""lat"": null, ""lon"": null}";;false;;Leibniz-Institut;https://www.leibniz-fmp.de/home;;;;285;2024;bmbfsj;Bundesministerium für Bildung und Forschung (BMBF);Leibniz-Institut;Finanzierung über das Ressort Bundesministerium für Bildung und Forschung (BMBF);"[{""zu_id"": ""bmbfsj"", ""typ"": ""UNTERSTELLT"", ""richtung"": ""eingehend"", ""seit"": null, ""quelle"": null}]";"[""https://www.leibniz-fmp.de/home""]";"{""vollstaendigkeit_prozent"": 75.0, ""zuletzt_verifiziert"": ""2026-06-06"", ""verifikation_noetig"": false}";2026-06-06;2.0
leiinsfürnatfor_730;730;1.0;Leibniz-Institut für Naturstoff-Forschung und Infektionsbiologie - Hans-Knöll-Institut e.V.;;Bundesanstalt;Bundesbehörde;Bund;Berlin;Berlin;"{""lat"": null, ""lon"": null}";;false;;Leibniz-Institut;https://www.leibniz-hki.de;;;;380;2024;bmbfsj;Bundesministerium für Bildung und Forschung (BMBF);Leibniz-Institut;Finanzierung über das Ressort Bundesministerium für Bildung und Forschung (BMBF);"[{""zu_id"": ""bmbfsj"", ""typ"": ""UNTERSTELLT"", ""richtung"": ""eingehend"", ""seit"": null, ""quelle"": null}]";"[""https://www.leibniz-hki.de""]";"{""vollstaendigkeit_prozent"": 75.0, ""zuletzt_verifiziert"": ""2026-06-06"", ""verifikation_noetig"": false}";2026-06-06;2.0
leiinsfürneu_732;732;1.0;Leibniz-Institut für Neurobiologie;;Bundesanstalt;Bundesbehörde;Bund;Berlin;Berlin;"{""lat"": null, ""lon"": null}";;false;;Leibniz-Institut;https://www.lin-magdeburg.de/;;;;250;2024;bmbfsj;Bundesministerium für Bildung und Forschung (BMBF);Leibniz-Institut;Finanzierung über das Ressort Bundesministerium für Bildung und Forschung (BMBF);"[{""zu_id"": ""bmbfsj"", ""typ"": ""UNTERSTELLT"", ""richtung"": ""eingehend"", ""seit"": null, ""quelle"": null}]";"[""https://www.lin-magdeburg.de/""]";"{""vollstaendigkeit_prozent"": 75.0, ""zuletzt_verifiziert"": ""2026-06-06"", ""verifikation_noetig"": false}";2026-06-06;2.0
leiinsfürneumat_731;731;1.0;Leibniz-Institut für Neue Materialien;;Bundesanstalt;Bundesbehörde;Bund;Berlin;Berlin;"{""lat"": null, ""lon"": null}";;false;;Leibniz-Institut;https://www.leibniz-inm.de/;;;;238;2024;bmbfsj;Bundesministerium für Bildung und Forschung (BMBF);Leibniz-Institut;Finanzierung über das Ressort Bundesministerium für Bildung und Forschung (BMBF);"[{""zu_id"": ""bmbfsj"", ""typ"": ""UNTERSTELLT"", ""richtung"": ""eingehend"", ""seit"": null, ""quelle"": null}]";"[""https://www.leibniz-inm.de/""]";"{""vollstaendigkeit_prozent"": 75.0, ""zuletzt_verifiziert"": ""2026-06-06"", ""verifikation_noetig"": false}";2026-06-06;2.0
leiinsfürobe_733;733;1.0;Leibniz-Institut für Oberflächenmodifizierung e. V.;;Bundesanstalt;Bundesbehörde;Bund;Berlin;Berlin;"{""lat"": null, ""lon"": null}";;false;;Leibniz-Institut;https://www.service.bund.de;;;;;;bmbfsj;Bundesministerium für Bildung und Forschung (BMBF);Leibniz-Institut;Finanzierung über das Ressort Bundesministerium für Bildung und Forschung (BMBF);"[{""zu_id"": ""bmbfsj"", ""typ"": ""UNTERSTELLT"", ""richtung"": ""eingehend"", ""seit"": null, ""quelle"": null}]";"[""https://www.service.bund.de""]";"{""vollstaendigkeit_prozent"": 66.7, ""zuletzt_verifiziert"": ""2026-06-06"", ""verifikation_noetig"": false}";2026-06-06;2.0
leiinsfürostwar_735;735;1.0;Leibniz-Institut für Ostseeforschung Warnemünde;;Bundesanstalt;Bundesbehörde;Bund;Berlin;Berlin;"{""lat"": null, ""lon"": null}";;false;;Leibniz-Institut;https://www.service.bund.de;;;;;;bmbfsj;Bundesministerium für Bildung und Forschung (BMBF);Leibniz-Institut;Finanzierung über das Ressort Bundesministerium für Bildung und Forschung (BMBF);"[{""zu_id"": ""bmbfsj"", ""typ"": ""UNTERSTELLT"", ""richtung"": ""eingehend"", ""seit"": null, ""quelle"": null}]";"[""https://www.service.bund.de""]";"{""vollstaendigkeit_prozent"": 66.7, ""zuletzt_verifiziert"": ""2026-06-06"", ""verifikation_noetig"": false}";2026-06-06;2.0
leiinsfürpfl_736;736;1.0;Leibniz-Institut für Pflanzenbiochemie;;Bundesanstalt;Bundesbehörde;Bund;Berlin;Berlin;"{""lat"": null, ""lon"": null}";;false;;Leibniz-Institut;https://www.ipb-halle.de/;;;;200;2024;bmbfsj;Bundesministerium für Bildung und Forschung (BMBF);Leibniz-Institut;Finanzierung über das Ressort Bundesministerium für Bildung und Forschung (BMBF);"[{""zu_id"": ""bmbfsj"", ""typ"": ""UNTERSTELLT"", ""richtung"": ""eingehend"", ""seit"": null, ""quelle"": null}]";"[""https://www.ipb-halle.de/""]";"{""vollstaendigkeit_prozent"": 75.0, ""zuletzt_verifiziert"": ""2026-06-06"", ""verifikation_noetig"": false}";2026-06-06;2.0
leiinsfürpflkul_737;737;1.0;Leibniz-Institut für Pflanzengenetik und Kulturpflanzenforschung;;Bundesanstalt;Bundesbehörde;Bund;Berlin;Berlin;"{""lat"": null, ""lon"": null}";;false;;Leibniz-Institut;http://www.ipk-gatersleben.de/;;;;500;2024;bkamt;Beauftragte der Bundesregierung für Kultur und Medien (BKM);Leibniz-Institut;Finanzierung über das Ressort Beauftragte der Bundesregierung für Kultur und Medien (BKM);"[{""zu_id"": ""bkamt"", ""typ"": ""UNTERSTELLT"", ""richtung"": ""eingehend"", ""seit"": null, ""quelle"": null}]";"[""http://www.ipk-gatersleben.de/""]";"{""vollstaendigkeit_prozent"": 75.0, ""zuletzt_verifiziert"": ""2026-06-06"", ""verifikation_noetig"": false}";2026-06-06;2.0
leiinsfürplatec_738;738;1.0;Leibniz-Institut für Plasmaforschung und Technologie;;Bundesanstalt;Bundesbehörde;Bund;Berlin;Berlin;"{""lat"": null, ""lon"": null}";;false;;Leibniz-Institut;http://www.leibniz-inp.de/;;1852.94;2025;203;2024;bmbfsj;Bundesministerium für Bildung und Forschung (BMBF);Leibniz-Institut;Finanzierung über das Ressort Bundesministerium für Bildung und Forschung (BMBF);"[{""zu_id"": ""bmbfsj"", ""typ"": ""UNTERSTELLT"", ""richtung"": ""eingehend"", ""seit"": null, ""quelle"": null}]";"[""http://www.leibniz-inp.de/""]";"{""vollstaendigkeit_prozent"": 75.0, ""zuletzt_verifiziert"": ""2026-06-06"", ""verifikation_noetig"": false}";2026-06-06;2.0
leiinsfürpädnat_722;722;1.0;Leibniz-Institut für die Pädagogik der Naturwissenschaften an der Universität Kiel;;Bundesanstalt;Bundesbehörde;Bund;Kiel;Schleswig-Holstein;"{""lat"": null, ""lon"": null}";;false;;Leibniz-Institut;https://www.leibniz-ipn.de/;;8862.05;2025;200;2024;bmbfsj;Bundesministerium für Bildung und Forschung (BMBF);Leibniz-Institut;Finanzierung über das Ressort Bundesministerium für Bildung und Forschung (BMBF);"[{""zu_id"": ""bmbfsj"", ""typ"": ""UNTERSTELLT"", ""richtung"": ""eingehend"", ""seit"": null, ""quelle"": null}]";"[""https://www.leibniz-ipn.de/""]";"{""vollstaendigkeit_prozent"": 75.0, ""zuletzt_verifiziert"": ""2026-06-06"", ""verifikation_noetig"": false}";2026-06-06;2.0
leiinsfürregstr_739;739;1.0;Leibniz-Institut für Regionalentwicklung und Strukturplanung;;Bundesanstalt;Bundesbehörde;Bund;Berlin;Berlin;"{""lat"": null, ""lon"": null}";;false;;Leibniz-Institut;https://leibniz-irs.de;;;;;;bmbfsj;Bundesministerium für Bildung und Forschung (BMBF);Leibniz-Institut;Finanzierung über das Ressort Bundesministerium für Bildung und Forschung (BMBF);"[{""zu_id"": ""bmbfsj"", ""typ"": ""UNTERSTELLT"", ""richtung"": ""eingehend"", ""seit"": null, ""quelle"": null}]";"[""https://leibniz-irs.de""]";"{""vollstaendigkeit_prozent"": 66.7, ""zuletzt_verifiziert"": ""2026-06-06"", ""verifikation_noetig"": false}";2026-06-06;2.0
leiinsfürtro_740;740;1.0;Leibniz-Institut für Troposphärenforschung;;Bundesanstalt;Bundesbehörde;Bund;Berlin;Berlin;"{""lat"": null, ""lon"": null}";;false;;Leibniz-Institut;https://www.tropos.de/;;;;151;2024;bmbfsj;Bundesministerium für Bildung und Forschung (BMBF);Leibniz-Institut;Finanzierung über das Ressort Bundesministerium für Bildung und Forschung (BMBF);"[{""zu_id"": ""bmbfsj"", ""typ"": ""UNTERSTELLT"", ""richtung"": ""eingehend"", ""seit"": null, ""quelle"": null}]";"[""https://www.tropos.de/""]";"{""vollstaendigkeit_prozent"": 75.0, ""zuletzt_verifiziert"": ""2026-06-06"", ""verifikation_noetig"": false}";2026-06-06;2.0
leiinsfürzoowil_741;741;1.0;Leibniz-Institut für Zoo- und Wildtierforschung;;Bundesanstalt;Bundesbehörde;Bund;Berlin;Berlin;"{""lat"": null, ""lon"": null}";;false;;Leibniz-Institut;https://www.izw-berlin.de/;;;;200;2024;bmbfsj;Bundesministerium für Bildung und Forschung (BMBF);Leibniz-Institut;Finanzierung über das Ressort Bundesministerium für Bildung und Forschung (BMBF);"[{""zu_id"": ""bmbfsj"", ""typ"": ""UNTERSTELLT"", ""richtung"": ""eingehend"", ""seit"": null, ""quelle"": null}]";"[""https://www.izw-berlin.de/""]";"{""vollstaendigkeit_prozent"": 75.0, ""zuletzt_verifiziert"": ""2026-06-06"", ""verifikation_noetig"": false}";2026-06-06;2.0
leiinsfürökorau_734;734;1.0;Leibniz-Institut für ökologische Raumentwicklung;;Bundesanstalt;Bundesbehörde;Bund;Berlin;Berlin;"{""lat"": null, ""lon"": null}";;false;;Leibniz-Institut;https://www.ioer.de/;;;;120;2024;bmbfsj;Bundesministerium für Bildung und Forschung (BMBF);Leibniz-Institut;Finanzierung über das Ressort Bundesministerium für Bildung und Forschung (BMBF);"[{""zu_id"": ""bmbfsj"", ""typ"": ""UNTERSTELLT"", ""richtung"": ""eingehend"", ""seit"": null, ""quelle"": null}]";"[""https://www.ioer.de/""]";"{""vollstaendigkeit_prozent"": 75.0, ""zuletzt_verifiziert"": ""2026-06-06"", ""verifikation_noetig"": false}";2026-06-06;2.0
leizenfürzeifor_16504;16504;1.0;Leibniz-Zentrum für Zeithistorische Forschung Potsdam e. V.;;Bundesanstalt;Bundesbehörde;Bund;Potsdam;Brandenburg;"{""lat"": null, ""lon"": null}";;false;;Leibniz-Institut;https://zzf-potsdam.de/;;8159.75;2025;;;bmbfsj;Bundesministerium für Bildung und Forschung (BMBF);Leibniz-Institut;Finanzierung über das Ressort Bundesministerium für Bildung und Forschung (BMBF);"[{""zu_id"": ""bmbfsj"", ""typ"": ""UNTERSTELLT"", ""richtung"": ""eingehend"", ""seit"": null, ""quelle"": null}]";"[""https://zzf-potsdam.de/""]";"{""vollstaendigkeit_prozent"": 66.7, ""zuletzt_verifiziert"": ""2026-06-06"", ""verifikation_noetig"": false}";2026-06-06;2.0
logbun_744;744;1.0;Logistikamt der Bundeswehr;;Bundesoberbehörde;Dienststelle der Bundeswehrverwaltung;Bund;Berlin;Berlin;"{""lat"": null, ""lon"": null}";;false;;Bundeswehr;https://www.bundeswehr.de;;8862.05;2025;;;bmvg;Bundesministerium der Verteidigung (BMVg);Bundeswehr;Aggregiert unter Bundesministerium der Verteidigung (BMVg);"[{""zu_id"": ""bmvg"", ""typ"": ""UNTERSTELLT"", ""richtung"": ""eingehend"", ""seit"": null, ""quelle"": null}]";"[""https://www.bundeswehr.de""]";"{""vollstaendigkeit_prozent"": 66.7, ""zuletzt_verifiziert"": ""2026-06-06"", ""verifikation_noetig"": false}";2026-06-06;2.0
logbun_745;745;1.0;Logistikzentrum der Bundeswehr;;Bundesoberbehörde;Dienststelle der Bundeswehrverwaltung;Bund;Berlin;Berlin;"{""lat"": null, ""lon"": null}";;false;;Bundeswehr;https://www.bundeswehr.de;;8862.05;2025;;;bmvg;Bundesministerium der Verteidigung (BMVg);Bundeswehr;Aggregiert unter Bundesministerium der Verteidigung (BMVg);"[{""zu_id"": ""bmvg"", ""typ"": ""UNTERSTELLT"", ""richtung"": ""eingehend"", ""seit"": null, ""quelle"": null}]";"[""https://www.bundeswehr.de""]";"{""vollstaendigkeit_prozent"": 66.7, ""zuletzt_verifiziert"": ""2026-06-06"", ""verifikation_noetig"": false}";2026-06-06;2.0
loghei_746;746;1.0;Logistikzentrum Heiligenhaus;;Bundesoberbehörde;Bundesbehörde;Bund;Berlin;Berlin;"{""lat"": null, ""lon"": null}";;false;;Dienstleistung;https://www.service.bund.de;;;;;;bmi;Bundesministerium des Innern und für Heimat (BMI);Dienstleistung;Finanzierung über das Ressort Bundesministerium des Innern und für Heimat (BMI);"[{""zu_id"": ""bmi"", ""typ"": ""UNTERSTELLT"", ""richtung"": ""eingehend"", ""seit"": null, ""quelle"": null}]";"[""https://www.service.bund.de""]";"{""vollstaendigkeit_prozent"": 66.7, ""zuletzt_verifiziert"": ""2026-06-06"", ""verifikation_noetig"": false}";2026-06-06;2.0
luf_749;749;1.0;Luftfahrt-Bundesamt;;Bundesoberbehörde;Bundesbehörde;Bund;Berlin;Berlin;"{""lat"": null, ""lon"": null}";;false;;Luftverkehr;https://www.service.bund.de;;98.8;2025;1070;2024;bmv;Bundesministerium für Digitales und Verkehr (BMDV);Luftverkehr;Finanzierung über das Ressort Bundesministerium für Digitales und Verkehr (BMDV);"[{""zu_id"": ""bmv"", ""typ"": ""UNTERSTELLT"", ""richtung"": ""eingehend"", ""seit"": null, ""quelle"": null}]";"[""https://www.service.bund.de""]";"{""vollstaendigkeit_prozent"": 75.0, ""zuletzt_verifiziert"": ""2026-06-06"", ""verifikation_noetig"": false}";2026-06-06;2.0
luf_754;754;1.0;Luftwaffenführungskommando;;Bundesoberbehörde;Dienststelle der Bundeswehrverwaltung;Bund;Berlin;Berlin;"{""lat"": null, ""lon"": null}";;false;;Bundeswehr;https://www.bundeswehr.de;;;;;;bmvg;Bundesministerium der Verteidigung (BMVg);Bundeswehr;Aggregiert unter Bundesministerium der Verteidigung (BMVg);"[{""zu_id"": ""bmvg"", ""typ"": ""UNTERSTELLT"", ""richtung"": ""eingehend"", ""seit"": null, ""quelle"": null}]";"[""https://www.bundeswehr.de""]";"{""vollstaendigkeit_prozent"": 66.7, ""zuletzt_verifiziert"": ""2026-06-06"", ""verifikation_noetig"": false}";2026-06-06;2.0
lufbun_13;13;1.0;Luftfahrtamt der Bundeswehr;;Bundesoberbehörde;Dienststelle der Bundeswehrverwaltung;Bund;Berlin;Berlin;"{""lat"": null, ""lon"": null}";;false;;Bundeswehr;https://www.bundeswehr.de;;473.3;2025;;;bmvg;Bundesministerium der Verteidigung (BMVg);Bundeswehr;Aggregiert unter Bundesministerium der Verteidigung (BMVg);"[{""zu_id"": ""bmvg"", ""typ"": ""UNTERSTELLT"", ""richtung"": ""eingehend"", ""seit"": null, ""quelle"": null}]";"[""https://www.bundeswehr.de""]";"{""vollstaendigkeit_prozent"": 66.7, ""zuletzt_verifiziert"": ""2026-06-06"", ""verifikation_noetig"": false}";2026-06-06;2.0
lufluf_750;750;1.0;Luftlande- und Lufttransportschule;;Bundesoberbehörde;Bundesbehörde;Bund;Berlin;Berlin;"{""lat"": null, ""lon"": null}";;false;;Militärische Ausbildungsstätte;https://www.bundeswehr.de/de/organisation/heer/organisation/ausbildungskommando/infanterieschule/luftlande-lufttransportschule/;;;;;;bmvg;Bundesministerium der Verteidigung (BMVg);Militärische Ausbildungsstätte;Finanzierung über das Ressort Bundesministerium der Verteidigung (BMVg);"[{""zu_id"": ""bmvg"", ""typ"": ""UNTERSTELLT"", ""richtung"": ""eingehend"", ""seit"": null, ""quelle"": null}]";"[""https://www.bundeswehr.de/de/organisation/heer/organisation/ausbildungskommando/infanterieschule/luftlande-lufttransportschule/""]";"{""vollstaendigkeit_prozent"": 66.7, ""zuletzt_verifiziert"": ""2026-06-06"", ""verifikation_noetig"": false}";2026-06-06;2.0
lufwah_755;755;1.0;Luftwaffenunterstützungsgruppe Wahn;;Bundesoberbehörde;Bundesbehörde;Bund;Berlin;Berlin;"{""lat"": null, ""lon"": null}";;false;;Bundeswehr;https://www.service.bund.de;;;;;;bmvg;Bundesministerium der Verteidigung (BMVg);Bundeswehr;Finanzierung über das Ressort Bundesministerium der Verteidigung (BMVg);"[{""zu_id"": ""bmvg"", ""typ"": ""UNTERSTELLT"", ""richtung"": ""eingehend"", ""seit"": null, ""quelle"": null}]";"[""https://www.service.bund.de""]";"{""vollstaendigkeit_prozent"": 66.7, ""zuletzt_verifiziert"": ""2026-06-06"", ""verifikation_noetig"": false}";2026-06-06;2.0
länfürarbsic_51702;51702;1.0;Länderausschuss für Arbeitsschutz und Sicherheitstechnik;;Bundesoberbehörde;Bundesbehörde;Bund;Berlin;Berlin;"{""lat"": null, ""lon"": null}";;false;;Arbeitsschutz;https://www.service.bund.de;;96.46;2025;;;bmas;Bundesministerium für Arbeit und Soziales (BMAS);Arbeitsschutz;Finanzierung über das Ressort Bundesministerium für Arbeit und Soziales (BMAS);"[{""zu_id"": ""bmas"", ""typ"": ""UNTERSTELLT"", ""richtung"": ""eingehend"", ""seit"": null, ""quelle"": null}]";"[""https://www.service.bund.de""]";"{""vollstaendigkeit_prozent"": 66.7, ""zuletzt_verifiziert"": ""2026-06-06"", ""verifikation_noetig"": false}";2026-06-06;2.0
mad;;1.0;Militärischer Abschirmdienst;MAD;Bundesamt;Dienststelle der Bundeswehrverwaltung;Bund;Köln;Nordrhein-Westfalen;"{""lat"": null, ""lon"": null}";1956;false;;Militärischer Nachrichtendienst, Spionageabwehr Bundeswehr, Extremismuserkennung, Sicherheitsüberprüfungen;https://www.bundeswehr.de/de/organisation/weitere-bmvg-dienststellen/mad-amt-fuer-den-militaerischen-abschirmdienst;MAD-Gesetz (MADG);262.2;2025;1300;2024;bmvg;;;;"[{""zu_id"": ""bmvg"", ""typ"": ""UNTERSTELLT"", ""richtung"": ""eingehend"", ""seit"": 1956}]";"[""https://www.bundeswehr.de"", ""https://www.bundeshaushalt.de""]";"{""vollstaendigkeit_prozent"": 100.0, ""zuletzt_verifiziert"": ""2026-06-06"", ""verifikation_noetig"": false}";2026-06-06;2.0
mar_439;439;1.0;Marinekommando;;Bundesoberbehörde;Dienststelle der Bundeswehrverwaltung;Bund;Berlin;Berlin;"{""lat"": null, ""lon"": null}";;false;;Bundeswehr;https://www.bundeswehr.de;;;;;;bmvg;Bundesministerium der Verteidigung (BMVg);Bundeswehr;Aggregiert unter Bundesministerium der Verteidigung (BMVg);"[{""zu_id"": ""bmvg"", ""typ"": ""UNTERSTELLT"", ""richtung"": ""eingehend"", ""seit"": null, ""quelle"": null}]";"[""https://www.bundeswehr.de""]";"{""vollstaendigkeit_prozent"": 66.7, ""zuletzt_verifiziert"": ""2026-06-06"", ""verifikation_noetig"": false}";2026-06-06;2.0
mar_758;758;1.0;Marineoperationsschule;;Bundesoberbehörde;Bundesbehörde;Bund;Berlin;Berlin;"{""lat"": null, ""lon"": null}";;false;;Militärische Ausbildungsstätte;https://www.service.bund.de;;;;;;bmvg;Bundesministerium der Verteidigung (BMVg);Militärische Ausbildungsstätte;Finanzierung über das Ressort Bundesministerium der Verteidigung (BMVg);"[{""zu_id"": ""bmvg"", ""typ"": ""UNTERSTELLT"", ""richtung"": ""eingehend"", ""seit"": null, ""quelle"": null}]";"[""https://www.service.bund.de""]";"{""vollstaendigkeit_prozent"": 66.7, ""zuletzt_verifiziert"": ""2026-06-06"", ""verifikation_noetig"": false}";2026-06-06;2.0
mar_760;760;1.0;Marinetechnikschule;;Bundesoberbehörde;Bundesbehörde;Bund;Berlin;Berlin;"{""lat"": null, ""lon"": null}";;false;;Militärische Ausbildungsstätte;https://www.service.bund.de;;;;;;bmvg;Bundesministerium der Verteidigung (BMVg);Militärische Ausbildungsstätte;Finanzierung über das Ressort Bundesministerium der Verteidigung (BMVg);"[{""zu_id"": ""bmvg"", ""typ"": ""UNTERSTELLT"", ""richtung"": ""eingehend"", ""seit"": null, ""quelle"": null}]";"[""https://www.service.bund.de""]";"{""vollstaendigkeit_prozent"": 66.7, ""zuletzt_verifiziert"": ""2026-06-06"", ""verifikation_noetig"": false}";2026-06-06;2.0
marhankas_756;756;1.0;Marineamt Hanse-Kaserne;;Bundesoberbehörde;Bundesbehörde;Bund;Berlin;Berlin;"{""lat"": null, ""lon"": null}";;false;;Bundeswehr;https://www.service.bund.de;;;;;;bmvg;Bundesministerium der Verteidigung (BMVg);Bundeswehr;Finanzierung über das Ressort Bundesministerium der Verteidigung (BMVg);"[{""zu_id"": ""bmvg"", ""typ"": ""UNTERSTELLT"", ""richtung"": ""eingehend"", ""seit"": null, ""quelle"": null}]";"[""https://www.service.bund.de""]";"{""vollstaendigkeit_prozent"": 66.7, ""zuletzt_verifiziert"": ""2026-06-06"", ""verifikation_noetig"": false}";2026-06-06;2.0
marmür_759;759;1.0;Marineschule Mürwik;;Bundesoberbehörde;Bundesbehörde;Bund;Berlin;Berlin;"{""lat"": null, ""lon"": null}";;false;;Militärische Ausbildungsstätte;https://www.bundeswehr.de/de/organisation/marine/organisation/marineschule-muerwik;;;;;;bmvg;Bundesministerium der Verteidigung (BMVg);Militärische Ausbildungsstätte;Finanzierung über das Ressort Bundesministerium der Verteidigung (BMVg);"[{""zu_id"": ""bmvg"", ""typ"": ""UNTERSTELLT"", ""richtung"": ""eingehend"", ""seit"": null, ""quelle"": null}]";"[""https://www.bundeswehr.de/de/organisation/marine/organisation/marineschule-muerwik""]";"{""vollstaendigkeit_prozent"": 66.7, ""zuletzt_verifiziert"": ""2026-06-06"", ""verifikation_noetig"": false}";2026-06-06;2.0
marwil_757;757;1.0;Marinearsenal Wilhelmshaven;;Bundesoberbehörde;Bundesbehörde;Bund;Berlin;Berlin;"{""lat"": null, ""lon"": null}";;false;;Bundeswehr;https://www.service.bund.de;;;;;;bmvg;Bundesministerium der Verteidigung (BMVg);Bundeswehr;Finanzierung über das Ressort Bundesministerium der Verteidigung (BMVg);"[{""zu_id"": ""bmvg"", ""typ"": ""UNTERSTELLT"", ""richtung"": ""eingehend"", ""seit"": null, ""quelle"": null}]";"[""https://www.service.bund.de""]";"{""vollstaendigkeit_prozent"": 66.7, ""zuletzt_verifiziert"": ""2026-06-06"", ""verifikation_noetig"": false}";2026-06-06;2.0
matforobe_761;761;1.0;Mathematisches Forschungsinstitut Oberwolfach;;Bundesoberbehörde;Bundesbehörde;Bund;Berlin;Berlin;"{""lat"": null, ""lon"": null}";;false;;;https://www.service.bund.de;;74.77;2025;;;bmbfsj;Bundesministerium für Bildung und Forschung (BMBF);;Finanzierung über das Ressort Bundesministerium für Bildung und Forschung (BMBF);"[{""zu_id"": ""bmbfsj"", ""typ"": ""UNTERSTELLT"", ""richtung"": ""eingehend"", ""seit"": null, ""quelle"": null}]";"[""https://www.service.bund.de""]";"{""vollstaendigkeit_prozent"": 58.3, ""zuletzt_verifiziert"": ""2026-06-06"", ""verifikation_noetig"": false}";2026-06-06;2.0
maxborinsfürnic_762;762;1.0;Max-Born-Institut für Nichtlineare Optik und Kurzzeitspektroskopie;;Bundesoberbehörde;Bundesbehörde;Bund;Berlin;Berlin;"{""lat"": null, ""lon"": null}";;false;;;https://www.mbi-berlin.de/;;;;190;2024;bmi;Bundesministerium des Innern und für Heimat (BMI);;Finanzierung über das Ressort Bundesministerium des Innern und für Heimat (BMI);"[{""zu_id"": ""bmi"", ""typ"": ""UNTERSTELLT"", ""richtung"": ""eingehend"", ""seit"": null, ""quelle"": null}]";"[""https://www.mbi-berlin.de/""]";"{""vollstaendigkeit_prozent"": 66.7, ""zuletzt_verifiziert"": ""2026-06-06"", ""verifikation_noetig"": false}";2026-06-06;2.0
maxdelcenfürmol_763;763;1.0;Max-Delbrück-Centrum für Molekulare Medizin Berlin-Buch;;Bundesanstalt;Bundesbehörde;Bund;Berlin;Berlin;"{""lat"": null, ""lon"": null}";;false;;Forschung;https://www.service.bund.de;;96.46;2025;;;bmbfsj;Bundesministerium für Bildung und Forschung (BMBF);Forschung;Finanzierung über das Ressort Bundesministerium für Bildung und Forschung (BMBF);"[{""zu_id"": ""bmbfsj"", ""typ"": ""UNTERSTELLT"", ""richtung"": ""eingehend"", ""seit"": null, ""quelle"": null}]";"[""https://www.service.bund.de""]";"{""vollstaendigkeit_prozent"": 66.7, ""zuletzt_verifiziert"": ""2026-06-06"", ""verifikation_noetig"": false}";2026-06-06;2.0
maxplagesförwis_764;764;1.0;Max-Planck-Gesellschaft zur Förderung der Wissenschaften e.V.;;Bundesanstalt;Bundesbehörde;Bund;Berlin;Berlin;"{""lat"": null, ""lon"": null}";;false;;Forschung;https://www.mpg.de/de;;2.563;2025;25740;2024;bmbfsj;Bundesministerium für Bildung und Forschung (BMBF);Forschung;Finanzierung über das Ressort Bundesministerium für Bildung und Forschung (BMBF);"[{""zu_id"": ""bmbfsj"", ""typ"": ""UNTERSTELLT"", ""richtung"": ""eingehend"", ""seit"": null, ""quelle"": null}]";"[""https://www.mpg.de/de""]";"{""vollstaendigkeit_prozent"": 75.0, ""zuletzt_verifiziert"": ""2026-06-06"", ""verifikation_noetig"": false}";2026-06-06;2.0
maxplainsfürkoh_766;766;1.0;Max-Planck-Institut für Kohlenforschung;;Bundesoberbehörde;Bundesbehörde;Bund;Berlin;Berlin;"{""lat"": null, ""lon"": null}";;false;;;http://www.kofo.mpg.de/;;;;350;2024;bkamt;Beauftragte der Bundesregierung für Kultur und Medien (BKM);;Finanzierung über das Ressort Beauftragte der Bundesregierung für Kultur und Medien (BKM);"[{""zu_id"": ""bkamt"", ""typ"": ""UNTERSTELLT"", ""richtung"": ""eingehend"", ""seit"": null, ""quelle"": null}]";"[""http://www.kofo.mpg.de/""]";"{""vollstaendigkeit_prozent"": 66.7, ""zuletzt_verifiziert"": ""2026-06-06"", ""verifikation_noetig"": false}";2026-06-06;2.0
maxplainsfürpla_767;767;1.0;Max-Planck-Institut für Plasmaphysik;;Bundesanstalt;Bundesbehörde;Bund;Berlin;Berlin;"{""lat"": null, ""lon"": null}";;false;;Forschung;http://www.ipp.mpg.de/;;;;1100;2024;bmbfsj;Bundesministerium für Bildung und Forschung (BMBF);Forschung;Finanzierung über das Ressort Bundesministerium für Bildung und Forschung (BMBF);"[{""zu_id"": ""bmbfsj"", ""typ"": ""UNTERSTELLT"", ""richtung"": ""eingehend"", ""seit"": null, ""quelle"": null}]";"[""http://www.ipp.mpg.de/""]";"{""vollstaendigkeit_prozent"": 75.0, ""zuletzt_verifiziert"": ""2026-06-06"", ""verifikation_noetig"": false}";2026-06-06;2.0
maxrubinsbunfür_768;768;1.0;"Max Rubner-Institut,

Bundesforschungsinstitut für Ernährung und Lebensmittel";;Bundesoberbehörde;Bundesbehörde;Bund;Berlin;Berlin;"{""lat"": null, ""lon"": null}";;false;;;https://www.service.bund.de;;68.4;2025;700;2024;bmelh;Bundesministerium für Ernährung und Landwirtschaft (BMEL);;Finanzierung über das Ressort Bundesministerium für Ernährung und Landwirtschaft (BMEL);"[{""zu_id"": ""bmelh"", ""typ"": ""UNTERSTELLT"", ""richtung"": ""eingehend"", ""seit"": null, ""quelle"": null}]";"[""https://www.service.bund.de""]";"{""vollstaendigkeit_prozent"": 66.7, ""zuletzt_verifiziert"": ""2026-06-06"", ""verifikation_noetig"": false}";2026-06-06;2.0
medalmgbr_4141;4141;1.0;die medienanstalten - ALM GbR;;AdöR;Anstalt des öffentlichen Rechts;Bund;Berlin;Berlin;"{""lat"": null, ""lon"": null}";;false;;Medienanstalt;https://www.service.bund.de;;;;;;bmi;Bundesministerium des Innern und für Heimat (BMI);Medienanstalt;Finanzierung über das Ressort Bundesministerium des Innern und für Heimat (BMI);"[{""zu_id"": ""bmi"", ""typ"": ""UNTERSTELLT"", ""richtung"": ""eingehend"", ""seit"": null, ""quelle"": null}]";"[""https://www.service.bund.de""]";"{""vollstaendigkeit_prozent"": 66.7, ""zuletzt_verifiziert"": ""2026-06-06"", ""verifikation_noetig"": false}";2026-06-06;2.0
meddiebunbun_14689;14689;1.0;Medizinischer Dienst Bund (MD Bund);;KdöR;Bundesbehörde;Bund;Berlin;Berlin;"{""lat"": null, ""lon"": null}";;false;;Krankenkasse;https://md-bund.de/;;20.1;2025;;;bmg;Bundesministerium für Gesundheit (BMG);Krankenkasse;Finanzierung über das Ressort Bundesministerium für Gesundheit (BMG);"[{""zu_id"": ""bmg"", ""typ"": ""UNTERSTELLT"", ""richtung"": ""eingehend"", ""seit"": null, ""quelle"": null}]";"[""https://md-bund.de/""]";"{""vollstaendigkeit_prozent"": 66.7, ""zuletzt_verifiziert"": ""2026-06-06"", ""verifikation_noetig"": false}";2026-06-06;2.0
merbenbkk_52008;52008;1.0;Mercedes-Benz BKK;;KdöR;Bundesbehörde;Bund;Berlin;Berlin;"{""lat"": null, ""lon"": null}";;false;;Krankenkasse;https://www.mercedes-benz-bkk.com/;;;;;;bmg;Bundesministerium für Gesundheit (BMG);Krankenkasse;Finanzierung über das Ressort Bundesministerium für Gesundheit (BMG);"[{""zu_id"": ""bmg"", ""typ"": ""UNTERSTELLT"", ""richtung"": ""eingehend"", ""seit"": null, ""quelle"": null}]";"[""https://www.mercedes-benz-bkk.com/""]";"{""vollstaendigkeit_prozent"": 66.7, ""zuletzt_verifiziert"": ""2026-06-06"", ""verifikation_noetig"": false}";2026-06-06;2.0
mhpbet_15896;15896;1.0;mhplus Betriebskrankenkasse;;KdöR;Bundesbehörde;Bund;Berlin;Berlin;"{""lat"": null, ""lon"": null}";;false;;Krankenkasse;https://www.mhplus-krankenkasse.de/;;;;1100;2024;bmg;Bundesministerium für Gesundheit (BMG);Krankenkasse;Finanzierung über das Ressort Bundesministerium für Gesundheit (BMG);"[{""zu_id"": ""bmg"", ""typ"": ""UNTERSTELLT"", ""richtung"": ""eingehend"", ""seit"": null, ""quelle"": null}]";"[""https://www.mhplus-krankenkasse.de/""]";"{""vollstaendigkeit_prozent"": 75.0, ""zuletzt_verifiziert"": ""2026-06-06"", ""verifikation_noetig"": false}";2026-06-06;2.0
milfor_769;769;1.0;Militärgeschichtliches Forschungsamt;;Bundesoberbehörde;Dienststelle der Bundeswehrverwaltung;Bund;Berlin;Berlin;"{""lat"": null, ""lon"": null}";;false;;Bundeswehr;https://www.bundeswehr.de;;;;;;bmvg;Bundesministerium der Verteidigung (BMVg);Bundeswehr;Aggregiert unter Bundesministerium der Verteidigung (BMVg);"[{""zu_id"": ""bmvg"", ""typ"": ""UNTERSTELLT"", ""richtung"": ""eingehend"", ""seit"": null, ""quelle"": null}]";"[""https://www.bundeswehr.de""]";"{""vollstaendigkeit_prozent"": 66.7, ""zuletzt_verifiziert"": ""2026-06-06"", ""verifikation_noetig"": false}";2026-06-06;2.0
mobmbh_49159;49159;1.0;Mobilfunkinfrastrukturgesellschaft mbH;;Bundesoberbehörde;Bundesbehörde;Bund;Berlin;Berlin;"{""lat"": null, ""lon"": null}";;false;;Unternehmen;https://www.service.bund.de;;;;;;bmv;Bundesministerium für Digitales und Verkehr (BMDV);Unternehmen;Finanzierung über das Ressort Bundesministerium für Digitales und Verkehr (BMDV);"[{""zu_id"": ""bmv"", ""typ"": ""UNTERSTELLT"", ""richtung"": ""eingehend"", ""seit"": null, ""quelle"": null}]";"[""https://www.service.bund.de""]";"{""vollstaendigkeit_prozent"": 66.7, ""zuletzt_verifiziert"": ""2026-06-06"", ""verifikation_noetig"": false}";2026-06-06;2.0
mon_770;770;1.0;Monopolkommission;;Bundesoberbehörde;Bundesbehörde;Bund;Berlin;Berlin;"{""lat"": null, ""lon"": null}";;false;;Wettbewerbsbehörde;https://www.service.bund.de;;;;;;bmi;Bundesministerium des Innern und für Heimat (BMI);Wettbewerbsbehörde;Finanzierung über das Ressort Bundesministerium des Innern und für Heimat (BMI);"[{""zu_id"": ""bmi"", ""typ"": ""UNTERSTELLT"", ""richtung"": ""eingehend"", ""seit"": null, ""quelle"": null}]";"[""https://www.service.bund.de""]";"{""vollstaendigkeit_prozent"": 66.7, ""zuletzt_verifiziert"": ""2026-06-06"", ""verifikation_noetig"": false}";2026-06-06;2.0
musfürnatleiins_771;771;1.0;Museum für Naturkunde Leibniz-Institut für Evolutions- und Biodiversitätsforschung an der Humboldt-Universität zu Berlin;;Bundesanstalt;Bundesbehörde;Bund;Berlin;Berlin;"{""lat"": null, ""lon"": null}";;false;;Museum und Ausstellungen;https://www.service.bund.de;;183.78;2025;;;bkamt;Beauftragte der Bundesregierung für Kultur und Medien (BKM);Museum und Ausstellungen;Finanzierung über das Ressort Beauftragte der Bundesregierung für Kultur und Medien (BKM);"[{""zu_id"": ""bkamt"", ""typ"": ""UNTERSTELLT"", ""richtung"": ""eingehend"", ""seit"": null, ""quelle"": null}]";"[""https://www.service.bund.de""]";"{""vollstaendigkeit_prozent"": 66.7, ""zuletzt_verifiziert"": ""2026-06-06"", ""verifikation_noetig"": false}";2026-06-06;2.0
natbeg_14678;14678;1.0;Nationales Begleitgremium;;Bundesoberbehörde;Bundesbehörde;Bund;Berlin;Berlin;"{""lat"": null, ""lon"": null}";;false;;Konferenz;https://www.service.bund.de;;114.89;2025;;;bmi;Bundesministerium des Innern und für Heimat (BMI);Konferenz;Finanzierung über das Ressort Bundesministerium des Innern und für Heimat (BMI);"[{""zu_id"": ""bmi"", ""typ"": ""UNTERSTELLT"", ""richtung"": ""eingehend"", ""seit"": null, ""quelle"": null}]";"[""https://www.service.bund.de""]";"{""vollstaendigkeit_prozent"": 66.7, ""zuletzt_verifiziert"": ""2026-06-06"", ""verifikation_noetig"": false}";2026-06-06;2.0
natfor_49881;49881;1.0;Nationale Forschungsdateninfrastruktur e.V.;;Bundesanstalt;Bundesbehörde;Bund;Berlin;Berlin;"{""lat"": null, ""lon"": null}";;false;;Forschung;https://www.service.bund.de;;183.68;2025;;;bmbfsj;Bundesministerium für Bildung und Forschung (BMBF);Forschung;Finanzierung über das Ressort Bundesministerium für Bildung und Forschung (BMBF);"[{""zu_id"": ""bmbfsj"", ""typ"": ""UNTERSTELLT"", ""richtung"": ""eingehend"", ""seit"": null, ""quelle"": null}]";"[""https://www.service.bund.de""]";"{""vollstaendigkeit_prozent"": 66.7, ""zuletzt_verifiziert"": ""2026-06-06"", ""verifikation_noetig"": false}";2026-06-06;2.0
natleilad_50875;50875;1.0;Nationale Leitstelle Ladeinfrastruktur;;Bundesoberbehörde;Bundesbehörde;Bund;Berlin;Berlin;"{""lat"": null, ""lon"": null}";;false;;Energie;https://www.service.bund.de;;183.68;2025;;;bmwi;Bundesministerium für Wirtschaft und Klimaschutz (BMWK);Energie;Finanzierung über das Ressort Bundesministerium für Wirtschaft und Klimaschutz (BMWK);"[{""zu_id"": ""bmwi"", ""typ"": ""UNTERSTELLT"", ""richtung"": ""eingehend"", ""seit"": null, ""quelle"": null}]";"[""https://www.service.bund.de""]";"{""vollstaendigkeit_prozent"": 66.7, ""zuletzt_verifiziert"": ""2026-06-06"", ""verifikation_noetig"": false}";2026-06-06;2.0
natnor_774;774;1.0;Nationaler Normenkontrollrat;;Bundesoberbehörde;Bundesbehörde;Bund;Berlin;Berlin;"{""lat"": null, ""lon"": null}";;false;;Beirat;https://www.service.bund.de;;;;;;bmi;Bundesministerium des Innern und für Heimat (BMI);Beirat;Finanzierung über das Ressort Bundesministerium des Innern und für Heimat (BMI);"[{""zu_id"": ""bmi"", ""typ"": ""UNTERSTELLT"", ""richtung"": ""eingehend"", ""seit"": null, ""quelle"": null}]";"[""https://www.service.bund.de""]";"{""vollstaendigkeit_prozent"": 66.7, ""zuletzt_verifiziert"": ""2026-06-06"", ""verifikation_noetig"": false}";2026-06-06;2.0
natsteverfol_14695;14695;1.0;Nationale Stelle zur Verhütung von Folter;;Bundesoberbehörde;Bundesbehörde;Bund;Berlin;Berlin;"{""lat"": null, ""lon"": null}";;false;;;https://www.service.bund.de;;183.68;2025;;;bmi;Bundesministerium des Innern und für Heimat (BMI);;Finanzierung über das Ressort Bundesministerium des Innern und für Heimat (BMI);"[{""zu_id"": ""bmi"", ""typ"": ""UNTERSTELLT"", ""richtung"": ""eingehend"", ""seit"": null, ""quelle"": null}]";"[""https://www.service.bund.de""]";"{""vollstaendigkeit_prozent"": 58.3, ""zuletzt_verifiziert"": ""2026-06-06"", ""verifikation_noetig"": false}";2026-06-06;2.0
neuhan_775;775;1.0;Neubauamt Hannover;;Bundesoberbehörde;Bundesbehörde;Bund;Hannover;Niedersachsen;"{""lat"": null, ""lon"": null}";;false;;Bau;https://www.service.bund.de;;;;;;bmv;Bundesministerium für Digitales und Verkehr (BMDV);Bau;Finanzierung über das Ressort Bundesministerium für Digitales und Verkehr (BMDV);"[{""zu_id"": ""bmv"", ""typ"": ""UNTERSTELLT"", ""richtung"": ""eingehend"", ""seit"": null, ""quelle"": null}]";"[""https://www.service.bund.de""]";"{""vollstaendigkeit_prozent"": 66.7, ""zuletzt_verifiziert"": ""2026-06-06"", ""verifikation_noetig"": false}";2026-06-06;2.0
novbkk_7772;7772;1.0;Novitas BKK;;KdöR;Bundesbehörde;Bund;Berlin;Berlin;"{""lat"": null, ""lon"": null}";;false;;Krankenkasse;http://www.novitas-bkk.de/;;;;;;bmg;Bundesministerium für Gesundheit (BMG);Krankenkasse;Finanzierung über das Ressort Bundesministerium für Gesundheit (BMG);"[{""zu_id"": ""bmg"", ""typ"": ""UNTERSTELLT"", ""richtung"": ""eingehend"", ""seit"": null, ""quelle"": null}]";"[""http://www.novitas-bkk.de/""]";"{""vollstaendigkeit_prozent"": 66.7, ""zuletzt_verifiziert"": ""2026-06-06"", ""verifikation_noetig"": false}";2026-06-06;2.0
oder_14291;14291;1.0;Agentur für Arbeit Frankfurt (Oder);;Bundesanstalt;Dienststelle der BA;Bund;Frankfurt;Hessen;"{""lat"": null, ""lon"": null}";;false;;Agentur für Arbeit;https://www.arbeitsagentur.de;;96.46;2025;;;bmas;Bundesministerium für Arbeit und Soziales (BMAS);Agentur für Arbeit;Aggregiert unter Bundesagentur für Arbeit (BA);"[{""zu_id"": ""bmas"", ""typ"": ""UNTERSTELLT"", ""richtung"": ""eingehend"", ""seit"": null, ""quelle"": null}]";"[""https://www.arbeitsagentur.de""]";"{""vollstaendigkeit_prozent"": 66.7, ""zuletzt_verifiziert"": ""2026-06-06"", ""verifikation_noetig"": false}";2026-06-06;2.0
oder_4129;4129;1.0;Jobcenter Frankfurt (Oder);;KdöR;Dienststelle der BA;Bund;Frankfurt;Hessen;"{""lat"": null, ""lon"": null}";;false;;Jobcenter;https://www.arbeitsagentur.de;;;;;;bmas;Bundesministerium für Arbeit und Soziales (BMAS);Jobcenter;Aggregiert unter Bundesagentur für Arbeit (BA);"[{""zu_id"": ""bmas"", ""typ"": ""UNTERSTELLT"", ""richtung"": ""eingehend"", ""seit"": null, ""quelle"": null}]";"[""https://www.arbeitsagentur.de""]";"{""vollstaendigkeit_prozent"": 66.7, ""zuletzt_verifiziert"": ""2026-06-06"", ""verifikation_noetig"": false}";2026-06-06;2.0
oder_548;548;1.0;Hauptzollamt Frankfurt (Oder);;Bundesoberbehörde;Dienststelle der Bundeszollverwaltung;Bund;Frankfurt;Hessen;"{""lat"": null, ""lon"": null}";;false;;Hauptzollamt;https://www.zoll.de;;;;;;bmf;Bundesministerium der Finanzen (BMF);Hauptzollamt;Aggregiert unter Generalzolldirektion (GZD);"[{""zu_id"": ""bmf"", ""typ"": ""UNTERSTELLT"", ""richtung"": ""eingehend"", ""seit"": null, ""quelle"": null}]";"[""https://www.zoll.de""]";"{""vollstaendigkeit_prozent"": 66.7, ""zuletzt_verifiziert"": ""2026-06-06"", ""verifikation_noetig"": false}";2026-06-06;2.0
offhee_777;777;1.0;Offizierschule des Heeres;;Bundesoberbehörde;Bundesbehörde;Bund;Berlin;Berlin;"{""lat"": null, ""lon"": null}";;false;;Militärische Ausbildungsstätte;https://www.bundeswehr.de/de/organisation/heer/organisation/ausbildungskommando/offizierschule-des-heeres/;;;;;;bmvg;Bundesministerium der Verteidigung (BMVg);Militärische Ausbildungsstätte;Finanzierung über das Ressort Bundesministerium der Verteidigung (BMVg);"[{""zu_id"": ""bmvg"", ""typ"": ""UNTERSTELLT"", ""richtung"": ""eingehend"", ""seit"": null, ""quelle"": null}]";"[""https://www.bundeswehr.de/de/organisation/heer/organisation/ausbildungskommando/offizierschule-des-heeres/""]";"{""vollstaendigkeit_prozent"": 66.7, ""zuletzt_verifiziert"": ""2026-06-06"", ""verifikation_noetig"": false}";2026-06-06;2.0
offluf_776;776;1.0;Offizierschule der Luftwaffe;;Bundesoberbehörde;Bundesbehörde;Bund;Berlin;Berlin;"{""lat"": null, ""lon"": null}";;false;;Militärische Ausbildungsstätte;https://www.bundeswehr.de/de/organisation/luftwaffe/organisation-/luftwaffentruppenkommando/offizierschule-der-luftwaffe/;;;;;;bmvg;Bundesministerium der Verteidigung (BMVg);Militärische Ausbildungsstätte;Finanzierung über das Ressort Bundesministerium der Verteidigung (BMVg);"[{""zu_id"": ""bmvg"", ""typ"": ""UNTERSTELLT"", ""richtung"": ""eingehend"", ""seit"": null, ""quelle"": null}]";"[""https://www.bundeswehr.de/de/organisation/luftwaffe/organisation-/luftwaffentruppenkommando/offizierschule-der-luftwaffe/""]";"{""vollstaendigkeit_prozent"": 66.7, ""zuletzt_verifiziert"": ""2026-06-06"", ""verifikation_noetig"": false}";2026-06-06;2.0
ostlan_778;778;1.0;Ostpreußisches Landesmuseum;;Bundesanstalt;Bundesbehörde;Bund;Berlin;Berlin;"{""lat"": null, ""lon"": null}";;false;;Museum und Ausstellungen;https://ostpreussisches-landesmuseum.de/;;;;;;bkamt;Beauftragte der Bundesregierung für Kultur und Medien (BKM);Museum und Ausstellungen;Finanzierung über das Ressort Beauftragte der Bundesregierung für Kultur und Medien (BKM);"[{""zu_id"": ""bkamt"", ""typ"": ""UNTERSTELLT"", ""richtung"": ""eingehend"", ""seit"": null, ""quelle"": null}]";"[""https://ostpreussisches-landesmuseum.de/""]";"{""vollstaendigkeit_prozent"": 66.7, ""zuletzt_verifiziert"": ""2026-06-06"", ""verifikation_noetig"": false}";2026-06-06;2.0
pat_786;786;1.0;Patentanwaltskammer;;Bundesoberbehörde;Bundesbehörde;Bund;Berlin;Berlin;"{""lat"": null, ""lon"": null}";;false;;Rechtsanwaltskammer;https://www.service.bund.de;;;;;;bmjv;Bundesministerium der Justiz (BMJ);Rechtsanwaltskammer;Finanzierung über das Ressort Bundesministerium der Justiz (BMJ);"[{""zu_id"": ""bmjv"", ""typ"": ""UNTERSTELLT"", ""richtung"": ""eingehend"", ""seit"": null, ""quelle"": null}]";"[""https://www.service.bund.de""]";"{""vollstaendigkeit_prozent"": 66.7, ""zuletzt_verifiziert"": ""2026-06-06"", ""verifikation_noetig"": false}";2026-06-06;2.0
paudruinsfürfes_787;787;1.0;Paul-Drude-Institut für Festkörperelektronik;;Bundesoberbehörde;Bundesbehörde;Bund;Berlin;Berlin;"{""lat"": null, ""lon"": null}";;false;;;https://www.pdi-berlin.de/;;;;100;2024;bmi;Bundesministerium des Innern und für Heimat (BMI);;Finanzierung über das Ressort Bundesministerium des Innern und für Heimat (BMI);"[{""zu_id"": ""bmi"", ""typ"": ""UNTERSTELLT"", ""richtung"": ""eingehend"", ""seit"": null, ""quelle"": null}]";"[""https://www.pdi-berlin.de/""]";"{""vollstaendigkeit_prozent"": 66.7, ""zuletzt_verifiziert"": ""2026-06-06"", ""verifikation_noetig"": false}";2026-06-06;2.0
pauehrins_788;788;1.0;Paul-Ehrlich-Institut;;Bundesoberbehörde;Bundesoberbehörde;Bund;Langen;;"{""lat"": null, ""lon"": null}";;false;;Arzneimittel und Medizin;https://www.pei.de;;110.0;2025;900;2024;bmg;Bundesministerium für Gesundheit (BMG);Arzneimittel und Medizin;Bundesinstitut für Impfstoffe und biomedizinische Arzneimittel;"[{""zu_id"": ""bmg"", ""typ"": ""UNTERSTELLT"", ""richtung"": ""eingehend"", ""seit"": null, ""quelle"": null}]";"[""https://www.pei.de""]";"{""vollstaendigkeit_prozent"": 66.7, ""zuletzt_verifiziert"": ""2026-06-06"", ""verifikation_noetig"": false}";2026-06-06;2.0
pei;;1.0;Paul-Ehrlich-Institut;PEI;Bundesoberbehörde;Bundesoberbehörde;Bund;Langen;Hessen;"{""lat"": null, ""lon"": null}";1972;false;;Impfstoffe, biomedizinische Arzneimittel, Blutprodukte, Sera, Zulassung und Überwachung;https://www.pei.de;Arzneimittelgesetz (AMG), Transfusionsgesetz (TFG);96.7;2025;900;2024;bmg;;;;"[{""zu_id"": ""bmg"", ""typ"": ""UNTERSTELLT"", ""richtung"": ""eingehend"", ""seit"": 1972}]";"[""https://www.pei.de"", ""https://www.bundeshaushalt.de""]";"{""vollstaendigkeit_prozent"": 100.0, ""zuletzt_verifiziert"": ""2026-06-06"", ""verifikation_noetig"": false}";2026-06-06;2.0
perbeabunfürg20_791;791;1.0;Persönlicher Beauftragter der Bundeskanzlerin für die G7/G20-Gipfel;;Bundesoberbehörde;Bundesbehörde;Bund;Berlin;Berlin;"{""lat"": null, ""lon"": null}";;false;;Beauftragte;https://www.service.bund.de;;;;;;bmwi;Bundesministerium für Wirtschaft und Klimaschutz (BMWK);Beauftragte;Finanzierung über das Ressort Bundesministerium für Wirtschaft und Klimaschutz (BMWK);"[{""zu_id"": ""bmwi"", ""typ"": ""UNTERSTELLT"", ""richtung"": ""eingehend"", ""seit"": null, ""quelle"": null}]";"[""https://www.service.bund.de""]";"{""vollstaendigkeit_prozent"": 66.7, ""zuletzt_verifiziert"": ""2026-06-06"", ""verifikation_noetig"": false}";2026-06-06;2.0
phytec_792;792;1.0;Physikalisch-Technische Bundesanstalt;;Bundesoberbehörde;Bundesbehörde;Bund;Berlin;Berlin;"{""lat"": null, ""lon"": null}";;false;;;https://www.service.bund.de;;296.5;2025;2116;2024;bmwi;Bundesministerium für Wirtschaft und Klimaschutz (BMWK);;Finanzierung über das Ressort Bundesministerium für Wirtschaft und Klimaschutz (BMWK);"[{""zu_id"": ""bmwi"", ""typ"": ""UNTERSTELLT"", ""richtung"": ""eingehend"", ""seit"": null, ""quelle"": null}]";"[""https://www.service.bund.de""]";"{""vollstaendigkeit_prozent"": 66.7, ""zuletzt_verifiziert"": ""2026-06-06"", ""verifikation_noetig"": false}";2026-06-06;2.0
piofacheefürbau_793;793;1.0;Pionierschule und Fachschule des Heeres für Bautechnik;;Bundesoberbehörde;Bundesbehörde;Bund;Berlin;Berlin;"{""lat"": null, ""lon"": null}";;false;;Militärische Ausbildungsstätte;https://www.bundeswehr.de/de/organisation/heer/organisation/ausbildungskommando/pionierschule/;;;;;;bmvg;Bundesministerium der Verteidigung (BMVg);Militärische Ausbildungsstätte;Finanzierung über das Ressort Bundesministerium der Verteidigung (BMVg);"[{""zu_id"": ""bmvg"", ""typ"": ""UNTERSTELLT"", ""richtung"": ""eingehend"", ""seit"": null, ""quelle"": null}]";"[""https://www.bundeswehr.de/de/organisation/heer/organisation/ausbildungskommando/pionierschule/""]";"{""vollstaendigkeit_prozent"": 66.7, ""zuletzt_verifiziert"": ""2026-06-06"", ""verifikation_noetig"": false}";2026-06-06;2.0
polbunbeideubun_51646;51646;1.0;Polizeibeauftragter des Bundes beim Deutschen Bundestag;;Bundesoberbehörde;Bundesbehörde;Bund;Berlin;Berlin;"{""lat"": null, ""lon"": null}";;false;;Polizei;https://www.bundestag.de/polizeibeauftragter;;766.0;2025;;;bmi;Bundesministerium des Innern und für Heimat (BMI);Polizei;Finanzierung über das Ressort Bundesministerium des Innern und für Heimat (BMI);"[{""zu_id"": ""bmi"", ""typ"": ""UNTERSTELLT"", ""richtung"": ""eingehend"", ""seit"": null, ""quelle"": null}]";"[""https://www.bundestag.de/polizeibeauftragter""]";"{""vollstaendigkeit_prozent"": 66.7, ""zuletzt_verifiziert"": ""2026-06-06"", ""verifikation_noetig"": false}";2026-06-06;2.0
polkrilänbun_50282;50282;1.0;Polizeiliche Kriminalprävention der Länder und des Bundes;;Bundesoberbehörde;Bundesbehörde;Bund;Berlin;Berlin;"{""lat"": null, ""lon"": null}";;false;;;https://www.service.bund.de;;183.68;2025;;;bmi;Bundesministerium des Innern und für Heimat (BMI);;Finanzierung über das Ressort Bundesministerium des Innern und für Heimat (BMI);"[{""zu_id"": ""bmi"", ""typ"": ""UNTERSTELLT"", ""richtung"": ""eingehend"", ""seit"": null, ""quelle"": null}]";"[""https://www.service.bund.de""]";"{""vollstaendigkeit_prozent"": 58.3, ""zuletzt_verifiziert"": ""2026-06-06"", ""verifikation_noetig"": false}";2026-06-06;2.0
pos_794;794;1.0;Postbeamtenkrankenkasse;;KdöR;Bundesbehörde;Bund;Berlin;Berlin;"{""lat"": null, ""lon"": null}";;false;;Krankenkasse;https://www.pbeakk.de/;;;;1000;2024;bmf;Bundesministerium der Finanzen (BMF);Krankenkasse;Finanzierung über das Ressort Bundesministerium der Finanzen (BMF);"[{""zu_id"": ""bmf"", ""typ"": ""UNTERSTELLT"", ""richtung"": ""eingehend"", ""seit"": null, ""quelle"": null}]";"[""https://www.pbeakk.de/""]";"{""vollstaendigkeit_prozent"": 75.0, ""zuletzt_verifiziert"": ""2026-06-06"", ""verifikation_noetig"": false}";2026-06-06;2.0
potinsfürkli_795;795;1.0;Potsdam-Institut für Klimafolgenforschung;;Bundesoberbehörde;Bundesbehörde;Bund;Potsdam;Brandenburg;"{""lat"": null, ""lon"": null}";;false;;;https://www.pik-potsdam.de/de/startseite?set_language=de;;;;400;2024;bmbfsj;Bundesministerium für Bildung und Forschung (BMBF);;Finanzierung über das Ressort Bundesministerium für Bildung und Forschung (BMBF);"[{""zu_id"": ""bmbfsj"", ""typ"": ""UNTERSTELLT"", ""richtung"": ""eingehend"", ""seit"": null, ""quelle"": null}]";"[""https://www.pik-potsdam.de/de/startseite?set_language=de""]";"{""vollstaendigkeit_prozent"": 66.7, ""zuletzt_verifiziert"": ""2026-06-06"", ""verifikation_noetig"": false}";2026-06-06;2.0
preinfbun_796;796;1.0;Presse- und Informationsamt der Bundesregierung;;Bundesoberbehörde;Bundesbehörde;Bund;Berlin;Berlin;"{""lat"": null, ""lon"": null}";;false;;;https://www.service.bund.de;;141.847;2025;540;2024;bkamt;Bundeskanzleramt (BKAmt);;Finanzierung über das Ressort Bundeskanzleramt (BKAmt);"[{""zu_id"": ""bkamt"", ""typ"": ""UNTERSTELLT"", ""richtung"": ""eingehend"", ""seit"": null, ""quelle"": null}]";"[""https://www.service.bund.de""]";"{""vollstaendigkeit_prozent"": 66.7, ""zuletzt_verifiziert"": ""2026-06-06"", ""verifikation_noetig"": false}";2026-06-06;2.0
preinfsan_797;797;1.0;Presse- und Informationszentrum des Sanitätsdienstes;;Bundesoberbehörde;Bundesbehörde;Bund;Berlin;Berlin;"{""lat"": null, ""lon"": null}";;false;;Bundeswehr;https://www.service.bund.de;;137.58;2025;;;bmvg;Bundesministerium der Verteidigung (BMVg);Bundeswehr;Finanzierung über das Ressort Bundesministerium der Verteidigung (BMVg);"[{""zu_id"": ""bmvg"", ""typ"": ""UNTERSTELLT"", ""richtung"": ""eingehend"", ""seit"": null, ""quelle"": null}]";"[""https://www.service.bund.de""]";"{""vollstaendigkeit_prozent"": 66.7, ""zuletzt_verifiziert"": ""2026-06-06"", ""verifikation_noetig"": false}";2026-06-06;2.0
pro_6580;6580;1.0;pronovaBKK;;KdöR;Bundesbehörde;Bund;Berlin;Berlin;"{""lat"": null, ""lon"": null}";;false;;Krankenkasse;http://www.pronovabkk.de/;;;;1500;2024;bmas;Bundesministerium für Arbeit und Soziales (BMAS);Krankenkasse;Finanzierung über das Ressort Bundesministerium für Arbeit und Soziales (BMAS);"[{""zu_id"": ""bmas"", ""typ"": ""UNTERSTELLT"", ""richtung"": ""eingehend"", ""seit"": null, ""quelle"": null}]";"[""http://www.pronovabkk.de/""]";"{""vollstaendigkeit_prozent"": 75.0, ""zuletzt_verifiziert"": ""2026-06-06"", ""verifikation_noetig"": false}";2026-06-06;2.0
projül_799;799;1.0;Projektträger Jülich;;Bundesanstalt;Bundesbehörde;Bund;Berlin;Berlin;"{""lat"": null, ""lon"": null}";;false;;Forschung;https://www.ptj.de;;;;1657;2024;bmbfsj;Bundesministerium für Bildung und Forschung (BMBF);Forschung;Finanzierung über das Ressort Bundesministerium für Bildung und Forschung (BMBF);"[{""zu_id"": ""bmbfsj"", ""typ"": ""UNTERSTELLT"", ""richtung"": ""eingehend"", ""seit"": null, ""quelle"": null}]";"[""https://www.ptj.de""]";"{""vollstaendigkeit_prozent"": 75.0, ""zuletzt_verifiziert"": ""2026-06-06"", ""verifikation_noetig"": false}";2026-06-06;2.0
prübunber_800;800;1.0;Prüfungsamt des Bundes Berlin;;Verfassungsorgan;Bundesbehörde;Bund;Berlin;Berlin;"{""lat"": null, ""lon"": null}";;false;;Rechnungshof;https://www.service.bund.de;;183.68;2025;;;bmf;Bundesministerium der Finanzen (BMF);Rechnungshof;Finanzierung über das Ressort Bundesministerium der Finanzen (BMF);"[{""zu_id"": ""bmf"", ""typ"": ""UNTERSTELLT"", ""richtung"": ""eingehend"", ""seit"": null, ""quelle"": null}]";"[""https://www.service.bund.de""]";"{""vollstaendigkeit_prozent"": 66.7, ""zuletzt_verifiziert"": ""2026-06-06"", ""verifikation_noetig"": false}";2026-06-06;2.0
prübunframai_801;801;1.0;Prüfungsamt des Bundes Frankfurt am Main;;Bundesoberbehörde;Bundesbehörde;Bund;Frankfurt;Hessen;"{""lat"": null, ""lon"": null}";;false;;Prüfungsamt;https://www.service.bund.de;;183.68;2025;;;bmf;Bundesministerium der Finanzen (BMF);Prüfungsamt;Finanzierung über das Ressort Bundesministerium der Finanzen (BMF);"[{""zu_id"": ""bmf"", ""typ"": ""UNTERSTELLT"", ""richtung"": ""eingehend"", ""seit"": null, ""quelle"": null}]";"[""https://www.service.bund.de""]";"{""vollstaendigkeit_prozent"": 66.7, ""zuletzt_verifiziert"": ""2026-06-06"", ""verifikation_noetig"": false}";2026-06-06;2.0
prübunham_802;802;1.0;Prüfungsamt des Bundes Hamburg;;Bundesoberbehörde;Bundesbehörde;Bund;Hamburg;Hamburg;"{""lat"": null, ""lon"": null}";;false;;Prüfungsamt;https://www.service.bund.de;;183.68;2025;;;bmf;Bundesministerium der Finanzen (BMF);Prüfungsamt;Finanzierung über das Ressort Bundesministerium der Finanzen (BMF);"[{""zu_id"": ""bmf"", ""typ"": ""UNTERSTELLT"", ""richtung"": ""eingehend"", ""seit"": null, ""quelle"": null}]";"[""https://www.service.bund.de""]";"{""vollstaendigkeit_prozent"": 66.7, ""zuletzt_verifiziert"": ""2026-06-06"", ""verifikation_noetig"": false}";2026-06-06;2.0
prübunhan_803;803;1.0;Prüfungsamt des Bundes Hannover;;Bundesoberbehörde;Bundesbehörde;Bund;Hannover;Niedersachsen;"{""lat"": null, ""lon"": null}";;false;;Prüfungsamt;https://www.service.bund.de;;183.68;2025;;;bmf;Bundesministerium der Finanzen (BMF);Prüfungsamt;Finanzierung über das Ressort Bundesministerium der Finanzen (BMF);"[{""zu_id"": ""bmf"", ""typ"": ""UNTERSTELLT"", ""richtung"": ""eingehend"", ""seit"": null, ""quelle"": null}]";"[""https://www.service.bund.de""]";"{""vollstaendigkeit_prozent"": 66.7, ""zuletzt_verifiziert"": ""2026-06-06"", ""verifikation_noetig"": false}";2026-06-06;2.0
prübunkob_804;804;1.0;Prüfungsamt des Bundes Koblenz;;Bundesoberbehörde;Bundesbehörde;Bund;Koblenz;Rheinland-Pfalz;"{""lat"": null, ""lon"": null}";;false;;Prüfungsamt;https://www.service.bund.de;;183.68;2025;;;bmf;Bundesministerium der Finanzen (BMF);Prüfungsamt;Finanzierung über das Ressort Bundesministerium der Finanzen (BMF);"[{""zu_id"": ""bmf"", ""typ"": ""UNTERSTELLT"", ""richtung"": ""eingehend"", ""seit"": null, ""quelle"": null}]";"[""https://www.service.bund.de""]";"{""vollstaendigkeit_prozent"": 66.7, ""zuletzt_verifiziert"": ""2026-06-06"", ""verifikation_noetig"": false}";2026-06-06;2.0
prübunköl_805;805;1.0;Prüfungsamt des Bundes Köln;;Bundesoberbehörde;Bundesbehörde;Bund;Köln;Nordrhein-Westfalen;"{""lat"": null, ""lon"": null}";;false;;Prüfungsamt;https://www.service.bund.de;;183.68;2025;;;bmf;Bundesministerium der Finanzen (BMF);Prüfungsamt;Finanzierung über das Ressort Bundesministerium der Finanzen (BMF);"[{""zu_id"": ""bmf"", ""typ"": ""UNTERSTELLT"", ""richtung"": ""eingehend"", ""seit"": null, ""quelle"": null}]";"[""https://www.service.bund.de""]";"{""vollstaendigkeit_prozent"": 66.7, ""zuletzt_verifiziert"": ""2026-06-06"", ""verifikation_noetig"": false}";2026-06-06;2.0
prübunmag_806;806;1.0;Prüfungsamt des Bundes Magdeburg;;Bundesoberbehörde;Bundesbehörde;Bund;Magdeburg;Sachsen-Anhalt;"{""lat"": null, ""lon"": null}";;false;;Prüfungsamt;https://www.service.bund.de;;183.68;2025;;;bmf;Bundesministerium der Finanzen (BMF);Prüfungsamt;Finanzierung über das Ressort Bundesministerium der Finanzen (BMF);"[{""zu_id"": ""bmf"", ""typ"": ""UNTERSTELLT"", ""richtung"": ""eingehend"", ""seit"": null, ""quelle"": null}]";"[""https://www.service.bund.de""]";"{""vollstaendigkeit_prozent"": 66.7, ""zuletzt_verifiziert"": ""2026-06-06"", ""verifikation_noetig"": false}";2026-06-06;2.0
prübunmün_807;807;1.0;Prüfungsamt des Bundes München;;Bundesoberbehörde;Bundesbehörde;Bund;München;Bayern;"{""lat"": null, ""lon"": null}";;false;;Prüfungsamt;https://www.service.bund.de;;183.68;2025;;;bmf;Bundesministerium der Finanzen (BMF);Prüfungsamt;Finanzierung über das Ressort Bundesministerium der Finanzen (BMF);"[{""zu_id"": ""bmf"", ""typ"": ""UNTERSTELLT"", ""richtung"": ""eingehend"", ""seit"": null, ""quelle"": null}]";"[""https://www.service.bund.de""]";"{""vollstaendigkeit_prozent"": 66.7, ""zuletzt_verifiziert"": ""2026-06-06"", ""verifikation_noetig"": false}";2026-06-06;2.0
prübunstu_808;808;1.0;Prüfungsamt des Bundes Stuttgart;;Bundesoberbehörde;Bundesbehörde;Bund;Stuttgart;Baden-Württemberg;"{""lat"": null, ""lon"": null}";;false;;Prüfungsamt;https://www.service.bund.de;;183.68;2025;;;bmf;Bundesministerium der Finanzen (BMF);Prüfungsamt;Finanzierung über das Ressort Bundesministerium der Finanzen (BMF);"[{""zu_id"": ""bmf"", ""typ"": ""UNTERSTELLT"", ""richtung"": ""eingehend"", ""seit"": null, ""quelle"": null}]";"[""https://www.service.bund.de""]";"{""vollstaendigkeit_prozent"": 66.7, ""zuletzt_verifiziert"": ""2026-06-06"", ""verifikation_noetig"": false}";2026-06-06;2.0
psyost_13468;13468;1.0;Psychotherapeutenkammer Ostdeutschland;;Bundesoberbehörde;Bundesbehörde;Bund;Berlin;Berlin;"{""lat"": null, ""lon"": null}";;false;;Psychotherapeutenkammer;https://www.service.bund.de;;17.24;2025;;;bmwi;Bundesministerium für Wirtschaft und Klimaschutz (BMWK);Psychotherapeutenkammer;Finanzierung über das Ressort Bundesministerium für Wirtschaft und Klimaschutz (BMWK);"[{""zu_id"": ""bmwi"", ""typ"": ""UNTERSTELLT"", ""richtung"": ""eingehend"", ""seit"": null, ""quelle"": null}]";"[""https://www.service.bund.de""]";"{""vollstaendigkeit_prozent"": 66.7, ""zuletzt_verifiziert"": ""2026-06-06"", ""verifikation_noetig"": false}";2026-06-06;2.0
ptb;;1.0;Physikalisch-Technische Bundesanstalt;PTB;Bundesoberbehörde;Bundesoberbehörde;Bund;Braunschweig;Niedersachsen;"{""lat"": null, ""lon"": null}";1887;false;;Metrologie, Messwesen, physikalische Grundlagen, Eichrecht, technische Sicherheit;https://www.ptb.de;Gesetz über die Physikalisch-Technische Bundesanstalt;249.2;2025;2116;2024;bmwi;;;;"[{""zu_id"": ""bmwi"", ""typ"": ""UNTERSTELLT"", ""richtung"": ""eingehend"", ""seit"": 1887}]";"[""https://www.ptb.de"", ""https://www.bundeshaushalt.de""]";"{""vollstaendigkeit_prozent"": 100.0, ""zuletzt_verifiziert"": ""2026-06-06"", ""verifikation_noetig"": false}";2026-06-06;2.0
recbeibun_809;809;1.0;Rechtsanwaltskammer beim Bundesgerichtshof;;Bundesoberbehörde;Bundesbehörde;Bund;Berlin;Berlin;"{""lat"": null, ""lon"": null}";;false;;Rechtsanwaltskammer;https://www.service.bund.de;;73.61;2025;;;bmjv;Bundesministerium der Justiz (BMJ);Rechtsanwaltskammer;Finanzierung über das Ressort Bundesministerium der Justiz (BMJ);"[{""zu_id"": ""bmjv"", ""typ"": ""UNTERSTELLT"", ""richtung"": ""eingehend"", ""seit"": null, ""quelle"": null}]";"[""https://www.service.bund.de""]";"{""vollstaendigkeit_prozent"": 66.7, ""zuletzt_verifiziert"": ""2026-06-06"", ""verifikation_noetig"": false}";2026-06-06;2.0
regbadwürbunfür_9027;9027;1.0;Regionaldirektion Baden-Württemberg der Bundesagentur für Arbeit;;Bundesanstalt;Dienststelle der BA;Bund;Berlin;Berlin;"{""lat"": null, ""lon"": null}";;false;;Regionaldirektion der Agentur für Arbeit;https://www.arbeitsagentur.de;;96.46;2025;;;bmas;Bundesministerium für Arbeit und Soziales (BMAS);Regionaldirektion der Agentur für Arbeit;Aggregiert unter Bundesagentur für Arbeit (BA);"[{""zu_id"": ""bmas"", ""typ"": ""UNTERSTELLT"", ""richtung"": ""eingehend"", ""seit"": null, ""quelle"": null}]";"[""https://www.arbeitsagentur.de""]";"{""vollstaendigkeit_prozent"": 66.7, ""zuletzt_verifiziert"": ""2026-06-06"", ""verifikation_noetig"": false}";2026-06-06;2.0
reifriebeged_811;811;1.0;Reichspräsident-Friedrich-Ebert-Gedenkstätte;;Bundesoberbehörde;Bundesbehörde;Bund;Berlin;Berlin;"{""lat"": null, ""lon"": null}";;false;;Gedenkstätte;https://www.service.bund.de;;;;;;bkamt;Beauftragte der Bundesregierung für Kultur und Medien (BKM);Gedenkstätte;Finanzierung über das Ressort Beauftragte der Bundesregierung für Kultur und Medien (BKM);"[{""zu_id"": ""bkamt"", ""typ"": ""UNTERSTELLT"", ""richtung"": ""eingehend"", ""seit"": null, ""quelle"": null}]";"[""https://www.service.bund.de""]";"{""vollstaendigkeit_prozent"": 66.7, ""zuletzt_verifiziert"": ""2026-06-06"", ""verifikation_noetig"": false}";2026-06-06;2.0
rhewesinsfürwir_812;812;1.0;Rheinisch-Westfälisches Institut für Wirtschaftsforschung e.V.;;Bundesanstalt;Bundesbehörde;Bund;Berlin;Berlin;"{""lat"": null, ""lon"": null}";;false;;Forschung;https://www.rwi-essen.de/;;2.01;2025;130;2024;bmbfsj;Bundesministerium für Bildung und Forschung (BMBF);Forschung;Finanzierung über das Ressort Bundesministerium für Bildung und Forschung (BMBF);"[{""zu_id"": ""bmbfsj"", ""typ"": ""UNTERSTELLT"", ""richtung"": ""eingehend"", ""seit"": null, ""quelle"": null}]";"[""https://www.rwi-essen.de/""]";"{""vollstaendigkeit_prozent"": 75.0, ""zuletzt_verifiziert"": ""2026-06-06"", ""verifikation_noetig"": false}";2026-06-06;2.0
rki;;1.0;Robert Koch-Institut;RKI;Bundesoberbehörde;Bundesoberbehörde;Bund;Berlin;Berlin;"{""lat"": null, ""lon"": null}";1891;false;;Infektionsschutz, Epidemiologie, Gesundheitsberichterstattung, Bioterrorismus-Abwehr;https://www.rki.de;Infektionsschutzgesetz (IfSG) § 4;192.0;2025;1300;2024;bmg;;;;"[{""zu_id"": ""bmg"", ""typ"": ""UNTERSTELLT"", ""richtung"": ""eingehend"", ""seit"": 1994}]";"[""https://www.rki.de"", ""https://www.bundeshaushalt.de""]";"{""vollstaendigkeit_prozent"": 100.0, ""zuletzt_verifiziert"": ""2026-06-06"", ""verifikation_noetig"": false}";2026-06-06;2.0
rkwratinndeuwir_15851;15851;1.0;RKW Rationalisierungs- und Innovationszentrum der Deutschen Wirtschaft e. V.;;Bundesanstalt;Bundesbehörde;Bund;Berlin;Berlin;"{""lat"": null, ""lon"": null}";;false;;Forschung;https://www.service.bund.de;;201.05;2025;;;bmbfsj;Bundesministerium für Bildung und Forschung (BMBF);Forschung;Finanzierung über das Ressort Bundesministerium für Bildung und Forschung (BMBF);"[{""zu_id"": ""bmbfsj"", ""typ"": ""UNTERSTELLT"", ""richtung"": ""eingehend"", ""seit"": null, ""quelle"": null}]";"[""https://www.service.bund.de""]";"{""vollstaendigkeit_prozent"": 66.7, ""zuletzt_verifiziert"": ""2026-06-06"", ""verifikation_noetig"": false}";2026-06-06;2.0
robkocins_814;814;1.0;Robert Koch-Institut;;Bundesoberbehörde;Bundesoberbehörde;Bund;Berlin;Berlin;"{""lat"": null, ""lon"": null}";;false;;;https://www.rki.de;;180.0;2025;1300;2024;bmg;Bundesministerium für Gesundheit (BMG);;Gesundheitsforschung und Infektionsschutz;"[{""zu_id"": ""bmg"", ""typ"": ""UNTERSTELLT"", ""richtung"": ""eingehend"", ""seit"": null, ""quelle"": null}]";"[""https://www.rki.de""]";"{""vollstaendigkeit_prozent"": 66.7, ""zuletzt_verifiziert"": ""2026-06-06"", ""verifikation_noetig"": false}";2026-06-06;2.0
runwdrdrazdf_19154;19154;1.0;Der Rundfunkdatenschutzbeauftragte von WDR, BR, SR, DRadio und ZDF;;Bundesoberbehörde;Bundesbehörde;Bund;Berlin;Berlin;"{""lat"": null, ""lon"": null}";;false;;Rundfunk;https://www.service.bund.de;;;;;;bkamt;Beauftragte der Bundesregierung für Kultur und Medien (BKM);Rundfunk;Finanzierung über das Ressort Beauftragte der Bundesregierung für Kultur und Medien (BKM);"[{""zu_id"": ""bkamt"", ""typ"": ""UNTERSTELLT"", ""richtung"": ""eingehend"", ""seit"": null, ""quelle"": null}]";"[""https://www.service.bund.de""]";"{""vollstaendigkeit_prozent"": 66.7, ""zuletzt_verifiziert"": ""2026-06-06"", ""verifikation_noetig"": false}";2026-06-06;2.0
saale_14133;14133;1.0;Jobcenter Halle (Saale);;KdöR;Dienststelle der BA;Bund;Halle;Sachsen-Anhalt;"{""lat"": null, ""lon"": null}";;false;;Jobcenter;https://www.arbeitsagentur.de;;;;;;bmas;Bundesministerium für Arbeit und Soziales (BMAS);Jobcenter;Aggregiert unter Bundesagentur für Arbeit (BA);"[{""zu_id"": ""bmas"", ""typ"": ""UNTERSTELLT"", ""richtung"": ""eingehend"", ""seit"": null, ""quelle"": null}]";"[""https://www.arbeitsagentur.de""]";"{""vollstaendigkeit_prozent"": 66.7, ""zuletzt_verifiziert"": ""2026-06-06"", ""verifikation_noetig"": false}";2026-06-06;2.0
sacbegentges_16136;16136;1.0;Sachverständigenrat zur Begutachtung der Entwicklung im Gesundheitswesen;;Bundesoberbehörde;Bundesbehörde;Bund;Berlin;Berlin;"{""lat"": null, ""lon"": null}";;false;;Gesundheit;https://www.service.bund.de;;931.98;2025;;;bmg;Bundesministerium für Gesundheit (BMG);Gesundheit;Finanzierung über das Ressort Bundesministerium für Gesundheit (BMG);"[{""zu_id"": ""bmg"", ""typ"": ""UNTERSTELLT"", ""richtung"": ""eingehend"", ""seit"": null, ""quelle"": null}]";"[""https://www.service.bund.de""]";"{""vollstaendigkeit_prozent"": 66.7, ""zuletzt_verifiziert"": ""2026-06-06"", ""verifikation_noetig"": false}";2026-06-06;2.0
sacbeggesent_51238;51238;1.0;Sachverständigenrat zur Begutachtung der gesamtwirtschaftlichen Entwicklung;;Bundesoberbehörde;Bundesbehörde;Bund;Berlin;Berlin;"{""lat"": null, ""lon"": null}";;false;;Beauftragte;https://www.service.bund.de;;931.98;2025;;;bmwi;Bundesministerium für Wirtschaft und Klimaschutz (BMWK);Beauftragte;Finanzierung über das Ressort Bundesministerium für Wirtschaft und Klimaschutz (BMWK);"[{""zu_id"": ""bmwi"", ""typ"": ""UNTERSTELLT"", ""richtung"": ""eingehend"", ""seit"": null, ""quelle"": null}]";"[""https://www.service.bund.de""]";"{""vollstaendigkeit_prozent"": 66.7, ""zuletzt_verifiziert"": ""2026-06-06"", ""verifikation_noetig"": false}";2026-06-06;2.0
sacfürumw_816;816;1.0;Sachverständigenrat für Umweltfragen;;Bundesoberbehörde;Bundesbehörde;Bund;Berlin;Berlin;"{""lat"": null, ""lon"": null}";;false;;Konferenz;https://www.service.bund.de;;;;;;bmuv;Bundesministerium für Umwelt, Naturschutz, nukleare Sicherheit und Verbraucherschutz (BMUV);Konferenz;Finanzierung über das Ressort Bundesministerium für Umwelt, Naturschutz, nukleare Sicherheit und Verbraucherschutz (BMUV);"[{""zu_id"": ""bmuv"", ""typ"": ""UNTERSTELLT"", ""richtung"": ""eingehend"", ""seit"": null, ""quelle"": null}]";"[""https://www.service.bund.de""]";"{""vollstaendigkeit_prozent"": 66.7, ""zuletzt_verifiziert"": ""2026-06-06"", ""verifikation_noetig"": false}";2026-06-06;2.0
salbkk_7775;7775;1.0;Salus BKK;;KdöR;Bundesbehörde;Bund;Berlin;Berlin;"{""lat"": null, ""lon"": null}";;false;;Krankenkasse;https://www.salus-bkk.de/;;450.0;2025;350;2024;bmg;Bundesministerium für Gesundheit (BMG);Krankenkasse;Finanzierung über das Ressort Bundesministerium für Gesundheit (BMG);"[{""zu_id"": ""bmg"", ""typ"": ""UNTERSTELLT"", ""richtung"": ""eingehend"", ""seit"": null, ""quelle"": null}]";"[""https://www.salus-bkk.de/""]";"{""vollstaendigkeit_prozent"": 75.0, ""zuletzt_verifiziert"": ""2026-06-06"", ""verifikation_noetig"": false}";2026-06-06;2.0
sanbun_52236;52236;1.0;Sanitätsakademie der Bundeswehr;;Bundesoberbehörde;Dienststelle der Bundeswehrverwaltung;Bund;Berlin;Berlin;"{""lat"": null, ""lon"": null}";;false;;Bundeswehr;https://www.bundeswehr.de;;8862.05;2025;;;bmvg;Bundesministerium der Verteidigung (BMVg);Bundeswehr;Aggregiert unter Bundesministerium der Verteidigung (BMVg);"[{""zu_id"": ""bmvg"", ""typ"": ""UNTERSTELLT"", ""richtung"": ""eingehend"", ""seit"": null, ""quelle"": null}]";"[""https://www.bundeswehr.de""]";"{""vollstaendigkeit_prozent"": 66.7, ""zuletzt_verifiziert"": ""2026-06-06"", ""verifikation_noetig"": false}";2026-06-06;2.0
sbk_7663;7663;1.0;Siemens-Betriebskrankenkasse (SBK);;KdöR;Bundesbehörde;Bund;Berlin;Berlin;"{""lat"": null, ""lon"": null}";;false;;Krankenkasse;https://www.sbk.org/;;4.337;2025;1826;2024;bmas;Bundesministerium für Arbeit und Soziales (BMAS);Krankenkasse;Finanzierung über das Ressort Bundesministerium für Arbeit und Soziales (BMAS);"[{""zu_id"": ""bmas"", ""typ"": ""UNTERSTELLT"", ""richtung"": ""eingehend"", ""seit"": null, ""quelle"": null}]";"[""https://www.sbk.org/""]";"{""vollstaendigkeit_prozent"": 75.0, ""zuletzt_verifiziert"": ""2026-06-06"", ""verifikation_noetig"": false}";2026-06-06;2.0
schfürdiebunulm_52052;52052;1.0;Schule für Diensthundewesen der Bundeswehr in Ulmen;;Bundesoberbehörde;Dienststelle der Bundeswehrverwaltung;Bund;Ulm;Baden-Württemberg;"{""lat"": null, ""lon"": null}";;false;;;https://www.bundeswehr.de;;8862.05;2025;;;bmvg;Bundesministerium der Verteidigung (BMVg);;Aggregiert unter Bundesministerium der Verteidigung (BMVg);"[{""zu_id"": ""bmvg"", ""typ"": ""UNTERSTELLT"", ""richtung"": ""eingehend"", ""seit"": null, ""quelle"": null}]";"[""https://www.bundeswehr.de""]";"{""vollstaendigkeit_prozent"": 58.3, ""zuletzt_verifiziert"": ""2026-06-06"", ""verifikation_noetig"": false}";2026-06-06;2.0
schinsmar_825;825;1.0;Schifffahrtsmedizinisches Institut der Marine;;Bundesoberbehörde;Dienststelle der WSV;Bund;Berlin;Berlin;"{""lat"": null, ""lon"": null}";;false;;;https://www.wsv.de;;2.01;2025;;;bmvg;Bundesministerium der Verteidigung (BMVg);;Aggregiert unter Generaldirektion Wasserstraßen und Schifffahrt (GDWS);"[{""zu_id"": ""bmvg"", ""typ"": ""UNTERSTELLT"", ""richtung"": ""eingehend"", ""seit"": null, ""quelle"": null}]";"[""https://www.wsv.de""]";"{""vollstaendigkeit_prozent"": 58.3, ""zuletzt_verifiziert"": ""2026-06-06"", ""verifikation_noetig"": false}";2026-06-06;2.0
schnac125abssgb_50036;50036;1.0;Schiedsstelle nach § 125 Abs. 6 SGB V;;Bundesoberbehörde;Bundesbehörde;Bund;Berlin;Berlin;"{""lat"": null, ""lon"": null}";;false;;;https://www.service.bund.de;;;;;;bmi;Bundesministerium des Innern und für Heimat (BMI);;Finanzierung über das Ressort Bundesministerium des Innern und für Heimat (BMI);"[{""zu_id"": ""bmi"", ""typ"": ""UNTERSTELLT"", ""richtung"": ""eingehend"", ""seit"": null, ""quelle"": null}]";"[""https://www.service.bund.de""]";"{""vollstaendigkeit_prozent"": 58.3, ""zuletzt_verifiziert"": ""2026-06-06"", ""verifikation_noetig"": false}";2026-06-06;2.0
schnac127abssat_50041;50041;1.0;Schiedsperson nach § 127 Abs. 9 Satz 2 SGB V;;Bundesoberbehörde;Bundesbehörde;Bund;Berlin;Berlin;"{""lat"": null, ""lon"": null}";;false;;;https://www.service.bund.de;;;;;;bmi;Bundesministerium des Innern und für Heimat (BMI);;Finanzierung über das Ressort Bundesministerium des Innern und für Heimat (BMI);"[{""zu_id"": ""bmi"", ""typ"": ""UNTERSTELLT"", ""richtung"": ""eingehend"", ""seit"": null, ""quelle"": null}]";"[""https://www.service.bund.de""]";"{""vollstaendigkeit_prozent"": 58.3, ""zuletzt_verifiziert"": ""2026-06-06"", ""verifikation_noetig"": false}";2026-06-06;2.0
schnac129abssgb_50037;50037;1.0;Schiedsstelle nach § 129 Abs. 8 SGB V;;Bundesoberbehörde;Bundesbehörde;Bund;Berlin;Berlin;"{""lat"": null, ""lon"": null}";;false;;;https://www.service.bund.de;;;;;;bmi;Bundesministerium des Innern und für Heimat (BMI);;Finanzierung über das Ressort Bundesministerium des Innern und für Heimat (BMI);"[{""zu_id"": ""bmi"", ""typ"": ""UNTERSTELLT"", ""richtung"": ""eingehend"", ""seit"": null, ""quelle"": null}]";"[""https://www.service.bund.de""]";"{""vollstaendigkeit_prozent"": 58.3, ""zuletzt_verifiziert"": ""2026-06-06"", ""verifikation_noetig"": false}";2026-06-06;2.0
schnac130abssgb_50038;50038;1.0;Schiedsstelle nach § 130b Abs. 5 SGB V;;Bundesoberbehörde;Bundesbehörde;Bund;Berlin;Berlin;"{""lat"": null, ""lon"": null}";;false;;;https://www.service.bund.de;;;;;;bmi;Bundesministerium des Innern und für Heimat (BMI);;Finanzierung über das Ressort Bundesministerium des Innern und für Heimat (BMI);"[{""zu_id"": ""bmi"", ""typ"": ""UNTERSTELLT"", ""richtung"": ""eingehend"", ""seit"": null, ""quelle"": null}]";"[""https://www.service.bund.de""]";"{""vollstaendigkeit_prozent"": 58.3, ""zuletzt_verifiziert"": ""2026-06-06"", ""verifikation_noetig"": false}";2026-06-06;2.0
schnac132abssgb_50039;50039;1.0;Schiedsstelle nach § 132a Abs. 3 SGB V;;Bundesoberbehörde;Bundesbehörde;Bund;Berlin;Berlin;"{""lat"": null, ""lon"": null}";;false;;;https://www.service.bund.de;;;;;;bmi;Bundesministerium des Innern und für Heimat (BMI);;Finanzierung über das Ressort Bundesministerium des Innern und für Heimat (BMI);"[{""zu_id"": ""bmi"", ""typ"": ""UNTERSTELLT"", ""richtung"": ""eingehend"", ""seit"": null, ""quelle"": null}]";"[""https://www.service.bund.de""]";"{""vollstaendigkeit_prozent"": 58.3, ""zuletzt_verifiziert"": ""2026-06-06"", ""verifikation_noetig"": false}";2026-06-06;2.0
schnac132abssgb_50042;50042;1.0;Schiedsperson nach § 132d Abs. 2 SGB V;;Bundesoberbehörde;Bundesbehörde;Bund;Berlin;Berlin;"{""lat"": null, ""lon"": null}";;false;;;https://www.service.bund.de;;;;;;bmi;Bundesministerium des Innern und für Heimat (BMI);;Finanzierung über das Ressort Bundesministerium des Innern und für Heimat (BMI);"[{""zu_id"": ""bmi"", ""typ"": ""UNTERSTELLT"", ""richtung"": ""eingehend"", ""seit"": null, ""quelle"": null}]";"[""https://www.service.bund.de""]";"{""vollstaendigkeit_prozent"": 58.3, ""zuletzt_verifiziert"": ""2026-06-06"", ""verifikation_noetig"": false}";2026-06-06;2.0
schnac134abssgb_50031;50031;1.0;Schiedsstelle nach § 134 Abs. 3 SGB V;;Bundesoberbehörde;Bundesbehörde;Bund;Berlin;Berlin;"{""lat"": null, ""lon"": null}";;false;;;https://www.service.bund.de;;;;;;bmi;Bundesministerium des Innern und für Heimat (BMI);;Finanzierung über das Ressort Bundesministerium des Innern und für Heimat (BMI);"[{""zu_id"": ""bmi"", ""typ"": ""UNTERSTELLT"", ""richtung"": ""eingehend"", ""seit"": null, ""quelle"": null}]";"[""https://www.service.bund.de""]";"{""vollstaendigkeit_prozent"": 58.3, ""zuletzt_verifiziert"": ""2026-06-06"", ""verifikation_noetig"": false}";2026-06-06;2.0
schnac134abssgb_50040;50040;1.0;Schiedsstelle nach § 134a Abs. 4 SGB V;;Bundesoberbehörde;Bundesbehörde;Bund;Berlin;Berlin;"{""lat"": null, ""lon"": null}";;false;;;https://www.service.bund.de;;;;;;bmi;Bundesministerium des Innern und für Heimat (BMI);;Finanzierung über das Ressort Bundesministerium des Innern und für Heimat (BMI);"[{""zu_id"": ""bmi"", ""typ"": ""UNTERSTELLT"", ""richtung"": ""eingehend"", ""seit"": null, ""quelle"": null}]";"[""https://www.service.bund.de""]";"{""vollstaendigkeit_prozent"": 58.3, ""zuletzt_verifiziert"": ""2026-06-06"", ""verifikation_noetig"": false}";2026-06-06;2.0
schnac18aabskhg_50035;50035;1.0;Schiedsstelle nach § 18a Abs. 6 KHG;;Bundesoberbehörde;Bundesbehörde;Bund;Berlin;Berlin;"{""lat"": null, ""lon"": null}";;false;;;https://www.service.bund.de;;;;;;bmi;Bundesministerium des Innern und für Heimat (BMI);;Finanzierung über das Ressort Bundesministerium des Innern und für Heimat (BMI);"[{""zu_id"": ""bmi"", ""typ"": ""UNTERSTELLT"", ""richtung"": ""eingehend"", ""seit"": null, ""quelle"": null}]";"[""https://www.service.bund.de""]";"{""vollstaendigkeit_prozent"": 58.3, ""zuletzt_verifiziert"": ""2026-06-06"", ""verifikation_noetig"": false}";2026-06-06;2.0
secbkk_7776;7776;1.0;SECURVITA BKK;;KdöR;Bundesbehörde;Bund;Berlin;Berlin;"{""lat"": null, ""lon"": null}";;false;;Krankenkasse;https://www.securvita.de/krankenkasse-securvita.html;;656.7;2025;;;bmg;Bundesministerium für Gesundheit (BMG);Krankenkasse;Finanzierung über das Ressort Bundesministerium für Gesundheit (BMG);"[{""zu_id"": ""bmg"", ""typ"": ""UNTERSTELLT"", ""richtung"": ""eingehend"", ""seit"": null, ""quelle"": null}]";"[""https://www.securvita.de/krankenkasse-securvita.html""]";"{""vollstaendigkeit_prozent"": 66.7, ""zuletzt_verifiziert"": ""2026-06-06"", ""verifikation_noetig"": false}";2026-06-06;2.0
sefmartraltd_51928;51928;1.0;SEFE Marketing & Trading Ltd;;Bundesoberbehörde;Bundesbehörde;Bund;Berlin;Berlin;"{""lat"": null, ""lon"": null}";;false;;Unternehmen;https://www.service.bund.de;;;;;;bmi;Bundesministerium des Innern und für Heimat (BMI);Unternehmen;Finanzierung über das Ressort Bundesministerium des Innern und für Heimat (BMI);"[{""zu_id"": ""bmi"", ""typ"": ""UNTERSTELLT"", ""richtung"": ""eingehend"", ""seit"": null, ""quelle"": null}]";"[""https://www.service.bund.de""]";"{""vollstaendigkeit_prozent"": 66.7, ""zuletzt_verifiziert"": ""2026-06-06"", ""verifikation_noetig"": false}";2026-06-06;2.0
sekbunnac89aabs_50043;50043;1.0;Sektorenübergreifendes Bundesschiedsgremium nach § 89a Abs. 2 SGB V;;Bundesoberbehörde;Bundesbehörde;Bund;Berlin;Berlin;"{""lat"": null, ""lon"": null}";;false;;;https://www.service.bund.de;;;;;;bmi;Bundesministerium des Innern und für Heimat (BMI);;Finanzierung über das Ressort Bundesministerium des Innern und für Heimat (BMI);"[{""zu_id"": ""bmi"", ""typ"": ""UNTERSTELLT"", ""richtung"": ""eingehend"", ""seit"": null, ""quelle"": null}]";"[""https://www.service.bund.de""]";"{""vollstaendigkeit_prozent"": 58.3, ""zuletzt_verifiziert"": ""2026-06-06"", ""verifikation_noetig"": false}";2026-06-06;2.0
senfornatsng_828;828;1.0;Senckenberg Forschungsinstitut und Naturmuseum SNG;;Bundesanstalt;Bundesbehörde;Bund;Berlin;Berlin;"{""lat"": null, ""lon"": null}";;false;;Museum und Ausstellungen;https://www.service.bund.de;;74.77;2025;;;bkamt;Beauftragte der Bundesregierung für Kultur und Medien (BKM);Museum und Ausstellungen;Finanzierung über das Ressort Beauftragte der Bundesregierung für Kultur und Medien (BKM);"[{""zu_id"": ""bkamt"", ""typ"": ""UNTERSTELLT"", ""richtung"": ""eingehend"", ""seit"": null, ""quelle"": null}]";"[""https://www.service.bund.de""]";"{""vollstaendigkeit_prozent"": 66.7, ""zuletzt_verifiziert"": ""2026-06-06"", ""verifikation_noetig"": false}";2026-06-06;2.0
sennatsamdre_829;829;1.0;Senckenberg Naturhistorische Sammlungen Dresden;;Bundesanstalt;Bundesbehörde;Bund;Dresden;Sachsen;"{""lat"": null, ""lon"": null}";;false;;Museum und Ausstellungen;https://www.service.bund.de;;;;;;bkamt;Beauftragte der Bundesregierung für Kultur und Medien (BKM);Museum und Ausstellungen;Finanzierung über das Ressort Beauftragte der Bundesregierung für Kultur und Medien (BKM);"[{""zu_id"": ""bkamt"", ""typ"": ""UNTERSTELLT"", ""richtung"": ""eingehend"", ""seit"": null, ""quelle"": null}]";"[""https://www.service.bund.de""]";"{""vollstaendigkeit_prozent"": 66.7, ""zuletzt_verifiziert"": ""2026-06-06"", ""verifikation_noetig"": false}";2026-06-06;2.0
skdbkk_52015;52015;1.0;SKD BKK;;KdöR;Bundesbehörde;Bund;Berlin;Berlin;"{""lat"": null, ""lon"": null}";;false;;Krankenkasse;http://www.skd-bkk.de/;;;;;;bmg;Bundesministerium für Gesundheit (BMG);Krankenkasse;Finanzierung über das Ressort Bundesministerium für Gesundheit (BMG);"[{""zu_id"": ""bmg"", ""typ"": ""UNTERSTELLT"", ""richtung"": ""eingehend"", ""seit"": null, ""quelle"": null}]";"[""http://www.skd-bkk.de/""]";"{""vollstaendigkeit_prozent"": 66.7, ""zuletzt_verifiziert"": ""2026-06-06"", ""verifikation_noetig"": false}";2026-06-06;2.0
sonbunfürafgpak_48942;48942;1.0;Der Sonderbeauftragte der Bundesregierung für Afghanistan und Pakistan;;Bundesoberbehörde;Bundesbehörde;Bund;Berlin;Berlin;"{""lat"": null, ""lon"": null}";;false;;Beauftragte;https://www.service.bund.de;;17.24;2025;;;bmz;Bundesministerium für wirtschaftliche Zusammenarbeit und Entwicklung (BMZ);Beauftragte;Finanzierung über das Ressort Bundesministerium für wirtschaftliche Zusammenarbeit und Entwicklung (BMZ);"[{""zu_id"": ""bmz"", ""typ"": ""UNTERSTELLT"", ""richtung"": ""eingehend"", ""seit"": null, ""quelle"": null}]";"[""https://www.service.bund.de""]";"{""vollstaendigkeit_prozent"": 66.7, ""zuletzt_verifiziert"": ""2026-06-06"", ""verifikation_noetig"": false}";2026-06-06;2.0
sonfürausfor_830;830;1.0;Sonderstelle für Aus- und Fortbildung;;Bundesoberbehörde;Bundesbehörde;Bund;Berlin;Berlin;"{""lat"": null, ""lon"": null}";;false;;Aus- und Weiterbildung;https://www.service.bund.de;;;;;;bmv;Bundesministerium für Digitales und Verkehr (BMDV);Aus- und Weiterbildung;Finanzierung über das Ressort Bundesministerium für Digitales und Verkehr (BMDV);"[{""zu_id"": ""bmv"", ""typ"": ""UNTERSTELLT"", ""richtung"": ""eingehend"", ""seit"": null, ""quelle"": null}]";"[""https://www.service.bund.de""]";"{""vollstaendigkeit_prozent"": 66.7, ""zuletzt_verifiziert"": ""2026-06-06"", ""verifikation_noetig"": false}";2026-06-06;2.0
sozfürlanforgar_4049;4049;1.0;Sozialversicherung für Landwirtschaft, Forsten und Gartenbau;;KdöR;Bundesbehörde;Bund;Berlin;Berlin;"{""lat"": null, ""lon"": null}";;false;;Sozialversicherung;https://www.service.bund.de;;21528.48;2025;;;bmas;Bundesministerium für Arbeit und Soziales (BMAS);Sozialversicherung;Finanzierung über das Ressort Bundesministerium für Arbeit und Soziales (BMAS);"[{""zu_id"": ""bmas"", ""typ"": ""UNTERSTELLT"", ""richtung"": ""eingehend"", ""seit"": null, ""quelle"": null}]";"[""https://www.service.bund.de""]";"{""vollstaendigkeit_prozent"": 66.7, ""zuletzt_verifiziert"": ""2026-06-06"", ""verifikation_noetig"": false}";2026-06-06;2.0
sozinnverbun_15654;15654;1.0;Sozialwerk der Inneren Verwaltung des Bundes e.V.;;Bundesoberbehörde;Bundesbehörde;Bund;Berlin;Berlin;"{""lat"": null, ""lon"": null}";;false;;Sozialwerk;https://www.service.bund.de;;183.68;2025;;;bmas;Bundesministerium für Arbeit und Soziales (BMAS);Sozialwerk;Finanzierung über das Ressort Bundesministerium für Arbeit und Soziales (BMAS);"[{""zu_id"": ""bmas"", ""typ"": ""UNTERSTELLT"", ""richtung"": ""eingehend"", ""seit"": null, ""quelle"": null}]";"[""https://www.service.bund.de""]";"{""vollstaendigkeit_prozent"": 66.7, ""zuletzt_verifiziert"": ""2026-06-06"", ""verifikation_noetig"": false}";2026-06-06;2.0
sta_842;842;1.0;Statistisches Bundesamt;;Bundesoberbehörde;Bundesoberbehörde;Bund;Wiesbaden;Hessen;"{""lat"": null, ""lon"": null}";;false;;Statistik;https://www.destatis.de;;310.0;2025;2800;2024;bmi;Bundesministerium des Innern und für Heimat (BMI);Statistik;Statistisches Bundesamt;"[{""zu_id"": ""bmi"", ""typ"": ""UNTERSTELLT"", ""richtung"": ""eingehend"", ""seit"": null, ""quelle"": null}]";"[""https://www.destatis.de""]";"{""vollstaendigkeit_prozent"": 75.0, ""zuletzt_verifiziert"": ""2026-06-06"", ""verifikation_noetig"": false}";2026-06-06;2.0
staaufbeidekdeu_837;837;1.0;Staatskommissar zur Aufsicht bei der DekaBank Deutsche Girozentrale;;Bundesoberbehörde;Bundesbehörde;Bund;Berlin;Berlin;"{""lat"": null, ""lon"": null}";;false;;;https://www.service.bund.de;;40.55;2025;;;bmf;Bundesministerium der Finanzen (BMF);;Finanzierung über das Ressort Bundesministerium der Finanzen (BMF);"[{""zu_id"": ""bmf"", ""typ"": ""UNTERSTELLT"", ""richtung"": ""eingehend"", ""seit"": null, ""quelle"": null}]";"[""https://www.service.bund.de""]";"{""vollstaendigkeit_prozent"": 58.3, ""zuletzt_verifiziert"": ""2026-06-06"", ""verifikation_noetig"": false}";2026-06-06;2.0
staber_839;839;1.0;Standortkommando Berlin;;Bundesoberbehörde;Dienststelle der Bundeswehrverwaltung;Bund;Berlin;Berlin;"{""lat"": null, ""lon"": null}";;false;;Bundeswehr;https://www.bundeswehr.de;;183.78;2025;;;bmvg;Bundesministerium der Verteidigung (BMVg);Bundeswehr;Aggregiert unter Bundesministerium der Verteidigung (BMVg);"[{""zu_id"": ""bmvg"", ""typ"": ""UNTERSTELLT"", ""richtung"": ""eingehend"", ""seit"": null, ""quelle"": null}]";"[""https://www.bundeswehr.de""]";"{""vollstaendigkeit_prozent"": 66.7, ""zuletzt_verifiziert"": ""2026-06-06"", ""verifikation_noetig"": false}";2026-06-06;2.0
str_861;861;1.0;Streitkräfteamt;;Bundesoberbehörde;Bundesbehörde;Bund;Berlin;Berlin;"{""lat"": null, ""lon"": null}";;false;;Bundeswehr;https://www.bundeswehr.de/de/organisation/unterstuetzungsbereich/streitkraeftegemeinsame-aufgaben/streitkraefteamt-in-bonn/;;;;;;bmvg;Bundesministerium der Verteidigung (BMVg);Bundeswehr;Finanzierung über das Ressort Bundesministerium der Verteidigung (BMVg);"[{""zu_id"": ""bmvg"", ""typ"": ""UNTERSTELLT"", ""richtung"": ""eingehend"", ""seit"": null, ""quelle"": null}]";"[""https://www.bundeswehr.de/de/organisation/unterstuetzungsbereich/streitkraeftegemeinsame-aufgaben/streitkraefteamt-in-bonn/""]";"{""vollstaendigkeit_prozent"": 66.7, ""zuletzt_verifiziert"": ""2026-06-06"", ""verifikation_noetig"": false}";2026-06-06;2.0
südbkk_52006;52006;1.0;Südzucker BKK;;KdöR;Bundesbehörde;Bund;Berlin;Berlin;"{""lat"": null, ""lon"": null}";;false;;Krankenkasse;https://www.südzucker-bkk.de/;;43.0;2025;13;2024;bmg;Bundesministerium für Gesundheit (BMG);Krankenkasse;Finanzierung über das Ressort Bundesministerium für Gesundheit (BMG);"[{""zu_id"": ""bmg"", ""typ"": ""UNTERSTELLT"", ""richtung"": ""eingehend"", ""seit"": null, ""quelle"": null}]";"[""https://www.südzucker-bkk.de/""]";"{""vollstaendigkeit_prozent"": 75.0, ""zuletzt_verifiziert"": ""2026-06-06"", ""verifikation_noetig"": false}";2026-06-06;2.0
tardeulän_51910;51910;1.0;Tarifgemeinschaft deutscher Länder;;Bundesoberbehörde;Bundesbehörde;Bund;Berlin;Berlin;"{""lat"": null, ""lon"": null}";;false;;Verein;https://www.service.bund.de;;1166.24;2025;;;bmi;Bundesministerium des Innern und für Heimat (BMI);Verein;Finanzierung über das Ressort Bundesministerium des Innern und für Heimat (BMI);"[{""zu_id"": ""bmi"", ""typ"": ""UNTERSTELLT"", ""richtung"": ""eingehend"", ""seit"": null, ""quelle"": null}]";"[""https://www.service.bund.de""]";"{""vollstaendigkeit_prozent"": 66.7, ""zuletzt_verifiziert"": ""2026-06-06"", ""verifikation_noetig"": false}";2026-06-06;2.0
tecfacnor_864;864;1.0;Technische Fachstelle Nordwest;;Bundesoberbehörde;Bundesbehörde;Bund;Berlin;Berlin;"{""lat"": null, ""lon"": null}";;false;;Technologie;https://www.service.bund.de;;727.94;2025;;;bmv;Bundesministerium für Digitales und Verkehr (BMDV);Technologie;Finanzierung über das Ressort Bundesministerium für Digitales und Verkehr (BMDV);"[{""zu_id"": ""bmv"", ""typ"": ""UNTERSTELLT"", ""richtung"": ""eingehend"", ""seit"": null, ""quelle"": null}]";"[""https://www.service.bund.de""]";"{""vollstaendigkeit_prozent"": 66.7, ""zuletzt_verifiziert"": ""2026-06-06"", ""verifikation_noetig"": false}";2026-06-06;2.0
techil_296;296;1.0;Bundesanstalt Technisches Hilfswerk;;Bundesanstalt;Bundesoberbehörde;Bund;Bonn;Nordrhein-Westfalen;"{""lat"": null, ""lon"": null}";;false;;THW;https://www.thw.de;;520.0;2025;2100;2024;bmi;Bundesministerium des Innern und für Heimat (BMI);THW;Hauptamtlich. Unterstützt durch ca. 88.000 Ehrenamtliche;"[{""zu_id"": ""bmi"", ""typ"": ""UNTERSTELLT"", ""richtung"": ""eingehend"", ""seit"": null, ""quelle"": null}]";"[""https://www.thw.de""]";"{""vollstaendigkeit_prozent"": 75.0, ""zuletzt_verifiziert"": ""2026-06-06"", ""verifikation_noetig"": false}";2026-06-06;2.0
techillanbadwür_15173;15173;1.0;Bundesanstalt Technisches Hilfswerk Landesverband Baden-Württemberg;;Bundesanstalt;Bundesbehörde;Bund;Berlin;Berlin;"{""lat"": null, ""lon"": null}";;false;;THW;https://www.service.bund.de;;727.94;2025;;;bmi;Bundesministerium des Innern und für Heimat (BMI);THW;Finanzierung über das Ressort Bundesministerium des Innern und für Heimat (BMI);"[{""zu_id"": ""bmi"", ""typ"": ""UNTERSTELLT"", ""richtung"": ""eingehend"", ""seit"": null, ""quelle"": null}]";"[""https://www.service.bund.de""]";"{""vollstaendigkeit_prozent"": 66.7, ""zuletzt_verifiziert"": ""2026-06-06"", ""verifikation_noetig"": false}";2026-06-06;2.0
techillanbay_15172;15172;1.0;Bundesanstalt Technisches Hilfswerk Landesverband Bayern;;Bundesanstalt;Bundesbehörde;Bund;Berlin;Berlin;"{""lat"": null, ""lon"": null}";;false;;THW;https://www.service.bund.de;;727.94;2025;;;bmi;Bundesministerium des Innern und für Heimat (BMI);THW;Finanzierung über das Ressort Bundesministerium des Innern und für Heimat (BMI);"[{""zu_id"": ""bmi"", ""typ"": ""UNTERSTELLT"", ""richtung"": ""eingehend"", ""seit"": null, ""quelle"": null}]";"[""https://www.service.bund.de""]";"{""vollstaendigkeit_prozent"": 66.7, ""zuletzt_verifiziert"": ""2026-06-06"", ""verifikation_noetig"": false}";2026-06-06;2.0
techillanbrenie_15168;15168;1.0;Bundesanstalt Technisches Hilfswerk Landesverband Bremen, Niedersachsen;;Bundesanstalt;Bundesbehörde;Bund;Bremen;Bremen;"{""lat"": null, ""lon"": null}";;false;;THW;https://www.service.bund.de;;727.94;2025;;;bmi;Bundesministerium des Innern und für Heimat (BMI);THW;Finanzierung über das Ressort Bundesministerium des Innern und für Heimat (BMI);"[{""zu_id"": ""bmi"", ""typ"": ""UNTERSTELLT"", ""richtung"": ""eingehend"", ""seit"": null, ""quelle"": null}]";"[""https://www.service.bund.de""]";"{""vollstaendigkeit_prozent"": 66.7, ""zuletzt_verifiziert"": ""2026-06-06"", ""verifikation_noetig"": false}";2026-06-06;2.0
techillanhammec_15170;15170;1.0;Bundesanstalt Technisches Hilfswerk Landesverband Hamburg, Mecklenburg-Vorpommern, Schleswig-Holstein;;Bundesanstalt;Bundesbehörde;Bund;Hamburg;Hamburg;"{""lat"": null, ""lon"": null}";;false;;THW;https://www.service.bund.de;;727.94;2025;;;bmi;Bundesministerium des Innern und für Heimat (BMI);THW;Finanzierung über das Ressort Bundesministerium des Innern und für Heimat (BMI);"[{""zu_id"": ""bmi"", ""typ"": ""UNTERSTELLT"", ""richtung"": ""eingehend"", ""seit"": null, ""quelle"": null}]";"[""https://www.service.bund.de""]";"{""vollstaendigkeit_prozent"": 66.7, ""zuletzt_verifiziert"": ""2026-06-06"", ""verifikation_noetig"": false}";2026-06-06;2.0
techillanhesrhe_15171;15171;1.0;Bundesanstalt Technisches Hilfswerk Landesverband Hessen, Rheinland-Pfalz, Saarland;;Bundesanstalt;Bundesbehörde;Bund;Essen;Nordrhein-Westfalen;"{""lat"": null, ""lon"": null}";;false;;THW;https://www.service.bund.de;;727.94;2025;;;bmi;Bundesministerium des Innern und für Heimat (BMI);THW;Finanzierung über das Ressort Bundesministerium des Innern und für Heimat (BMI);"[{""zu_id"": ""bmi"", ""typ"": ""UNTERSTELLT"", ""richtung"": ""eingehend"", ""seit"": null, ""quelle"": null}]";"[""https://www.service.bund.de""]";"{""vollstaendigkeit_prozent"": 66.7, ""zuletzt_verifiziert"": ""2026-06-06"", ""verifikation_noetig"": false}";2026-06-06;2.0
techillannorwes_15169;15169;1.0;Bundesanstalt Technisches Hilfswerk Landesverband Nordrhein-Westfalen;;Bundesanstalt;Bundesbehörde;Bund;Berlin;Berlin;"{""lat"": null, ""lon"": null}";;false;;THW;https://www.service.bund.de;;727.94;2025;;;bmi;Bundesministerium des Innern und für Heimat (BMI);THW;Finanzierung über das Ressort Bundesministerium des Innern und für Heimat (BMI);"[{""zu_id"": ""bmi"", ""typ"": ""UNTERSTELLT"", ""richtung"": ""eingehend"", ""seit"": null, ""quelle"": null}]";"[""https://www.service.bund.de""]";"{""vollstaendigkeit_prozent"": 66.7, ""zuletzt_verifiziert"": ""2026-06-06"", ""verifikation_noetig"": false}";2026-06-06;2.0
techillansacthü_15166;15166;1.0;Bundesanstalt Technisches Hilfswerk Landesverband Sachsen, Thüringen;;Bundesanstalt;Bundesbehörde;Bund;Berlin;Berlin;"{""lat"": null, ""lon"": null}";;false;;THW;https://www.service.bund.de;;727.94;2025;;;bmi;Bundesministerium des Innern und für Heimat (BMI);THW;Finanzierung über das Ressort Bundesministerium des Innern und für Heimat (BMI);"[{""zu_id"": ""bmi"", ""typ"": ""UNTERSTELLT"", ""richtung"": ""eingehend"", ""seit"": null, ""quelle"": null}]";"[""https://www.service.bund.de""]";"{""vollstaendigkeit_prozent"": 66.7, ""zuletzt_verifiziert"": ""2026-06-06"", ""verifikation_noetig"": false}";2026-06-06;2.0
tecinf_865;865;1.0;Technische Informationsbibliothek;;Bundesanstalt;Bundesbehörde;Bund;Berlin;Berlin;"{""lat"": null, ""lon"": null}";;false;;Bibliothek;https://www.tib.eu/;;727.94;2025;;;bkamt;Beauftragte der Bundesregierung für Kultur und Medien (BKM);Bibliothek;Finanzierung über das Ressort Beauftragte der Bundesregierung für Kultur und Medien (BKM);"[{""zu_id"": ""bkamt"", ""typ"": ""UNTERSTELLT"", ""richtung"": ""eingehend"", ""seit"": null, ""quelle"": null}]";"[""https://www.tib.eu/""]";"{""vollstaendigkeit_prozent"": 66.7, ""zuletzt_verifiziert"": ""2026-06-06"", ""verifikation_noetig"": false}";2026-06-06;2.0
teckra_863;863;1.0;Techniker Krankenkasse;;KdöR;Bundesbehörde;Bund;Berlin;Berlin;"{""lat"": null, ""lon"": null}";;false;;Krankenkasse;https://www.tk.de/;;69200.0;2025;15675;2024;bmg;Bundesministerium für Gesundheit (BMG);Krankenkasse;Finanzierung über das Ressort Bundesministerium für Gesundheit (BMG);"[{""zu_id"": ""bmg"", ""typ"": ""UNTERSTELLT"", ""richtung"": ""eingehend"", ""seit"": null, ""quelle"": null}]";"[""https://www.tk.de/""]";"{""vollstaendigkeit_prozent"": 75.0, ""zuletzt_verifiziert"": ""2026-06-06"", ""verifikation_noetig"": false}";2026-06-06;2.0
tecschlanfachee_868;868;1.0;Technische Schule Landsysteme und Fachschule des Heeres für Technik;;Bundesoberbehörde;Bundesbehörde;Bund;Berlin;Berlin;"{""lat"": null, ""lon"": null}";;false;;Militärische Ausbildungsstätte;https://www.bundeswehr.de/de/organisation/heer/organisation/ausbildungskommando/technische-schule-des-heeres/;;727.94;2025;;;bmvg;Bundesministerium der Verteidigung (BMVg);Militärische Ausbildungsstätte;Finanzierung über das Ressort Bundesministerium der Verteidigung (BMVg);"[{""zu_id"": ""bmvg"", ""typ"": ""UNTERSTELLT"", ""richtung"": ""eingehend"", ""seit"": null, ""quelle"": null}]";"[""https://www.bundeswehr.de/de/organisation/heer/organisation/ausbildungskommando/technische-schule-des-heeres/""]";"{""vollstaendigkeit_prozent"": 66.7, ""zuletzt_verifiziert"": ""2026-06-06"", ""verifikation_noetig"": false}";2026-06-06;2.0
tecschluf_866;866;1.0;Technische-Schule-der-Luftwaffe-1;;Bundesoberbehörde;Bundesbehörde;Bund;Berlin;Berlin;"{""lat"": null, ""lon"": null}";;false;;Militärische Ausbildungsstätte;https://www.service.bund.de;;;;;;bmvg;Bundesministerium der Verteidigung (BMVg);Militärische Ausbildungsstätte;Finanzierung über das Ressort Bundesministerium der Verteidigung (BMVg);"[{""zu_id"": ""bmvg"", ""typ"": ""UNTERSTELLT"", ""richtung"": ""eingehend"", ""seit"": null, ""quelle"": null}]";"[""https://www.service.bund.de""]";"{""vollstaendigkeit_prozent"": 66.7, ""zuletzt_verifiziert"": ""2026-06-06"", ""verifikation_noetig"": false}";2026-06-06;2.0
tecschluf_867;867;1.0;Technische Schule der Luftwaffe 3;;Bundesoberbehörde;Bundesbehörde;Bund;Berlin;Berlin;"{""lat"": null, ""lon"": null}";;false;;Militärische Ausbildungsstätte;https://www.service.bund.de;;727.94;2025;;;bmvg;Bundesministerium der Verteidigung (BMVg);Militärische Ausbildungsstätte;Finanzierung über das Ressort Bundesministerium der Verteidigung (BMVg);"[{""zu_id"": ""bmvg"", ""typ"": ""UNTERSTELLT"", ""richtung"": ""eingehend"", ""seit"": null, ""quelle"": null}]";"[""https://www.service.bund.de""]";"{""vollstaendigkeit_prozent"": 66.7, ""zuletzt_verifiziert"": ""2026-06-06"", ""verifikation_noetig"": false}";2026-06-06;2.0
thw;;1.0;Bundesanstalt Technisches Hilfswerk;THW;Bundesanstalt;Bundesanstalt;Bund;Bonn;Nordrhein-Westfalen;"{""lat"": null, ""lon"": null}";1950;false;;Technische Hilfe, Katastrophenschutz, Bergung, Auslandseinsätze, Infrastruktur-Nothilfe;https://www.thw.de;THW-Gesetz (THWG);458.0;2025;2100;2024;bmi;;;;"[{""zu_id"": ""bmi"", ""typ"": ""UNTERSTELLT"", ""richtung"": ""eingehend"", ""seit"": 1950}, {""zu_id"": ""bbk"", ""typ"": ""KOORDINIERT_MIT"", ""richtung"": ""ausgehend"", ""seit"": 2004}]";"[""https://www.thw.de"", ""https://www.bundeshaushalt.de""]";"{""vollstaendigkeit_prozent"": 100.0, ""zuletzt_verifiziert"": ""2026-06-06"", ""verifikation_noetig"": false}";2026-06-06;2.0
thwbun_869;869;1.0;THW- Bundesvereinigung e.V.;;Bundesanstalt;Bundesbehörde;Bund;Berlin;Berlin;"{""lat"": null, ""lon"": null}";;false;;THW;https://www.service.bund.de;;;;;;bmi;Bundesministerium des Innern und für Heimat (BMI);THW;Finanzierung über das Ressort Bundesministerium des Innern und für Heimat (BMI);"[{""zu_id"": ""bmi"", ""typ"": ""UNTERSTELLT"", ""richtung"": ""eingehend"", ""seit"": null, ""quelle"": null}]";"[""https://www.service.bund.de""]";"{""vollstaendigkeit_prozent"": 66.7, ""zuletzt_verifiziert"": ""2026-06-06"", ""verifikation_noetig"": false}";2026-06-06;2.0
thwjug_870;870;1.0;THW-Jugend e.V.;;Bundesanstalt;Bundesbehörde;Bund;Berlin;Berlin;"{""lat"": null, ""lon"": null}";;false;;THW;https://www.service.bund.de;;;;;;bmi;Bundesministerium des Innern und für Heimat (BMI);THW;Finanzierung über das Ressort Bundesministerium des Innern und für Heimat (BMI);"[{""zu_id"": ""bmi"", ""typ"": ""UNTERSTELLT"", ""richtung"": ""eingehend"", ""seit"": null, ""quelle"": null}]";"[""https://www.service.bund.de""]";"{""vollstaendigkeit_prozent"": 66.7, ""zuletzt_verifiziert"": ""2026-06-06"", ""verifikation_noetig"": false}";2026-06-06;2.0
trunortdgnor_15920;15920;1.0;Truppendienstgericht Nord (TDG Nord);;Bundesoberbehörde;Bundesbehörde;Bund;Berlin;Berlin;"{""lat"": null, ""lon"": null}";;false;;;https://service.bund.de/Content/DE/DEBehoerden/B/Bundeswehr/TDG-Nord/Truppendienstgericht-Nord.html;;;;;;bmjv;Bundesministerium der Justiz (BMJ);;Finanzierung über das Ressort Bundesministerium der Justiz (BMJ);"[{""zu_id"": ""bmjv"", ""typ"": ""UNTERSTELLT"", ""richtung"": ""eingehend"", ""seit"": null, ""quelle"": null}]";"[""https://service.bund.de/Content/DE/DEBehoerden/B/Bundeswehr/TDG-Nord/Truppendienstgericht-Nord.html""]";"{""vollstaendigkeit_prozent"": 58.3, ""zuletzt_verifiziert"": ""2026-06-06"", ""verifikation_noetig"": false}";2026-06-06;2.0
trusüdtdgsüd_15921;15921;1.0;Truppendienstgericht Süd (TDG Süd);;Bundesoberbehörde;Bundesbehörde;Bund;Berlin;Berlin;"{""lat"": null, ""lon"": null}";;false;;;https://service.bund.de/Content/DE/DEBehoerden/B/Bundeswehr/TDG-Sued/Truppendienstgericht-Sued.html;;;;;;bmjv;Bundesministerium der Justiz (BMJ);;Finanzierung über das Ressort Bundesministerium der Justiz (BMJ);"[{""zu_id"": ""bmjv"", ""typ"": ""UNTERSTELLT"", ""richtung"": ""eingehend"", ""seit"": null, ""quelle"": null}]";"[""https://service.bund.de/Content/DE/DEBehoerden/B/Bundeswehr/TDG-Sued/Truppendienstgericht-Sued.html""]";"{""vollstaendigkeit_prozent"": 58.3, ""zuletzt_verifiziert"": ""2026-06-06"", ""verifikation_noetig"": false}";2026-06-06;2.0
tuibkk_7777;7777;1.0;TUI BKK;;KdöR;Bundesbehörde;Bund;Berlin;Berlin;"{""lat"": null, ""lon"": null}";;false;;Krankenkasse;http://www.tui-bkk.de/;;;;;;bmg;Bundesministerium für Gesundheit (BMG);Krankenkasse;Finanzierung über das Ressort Bundesministerium für Gesundheit (BMG);"[{""zu_id"": ""bmg"", ""typ"": ""UNTERSTELLT"", ""richtung"": ""eingehend"", ""seit"": null, ""quelle"": null}]";"[""http://www.tui-bkk.de/""]";"{""vollstaendigkeit_prozent"": 66.7, ""zuletzt_verifiziert"": ""2026-06-06"", ""verifikation_noetig"": false}";2026-06-06;2.0
tüvrhe_873;873;1.0;TÜV-Rheinland;;Bundesoberbehörde;Bundesbehörde;Bund;Berlin;Berlin;"{""lat"": null, ""lon"": null}";;false;;TÜV;https://www.tuv.com/;;2980.0;2025;28550;2024;bmi;Bundesministerium des Innern und für Heimat (BMI);TÜV;Finanzierung über das Ressort Bundesministerium des Innern und für Heimat (BMI);"[{""zu_id"": ""bmi"", ""typ"": ""UNTERSTELLT"", ""richtung"": ""eingehend"", ""seit"": null, ""quelle"": null}]";"[""https://www.tuv.com/""]";"{""vollstaendigkeit_prozent"": 75.0, ""zuletzt_verifiziert"": ""2026-06-06"", ""verifikation_noetig"": false}";2026-06-06;2.0
uba;;1.0;Umweltbundesamt;UBA;Bundesoberbehörde;Bundesoberbehörde;Bund;Dessau-Roßlau;Sachsen-Anhalt;"{""lat"": null, ""lon"": null}";1974;false;;Umweltschutz, Emissionshandel, Luftqualität, Wasserwirtschaft, Abfallwirtschaft, Klimaschutz;https://www.umweltbundesamt.de;Gesetz über die Errichtung eines Umweltbundesamtes;205.2;2025;1600;2024;bmuv;;;;"[{""zu_id"": ""bmuv"", ""typ"": ""UNTERSTELLT"", ""richtung"": ""eingehend"", ""seit"": 1986}]";"[""https://www.umweltbundesamt.de"", ""https://www.bundeshaushalt.de""]";"{""vollstaendigkeit_prozent"": 100.0, ""zuletzt_verifiziert"": ""2026-06-06"", ""verifikation_noetig"": false}";2026-06-06;2.0
umw_875;875;1.0;Umweltbundesamt;;Bundesoberbehörde;Bundesoberbehörde;Bund;Dessau-Roßlau;;"{""lat"": null, ""lon"": null}";;false;;Umweltamt;https://www.umweltbundesamt.de;;160.0;2025;1600;2024;bmuv;Bundesministerium für Umwelt, Naturschutz, nukleare Sicherheit und Verbraucherschutz (BMUV);Umweltamt;Zentrale Umweltbehörde;"[{""zu_id"": ""bmuv"", ""typ"": ""UNTERSTELLT"", ""richtung"": ""eingehend"", ""seit"": null, ""quelle"": null}]";"[""https://www.umweltbundesamt.de""]";"{""vollstaendigkeit_prozent"": 66.7, ""zuletzt_verifiziert"": ""2026-06-06"", ""verifikation_noetig"": false}";2026-06-06;2.0
unaexpfra_16467;16467;1.0;Unabhängige Expertenkommission Fracking;;Bundesanstalt;Bundesbehörde;Bund;Berlin;Berlin;"{""lat"": null, ""lon"": null}";;false;;Forschung;https://www.service.bund.de;;14.16;2025;;;bmbfsj;Bundesministerium für Bildung und Forschung (BMBF);Forschung;Finanzierung über das Ressort Bundesministerium für Bildung und Forschung (BMBF);"[{""zu_id"": ""bmbfsj"", ""typ"": ""UNTERSTELLT"", ""richtung"": ""eingehend"", ""seit"": null, ""quelle"": null}]";"[""https://www.service.bund.de""]";"{""vollstaendigkeit_prozent"": 66.7, ""zuletzt_verifiziert"": ""2026-06-06"", ""verifikation_noetig"": false}";2026-06-06;2.0
unaexpfürkli_50150;50150;1.0;Unabhängiger Expertenrat für Klimafragen;;Bundesoberbehörde;Bundesbehörde;Bund;Berlin;Berlin;"{""lat"": null, ""lon"": null}";;false;;Umweltschutz;https://www.service.bund.de;;13.92;2025;;;bmuv;Bundesministerium für Umwelt, Naturschutz, nukleare Sicherheit und Verbraucherschutz (BMUV);Umweltschutz;Finanzierung über das Ressort Bundesministerium für Umwelt, Naturschutz, nukleare Sicherheit und Verbraucherschutz (BMUV);"[{""zu_id"": ""bmuv"", ""typ"": ""UNTERSTELLT"", ""richtung"": ""eingehend"", ""seit"": null, ""quelle"": null}]";"[""https://www.service.bund.de""]";"{""vollstaendigkeit_prozent"": 66.7, ""zuletzt_verifiziert"": ""2026-06-06"", ""verifikation_noetig"": false}";2026-06-06;2.0
unakon_50054;50054;1.0;Unabhängiger Kontrollrat;;Bundesoberbehörde;Bundesbehörde;Bund;Berlin;Berlin;"{""lat"": null, ""lon"": null}";;false;;;https://www.service.bund.de;;7.71;2025;61;2024;bmi;Bundesministerium des Innern und für Heimat (BMI);;Finanzierung über das Ressort Bundesministerium des Innern und für Heimat (BMI);"[{""zu_id"": ""bmi"", ""typ"": ""UNTERSTELLT"", ""richtung"": ""eingehend"", ""seit"": null, ""quelle"": null}]";"[""https://www.service.bund.de""]";"{""vollstaendigkeit_prozent"": 66.7, ""zuletzt_verifiziert"": ""2026-06-06"", ""verifikation_noetig"": false}";2026-06-06;2.0
unfbunbah_412;412;1.0;Unfallversicherung Bund und Bahn;;KdöR;Bundesbehörde;Bund;Berlin;Berlin;"{""lat"": null, ""lon"": null}";;false;;Unfallkasse;https://www.uv-bund-bahn.de/;;306.933;2025;700;2024;bmas;Bundesministerium für Arbeit und Soziales (BMAS);Unfallkasse;Finanzierung über das Ressort Bundesministerium für Arbeit und Soziales (BMAS);"[{""zu_id"": ""bmas"", ""typ"": ""UNTERSTELLT"", ""richtung"": ""eingehend"", ""seit"": null, ""quelle"": null}]";"[""https://www.uv-bund-bahn.de/""]";"{""vollstaendigkeit_prozent"": 75.0, ""zuletzt_verifiziert"": ""2026-06-06"", ""verifikation_noetig"": false}";2026-06-06;2.0
unfbunbah_877;877;1.0;Unfallversicherung Bund und Bahn;;KdöR;Bundesbehörde;Bund;Berlin;Berlin;"{""lat"": null, ""lon"": null}";;false;;Unfallkasse;https://www.uv-bund-bahn.de/;;306.933;2025;700;2024;bmas;Bundesministerium für Arbeit und Soziales (BMAS);Unfallkasse;Finanzierung über das Ressort Bundesministerium für Arbeit und Soziales (BMAS);"[{""zu_id"": ""bmas"", ""typ"": ""UNTERSTELLT"", ""richtung"": ""eingehend"", ""seit"": null, ""quelle"": null}]";"[""https://www.uv-bund-bahn.de/""]";"{""vollstaendigkeit_prozent"": 75.0, ""zuletzt_verifiziert"": ""2026-06-06"", ""verifikation_noetig"": false}";2026-06-06;2.0
uni_51718;51718;1.0;Uniper SE;;Bundesoberbehörde;Bundesbehörde;Bund;Berlin;Berlin;"{""lat"": null, ""lon"": null}";;false;;Unternehmen;https://www.uniper.energy;;69600.0;2025;7464;2024;bmi;Bundesministerium des Innern und für Heimat (BMI);Unternehmen;Finanzierung über das Ressort Bundesministerium des Innern und für Heimat (BMI);"[{""zu_id"": ""bmi"", ""typ"": ""UNTERSTELLT"", ""richtung"": ""eingehend"", ""seit"": null, ""quelle"": null}]";"[""https://www.uniper.energy""]";"{""vollstaendigkeit_prozent"": 75.0, ""zuletzt_verifiziert"": ""2026-06-06"", ""verifikation_noetig"": false}";2026-06-06;2.0
untheeleh_882;882;1.0;Unteroffizierschule des Heeres (Lehrgruppe A);;Bundesoberbehörde;Bundesbehörde;Bund;Berlin;Berlin;"{""lat"": null, ""lon"": null}";;false;;Militärische Ausbildungsstätte;https://www.bundeswehr.de/de/organisation/heer/organisation/ausbildungskommando/unteroffizierschule-des-heeres/;;;;;;bmvg;Bundesministerium der Verteidigung (BMVg);Militärische Ausbildungsstätte;Finanzierung über das Ressort Bundesministerium der Verteidigung (BMVg);"[{""zu_id"": ""bmvg"", ""typ"": ""UNTERSTELLT"", ""richtung"": ""eingehend"", ""seit"": null, ""quelle"": null}]";"[""https://www.bundeswehr.de/de/organisation/heer/organisation/ausbildungskommando/unteroffizierschule-des-heeres/""]";"{""vollstaendigkeit_prozent"": 66.7, ""zuletzt_verifiziert"": ""2026-06-06"", ""verifikation_noetig"": false}";2026-06-06;2.0
untluf_881;881;1.0;Unteroffizierschule der Luftwaffe;;Bundesoberbehörde;Bundesbehörde;Bund;Berlin;Berlin;"{""lat"": null, ""lon"": null}";;false;;Militärische Ausbildungsstätte;https://www.bundeswehr.de/de/organisation/luftwaffe/organisation-/luftwaffentruppenkommando/unteroffizierschule-der-luftwaffe/;;;;;;bmvg;Bundesministerium der Verteidigung (BMVg);Militärische Ausbildungsstätte;Finanzierung über das Ressort Bundesministerium der Verteidigung (BMVg);"[{""zu_id"": ""bmvg"", ""typ"": ""UNTERSTELLT"", ""richtung"": ""eingehend"", ""seit"": null, ""quelle"": null}]";"[""https://www.bundeswehr.de/de/organisation/luftwaffe/organisation-/luftwaffentruppenkommando/unteroffizierschule-der-luftwaffe/""]";"{""vollstaendigkeit_prozent"": 66.7, ""zuletzt_verifiziert"": ""2026-06-06"", ""verifikation_noetig"": false}";2026-06-06;2.0
usk_9475;9475;1.0;Unterhaltungssoftware Selbstkontrolle (USK);;Bundesoberbehörde;Bundesbehörde;Bund;Berlin;Berlin;"{""lat"": null, ""lon"": null}";;false;;Medien;https://usk.de/;;;;;;bmi;Bundesministerium des Innern und für Heimat (BMI);Medien;Finanzierung über das Ressort Bundesministerium des Innern und für Heimat (BMI);"[{""zu_id"": ""bmi"", ""typ"": ""UNTERSTELLT"", ""richtung"": ""eingehend"", ""seit"": null, ""quelle"": null}]";"[""https://usk.de/""]";"{""vollstaendigkeit_prozent"": 66.7, ""zuletzt_verifiziert"": ""2026-06-06"", ""verifikation_noetig"": false}";2026-06-06;2.0
ver_48991;48991;1.0;Vermittlungsausschuss;;Bundesoberbehörde;Bundesbehörde;Bund;Berlin;Berlin;"{""lat"": null, ""lon"": null}";;false;;;https://www.service.bund.de;;;;;;bt;Deutscher Bundestag;;Finanzierung über das Ressort Deutscher Bundestag;"[{""zu_id"": ""bt"", ""typ"": ""UNTERSTELLT"", ""richtung"": ""eingehend"", ""seit"": null, ""quelle"": null}]";"[""https://www.service.bund.de""]";"{""vollstaendigkeit_prozent"": 58.3, ""zuletzt_verifiziert"": ""2026-06-06"", ""verifikation_noetig"": false}";2026-06-06;2.0
ver_86;86;1.0;Bundesministerium der Verteidigung;;Ministerium;Oberste Bundesbehörde;Bund;Bonn;Nordrhein-Westfalen;"{""lat"": null, ""lon"": null}";;false;;Ministerium;https://www.bmvg.de;;51800.0;2025;2500;2024;bmvg;Bundesministerium der Verteidigung (BMVg);Ministerium;Zuzüglich 19,8 Mrd. € Sondervermögen, ca. 180.000 Soldaten;"[{""zu_id"": ""bmvg"", ""typ"": ""UNTERSTELLT"", ""richtung"": ""eingehend"", ""seit"": null, ""quelle"": null}]";"[""https://www.bmvg.de""]";"{""vollstaendigkeit_prozent"": 75.0, ""zuletzt_verifiziert"": ""2026-06-06"", ""verifikation_noetig"": false}";2026-06-06;2.0
verber_896;896;1.0;Verwaltungs-Berufsgenossenschaft;;KdöR;Bundesbehörde;Bund;Berlin;Berlin;"{""lat"": null, ""lon"": null}";;false;;Berufsgenossenschaft;https://www.vbg.de/;;;;2400;2024;bmas;Bundesministerium für Arbeit und Soziales (BMAS);Berufsgenossenschaft;Finanzierung über das Ressort Bundesministerium für Arbeit und Soziales (BMAS);"[{""zu_id"": ""bmas"", ""typ"": ""UNTERSTELLT"", ""richtung"": ""eingehend"", ""seit"": null, ""quelle"": null}]";"[""https://www.vbg.de/""]";"{""vollstaendigkeit_prozent"": 75.0, ""zuletzt_verifiziert"": ""2026-06-06"", ""verifikation_noetig"": false}";2026-06-06;2.0
verbun_891;891;1.0;Verpflegungsamt der Bundeswehr;;Bundesoberbehörde;Dienststelle der Bundeswehrverwaltung;Bund;Berlin;Berlin;"{""lat"": null, ""lon"": null}";;false;;Bundeswehr;https://www.bundeswehr.de;;8862.05;2025;;;bmvg;Bundesministerium der Verteidigung (BMVg);Bundeswehr;Aggregiert unter Bundesministerium der Verteidigung (BMVg);"[{""zu_id"": ""bmvg"", ""typ"": ""UNTERSTELLT"", ""richtung"": ""eingehend"", ""seit"": null, ""quelle"": null}]";"[""https://www.bundeswehr.de""]";"{""vollstaendigkeit_prozent"": 66.7, ""zuletzt_verifiziert"": ""2026-06-06"", ""verifikation_noetig"": false}";2026-06-06;2.0
verbunbeibun_895;895;1.0;Vertreter des Bundesinteresses beim Bundesverwaltungsgericht;;Bundesoberbehörde;Bundesbehörde;Bund;Berlin;Berlin;"{""lat"": null, ""lon"": null}";;false;;Justiz;https://www.service.bund.de;;30.14;2025;;;bmi;Bundesministerium des Innern und für Heimat (BMI);Justiz;Finanzierung über das Ressort Bundesministerium des Innern und für Heimat (BMI);"[{""zu_id"": ""bmi"", ""typ"": ""UNTERSTELLT"", ""richtung"": ""eingehend"", ""seit"": null, ""quelle"": null}]";"[""https://www.service.bund.de""]";"{""vollstaendigkeit_prozent"": 66.7, ""zuletzt_verifiziert"": ""2026-06-06"", ""verifikation_noetig"": false}";2026-06-06;2.0
verbunlän_894;894;1.0;Versorgungsanstalt des Bundes und der Länder;;Bundesoberbehörde;Bundesbehörde;Bund;Berlin;Berlin;"{""lat"": null, ""lon"": null}";;false;;Versorgungsamt;https://www.service.bund.de;;183.68;2025;841;2024;bmf;Bundesministerium der Finanzen (BMF);Versorgungsamt;Finanzierung über das Ressort Bundesministerium der Finanzen (BMF);"[{""zu_id"": ""bmf"", ""typ"": ""UNTERSTELLT"", ""richtung"": ""eingehend"", ""seit"": null, ""quelle"": null}]";"[""https://www.service.bund.de""]";"{""vollstaendigkeit_prozent"": 75.0, ""zuletzt_verifiziert"": ""2026-06-06"", ""verifikation_noetig"": false}";2026-06-06;2.0
verdeubüh_892;892;1.0;Versorgungsanstalt der Deutschen Bühnen;;Bundesoberbehörde;Bundesbehörde;Bund;Berlin;Berlin;"{""lat"": null, ""lon"": null}";;false;;Versorgungskammer;https://www.service.bund.de;;177.32;2025;;;bmas;Bundesministerium für Arbeit und Soziales (BMAS);Versorgungskammer;Finanzierung über das Ressort Bundesministerium für Arbeit und Soziales (BMAS);"[{""zu_id"": ""bmas"", ""typ"": ""UNTERSTELLT"", ""richtung"": ""eingehend"", ""seit"": null, ""quelle"": null}]";"[""https://www.service.bund.de""]";"{""vollstaendigkeit_prozent"": 66.7, ""zuletzt_verifiziert"": ""2026-06-06"", ""verifikation_noetig"": false}";2026-06-06;2.0
verdeukul_893;893;1.0;Versorgungsanstalt der deutschen Kulturorchester;;Bundesoberbehörde;Bundesbehörde;Bund;Berlin;Berlin;"{""lat"": null, ""lon"": null}";;false;;Versorgungskammer;https://www.service.bund.de;;177.32;2025;;;bmas;Bundesministerium für Arbeit und Soziales (BMAS);Versorgungskammer;Finanzierung über das Ressort Bundesministerium für Arbeit und Soziales (BMAS);"[{""zu_id"": ""bmas"", ""typ"": ""UNTERSTELLT"", ""richtung"": ""eingehend"", ""seit"": null, ""quelle"": null}]";"[""https://www.service.bund.de""]";"{""vollstaendigkeit_prozent"": 66.7, ""zuletzt_verifiziert"": ""2026-06-06"", ""verifikation_noetig"": false}";2026-06-06;2.0
verdeuver_886;886;1.0;Verband Deutscher Verkehrsunternehmen;;Bundesoberbehörde;Bundesbehörde;Bund;Berlin;Berlin;"{""lat"": null, ""lon"": null}";;false;;Verband;https://www.vdv.de/;;1166.24;2025;;;bmv;Bundesministerium für Digitales und Verkehr (BMDV);Verband;Finanzierung über das Ressort Bundesministerium für Digitales und Verkehr (BMDV);"[{""zu_id"": ""bmv"", ""typ"": ""UNTERSTELLT"", ""richtung"": ""eingehend"", ""seit"": null, ""quelle"": null}]";"[""https://www.vdv.de/""]";"{""vollstaendigkeit_prozent"": 66.7, ""zuletzt_verifiziert"": ""2026-06-06"", ""verifikation_noetig"": false}";2026-06-06;2.0
verers_4024;4024;1.0;Verband der Ersatzkassen e.V.;;KdöR;Bundesbehörde;Bund;Berlin;Berlin;"{""lat"": null, ""lon"": null}";;false;;Sozialversicherung;https://www.service.bund.de;;;;;;bmas;Bundesministerium für Arbeit und Soziales (BMAS);Sozialversicherung;Finanzierung über das Ressort Bundesministerium für Arbeit und Soziales (BMAS);"[{""zu_id"": ""bmas"", ""typ"": ""UNTERSTELLT"", ""richtung"": ""eingehend"", ""seit"": null, ""quelle"": null}]";"[""https://www.service.bund.de""]";"{""vollstaendigkeit_prozent"": 66.7, ""zuletzt_verifiziert"": ""2026-06-06"", ""verifikation_noetig"": false}";2026-06-06;2.0
verkomabfstavku_887;887;1.0;Verband kommunale Abfallwirtschaft und Stadtreinigung im VKU;;Bundesoberbehörde;Bundesbehörde;Bund;Berlin;Berlin;"{""lat"": null, ""lon"": null}";;false;;Abfallwirtschaft;https://www.service.bund.de;;1324.89;2025;;;bmwi;Bundesministerium für Wirtschaft und Klimaschutz (BMWK);Abfallwirtschaft;Finanzierung über das Ressort Bundesministerium für Wirtschaft und Klimaschutz (BMWK);"[{""zu_id"": ""bmwi"", ""typ"": ""UNTERSTELLT"", ""richtung"": ""eingehend"", ""seit"": null, ""quelle"": null}]";"[""https://www.service.bund.de""]";"{""vollstaendigkeit_prozent"": 66.7, ""zuletzt_verifiziert"": ""2026-06-06"", ""verifikation_noetig"": false}";2026-06-06;2.0
verkomunt_888;888;1.0;Verband kommunaler Unternehmen e. V.;;Bundesoberbehörde;Bundesbehörde;Bund;Berlin;Berlin;"{""lat"": null, ""lon"": null}";;false;;Verband;https://www.vku.de/;;;;140;2024;bmi;Bundesministerium des Innern und für Heimat (BMI);Verband;Finanzierung über das Ressort Bundesministerium des Innern und für Heimat (BMI);"[{""zu_id"": ""bmi"", ""typ"": ""UNTERSTELLT"", ""richtung"": ""eingehend"", ""seit"": null, ""quelle"": null}]";"[""https://www.vku.de/""]";"{""vollstaendigkeit_prozent"": 75.0, ""zuletzt_verifiziert"": ""2026-06-06"", ""verifikation_noetig"": false}";2026-06-06;2.0
viakra_6591;6591;1.0;VIACTIV Krankenkasse;;KdöR;Bundesbehörde;Bund;Berlin;Berlin;"{""lat"": null, ""lon"": null}";;false;;Krankenkasse;https://www.service.bund.de;;;;;;bmas;Bundesministerium für Arbeit und Soziales (BMAS);Krankenkasse;Finanzierung über das Ressort Bundesministerium für Arbeit und Soziales (BMAS);"[{""zu_id"": ""bmas"", ""typ"": ""UNTERSTELLT"", ""richtung"": ""eingehend"", ""seit"": null, ""quelle"": null}]";"[""https://www.service.bund.de""]";"{""vollstaendigkeit_prozent"": 66.7, ""zuletzt_verifiziert"": ""2026-06-06"", ""verifikation_noetig"": false}";2026-06-06;2.0
vivbkk_51993;51993;1.0;vivida bkk;;KdöR;Bundesbehörde;Bund;Berlin;Berlin;"{""lat"": null, ""lon"": null}";;false;;Krankenkasse;https://www.vividabkk.de/;;;;880;2024;bmg;Bundesministerium für Gesundheit (BMG);Krankenkasse;Finanzierung über das Ressort Bundesministerium für Gesundheit (BMG);"[{""zu_id"": ""bmg"", ""typ"": ""UNTERSTELLT"", ""richtung"": ""eingehend"", ""seit"": null, ""quelle"": null}]";"[""https://www.vividabkk.de/""]";"{""vollstaendigkeit_prozent"": 75.0, ""zuletzt_verifiziert"": ""2026-06-06"", ""verifikation_noetig"": false}";2026-06-06;2.0
wafluf_310;310;1.0;Das Waffensystemkommando der Luftwaffe;;Bundesoberbehörde;Dienststelle der Bundeswehrverwaltung;Bund;Berlin;Berlin;"{""lat"": null, ""lon"": null}";;false;;Bundeswehr;https://www.bundeswehr.de;;;;;;bmvg;Bundesministerium der Verteidigung (BMVg);Bundeswehr;Aggregiert unter Bundesministerium der Verteidigung (BMVg);"[{""zu_id"": ""bmvg"", ""typ"": ""UNTERSTELLT"", ""richtung"": ""eingehend"", ""seit"": null, ""quelle"": null}]";"[""https://www.bundeswehr.de""]";"{""vollstaendigkeit_prozent"": 66.7, ""zuletzt_verifiziert"": ""2026-06-06"", ""verifikation_noetig"": false}";2026-06-06;2.0
wasneuasc_898;898;1.0;Wasserstraßen-Neubauamt Aschaffenburg;;Bundesoberbehörde;Dienststelle der WSV;Bund;Berlin;Berlin;"{""lat"": null, ""lon"": null}";;false;;Wasserstraßen-Neubauamt;https://www.wsv.de;;;;;;bmv;Bundesministerium für Digitales und Verkehr (BMDV);Wasserstraßen-Neubauamt;Aggregiert unter Generaldirektion Wasserstraßen und Schifffahrt (GDWS);"[{""zu_id"": ""bmv"", ""typ"": ""UNTERSTELLT"", ""richtung"": ""eingehend"", ""seit"": null, ""quelle"": null}]";"[""https://www.wsv.de""]";"{""vollstaendigkeit_prozent"": 66.7, ""zuletzt_verifiziert"": ""2026-06-06"", ""verifikation_noetig"": false}";2026-06-06;2.0
wasneuber_899;899;1.0;Wasserstraßen-Neubauamt Berlin;;Bundesoberbehörde;Dienststelle der WSV;Bund;Berlin;Berlin;"{""lat"": null, ""lon"": null}";;false;;Wasserstraßen-Neubauamt;https://www.wsv.de;;183.78;2025;;;bmv;Bundesministerium für Digitales und Verkehr (BMDV);Wasserstraßen-Neubauamt;Aggregiert unter Generaldirektion Wasserstraßen und Schifffahrt (GDWS);"[{""zu_id"": ""bmv"", ""typ"": ""UNTERSTELLT"", ""richtung"": ""eingehend"", ""seit"": null, ""quelle"": null}]";"[""https://www.wsv.de""]";"{""vollstaendigkeit_prozent"": 66.7, ""zuletzt_verifiziert"": ""2026-06-06"", ""verifikation_noetig"": false}";2026-06-06;2.0
wasneudat_900;900;1.0;Wasserstraßen-Neubauamt Datteln;;Bundesoberbehörde;Dienststelle der WSV;Bund;Berlin;Berlin;"{""lat"": null, ""lon"": null}";;false;;Wasserstraßen-Neubauamt;https://www.wsv.de;;;;;;bmv;Bundesministerium für Digitales und Verkehr (BMDV);Wasserstraßen-Neubauamt;Aggregiert unter Generaldirektion Wasserstraßen und Schifffahrt (GDWS);"[{""zu_id"": ""bmv"", ""typ"": ""UNTERSTELLT"", ""richtung"": ""eingehend"", ""seit"": null, ""quelle"": null}]";"[""https://www.wsv.de""]";"{""vollstaendigkeit_prozent"": 66.7, ""zuletzt_verifiziert"": ""2026-06-06"", ""verifikation_noetig"": false}";2026-06-06;2.0
wasneuhel_901;901;1.0;Wasserstraßen-Neubauamt Helmstedt;;Bundesoberbehörde;Dienststelle der WSV;Bund;Berlin;Berlin;"{""lat"": null, ""lon"": null}";;false;;Wasserstraßen-Neubauamt;https://www.wsv.de;;;;;;bmv;Bundesministerium für Digitales und Verkehr (BMDV);Wasserstraßen-Neubauamt;Aggregiert unter Generaldirektion Wasserstraßen und Schifffahrt (GDWS);"[{""zu_id"": ""bmv"", ""typ"": ""UNTERSTELLT"", ""richtung"": ""eingehend"", ""seit"": null, ""quelle"": null}]";"[""https://www.wsv.de""]";"{""vollstaendigkeit_prozent"": 66.7, ""zuletzt_verifiziert"": ""2026-06-06"", ""verifikation_noetig"": false}";2026-06-06;2.0
wasneumag_902;902;1.0;Wasserstraßen-Neubauamt Magdeburg;;Bundesoberbehörde;Dienststelle der WSV;Bund;Magdeburg;Sachsen-Anhalt;"{""lat"": null, ""lon"": null}";;false;;Wasserstraßen-Neubauamt;https://www.wsv.de;;;;;;bmv;Bundesministerium für Digitales und Verkehr (BMDV);Wasserstraßen-Neubauamt;Aggregiert unter Generaldirektion Wasserstraßen und Schifffahrt (GDWS);"[{""zu_id"": ""bmv"", ""typ"": ""UNTERSTELLT"", ""richtung"": ""eingehend"", ""seit"": null, ""quelle"": null}]";"[""https://www.wsv.de""]";"{""vollstaendigkeit_prozent"": 66.7, ""zuletzt_verifiziert"": ""2026-06-06"", ""verifikation_noetig"": false}";2026-06-06;2.0
wasschamtmossaa_49265;49265;1.0;Wasserstraßen- und Schifffahrts­amt Mosel-Saar-Lahn;;Bundesoberbehörde;Dienststelle der WSV;Bund;Berlin;Berlin;"{""lat"": null, ""lon"": null}";;false;;Wasser- und Schiffahrtsamt;https://www.wsv.de;;1103.96;2025;;;bmv;Bundesministerium für Digitales und Verkehr (BMDV);Wasser- und Schiffahrtsamt;Aggregiert unter Generaldirektion Wasserstraßen und Schifffahrt (GDWS);"[{""zu_id"": ""bmv"", ""typ"": ""UNTERSTELLT"", ""richtung"": ""eingehend"", ""seit"": null, ""quelle"": null}]";"[""https://www.wsv.de""]";"{""vollstaendigkeit_prozent"": 66.7, ""zuletzt_verifiziert"": ""2026-06-06"", ""verifikation_noetig"": false}";2026-06-06;2.0
wasschasc_903;903;1.0;Wasserstraßen- und Schifffahrtsamt Aschaffenburg;;Bundesoberbehörde;Dienststelle der WSV;Bund;Aschaffenburg;;"{""lat"": null, ""lon"": null}";;false;;Wasser- und Schiffahrtsamt;https://www.wsv.de;;1103.96;2025;;;bmv;Bundesministerium für Digitales und Verkehr (BMDV);Wasser- und Schiffahrtsamt;Aggregiert unter Generaldirektion Wasserstraßen und Schifffahrt (GDWS);"[{""zu_id"": ""bmv"", ""typ"": ""UNTERSTELLT"", ""richtung"": ""eingehend"", ""seit"": null, ""quelle"": null}]";"[""https://www.wsv.de""]";"{""vollstaendigkeit_prozent"": 58.3, ""zuletzt_verifiziert"": ""2026-06-06"", ""verifikation_noetig"": false}";2026-06-06;2.0
wasschbra_907;907;1.0;Wasserstraßen- und Schifffahrtsamt Braunschweig;;Bundesoberbehörde;Dienststelle der WSV;Bund;Braunschweig;Niedersachsen;"{""lat"": null, ""lon"": null}";;false;;Wasser- und Schiffahrtsamt;https://www.wsv.de;;1103.96;2025;;;bmv;Bundesministerium für Digitales und Verkehr (BMDV);Wasser- und Schiffahrtsamt;Aggregiert unter Generaldirektion Wasserstraßen und Schifffahrt (GDWS);"[{""zu_id"": ""bmv"", ""typ"": ""UNTERSTELLT"", ""richtung"": ""eingehend"", ""seit"": null, ""quelle"": null}]";"[""https://www.wsv.de""]";"{""vollstaendigkeit_prozent"": 66.7, ""zuletzt_verifiziert"": ""2026-06-06"", ""verifikation_noetig"": false}";2026-06-06;2.0
wasschbre_909;909;1.0;Wasserstraßen- und Schifffahrtsamt Bremerhaven;;Bundesoberbehörde;Dienststelle der WSV;Bund;Bremerhaven;Bremen;"{""lat"": null, ""lon"": null}";;false;;Wasser- und Schiffahrtsamt;https://www.wsv.de;;1103.96;2025;;;bmv;Bundesministerium für Digitales und Verkehr (BMDV);Wasser- und Schiffahrtsamt;Aggregiert unter Generaldirektion Wasserstraßen und Schifffahrt (GDWS);"[{""zu_id"": ""bmv"", ""typ"": ""UNTERSTELLT"", ""richtung"": ""eingehend"", ""seit"": null, ""quelle"": null}]";"[""https://www.wsv.de""]";"{""vollstaendigkeit_prozent"": 66.7, ""zuletzt_verifiziert"": ""2026-06-06"", ""verifikation_noetig"": false}";2026-06-06;2.0
wasschbun_15655;15655;1.0;Wasserstraßen- und Schifffahrtsverwaltung des Bundes;;Bundesoberbehörde;Dienststelle der WSV;Bund;Berlin;Berlin;"{""lat"": null, ""lon"": null}";;false;;Verkehr;https://www.wsv.de;;1103.96;2025;;;bmv;Bundesministerium für Digitales und Verkehr (BMDV);Verkehr;Aggregiert unter Generaldirektion Wasserstraßen und Schifffahrt (GDWS);"[{""zu_id"": ""bmv"", ""typ"": ""UNTERSTELLT"", ""richtung"": ""eingehend"", ""seit"": null, ""quelle"": null}]";"[""https://www.wsv.de""]";"{""vollstaendigkeit_prozent"": 66.7, ""zuletzt_verifiziert"": ""2026-06-06"", ""verifikation_noetig"": false}";2026-06-06;2.0
wasschdonmdk_929;929;1.0;Wasserstraßen- und Schifffahrtsamt Donau MDK;;Bundesoberbehörde;Dienststelle der WSV;Bund;Donau MDK;;"{""lat"": null, ""lon"": null}";;false;;Wasser- und Schiffahrtsamt;https://www.wsv.de;;1103.96;2025;;;bmv;Bundesministerium für Digitales und Verkehr (BMDV);Wasser- und Schiffahrtsamt;Aggregiert unter Generaldirektion Wasserstraßen und Schifffahrt (GDWS);"[{""zu_id"": ""bmv"", ""typ"": ""UNTERSTELLT"", ""richtung"": ""eingehend"", ""seit"": null, ""quelle"": null}]";"[""https://www.wsv.de""]";"{""vollstaendigkeit_prozent"": 58.3, ""zuletzt_verifiziert"": ""2026-06-06"", ""verifikation_noetig"": false}";2026-06-06;2.0
wasschelb_923;923;1.0;Wasserstraßen- und Schifffahrtsamt Elbe;;Bundesoberbehörde;Dienststelle der WSV;Bund;Elbe;;"{""lat"": null, ""lon"": null}";;false;;Wasser- und Schiffahrtsamt;https://www.wsv.de;;1103.96;2025;;;bmv;Bundesministerium für Digitales und Verkehr (BMDV);Wasser- und Schiffahrtsamt;Aggregiert unter Generaldirektion Wasserstraßen und Schifffahrt (GDWS);"[{""zu_id"": ""bmv"", ""typ"": ""UNTERSTELLT"", ""richtung"": ""eingehend"", ""seit"": null, ""quelle"": null}]";"[""https://www.wsv.de""]";"{""vollstaendigkeit_prozent"": 58.3, ""zuletzt_verifiziert"": ""2026-06-06"", ""verifikation_noetig"": false}";2026-06-06;2.0
wasschelbnor_917;917;1.0;Wasserstraßen- und Schifffahrtsamt Elbe-Nordsee;;Bundesoberbehörde;Dienststelle der WSV;Bund;Elbe-Nordsee;;"{""lat"": null, ""lon"": null}";;false;;Wasser- und Schiffahrtsamt;https://www.wsv.de;;1103.96;2025;;;bmv;Bundesministerium für Digitales und Verkehr (BMDV);Wasser- und Schiffahrtsamt;Aggregiert unter Generaldirektion Wasserstraßen und Schifffahrt (GDWS);"[{""zu_id"": ""bmv"", ""typ"": ""UNTERSTELLT"", ""richtung"": ""eingehend"", ""seit"": null, ""quelle"": null}]";"[""https://www.wsv.de""]";"{""vollstaendigkeit_prozent"": 58.3, ""zuletzt_verifiziert"": ""2026-06-06"", ""verifikation_noetig"": false}";2026-06-06;2.0
wasschemsnor_915;915;1.0;Wasserstraßen- und Schifffahrtsamt Ems-Nordsee;;Bundesoberbehörde;Dienststelle der WSV;Bund;Ems-Nordsee;;"{""lat"": null, ""lon"": null}";;false;;Wasser- und Schiffahrtsamt;https://www.wsv.de;;1103.96;2025;;;bmv;Bundesministerium für Digitales und Verkehr (BMDV);Wasser- und Schiffahrtsamt;Aggregiert unter Generaldirektion Wasserstraßen und Schifffahrt (GDWS);"[{""zu_id"": ""bmv"", ""typ"": ""UNTERSTELLT"", ""richtung"": ""eingehend"", ""seit"": null, ""quelle"": null}]";"[""https://www.wsv.de""]";"{""vollstaendigkeit_prozent"": 58.3, ""zuletzt_verifiziert"": ""2026-06-06"", ""verifikation_noetig"": false}";2026-06-06;2.0
wasschmai_933;933;1.0;Wasserstraßen- und Schifffahrtsamt Main;;Bundesoberbehörde;Dienststelle der WSV;Bund;Main;;"{""lat"": null, ""lon"": null}";;false;;Wasser- und Schiffahrtsamt;https://www.wsv.de;;1103.96;2025;;;bmv;Bundesministerium für Digitales und Verkehr (BMDV);Wasser- und Schiffahrtsamt;Aggregiert unter Generaldirektion Wasserstraßen und Schifffahrt (GDWS);"[{""zu_id"": ""bmv"", ""typ"": ""UNTERSTELLT"", ""richtung"": ""eingehend"", ""seit"": null, ""quelle"": null}]";"[""https://www.wsv.de""]";"{""vollstaendigkeit_prozent"": 58.3, ""zuletzt_verifiziert"": ""2026-06-06"", ""verifikation_noetig"": false}";2026-06-06;2.0
wasschmitelbsei_928;928;1.0;Wasserstraßen- und Schifffahrtsamt Mittellandkanal / Elbe-Seitenkanal;;Bundesoberbehörde;Dienststelle der WSV;Bund;Mittellandkanal;;"{""lat"": null, ""lon"": null}";;false;;Wasser- und Schiffahrtsamt;https://www.wsv.de;;1103.96;2025;;;bmv;Bundesministerium für Digitales und Verkehr (BMDV);Wasser- und Schiffahrtsamt;Aggregiert unter Generaldirektion Wasserstraßen und Schifffahrt (GDWS);"[{""zu_id"": ""bmv"", ""typ"": ""UNTERSTELLT"", ""richtung"": ""eingehend"", ""seit"": null, ""quelle"": null}]";"[""https://www.wsv.de""]";"{""vollstaendigkeit_prozent"": 58.3, ""zuletzt_verifiziert"": ""2026-06-06"", ""verifikation_noetig"": false}";2026-06-06;2.0
wasschmossaalah_937;937;1.0;Wasserstraßen- und Schifffahrtsamt Mosel-Saar-Lahn;;Bundesoberbehörde;Dienststelle der WSV;Bund;Mosel-Saar-Lahn;;"{""lat"": null, ""lon"": null}";;false;;Wasser- und Schiffahrtsamt;https://www.wsv.de;;1103.96;2025;;;bmv;Bundesministerium für Digitales und Verkehr (BMDV);Wasser- und Schiffahrtsamt;Aggregiert unter Generaldirektion Wasserstraßen und Schifffahrt (GDWS);"[{""zu_id"": ""bmv"", ""typ"": ""UNTERSTELLT"", ""richtung"": ""eingehend"", ""seit"": null, ""quelle"": null}]";"[""https://www.wsv.de""]";"{""vollstaendigkeit_prozent"": 58.3, ""zuletzt_verifiziert"": ""2026-06-06"", ""verifikation_noetig"": false}";2026-06-06;2.0
wasschnorostkan_910;910;1.0;Wasserstraßen- und Schifffahrtsamt Nord-Ostsee-Kanal;;Bundesoberbehörde;Dienststelle der WSV;Bund;Nord-Ostsee-Kanal;;"{""lat"": null, ""lon"": null}";;false;;Wasser- und Schiffahrtsamt;https://www.wsv.de;;1103.96;2025;;;bmv;Bundesministerium für Digitales und Verkehr (BMDV);Wasser- und Schiffahrtsamt;Aggregiert unter Generaldirektion Wasserstraßen und Schifffahrt (GDWS);"[{""zu_id"": ""bmv"", ""typ"": ""UNTERSTELLT"", ""richtung"": ""eingehend"", ""seit"": null, ""quelle"": null}]";"[""https://www.wsv.de""]";"{""vollstaendigkeit_prozent"": 58.3, ""zuletzt_verifiziert"": ""2026-06-06"", ""verifikation_noetig"": false}";2026-06-06;2.0
wasschodehav_914;914;1.0;Wasserstraßen- und Schifffahrtsamt Oder-Havel;;Bundesoberbehörde;Dienststelle der WSV;Bund;Oder-Havel;;"{""lat"": null, ""lon"": null}";;false;;Wasser- und Schiffahrtsamt;https://www.wsv.de;;1103.96;2025;;;bmv;Bundesministerium für Digitales und Verkehr (BMDV);Wasser- und Schiffahrtsamt;Aggregiert unter Generaldirektion Wasserstraßen und Schifffahrt (GDWS);"[{""zu_id"": ""bmv"", ""typ"": ""UNTERSTELLT"", ""richtung"": ""eingehend"", ""seit"": null, ""quelle"": null}]";"[""https://www.wsv.de""]";"{""vollstaendigkeit_prozent"": 58.3, ""zuletzt_verifiziert"": ""2026-06-06"", ""verifikation_noetig"": false}";2026-06-06;2.0
wasschost_924;924;1.0;Wasserstraßen- und Schifffahrtsamt Ostsee;;Bundesoberbehörde;Dienststelle der WSV;Bund;Ostsee;;"{""lat"": null, ""lon"": null}";;false;;Wasser- und Schiffahrtsamt;https://www.wsv.de;;1103.96;2025;;;bmv;Bundesministerium für Digitales und Verkehr (BMDV);Wasser- und Schiffahrtsamt;Aggregiert unter Generaldirektion Wasserstraßen und Schifffahrt (GDWS);"[{""zu_id"": ""bmv"", ""typ"": ""UNTERSTELLT"", ""richtung"": ""eingehend"", ""seit"": null, ""quelle"": null}]";"[""https://www.wsv.de""]";"{""vollstaendigkeit_prozent"": 58.3, ""zuletzt_verifiziert"": ""2026-06-06"", ""verifikation_noetig"": false}";2026-06-06;2.0
wasschrhe_905;905;1.0;Wasserstraßen- und Schifffahrtsamt Rhein;;Bundesoberbehörde;Dienststelle der WSV;Bund;Rhein;;"{""lat"": null, ""lon"": null}";;false;;Wasser- und Schiffahrtsamt;https://www.wsv.de;;1103.96;2025;;;bmv;Bundesministerium für Digitales und Verkehr (BMDV);Wasser- und Schiffahrtsamt;Aggregiert unter Generaldirektion Wasserstraßen und Schifffahrt (GDWS);"[{""zu_id"": ""bmv"", ""typ"": ""UNTERSTELLT"", ""richtung"": ""eingehend"", ""seit"": null, ""quelle"": null}]";"[""https://www.wsv.de""]";"{""vollstaendigkeit_prozent"": 58.3, ""zuletzt_verifiziert"": ""2026-06-06"", ""verifikation_noetig"": false}";2026-06-06;2.0
wasschsprhav_921;921;1.0;Wasserstraßen- und Schifffahrtsamt Spree-Havel;;Bundesoberbehörde;Dienststelle der WSV;Bund;Spree-Havel;;"{""lat"": null, ""lon"": null}";;false;;Wasser- und Schiffahrtsamt;https://www.wsv.de;;1103.96;2025;;;bmv;Bundesministerium für Digitales und Verkehr (BMDV);Wasser- und Schiffahrtsamt;Aggregiert unter Generaldirektion Wasserstraßen und Schifffahrt (GDWS);"[{""zu_id"": ""bmv"", ""typ"": ""UNTERSTELLT"", ""richtung"": ""eingehend"", ""seit"": null, ""quelle"": null}]";"[""https://www.wsv.de""]";"{""vollstaendigkeit_prozent"": 58.3, ""zuletzt_verifiziert"": ""2026-06-06"", ""verifikation_noetig"": false}";2026-06-06;2.0
wasschwes_939;939;1.0;Wasserstraßen- und Schifffahrtsamt Weser;;Bundesoberbehörde;Dienststelle der WSV;Bund;Weser;;"{""lat"": null, ""lon"": null}";;false;;Wasser- und Schiffahrtsamt;https://www.wsv.de;;1103.96;2025;;;bmv;Bundesministerium für Digitales und Verkehr (BMDV);Wasser- und Schiffahrtsamt;Aggregiert unter Generaldirektion Wasserstraßen und Schifffahrt (GDWS);"[{""zu_id"": ""bmv"", ""typ"": ""UNTERSTELLT"", ""richtung"": ""eingehend"", ""seit"": null, ""quelle"": null}]";"[""https://www.wsv.de""]";"{""vollstaendigkeit_prozent"": 58.3, ""zuletzt_verifiziert"": ""2026-06-06"", ""verifikation_noetig"": false}";2026-06-06;2.0
wasschwesjadnor_940;940;1.0;Wasserstraßen- und Schifffahrtsamt Weser-Jade-Nordsee;;Bundesoberbehörde;Dienststelle der WSV;Bund;Weser-Jade-Nordsee;;"{""lat"": null, ""lon"": null}";;false;;Wasser- und Schiffahrtsamt;https://www.wsv.de;;1103.96;2025;;;bmv;Bundesministerium für Digitales und Verkehr (BMDV);Wasser- und Schiffahrtsamt;Aggregiert unter Generaldirektion Wasserstraßen und Schifffahrt (GDWS);"[{""zu_id"": ""bmv"", ""typ"": ""UNTERSTELLT"", ""richtung"": ""eingehend"", ""seit"": null, ""quelle"": null}]";"[""https://www.wsv.de""]";"{""vollstaendigkeit_prozent"": 58.3, ""zuletzt_verifiziert"": ""2026-06-06"", ""verifikation_noetig"": false}";2026-06-06;2.0
wasschweskan_912;912;1.0;Wasserstraßen- und Schifffahrtsamt Westdeutsche Kanäle;;Bundesoberbehörde;Dienststelle der WSV;Bund;Westdeutsche Kanäle;;"{""lat"": null, ""lon"": null}";;false;;Wasser- und Schiffahrtsamt;https://www.wsv.de;;1103.96;2025;;;bmv;Bundesministerium für Digitales und Verkehr (BMDV);Wasser- und Schiffahrtsamt;Aggregiert unter Generaldirektion Wasserstraßen und Schifffahrt (GDWS);"[{""zu_id"": ""bmv"", ""typ"": ""UNTERSTELLT"", ""richtung"": ""eingehend"", ""seit"": null, ""quelle"": null}]";"[""https://www.wsv.de""]";"{""vollstaendigkeit_prozent"": 58.3, ""zuletzt_verifiziert"": ""2026-06-06"", ""verifikation_noetig"": false}";2026-06-06;2.0
wehdeubun_949;949;1.0;Wehrbeauftragte des Deutschen Bundestages;;Bundesoberbehörde;Bundesbehörde;Bund;Berlin;Berlin;"{""lat"": null, ""lon"": null}";;false;;Bundeswehr;https://www.bundestag.de/parlament/wehrbeauftragter;;4.8;2025;;;bkamt;Bundeskanzleramt (BKAmt);Bundeswehr;Finanzierung über das Ressort Bundeskanzleramt (BKAmt);"[{""zu_id"": ""bkamt"", ""typ"": ""UNTERSTELLT"", ""richtung"": ""eingehend"", ""seit"": null, ""quelle"": null}]";"[""https://www.bundestag.de/parlament/wehrbeauftragter""]";"{""vollstaendigkeit_prozent"": 66.7, ""zuletzt_verifiziert"": ""2026-06-06"", ""verifikation_noetig"": false}";2026-06-06;2.0
wehfürinfele_954;954;1.0;Wehrtechnische Dienststelle für Informationstechnologie und Elektronik;;Bundesoberbehörde;Bundesbehörde;Bund;Berlin;Berlin;"{""lat"": null, ""lon"": null}";;false;;Bundeswehr;https://www.service.bund.de;;;;260;2024;bmvg;Bundesministerium der Verteidigung (BMVg);Bundeswehr;Finanzierung über das Ressort Bundesministerium der Verteidigung (BMVg);"[{""zu_id"": ""bmvg"", ""typ"": ""UNTERSTELLT"", ""richtung"": ""eingehend"", ""seit"": null, ""quelle"": null}]";"[""https://www.service.bund.de""]";"{""vollstaendigkeit_prozent"": 75.0, ""zuletzt_verifiziert"": ""2026-06-06"", ""verifikation_noetig"": false}";2026-06-06;2.0
wehfürkrapan_955;955;1.0;Wehrtechnische Dienststelle für Kraftfahrzeuge und Panzer;;Bundesoberbehörde;Bundesbehörde;Bund;Berlin;Berlin;"{""lat"": null, ""lon"": null}";;false;;Bundeswehr;https://www.service.bund.de;;;;;;bmvg;Bundesministerium der Verteidigung (BMVg);Bundeswehr;Finanzierung über das Ressort Bundesministerium der Verteidigung (BMVg);"[{""zu_id"": ""bmvg"", ""typ"": ""UNTERSTELLT"", ""richtung"": ""eingehend"", ""seit"": null, ""quelle"": null}]";"[""https://www.service.bund.de""]";"{""vollstaendigkeit_prozent"": 66.7, ""zuletzt_verifiziert"": ""2026-06-06"", ""verifikation_noetig"": false}";2026-06-06;2.0
wehfürluf_956;956;1.0;Wehrtechnische Dienststelle für Luftfahrzeuge;;Bundesoberbehörde;Bundesbehörde;Bund;Berlin;Berlin;"{""lat"": null, ""lon"": null}";;false;;Bundeswehr;https://www.service.bund.de;;;;600;2024;bmvg;Bundesministerium der Verteidigung (BMVg);Bundeswehr;Finanzierung über das Ressort Bundesministerium der Verteidigung (BMVg);"[{""zu_id"": ""bmvg"", ""typ"": ""UNTERSTELLT"", ""richtung"": ""eingehend"", ""seit"": null, ""quelle"": null}]";"[""https://www.service.bund.de""]";"{""vollstaendigkeit_prozent"": 75.0, ""zuletzt_verifiziert"": ""2026-06-06"", ""verifikation_noetig"": false}";2026-06-06;2.0
wehfürpiotru_957;957;1.0;Wehrtechnische Dienststelle für Pionier- und Truppengerät;;Bundesoberbehörde;Bundesbehörde;Bund;Berlin;Berlin;"{""lat"": null, ""lon"": null}";;false;;Bundeswehr;https://www.service.bund.de;;;;400;2024;bmvg;Bundesministerium der Verteidigung (BMVg);Bundeswehr;Finanzierung über das Ressort Bundesministerium der Verteidigung (BMVg);"[{""zu_id"": ""bmvg"", ""typ"": ""UNTERSTELLT"", ""richtung"": ""eingehend"", ""seit"": null, ""quelle"": null}]";"[""https://www.service.bund.de""]";"{""vollstaendigkeit_prozent"": 75.0, ""zuletzt_verifiziert"": ""2026-06-06"", ""verifikation_noetig"": false}";2026-06-06;2.0
wehfürschmar_958;958;1.0;Wehrtechnische Dienststelle für Schiffe und Marinewaffen;;Bundesoberbehörde;Bundesbehörde;Bund;Berlin;Berlin;"{""lat"": null, ""lon"": null}";;false;;Bundeswehr;https://www.service.bund.de;;;;830;2024;bmvg;Bundesministerium der Verteidigung (BMVg);Bundeswehr;Finanzierung über das Ressort Bundesministerium der Verteidigung (BMVg);"[{""zu_id"": ""bmvg"", ""typ"": ""UNTERSTELLT"", ""richtung"": ""eingehend"", ""seit"": null, ""quelle"": null}]";"[""https://www.service.bund.de""]";"{""vollstaendigkeit_prozent"": 75.0, ""zuletzt_verifiziert"": ""2026-06-06"", ""verifikation_noetig"": false}";2026-06-06;2.0
wehfürschson_959;959;1.0;Wehrtechnische Dienststelle für Schutz- und Sondertechnik;;Bundesoberbehörde;Bundesbehörde;Bund;Berlin;Berlin;"{""lat"": null, ""lon"": null}";;false;;Bundeswehr;https://www.service.bund.de;;;;130;2024;bmvg;Bundesministerium der Verteidigung (BMVg);Bundeswehr;Finanzierung über das Ressort Bundesministerium der Verteidigung (BMVg);"[{""zu_id"": ""bmvg"", ""typ"": ""UNTERSTELLT"", ""richtung"": ""eingehend"", ""seit"": null, ""quelle"": null}]";"[""https://www.service.bund.de""]";"{""vollstaendigkeit_prozent"": 75.0, ""zuletzt_verifiziert"": ""2026-06-06"", ""verifikation_noetig"": false}";2026-06-06;2.0
wehfürwafmun_960;960;1.0;Wehrtechnische Dienststelle für Waffen und Munition;;Bundesoberbehörde;Bundesbehörde;Bund;Berlin;Berlin;"{""lat"": null, ""lon"": null}";;false;;Bundeswehr;https://www.service.bund.de;;;;1000;2024;bmvg;Bundesministerium der Verteidigung (BMVg);Bundeswehr;Finanzierung über das Ressort Bundesministerium der Verteidigung (BMVg);"[{""zu_id"": ""bmvg"", ""typ"": ""UNTERSTELLT"", ""richtung"": ""eingehend"", ""seit"": null, ""quelle"": null}]";"[""https://www.service.bund.de""]";"{""vollstaendigkeit_prozent"": 75.0, ""zuletzt_verifiziert"": ""2026-06-06"", ""verifikation_noetig"": false}";2026-06-06;2.0
wehinsfürschabc_962;962;1.0;Wehrwissenschaftliches Institut für Schutztechnologien - ABC-Schutz;;Bundesoberbehörde;Bundesbehörde;Bund;Berlin;Berlin;"{""lat"": null, ""lon"": null}";;false;;Bundeswehr;https://www.bundeswehr.de/de/organisation/ausruestung-baainbw/organisation/wis/;;2.01;2025;200;2024;bmvg;Bundesministerium der Verteidigung (BMVg);Bundeswehr;Finanzierung über das Ressort Bundesministerium der Verteidigung (BMVg);"[{""zu_id"": ""bmvg"", ""typ"": ""UNTERSTELLT"", ""richtung"": ""eingehend"", ""seit"": null, ""quelle"": null}]";"[""https://www.bundeswehr.de/de/organisation/ausruestung-baainbw/organisation/wis/""]";"{""vollstaendigkeit_prozent"": 75.0, ""zuletzt_verifiziert"": ""2026-06-06"", ""verifikation_noetig"": false}";2026-06-06;2.0
wehinsfürwerbet_963;963;1.0;Wehrwissenschaftliches Institut für Werk- und Betriebsstoffe;;Bundesoberbehörde;Bundesbehörde;Bund;Berlin;Berlin;"{""lat"": null, ""lon"": null}";;false;;Bundeswehr;https://www.service.bund.de;;2.01;2025;250;2024;bmvg;Bundesministerium der Verteidigung (BMVg);Bundeswehr;Finanzierung über das Ressort Bundesministerium der Verteidigung (BMVg);"[{""zu_id"": ""bmvg"", ""typ"": ""UNTERSTELLT"", ""richtung"": ""eingehend"", ""seit"": null, ""quelle"": null}]";"[""https://www.service.bund.de""]";"{""vollstaendigkeit_prozent"": 75.0, ""zuletzt_verifiziert"": ""2026-06-06"", ""verifikation_noetig"": false}";2026-06-06;2.0
weiinsfürangana_964;964;1.0;Weierstraß-Institut für Angewandte Analysis und Stochastik;;Bundesanstalt;Bundesbehörde;Bund;Berlin;Berlin;"{""lat"": null, ""lon"": null}";;false;;Forschung;https://www.wias-berlin.de/;;;;150;2024;bmbfsj;Bundesministerium für Bildung und Forschung (BMBF);Forschung;Finanzierung über das Ressort Bundesministerium für Bildung und Forschung (BMBF);"[{""zu_id"": ""bmbfsj"", ""typ"": ""UNTERSTELLT"", ""richtung"": ""eingehend"", ""seit"": null, ""quelle"": null}]";"[""https://www.wias-berlin.de/""]";"{""vollstaendigkeit_prozent"": 75.0, ""zuletzt_verifiziert"": ""2026-06-06"", ""verifikation_noetig"": false}";2026-06-06;2.0
wir_965;965;1.0;Wirtschaftsprüferkammer;;Bundesoberbehörde;Bundesbehörde;Bund;Berlin;Berlin;"{""lat"": null, ""lon"": null}";;false;;Wirtschaftsprüferkammer;https://www.service.bund.de;;;;113;2024;bmwi;Bundesministerium für Wirtschaft und Klimaschutz (BMWK);Wirtschaftsprüferkammer;Finanzierung über das Ressort Bundesministerium für Wirtschaft und Klimaschutz (BMWK);"[{""zu_id"": ""bmwi"", ""typ"": ""UNTERSTELLT"", ""richtung"": ""eingehend"", ""seit"": null, ""quelle"": null}]";"[""https://www.service.bund.de""]";"{""vollstaendigkeit_prozent"": 75.0, ""zuletzt_verifiziert"": ""2026-06-06"", ""verifikation_noetig"": false}";2026-06-06;2.0
wis_969;969;1.0;Wissenschaftsrat;;Bundesoberbehörde;Bundesbehörde;Bund;Berlin;Berlin;"{""lat"": null, ""lon"": null}";;false;;Konferenz;https://www.service.bund.de;;;;;;bmbfsj;Bundesministerium für Bildung und Forschung (BMBF);Konferenz;Finanzierung über das Ressort Bundesministerium für Bildung und Forschung (BMBF);"[{""zu_id"": ""bmbfsj"", ""typ"": ""UNTERSTELLT"", ""richtung"": ""eingehend"", ""seit"": null, ""quelle"": null}]";"[""https://www.service.bund.de""]";"{""vollstaendigkeit_prozent"": 66.7, ""zuletzt_verifiziert"": ""2026-06-06"", ""verifikation_noetig"": false}";2026-06-06;2.0
wisbeibungloumw_967;967;1.0;Wissenschaftlicher Beirat der Bundesregierung Globale Umweltveränderungen;;Bundesoberbehörde;Bundesbehörde;Bund;Berlin;Berlin;"{""lat"": null, ""lon"": null}";;false;;Konferenz;http://www.wbgu.de/;;17.24;2025;;;bmbfsj;Bundesministerium für Bildung und Forschung (BMBF);Konferenz;Finanzierung über das Ressort Bundesministerium für Bildung und Forschung (BMBF);"[{""zu_id"": ""bmbfsj"", ""typ"": ""UNTERSTELLT"", ""richtung"": ""eingehend"", ""seit"": null, ""quelle"": null}]";"[""http://www.wbgu.de/""]";"{""vollstaendigkeit_prozent"": 66.7, ""zuletzt_verifiziert"": ""2026-06-06"", ""verifikation_noetig"": false}";2026-06-06;2.0
wisgotwillei_968;968;1.0;Wissenschaftsgemeinschaft Gottfried Wilhelm Leibniz e. V.;;Bundesanstalt;Bundesbehörde;Bund;Berlin;Berlin;"{""lat"": null, ""lon"": null}";;false;;Leibniz-Institut;https://www.leibniz-gemeinschaft.de/;;;;;;bmbfsj;Bundesministerium für Bildung und Forschung (BMBF);Leibniz-Institut;Finanzierung über das Ressort Bundesministerium für Bildung und Forschung (BMBF);"[{""zu_id"": ""bmbfsj"", ""typ"": ""UNTERSTELLT"", ""richtung"": ""eingehend"", ""seit"": null, ""quelle"": null}]";"[""https://www.leibniz-gemeinschaft.de/""]";"{""vollstaendigkeit_prozent"": 66.7, ""zuletzt_verifiziert"": ""2026-06-06"", ""verifikation_noetig"": false}";2026-06-06;2.0
wmfbet_7779;7779;1.0;WMF Betriebskrankenkasse;;KdöR;Bundesbehörde;Bund;Berlin;Berlin;"{""lat"": null, ""lon"": null}";;false;;Krankenkasse;https://www.wmf-bkk.de/;;;;;;bmg;Bundesministerium für Gesundheit (BMG);Krankenkasse;Finanzierung über das Ressort Bundesministerium für Gesundheit (BMG);"[{""zu_id"": ""bmg"", ""typ"": ""UNTERSTELLT"", ""richtung"": ""eingehend"", ""seit"": null, ""quelle"": null}]";"[""https://www.wmf-bkk.de/""]";"{""vollstaendigkeit_prozent"": 66.7, ""zuletzt_verifiziert"": ""2026-06-06"", ""verifikation_noetig"": false}";2026-06-06;2.0
zbwleiinfwir_320;320;1.0;ZBW – Leibniz-Informationszentrum Wirtschaft;;Bundesanstalt;Bundesbehörde;Bund;Berlin;Berlin;"{""lat"": null, ""lon"": null}";;false;;Bibliothek;https://www.zbw.eu/;;201.05;2025;;;bkamt;Beauftragte der Bundesregierung für Kultur und Medien (BKM);Bibliothek;Finanzierung über das Ressort Beauftragte der Bundesregierung für Kultur und Medien (BKM);"[{""zu_id"": ""bkamt"", ""typ"": ""UNTERSTELLT"", ""richtung"": ""eingehend"", ""seit"": null, ""quelle"": null}]";"[""https://www.zbw.eu/""]";"{""vollstaendigkeit_prozent"": 66.7, ""zuletzt_verifiziert"": ""2026-06-06"", ""verifikation_noetig"": false}";2026-06-06;2.0
zencybope_49914;49914;1.0;Zentrum Cyber-Operationen;;Bundesoberbehörde;Bundesbehörde;Bund;Berlin;Berlin;"{""lat"": null, ""lon"": null}";;false;;Bundeswehr;https://www.bundeswehr.de/de/organisation/cyber-und-informationsraum/kommando-und-organisation-cir/kommando-cyber-und-informationsraum/kommando-aufklaerung-wirkung/zentrum-cyber-operationen;;1609.24;2025;;;bmvg;Bundesministerium der Verteidigung (BMVg);Bundeswehr;Finanzierung über das Ressort Bundesministerium der Verteidigung (BMVg);"[{""zu_id"": ""bmvg"", ""typ"": ""UNTERSTELLT"", ""richtung"": ""eingehend"", ""seit"": null, ""quelle"": null}]";"[""https://www.bundeswehr.de/de/organisation/cyber-und-informationsraum/kommando-und-organisation-cir/kommando-cyber-und-informationsraum/kommando-aufklaerung-wirkung/zentrum-cyber-operationen""]";"{""vollstaendigkeit_prozent"": 66.7, ""zuletzt_verifiziert"": ""2026-06-06"", ""verifikation_noetig"": false}";2026-06-06;2.0
zendeuhan_980;980;1.0;Zentralverband des Deutschen Handwerks e. V.;;Bundesoberbehörde;Bundesbehörde;Bund;Berlin;Berlin;"{""lat"": null, ""lon"": null}";;false;;Zentralverband;https://www.service.bund.de;;177.32;2025;;;bmi;Bundesministerium des Innern und für Heimat (BMI);Zentralverband;Finanzierung über das Ressort Bundesministerium des Innern und für Heimat (BMI);"[{""zu_id"": ""bmi"", ""typ"": ""UNTERSTELLT"", ""richtung"": ""eingehend"", ""seit"": null, ""quelle"": null}]";"[""https://www.service.bund.de""]";"{""vollstaendigkeit_prozent"": 66.7, ""zuletzt_verifiziert"": ""2026-06-06"", ""verifikation_noetig"": false}";2026-06-06;2.0
zenfrages_431;431;1.0;Zentrale der Fraunhofer-Gesellschaft;;Bundesanstalt;Bundesbehörde;Bund;Berlin;Berlin;"{""lat"": null, ""lon"": null}";;false;;Forschung;https://www.service.bund.de;;8.14;2025;;;bmbfsj;Bundesministerium für Bildung und Forschung (BMBF);Forschung;Finanzierung über das Ressort Bundesministerium für Bildung und Forschung (BMBF);"[{""zu_id"": ""bmbfsj"", ""typ"": ""UNTERSTELLT"", ""richtung"": ""eingehend"", ""seit"": null, ""quelle"": null}]";"[""https://www.service.bund.de""]";"{""vollstaendigkeit_prozent"": 66.7, ""zuletzt_verifiziert"": ""2026-06-06"", ""verifikation_noetig"": false}";2026-06-06;2.0
zenfüraus_18330;18330;1.0;Zentralstelle für das Auslandsschulwesen;;Bundesoberbehörde;Bundesbehörde;Bund;Berlin;Berlin;"{""lat"": null, ""lon"": null}";;false;;Schulamt;https://www.service.bund.de;;;;100;2024;bmi;Bundesministerium des Innern und für Heimat (BMI);Schulamt;Finanzierung über das Ressort Bundesministerium des Innern und für Heimat (BMI);"[{""zu_id"": ""bmi"", ""typ"": ""UNTERSTELLT"", ""richtung"": ""eingehend"", ""seit"": null, ""quelle"": null}]";"[""https://www.service.bund.de""]";"{""vollstaendigkeit_prozent"": 75.0, ""zuletzt_verifiziert"": ""2026-06-06"", ""verifikation_noetig"": false}";2026-06-06;2.0
zenfürgeobun_14;14;1.0;Zentrum für Geoinformationswesen der Bundeswehr;;Bundesoberbehörde;Dienststelle der Bundeswehrverwaltung;Bund;Berlin;Berlin;"{""lat"": null, ""lon"": null}";;false;;Bundeswehr;https://www.bundeswehr.de;;8862.05;2025;;;bmvg;Bundesministerium der Verteidigung (BMVg);Bundeswehr;Aggregiert unter Bundesministerium der Verteidigung (BMVg);"[{""zu_id"": ""bmvg"", ""typ"": ""UNTERSTELLT"", ""richtung"": ""eingehend"", ""seit"": null, ""quelle"": null}]";"[""https://www.bundeswehr.de""]";"{""vollstaendigkeit_prozent"": 66.7, ""zuletzt_verifiziert"": ""2026-06-06"", ""verifikation_noetig"": false}";2026-06-06;2.0
zenfürmartro_986;986;1.0;Zentrum für Marine Tropenökologie;;Bundesoberbehörde;Bundesbehörde;Bund;Berlin;Berlin;"{""lat"": null, ""lon"": null}";;false;;;http://www.leibniz-zmt.de/;;1609.24;2025;150;2024;bmvg;Bundesministerium der Verteidigung (BMVg);;Finanzierung über das Ressort Bundesministerium der Verteidigung (BMVg);"[{""zu_id"": ""bmvg"", ""typ"": ""UNTERSTELLT"", ""richtung"": ""eingehend"", ""seit"": null, ""quelle"": null}]";"[""http://www.leibniz-zmt.de/""]";"{""vollstaendigkeit_prozent"": 66.7, ""zuletzt_verifiziert"": ""2026-06-06"", ""verifikation_noetig"": false}";2026-06-06;2.0
zenfürmilsozbun_14713;14713;1.0;Zentrum für Militärgeschichte und Sozialwissenschaften der Bundeswehr;;Bundesoberbehörde;Dienststelle der Bundeswehrverwaltung;Bund;Berlin;Berlin;"{""lat"": null, ""lon"": null}";;false;;;https://www.bundeswehr.de;;8862.05;2025;;;bmas;Bundesministerium für Arbeit und Soziales (BMAS);;Aggregiert unter Bundesministerium der Verteidigung (BMVg);"[{""zu_id"": ""bmas"", ""typ"": ""UNTERSTELLT"", ""richtung"": ""eingehend"", ""seit"": null, ""quelle"": null}]";"[""https://www.bundeswehr.de""]";"{""vollstaendigkeit_prozent"": 58.3, ""zuletzt_verifiziert"": ""2026-06-06"", ""verifikation_noetig"": false}";2026-06-06;2.0
zenfürpsyinfdok_987;987;1.0;Zentrum für Psychologische Information und Dokumentation;;Bundesoberbehörde;Bundesbehörde;Bund;Berlin;Berlin;"{""lat"": null, ""lon"": null}";;false;;Medizinisches Zentrum;https://www.service.bund.de;;137.58;2025;;;bmg;Bundesministerium für Gesundheit (BMG);Medizinisches Zentrum;Finanzierung über das Ressort Bundesministerium für Gesundheit (BMG);"[{""zu_id"": ""bmg"", ""typ"": ""UNTERSTELLT"", ""richtung"": ""eingehend"", ""seit"": null, ""quelle"": null}]";"[""https://www.service.bund.de""]";"{""vollstaendigkeit_prozent"": 66.7, ""zuletzt_verifiziert"": ""2026-06-06"", ""verifikation_noetig"": false}";2026-06-06;2.0
zenfürverbun_989;989;1.0;Zentrum für Verifikationsaufgaben der Bundeswehr;;Bundesoberbehörde;Dienststelle der Bundeswehrverwaltung;Bund;Berlin;Berlin;"{""lat"": null, ""lon"": null}";;false;;Bundeswehr;https://www.bundeswehr.de;;8862.05;2025;;;bmvg;Bundesministerium der Verteidigung (BMVg);Bundeswehr;Aggregiert unter Bundesministerium der Verteidigung (BMVg);"[{""zu_id"": ""bmvg"", ""typ"": ""UNTERSTELLT"", ""richtung"": ""eingehend"", ""seit"": null, ""quelle"": null}]";"[""https://www.bundeswehr.de""]";"{""vollstaendigkeit_prozent"": 66.7, ""zuletzt_verifiziert"": ""2026-06-06"", ""verifikation_noetig"": false}";2026-06-06;2.0
zeninfbun_6;6;1.0;Zentrum Informationsarbeit Bundeswehr;;Bundesoberbehörde;Dienststelle der Bundeswehrverwaltung;Bund;Berlin;Berlin;"{""lat"": null, ""lon"": null}";;false;;Militärische Ausbildungsstätte;https://www.bundeswehr.de;;8862.05;2025;;;bmvg;Bundesministerium der Verteidigung (BMVg);Militärische Ausbildungsstätte;Aggregiert unter Bundesministerium der Verteidigung (BMVg);"[{""zu_id"": ""bmvg"", ""typ"": ""UNTERSTELLT"", ""richtung"": ""eingehend"", ""seit"": null, ""quelle"": null}]";"[""https://www.bundeswehr.de""]";"{""vollstaendigkeit_prozent"": 66.7, ""zuletzt_verifiziert"": ""2026-06-06"", ""verifikation_noetig"": false}";2026-06-06;2.0
zenlanpir_976;976;1.0;Zentrales Langzeitlager Pirmasens;;Bundesoberbehörde;Bundesbehörde;Bund;Berlin;Berlin;"{""lat"": null, ""lon"": null}";;false;;Bundeswehr;https://www.service.bund.de;;;;;;bmvg;Bundesministerium der Verteidigung (BMVg);Bundeswehr;Finanzierung über das Ressort Bundesministerium der Verteidigung (BMVg);"[{""zu_id"": ""bmvg"", ""typ"": ""UNTERSTELLT"", ""richtung"": ""eingehend"", ""seit"": null, ""quelle"": null}]";"[""https://www.service.bund.de""]";"{""vollstaendigkeit_prozent"": 66.7, ""zuletzt_verifiziert"": ""2026-06-06"", ""verifikation_noetig"": false}";2026-06-06;2.0
zenmobbrüneu_971;971;1.0;Zentraler Mobilmachungsstützpunkt Brück / Neuseddin;;Bundesoberbehörde;Bundesbehörde;Bund;Berlin;Berlin;"{""lat"": null, ""lon"": null}";;false;;Bundeswehr;https://www.service.bund.de;;;;;;bmvg;Bundesministerium der Verteidigung (BMVg);Bundeswehr;Finanzierung über das Ressort Bundesministerium der Verteidigung (BMVg);"[{""zu_id"": ""bmvg"", ""typ"": ""UNTERSTELLT"", ""richtung"": ""eingehend"", ""seit"": null, ""quelle"": null}]";"[""https://www.service.bund.de""]";"{""vollstaendigkeit_prozent"": 66.7, ""zuletzt_verifiziert"": ""2026-06-06"", ""verifikation_noetig"": false}";2026-06-06;2.0
zenprüprä_51630;51630;1.0;Zentrale Prüfstelle Prävention;;Bundesoberbehörde;Bundesbehörde;Bund;Berlin;Berlin;"{""lat"": null, ""lon"": null}";;false;;Gesundheit;https://www.service.bund.de;;8.14;2025;;;bmg;Bundesministerium für Gesundheit (BMG);Gesundheit;Finanzierung über das Ressort Bundesministerium für Gesundheit (BMG);"[{""zu_id"": ""bmg"", ""typ"": ""UNTERSTELLT"", ""richtung"": ""eingehend"", ""seit"": null, ""quelle"": null}]";"[""https://www.service.bund.de""]";"{""vollstaendigkeit_prozent"": 66.7, ""zuletzt_verifiziert"": ""2026-06-06"", ""verifikation_noetig"": false}";2026-06-06;2.0
zenschsch_979;979;1.0;Zentralstelle Schiffsuntersuchungskommission/Schiffseichamt;;Bundesoberbehörde;Bundesbehörde;Bund;Berlin;Berlin;"{""lat"": null, ""lon"": null}";;false;;Wasser und Schifffahrt;https://www.service.bund.de;;;;;;bmv;Bundesministerium für Digitales und Verkehr (BMDV);Wasser und Schifffahrt;Finanzierung über das Ressort Bundesministerium für Digitales und Verkehr (BMDV);"[{""zu_id"": ""bmv"", ""typ"": ""UNTERSTELLT"", ""richtung"": ""eingehend"", ""seit"": null, ""quelle"": null}]";"[""https://www.service.bund.de""]";"{""vollstaendigkeit_prozent"": 66.7, ""zuletzt_verifiziert"": ""2026-06-06"", ""verifikation_noetig"": false}";2026-06-06;2.0
zenstehauhau_49790;49790;1.0;Zentrale Stelle Hauskoordinaten und Hausumringe;;Bundesoberbehörde;Bundesbehörde;Bund;Berlin;Berlin;"{""lat"": null, ""lon"": null}";;false;;Geoinformationen;https://www.service.bund.de;;10.31;2025;;;bmi;Bundesministerium des Innern und für Heimat (BMI);Geoinformationen;Finanzierung über das Ressort Bundesministerium des Innern und für Heimat (BMI);"[{""zu_id"": ""bmi"", ""typ"": ""UNTERSTELLT"", ""richtung"": ""eingehend"", ""seit"": null, ""quelle"": null}]";"[""https://www.service.bund.de""]";"{""vollstaendigkeit_prozent"": 66.7, ""zuletzt_verifiziert"": ""2026-06-06"", ""verifikation_noetig"": false}";2026-06-06;2.0
zentes_977;977;1.0;Zentrales Testamentsregister;;Bundesoberbehörde;Bundesbehörde;Bund;Berlin;Berlin;"{""lat"": null, ""lon"": null}";;false;;Register;https://www.service.bund.de;;;;;;bmi;Bundesministerium des Innern und für Heimat (BMI);Register;Finanzierung über das Ressort Bundesministerium des Innern und für Heimat (BMI);"[{""zu_id"": ""bmi"", ""typ"": ""UNTERSTELLT"", ""richtung"": ""eingehend"", ""seit"": null, ""quelle"": null}]";"[""https://www.service.bund.de""]";"{""vollstaendigkeit_prozent"": 66.7, ""zuletzt_verifiziert"": ""2026-06-06"", ""verifikation_noetig"": false}";2026-06-06;2.0
zenvor_978;978;1.0;Zentrales Vorsorgeregister;;Bundesoberbehörde;Bundesbehörde;Bund;Berlin;Berlin;"{""lat"": null, ""lon"": null}";;false;;Register;https://www.service.bund.de;;;;;;bmi;Bundesministerium des Innern und für Heimat (BMI);Register;Finanzierung über das Ressort Bundesministerium des Innern und für Heimat (BMI);"[{""zu_id"": ""bmi"", ""typ"": ""UNTERSTELLT"", ""richtung"": ""eingehend"", ""seit"": null, ""quelle"": null}]";"[""https://www.service.bund.de""]";"{""vollstaendigkeit_prozent"": 66.7, ""zuletzt_verifiziert"": ""2026-06-06"", ""verifikation_noetig"": false}";2026-06-06;2.0
zit_14724;14724;1.0;ZITiS;;Bundesoberbehörde;Bundesbehörde;Bund;Berlin;Berlin;"{""lat"": null, ""lon"": null}";;false;;;https://www.service.bund.de;;79.1;2025;300;2024;bmi;Bundesministerium des Innern und für Heimat (BMI);;Finanzierung über das Ressort Bundesministerium des Innern und für Heimat (BMI);"[{""zu_id"": ""bmi"", ""typ"": ""UNTERSTELLT"", ""richtung"": ""eingehend"", ""seit"": null, ""quelle"": null}]";"[""https://www.service.bund.de""]";"{""vollstaendigkeit_prozent"": 66.7, ""zuletzt_verifiziert"": ""2026-06-06"", ""verifikation_noetig"": false}";2026-06-06;2.0
zolberbra_992;992;1.0;Zollfahndungsamt Berlin-Brandenburg;;Bundesoberbehörde;Dienststelle der Bundeszollverwaltung;Bund;Berlin;Berlin;"{""lat"": null, ""lon"": null}";;false;;Zollfahndungsamt;https://www.zoll.de;;;;;;bmf;Bundesministerium der Finanzen (BMF);Zollfahndungsamt;Aggregiert unter Generalzolldirektion (GZD);"[{""zu_id"": ""bmf"", ""typ"": ""UNTERSTELLT"", ""richtung"": ""eingehend"", ""seit"": null, ""quelle"": null}]";"[""https://www.zoll.de""]";"{""vollstaendigkeit_prozent"": 66.7, ""zuletzt_verifiziert"": ""2026-06-06"", ""verifikation_noetig"": false}";2026-06-06;2.0
zoldre_993;993;1.0;Zollfahndungsamt Dresden;;Bundesoberbehörde;Dienststelle der Bundeszollverwaltung;Bund;Dresden;Sachsen;"{""lat"": null, ""lon"": null}";;false;;Zollfahndungsamt;https://www.zoll.de;;;;;;bmf;Bundesministerium der Finanzen (BMF);Zollfahndungsamt;Aggregiert unter Generalzolldirektion (GZD);"[{""zu_id"": ""bmf"", ""typ"": ""UNTERSTELLT"", ""richtung"": ""eingehend"", ""seit"": null, ""quelle"": null}]";"[""https://www.zoll.de""]";"{""vollstaendigkeit_prozent"": 66.7, ""zuletzt_verifiziert"": ""2026-06-06"", ""verifikation_noetig"": false}";2026-06-06;2.0
zoless_994;994;1.0;Zollfahndungsamt Essen;;Bundesoberbehörde;Dienststelle der Bundeszollverwaltung;Bund;Essen;Nordrhein-Westfalen;"{""lat"": null, ""lon"": null}";;false;;Zollfahndungsamt;https://www.zoll.de;;;;;;bmf;Bundesministerium der Finanzen (BMF);Zollfahndungsamt;Aggregiert unter Generalzolldirektion (GZD);"[{""zu_id"": ""bmf"", ""typ"": ""UNTERSTELLT"", ""richtung"": ""eingehend"", ""seit"": null, ""quelle"": null}]";"[""https://www.zoll.de""]";"{""vollstaendigkeit_prozent"": 66.7, ""zuletzt_verifiziert"": ""2026-06-06"", ""verifikation_noetig"": false}";2026-06-06;2.0
zolframai_995;995;1.0;Zollfahndungsamt Frankfurt am Main;;Bundesoberbehörde;Dienststelle der Bundeszollverwaltung;Bund;Frankfurt;Hessen;"{""lat"": null, ""lon"": null}";;false;;Zollfahndungsamt;https://www.zoll.de;;;;;;bmf;Bundesministerium der Finanzen (BMF);Zollfahndungsamt;Aggregiert unter Generalzolldirektion (GZD);"[{""zu_id"": ""bmf"", ""typ"": ""UNTERSTELLT"", ""richtung"": ""eingehend"", ""seit"": null, ""quelle"": null}]";"[""https://www.zoll.de""]";"{""vollstaendigkeit_prozent"": 66.7, ""zuletzt_verifiziert"": ""2026-06-06"", ""verifikation_noetig"": false}";2026-06-06;2.0
zolham_996;996;1.0;Zollfahndungsamt Hamburg;;Bundesoberbehörde;Dienststelle der Bundeszollverwaltung;Bund;Hamburg;Hamburg;"{""lat"": null, ""lon"": null}";;false;;Zollfahndungsamt;https://www.zoll.de;;;;;;bmf;Bundesministerium der Finanzen (BMF);Zollfahndungsamt;Aggregiert unter Generalzolldirektion (GZD);"[{""zu_id"": ""bmf"", ""typ"": ""UNTERSTELLT"", ""richtung"": ""eingehend"", ""seit"": null, ""quelle"": null}]";"[""https://www.zoll.de""]";"{""vollstaendigkeit_prozent"": 66.7, ""zuletzt_verifiziert"": ""2026-06-06"", ""verifikation_noetig"": false}";2026-06-06;2.0
zolhan_997;997;1.0;Zollfahndungsamt Hannover;;Bundesoberbehörde;Dienststelle der Bundeszollverwaltung;Bund;Hannover;Niedersachsen;"{""lat"": null, ""lon"": null}";;false;;Zollfahndungsamt;https://www.zoll.de;;;;;;bmf;Bundesministerium der Finanzen (BMF);Zollfahndungsamt;Aggregiert unter Generalzolldirektion (GZD);"[{""zu_id"": ""bmf"", ""typ"": ""UNTERSTELLT"", ""richtung"": ""eingehend"", ""seit"": null, ""quelle"": null}]";"[""https://www.zoll.de""]";"{""vollstaendigkeit_prozent"": 66.7, ""zuletzt_verifiziert"": ""2026-06-06"", ""verifikation_noetig"": false}";2026-06-06;2.0
zolmün_998;998;1.0;Zollfahndungsamt München;;Bundesoberbehörde;Dienststelle der Bundeszollverwaltung;Bund;München;Bayern;"{""lat"": null, ""lon"": null}";;false;;Zollfahndungsamt;https://www.zoll.de;;;;;;bmf;Bundesministerium der Finanzen (BMF);Zollfahndungsamt;Aggregiert unter Generalzolldirektion (GZD);"[{""zu_id"": ""bmf"", ""typ"": ""UNTERSTELLT"", ""richtung"": ""eingehend"", ""seit"": null, ""quelle"": null}]";"[""https://www.zoll.de""]";"{""vollstaendigkeit_prozent"": 66.7, ""zuletzt_verifiziert"": ""2026-06-06"", ""verifikation_noetig"": false}";2026-06-06;2.0
zolstu_999;999;1.0;Zollfahndungsamt Stuttgart;;Bundesoberbehörde;Dienststelle der Bundeszollverwaltung;Bund;Stuttgart;Baden-Württemberg;"{""lat"": null, ""lon"": null}";;false;;Zollfahndungsamt;https://www.zoll.de;;;;;;bmf;Bundesministerium der Finanzen (BMF);Zollfahndungsamt;Aggregiert unter Generalzolldirektion (GZD);"[{""zu_id"": ""bmf"", ""typ"": ""UNTERSTELLT"", ""richtung"": ""eingehend"", ""seit"": null, ""quelle"": null}]";"[""https://www.zoll.de""]";"{""vollstaendigkeit_prozent"": 66.7, ""zuletzt_verifiziert"": ""2026-06-06"", ""verifikation_noetig"": false}";2026-06-06;2.0
zooforalekön_1001;1001;1.0;Zoologisches Forschungsmuseum Alexander König;;Bundesanstalt;Bundesbehörde;Bund;Berlin;Berlin;"{""lat"": null, ""lon"": null}";;false;;Museum und Ausstellungen;https://www.zfmk.de/de;;;;;;bkamt;Beauftragte der Bundesregierung für Kultur und Medien (BKM);Museum und Ausstellungen;Finanzierung über das Ressort Beauftragte der Bundesregierung für Kultur und Medien (BKM);"[{""zu_id"": ""bkamt"", ""typ"": ""UNTERSTELLT"", ""richtung"": ""eingehend"", ""seit"": null, ""quelle"": null}]";"[""https://www.zfmk.de/de""]";"{""vollstaendigkeit_prozent"": 66.7, ""zuletzt_verifiziert"": ""2026-06-06"", ""verifikation_noetig"": false}";2026-06-06;2.0
zuszusfürarblan_1004;1004;1.0;Zusatzversorgungskasse und Zusatzversorgungswerk für Arbeitnehmer in der Land- und Forstwirtschaft;;KdöR;Bundesbehörde;Bund;Berlin;Berlin;"{""lat"": null, ""lon"": null}";;false;;Sozialversicherung;https://www.service.bund.de;;;;;;bmas;Bundesministerium für Arbeit und Soziales (BMAS);Sozialversicherung;Finanzierung über das Ressort Bundesministerium für Arbeit und Soziales (BMAS);"[{""zu_id"": ""bmas"", ""typ"": ""UNTERSTELLT"", ""richtung"": ""eingehend"", ""seit"": null, ""quelle"": null}]";"[""https://www.service.bund.de""]";"{""vollstaendigkeit_prozent"": 66.7, ""zuletzt_verifiziert"": ""2026-06-06"", ""verifikation_noetig"": false}";2026-06-06;2.0
übeauswargre_874;874;1.0;Überregionales Ausbildungszentrum Waren/Grevesmühlen e. V.;;Bundesoberbehörde;Bundesbehörde;Bund;Berlin;Berlin;"{""lat"": null, ""lon"": null}";;false;;Aus- und Weiterbildung;https://www.service.bund.de;;;;;;bmbfsj;Bundesministerium für Bildung und Forschung (BMBF);Aus- und Weiterbildung;Finanzierung über das Ressort Bundesministerium für Bildung und Forschung (BMBF);"[{""zu_id"": ""bmbfsj"", ""typ"": ""UNTERSTELLT"", ""richtung"": ""eingehend"", ""seit"": null, ""quelle"": null}]";"[""https://www.service.bund.de""]";"{""vollstaendigkeit_prozent"": 66.7, ""zuletzt_verifiziert"": ""2026-06-06"", ""verifikation_noetig"": false}";2026-06-06;2.0
übebunfürbarinf_51243;51243;1.0;Überwachungsstelle des Bundes für Barrierefreiheit von Informationstechnik;;Bundesoberbehörde;Bundesbehörde;Bund;Berlin;Berlin;"{""lat"": null, ""lon"": null}";;false;;;https://www.service.bund.de;;183.68;2025;;;bmi;Bundesministerium des Innern und für Heimat (BMI);;Finanzierung über das Ressort Bundesministerium des Innern und für Heimat (BMI);"[{""zu_id"": ""bmi"", ""typ"": ""UNTERSTELLT"", ""richtung"": ""eingehend"", ""seit"": null, ""quelle"": null}]";"[""https://www.service.bund.de""]";"{""vollstaendigkeit_prozent"": 58.3, ""zuletzt_verifiziert"": ""2026-06-06"", ""verifikation_noetig"": false}";2026-06-06;2.0
